Date,Month,Cumulative_Buying,Cumulative_Renting,Cost_Difference,Buying_Monthly,Renting_Monthly,Is_BreakEven,BreakEven_Month,BreakEven_Date,City
2025-11-30,1,51997.02493121481,1314.387556505798,50682.63737470901,1535.5177568050274,1314.387556505798,False,256,2047-02-28,Buffalo
2025-12-31,2,53533.98673048562,2634.28750546583,50899.6992250198,1536.9617992708131,1319.899948960032,False,256,2047-02-28,Buffalo
2026-01-31,3,55072.39257222222,3958.132784614793,51114.25978760743,1538.405841736599,1323.8452791489638,False,256,2047-02-28,Buffalo
2026-02-28,4,56612.2424564246,5286.004914716847,51326.23754170776,1539.8498842023848,1327.8721301020528,False,256,2047-02-28,Buffalo
2026-03-31,5,58153.53638309277,6617.617118416653,51535.91926467612,1541.2939266681706,1331.6122036998067,False,256,2047-02-28,Buffalo
2026-04-30,6,59696.274352226734,7953.532019153712,51742.74233307302,1542.7379691339563,1335.914900737059,False,256,2047-02-28,Buffalo
2026-05-31,7,61240.45636382647,9293.904691374224,51946.551672452246,1544.1820115997425,1340.3726722205115,False,256,2047-02-28,Buffalo
2026-06-30,8,62786.082417892,10638.190535297335,52147.89188259466,1545.626054065528,1344.2858439231134,False,256,2047-02-28,Buffalo
2026-07-31,9,64333.15251442332,11986.775635494205,52346.37687892911,1547.0700965313138,1348.5851001968651,False,256,2047-02-28,Buffalo
2026-08-31,10,65881.66665342041,13339.5450551031,52542.12159831731,1548.5141389970995,1352.7694196088976,False,256,2047-02-28,Buffalo
2026-09-30,11,67431.6248348833,14696.1413243049,52735.4835105784,1549.9581814628852,1356.5962692017974,False,256,2047-02-28,Buffalo
2026-10-31,12,68983.02705881197,16057.713705921864,52925.31335289011,1551.402223928671,1361.5723816169643,False,256,2047-02-28,Buffalo
2026-11-30,13,70535.87332520643,17423.642673468996,53112.23065173743,1552.846266394457,1365.9289675471332,False,256,2047-02-28,Buffalo
2026-12-31,14,72090.16363406667,18794.34811347453,53295.81552059214,1554.2903088602427,1370.705440005535,False,256,2047-02-28,Buffalo
2027-01-31,15,73645.8979853927,20169.53265177618,53476.36533361652,1555.734351326029,1375.1845383016494,False,256,2047-02-28,Buffalo
2027-02-28,16,75203.07637918451,21549.314442662377,53653.76193652213,1557.1783937918144,1379.781790886197,False,256,2047-02-28,Buffalo
2027-03-31,17,76761.69881544211,22933.80333649648,53827.89547894563,1558.6224362576002,1384.4888938340982,False,256,2047-02-28,Buffalo
2027-04-30,18,78321.7652941655,24322.61777920304,53999.14751496246,1560.066478723386,1388.8144427065613,False,256,2047-02-28,Buffalo
2027-05-31,19,79883.27581535467,25716.037792676565,54167.23802267811,1561.5105211891716,1393.420013473528,False,256,2047-02-28,Buffalo
2027-06-30,20,81446.23037900962,27113.64158025508,54332.58879875454,1562.9545636549574,1397.6037875785155,False,256,2047-02-28,Buffalo
2027-07-31,21,83010.62898513037,28515.911668334364,54494.71731679601,1564.3986061207434,1402.2700880792836,False,256,2047-02-28,Buffalo
2027-08-31,22,84576.4716337169,29922.477510348897,54653.994123368,1565.842648586529,1406.565842014534,False,256,2047-02-28,Buffalo
2027-09-30,23,86143.75832476921,31333.63665335596,54810.12167141325,1567.2866910523148,1411.159143007059,False,256,2047-02-28,Buffalo
2027-10-31,24,87712.48905828732,32749.480564734265,54963.008493553054,1568.7307335181006,1415.8439113783106,False,256,2047-02-28,Buffalo
2027-11-30,25,89282.6638342712,34169.80926234277,55112.85457192842,1570.1747759838863,1420.3286976085074,False,256,2047-02-28,Buffalo
2027-12-31,26,90854.28265272088,35594.62274618148,55259.65990653939,1571.618818449672,1424.813483838704,False,256,2047-02-28,Buffalo
2028-01-31,27,92427.34551363632,37023.92101625038,55403.42449738595,1573.0628609154578,1429.2982700689008,False,256,2047-02-28,Buffalo
2028-02-29,28,94001.85241701758,38457.70407254948,55544.1483444681,1574.5069033812438,1433.7830562990976,False,256,2047-02-28,Buffalo
2028-03-31,29,95577.8033628646,39895.97191507877,55681.83144778584,1575.9509458470295,1438.2678425292945,False,256,2047-02-28,Buffalo
2028-04-30,30,97155.19835117742,41338.72454383826,55816.47380733916,1577.3949883128157,1442.752628759491,False,256,2047-02-28,Buffalo
2028-05-31,31,98734.03738195603,42785.961958827946,55948.07542312809,1578.8390307786012,1447.2374149896875,False,256,2047-02-28,Buffalo
2028-06-30,32,100314.32045520042,44237.68416004783,56076.63629515259,1580.283073244387,1451.7222012198845,False,256,2047-02-28,Buffalo
2028-07-31,33,101896.04757091058,45693.89114749791,56202.15642341267,1581.7271157101727,1456.2069874500812,False,256,2047-02-28,Buffalo
2028-08-31,34,103479.21872908654,47154.58292117819,56324.63580790835,1583.1711581759585,1460.691773680278,False,256,2047-02-28,Buffalo
2028-09-30,35,105063.83392972828,48619.759481088666,56444.074448639614,1584.6152006417442,1465.176559910475,False,256,2047-02-28,Buffalo
2028-10-31,36,106649.8931728358,50089.42082722934,56560.47234560648,1586.0592431075302,1469.6613461406714,False,256,2047-02-28,Buffalo
2028-11-30,37,108237.39645840912,51563.56695960021,56673.82949880892,1587.503285573316,1474.146132370868,False,256,2047-02-28,Buffalo
2028-12-31,38,109826.34378644824,53042.19787820128,56784.14590824697,1588.9473280391016,1478.6309186010649,False,256,2047-02-28,Buffalo
2029-01-31,39,111416.73515695312,54525.31358303253,56891.4215739206,1590.3913705048874,1483.1157048312616,False,256,2047-02-28,Buffalo
2029-02-28,40,113008.5705699238,56012.91407409399,56995.6564958298,1591.8354129706731,1487.6004910614583,False,256,2047-02-28,Buffalo
2029-03-31,41,114601.85002536024,57504.999351385646,57096.85067397461,1593.279455436459,1492.085277291655,False,256,2047-02-28,Buffalo
2029-04-30,42,116196.5735232625,59001.5694149075,57195.004108355,1594.7234979022448,1496.5700635218518,False,256,2047-02-28,Buffalo
2029-05-31,43,117792.74106363051,60502.62426465955,57290.11679897098,1596.1675403680306,1501.0548497520483,False,256,2047-02-28,Buffalo
2029-06-30,44,119390.35264646437,62008.1639006418,57382.18874582256,1597.6115828338166,1505.5396359822453,False,256,2047-02-28,Buffalo
2029-07-31,45,120989.40827176395,63518.18832285424,57471.21994890971,1599.0556252996023,1510.024422212442,False,256,2047-02-28,Buffalo
2029-08-31,46,122589.90793952934,65032.69753129688,57557.21040823246,1600.499667765388,1514.5092084426387,False,256,2047-02-28,Buffalo
2029-09-30,47,124191.85164976052,66551.69152596971,57640.1601237908,1601.9437102311738,1518.9939946728357,False,256,2047-02-28,Buffalo
2029-10-31,48,125795.23940245748,68075.17030687275,57720.06909558472,1603.3877526969595,1523.4787809030322,False,256,2047-02-28,Buffalo
2029-11-30,49,127400.0711976202,69603.13387400599,57796.93732361423,1604.8317951627453,1527.963567133229,False,256,2047-02-28,Buffalo
2029-12-31,50,129006.34703524876,71135.5822273694,57870.76480787934,1606.275837628531,1532.4483533634257,False,256,2047-02-28,Buffalo
2030-01-31,51,130614.06691534306,72672.51536696302,57941.55154838004,1607.719880094317,1536.9331395936224,False,256,2047-02-28,Buffalo
2030-02-28,52,132223.23083790316,74213.93329278684,58009.29754511632,1609.1639225601027,1541.4179258238191,False,256,2047-02-28,Buffalo
2030-03-31,53,133833.83880292904,75759.83600484085,58074.002798088186,1610.6079650258885,1545.902712054016,False,256,2047-02-28,Buffalo
2030-04-30,54,135445.89081042074,77310.22350312506,58135.66730729568,1612.0520074916744,1550.3874982842126,False,256,2047-02-28,Buffalo
2030-05-31,55,137059.3868603782,78865.09578763947,58194.291072738735,1613.4960499574602,1554.872284514409,False,256,2047-02-28,Buffalo
2030-06-30,56,138674.32695280144,80424.45285838407,58249.87409441736,1614.940092423246,1559.357070744606,False,256,2047-02-28,Buffalo
2030-07-31,57,140290.71108769046,81988.29471535888,58302.41637233159,1616.3841348890317,1563.8418569748028,False,256,2047-02-28,Buffalo
2030-08-31,58,141908.53926504528,83556.62135856388,58351.91790648141,1617.8281773548174,1568.3266432049995,False,256,2047-02-28,Buffalo
2030-09-30,59,143527.8114848659,85129.43278799907,58398.37869686683,1619.2722198206034,1572.8114294351965,False,256,2047-02-28,Buffalo
2030-10-31,60,145148.52774715226,86706.72900366447,58441.79874348779,1620.716262286389,1577.296215665393,False,256,2047-02-28,Buffalo
2030-11-30,61,146770.68805190444,88288.51000556006,58482.17804634437,1622.1603047521749,1581.7810018955895,False,256,2047-02-28,Buffalo
2030-12-31,62,148394.2923991224,89874.77579368585,58519.51660543656,1623.6043472179606,1586.2657881257865,False,256,2047-02-28,Buffalo
2031-01-31,63,150019.34078880615,91465.52636804184,58553.81442076431,1625.0483896837463,1590.7505743559832,False,256,2047-02-28,Buffalo
2031-02-28,64,151645.83322095568,93060.76172862804,58585.07149232765,1626.492432149532,1595.23536058618,False,256,2047-02-28,Buffalo
2031-03-31,65,153273.76969557098,94660.4818754444,58613.28782012657,1627.9364746153178,1599.7201468163769,False,256,2047-02-28,Buffalo
2031-04-30,66,154903.1502126521,96264.68680849098,58638.46340416113,1629.3805170811038,1604.2049330465734,False,256,2047-02-28,Buffalo
2031-05-31,67,156533.974772199,97873.37652776774,58660.59824443125,1630.8245595468898,1608.68971927677,False,256,2047-02-28,Buffalo
2031-06-30,68,158166.24337421166,99486.5510332747,58679.69234093695,1632.2686020126755,1613.1745055069669,False,256,2047-02-28,Buffalo
2031-07-31,69,159799.95601869014,101104.21032501188,58695.74569367827,1633.7126444784612,1617.6592917371636,False,256,2047-02-28,Buffalo
2031-08-31,70,161435.11270563438,102726.35440297922,58708.75830265516,1635.156686944247,1622.1440779673603,False,256,2047-02-28,Buffalo
2031-09-30,71,163071.7134350444,104352.98326717678,58718.730167867616,1636.6007294100327,1626.628864197557,False,256,2047-02-28,Buffalo
2031-10-31,72,164709.75820692023,105984.09691760452,58725.6612893157,1638.0447718758185,1631.1136504277538,False,256,2047-02-28,Buffalo
2031-11-30,73,166349.24702126184,107619.69535426248,58729.55166699935,1639.4888143416042,1635.5984366579503,False,256,2047-02-28,Buffalo
2031-12-31,74,167990.1798780692,109259.77857715065,58730.40130091857,1640.9328568073902,1640.0832228881472,False,256,2047-02-28,Buffalo
2032-01-31,75,169632.5567773424,110904.34658626898,58728.21019107342,1642.376899273176,1644.568009118344,False,256,2047-02-28,Buffalo
2032-02-29,76,171276.37771908136,112553.39938161752,58722.97833746384,1643.8209417389617,1649.0527953485407,False,256,2047-02-28,Buffalo
2032-03-31,77,172921.6427032861,114206.93696319626,58714.70574008985,1645.2649842047474,1653.5375815787374,False,256,2047-02-28,Buffalo
2032-04-30,78,174568.35172995663,115864.9593310052,58703.39239895143,1646.7090266705331,1658.0223678089342,False,256,2047-02-28,Buffalo
2032-05-31,79,176216.50479909297,117527.46648504434,58689.03831404861,1648.153069136319,1662.507154039131,False,256,2047-02-28,Buffalo
2032-06-30,80,177866.10191069508,119194.45842531369,58671.64348538141,1649.5971116021049,1666.9919402693276,False,256,2047-02-28,Buffalo
2032-07-31,81,179517.14306476296,120865.9351518132,58651.20791294976,1651.0411540678906,1671.4767264995244,False,256,2047-02-28,Buffalo
2032-08-31,82,181169.62826129663,122541.89666454292,58627.731596753714,1652.4851965336766,1675.961512729721,False,256,2047-02-28,Buffalo
2032-09-30,83,182823.5575002961,124222.34296350284,58601.21453679327,1653.9292389994623,1680.4462989599178,False,256,2047-02-28,Buffalo
2032-10-31,84,184478.93078176136,125907.27404869294,58571.65673306842,1655.373281465248,1684.9310851901146,False,256,2047-02-28,Buffalo
2032-11-30,85,186135.7481056924,127596.68992011323,58539.05818557914,1656.8173239310338,1689.4158714203113,False,256,2047-02-28,Buffalo
2032-12-31,86,187794.0094720892,129290.59057776377,58503.418894325456,1658.2613663968195,1693.900657650508,False,256,2047-02-28,Buffalo
2033-01-31,87,189453.71488095183,130988.97602164446,58464.73885930737,1659.7054088626053,1698.3854438807048,False,256,2047-02-28,Buffalo
2033-02-28,88,191114.8643322802,132691.84625175537,58423.01808052484,1661.149451328391,1702.8702301109015,False,256,2047-02-28,Buffalo
2033-03-31,89,192777.4578260744,134399.20126809645,58378.25655797793,1662.593493794177,1707.3550163410982,False,256,2047-02-28,Buffalo
2033-04-30,90,194441.4953623344,136111.04107066774,58330.45429166663,1664.0375362599627,1711.839802571295,False,256,2047-02-28,Buffalo
2033-05-31,91,196106.9769410601,137827.3656594692,58279.611281590885,1665.4815787257485,1716.3245888014917,False,256,2047-02-28,Buffalo
2033-06-30,92,197773.90256225163,139548.1750345009,58225.72752775074,1666.9256211915342,1720.8093750316884,False,256,2047-02-28,Buffalo
2033-07-31,93,199442.27222590896,141273.46919576277,58168.8030301462,1668.3696636573202,1725.2941612618852,False,256,2047-02-28,Buffalo
2033-08-31,94,201112.0859320321,143003.24814325484,58108.83778877722,1669.813706123106,1729.778947492082,False,256,2047-02-28,Buffalo
2033-09-30,95,202783.34368062092,144737.5118769771,58045.83180364384,1671.2577485888917,1734.2637337222786,False,256,2047-02-28,Buffalo
2033-10-31,96,204456.04547167564,146476.26039692957,57979.78507474606,1672.7017910546776,1738.7485199524754,False,256,2047-02-28,Buffalo
2033-11-30,97,206130.1913051961,148219.49370311224,57910.69760208385,1674.1458335204634,1743.233306182672,False,256,2047-02-28,Buffalo
2033-12-31,98,207805.78118118236,149967.2117955251,57838.56938565723,1675.5898759862491,1747.7180924128688,False,256,2047-02-28,Buffalo
2034-01-31,99,209482.8150996344,151719.41467416816,57763.40042546621,1677.0339184520349,1752.2028786430656,False,256,2047-02-28,Buffalo
2034-02-28,100,211161.29306055215,153476.10233904142,57685.19072151077,1678.4779609178206,1756.6876648732623,False,256,2047-02-28,Buffalo
2034-03-31,101,212841.2150639358,155237.27479014487,57603.94027379091,1679.9220033836064,1761.172451103459,False,256,2047-02-28,Buffalo
2034-04-30,102,214522.5811097852,157002.93202747853,57519.649082306656,1681.366045849392,1765.6572373336558,False,256,2047-02-28,Buffalo
2034-05-31,103,216205.39119810035,158773.07405104238,57432.31714705797,1682.8100883151778,1770.1420235638525,False,256,2047-02-28,Buffalo
2034-06-30,104,217889.6453288813,160547.70086083643,57341.94446804488,1684.2541307809638,1774.6268097940492,False,256,2047-02-28,Buffalo
2034-07-31,105,219575.3435021281,162326.81245686067,57248.53104526739,1685.6981732467495,1779.111596024246,False,256,2047-02-28,Buffalo
2034-08-31,106,221262.4857178406,164110.40883911512,57152.07687872549,1687.1422157125355,1783.5963822544427,False,256,2047-02-28,Buffalo
2034-09-30,107,222951.07197601887,165898.49000759976,57052.58196841917,1688.5862581783213,1788.0811684846394,False,256,2047-02-28,Buffalo
2034-10-31,108,224641.10227666303,167691.0559623146,56950.04631434844,1690.030300644107,1792.5659547148362,False,256,2047-02-28,Buffalo
2034-11-30,109,226332.5766197729,169488.10670325963,56844.469916513306,1691.4743431098927,1797.0507409450329,False,256,2047-02-28,Buffalo
2034-12-31,110,228025.4950053486,171289.64223043487,56735.85277491374,1692.9183855756787,1801.5355271752296,False,256,2047-02-28,Buffalo
2035-01-31,111,229719.85743339008,173095.6625438403,56624.19488954978,1694.3624280414642,1806.0203134054264,False,256,2047-02-28,Buffalo
2035-02-28,112,231415.6639038973,174906.16764347593,56509.49626042141,1695.8064705072502,1810.505099635623,False,256,2047-02-28,Buffalo
2035-03-31,113,233112.9144168704,176721.15752934176,56391.75688752861,1697.250512973036,1814.98988586582,False,256,2047-02-28,Buffalo
2035-04-30,114,234811.6089723092,178540.63220143778,56270.976770871406,1698.6945554388217,1819.4746720960163,False,256,2047-02-28,Buffalo
2035-05-31,115,236511.7475702138,180364.591659764,56147.1559104498,1700.1385979046074,1823.9594583262133,False,256,2047-02-28,Buffalo
2035-06-30,116,238213.3302105842,182193.0359043204,56020.29430626376,1701.5826403703932,1828.44424455641,False,256,2047-02-28,Buffalo
2035-07-31,117,239916.3568934204,184025.96493510704,55890.391958313325,1703.026682836179,1832.9290307866067,False,256,2047-02-28,Buffalo
2035-08-31,118,241620.82761872237,185863.37875212383,55757.44886659848,1704.4707253019646,1837.4138170168037,False,256,2047-02-28,Buffalo
2035-09-30,119,243326.74238649008,187705.27735537087,55621.46503111921,1705.9147677677508,1841.898603247,False,256,2047-02-28,Buffalo
2035-10-31,120,245034.1011967236,189551.66074484808,55482.44045187553,1707.3588102335366,1846.383389477197,False,256,2047-02-28,Buffalo
2035-11-30,121,246743.2048090687,191403.2807807248,55339.92402834393,1709.103612345091,1851.620035876704,False,256,2047-02-28,Buffalo
2035-12-31,122,248454.05912838347,193260.15231498983,55193.90681339364,1710.854319314751,1856.8715342650612,False,256,2047-02-28,Buffalo
2036-01-31,123,250166.67007950952,195122.2902417548,55044.379837754735,1712.6109511260704,1862.1379267649472,False,256,2047-02-28,Buffalo
2036-02-29,124,251881.04360733976,196989.7094973733,54891.33410996647,1714.3735278302352,1867.419255618507,False,256,2047-02-28,Buffalo
2036-03-31,125,253597.18567688603,198862.42506056096,54734.760616325046,1716.1420695462875,1872.715563187692,False,256,2047-02-28,Buffalo
2036-04-30,126,255315.10227334735,200740.4519525156,54574.6503208318,1717.9165964613587,1878.0268919545977,False,256,2047-02-28,Buffalo
2036-05-31,127,257034.7994021783,202623.8052370374,54410.99416514087,1719.697128830898,1883.353284521808,False,256,2047-02-28,Buffalo
2036-06-30,128,258756.2830891572,204512.50002065013,54243.78306850704,1721.4836869789046,1888.6947836127329,False,256,2047-02-28,Buffalo
2036-07-31,129,260479.5593804553,206406.55145272208,54073.00792773324,1723.276291298159,1894.0514320719533,False,256,2047-02-28,Buffalo
2036-08-31,130,262204.6343427058,208305.97472558764,53898.65961711813,1725.0749622504568,1899.4232728655652,False,256,2047-02-28,Buffalo
2036-09-30,131,263931.5140630726,210210.7850746692,53720.728988403454,1726.8797203668405,1904.8103490815229,False,256,2047-02-28,Buffalo
2036-10-31,132,265660.20464932045,212120.99777859915,53539.2068707213,1728.6905862478357,1910.2127039299849,False,256,2047-02-28,Buffalo
2036-11-30,133,267390.7122298841,214036.6281593428,53354.084070541314,1730.5075805636852,1915.630380743661,False,256,2047-02-28,Buffalo
2036-12-31,134,269123.0429539387,215957.69158232096,53165.35137161776,1732.3307240545855,1921.0634229781608,False,256,2047-02-28,Buffalo
2037-01-31,135,270857.20299146965,217884.2034565333,52972.99953493636,1734.1600375309226,1926.511874212339,False,256,2047-02-28,Buffalo
2037-02-28,136,272593.19853334315,219816.17923468197,52777.01929866121,1735.9955418735112,1931.9757781486487,False,256,2047-02-28,Buffalo
2037-03-31,137,274331.035791377,221753.63441329543,52577.40137808159,1737.837258033831,1937.4551786134907,False,256,2047-02-28,Buffalo
2037-04-30,138,276070.7209984113,223696.58453285295,52374.13646555832,1739.685207034267,1942.9501195575629,False,256,2047-02-28,Buffalo
2037-05-31,139,277812.2604083796,225645.0451779092,52167.21523047041,1741.53940996835,1948.460645056216,False,256,2047-02-28,Buffalo
2037-06-30,140,279555.66029638064,227599.031977219,51956.62831916162,1743.3998880009967,1953.9867993098048,False,256,2047-02-28,Buffalo
2037-07-31,141,281300.9269587494,229558.56060386304,51742.36635488636,1745.2666623687503,1959.528626644044,False,256,2047-02-28,Buffalo
2037-08-31,142,283048.0667131294,231523.64677537343,51524.41993775597,1747.1397543800254,1965.086171510364,False,256,2047-02-28,Buffalo
2037-09-30,143,284797.0858985448,233494.3062538597,51302.77964468507,1749.019185415348,1970.6594784862648,False,256,2047-02-28,Buffalo
2037-10-31,144,286547.9908754724,235470.55484613535,51077.436029337,1750.9049769276032,1976.2485922756773,False,256,2047-02-28,Buffalo
2037-11-30,145,288300.7880259147,237452.4084038447,50848.37962207,1752.7971504422765,1981.85355770932,False,256,2047-02-28,Buffalo
2037-12-31,146,290055.48375347233,239439.88282358972,50615.60092988258,1754.695727557702,1987.4744197450573,False,256,2047-02-28,Buffalo
2038-01-31,147,291812.0844834177,241432.994047058,50379.090436359664,1756.600729945308,1993.1112234682637,False,256,2047-02-28,Buffalo
2038-02-28,148,293570.5966627676,243431.7580611502,50138.838601617375,1758.512179349865,1998.7640140921803,False,256,2047-02-28,Buffalo
2038-03-31,149,295331.0267603573,245436.1908981085,49894.835862248816,1760.4300975897318,2004.432836958283,False,256,2047-02-28,Buffalo
2038-04-30,150,297093.3812669144,247446.30863564517,49647.072631269286,1762.354506557108,2010.117737536642,False,256,2047-02-28,Buffalo
2038-05-31,151,298857.6666951327,249462.12739707145,49395.53929806125,1764.285428218281,2015.8187614262888,False,256,2047-02-28,Buffalo
2038-06-30,152,300623.8895797465,251483.663351427,49140.22622831952,1766.222884613877,2021.5359543555808,False,256,2047-02-28,Buffalo
2038-07-31,153,302392.05647760566,253510.9327136096,48881.12376399609,1768.1668978591156,2027.26936218257,False,256,2047-02-28,Buffalo
2038-08-31,154,304162.1739677497,255543.9517445049,48618.22222324475,1770.117490144058,2033.0190308953663,False,256,2047-02-28,Buffalo
2038-09-30,155,305934.2486514836,257582.73675111745,48351.51190036611,1772.074683733863,2038.785006612513,False,256,2047-02-28,Buffalo
2038-10-31,156,307708.2871524526,259627.3040867008,48080.98306575182,1774.0385009690403,2044.56733558335,False,256,2047-02-28,Buffalo
2038-11-30,157,309484.2961167183,261677.6701508892,47806.62596582912,1776.0089642657056,2050.3660641883903,False,256,2047-02-28,Buffalo
2038-12-31,158,311262.28221283416,263733.8513898289,47528.43082300527,1777.9860961158363,2056.181238939688,False,256,2047-02-28,Buffalo
2039-01-31,159,313042.2521319217,265795.8642963101,47246.38783561159,1779.9699190875294,2062.0129064812145,False,256,2047-02-28,Buffalo
2039-02-28,160,314824.2125877469,267863.7254098994,46960.487177847535,1781.9604558252563,2067.8611135892297,False,256,2047-02-28,Buffalo
2039-03-31,161,316608.1703167971,269937.45131707203,46670.71899972507,1783.9577290501252,2073.72590717266,False,256,2047-02-28,Buffalo
2039-04-30,162,318394.1320783572,272017.0586513455,46377.07342701167,1785.961761560137,2079.607334273472,False,256,2047-02-28,Buffalo
2039-05-31,163,320182.1046545877,274102.56409341254,46079.54056117515,1787.9725762304463,2085.505442067052,False,256,2047-02-28,Buffalo
2039-06-30,164,321972.0948506013,276193.9843712751,45778.11047932616,1789.9901960136256,2091.4202778625827,False,256,2047-02-28,Buffalo
2039-07-31,165,323764.1094945412,278291.33626037854,45472.773234162654,1792.0146439399225,2097.351889103424,False,256,2047-02-28,Buffalo
2039-08-31,166,325558.1554376588,280394.636583746,45163.51885391277,1794.045943117525,2103.300323367492,False,256,2047-02-28,Buffalo
2039-09-30,167,327354.2395543916,282503.90221211367,44850.337342277926,1796.0841167328265,2109.265628367644,False,256,2047-02-28,Buffalo
2039-10-31,168,329152.3687424422,284619.1500640657,44533.21867837652,1798.1291880506878,2115.2478519520546,False,256,2047-02-28,Buffalo
2039-11-30,169,330952.54992285697,286740.3971061703,44212.15281668666,1800.1811804147048,2121.247042104608,False,256,2047-02-28,Buffalo
2039-12-31,170,332754.7900401044,288867.6603531156,43887.12968698883,1802.240117247474,2127.2632469452765,False,256,2047-02-28,Buffalo
2040-01-31,171,334559.0960621552,291000.9568678461,43558.13919430913,1804.3060220508596,2133.2965147305085,False,256,2047-02-28,Buffalo
2040-02-29,172,336365.4749805615,293140.3037616997,43225.17121886183,1806.3789184062616,2139.346893853616,False,256,2047-02-28,Buffalo
2040-03-31,173,338173.9338105364,295285.71819454484,42888.21561599156,1808.4588299748875,2145.4144328451616,False,256,2047-02-28,Buffalo
2040-04-30,174,339984.47959103435,297437.21737491817,42547.262216116185,1810.5457804980183,2151.49918037335,False,256,2047-02-28,Buffalo
2040-05-31,175,341797.11938483163,299594.81856016256,42202.30082466907,1812.6397937972824,2157.601185244416,False,256,2047-02-28,Buffalo
2040-06-30,176,343611.86027860653,301758.53905656555,41853.32122204098,1814.7408937749276,2163.720496403017,False,256,2047-02-28,Buffalo
2040-07-31,177,345428.70938302064,303928.3962194982,41500.313163522456,1816.849104414091,2169.8571629326243,False,256,2047-02-28,Buffalo
2040-08-31,178,347247.6738327998,306104.4074535541,41143.26637924567,1818.964449779076,2176.011234055921,False,256,2047-02-28,Buffalo
2040-09-30,179,349068.7607868153,308286.5902126893,40782.17057412601,1821.086954015627,2182.1827591351907,False,256,2047-02-28,Buffalo
2040-10-31,180,350891.97742816654,310474.96200036205,40417.015427804494,1823.2166413512011,2188.3717876727187,False,256,2047-02-28,Buffalo
2040-11-30,181,352717.3309642618,312669.5403696732,40047.79059458856,1825.3535360952496,2194.5783693111857,False,256,2047-02-28,Buffalo
2040-12-31,182,354544.82862690126,314870.34292350727,39674.48570339399,1827.4976626394923,2200.802553834068,False,256,2047-02-28,Buffalo
2041-01-31,183,356374.47767235944,317077.3873146733,39297.09035768616,1829.6490454581967,2207.044391166034,False,256,2047-02-28,Buffalo
2041-02-28,184,358206.2853814679,319290.6912460466,38915.59413542127,1831.8077091084572,2213.3039313733498,False,256,2047-02-28,Buffalo
2041-03-31,185,360040.2590596983,321510.2724707109,38529.986588987405,1833.9736782304776,2219.5812246642754,False,256,2047-02-28,Buffalo
2041-04-30,186,361876.4060372462,323736.1487921004,38140.257245145855,1836.146977547848,2225.8763213894704,False,256,2047-02-28,Buffalo
2041-05-31,187,363714.73366911407,325968.3380641428,37746.39560497127,1838.3276318678304,2232.1892720423966,False,256,2047-02-28,Buffalo
2041-06-30,188,365555.2493351957,328206.8581914025,37348.39114379312,1840.5156660816424,2238.5201272597246,False,256,2047-02-28,Buffalo
2041-07-31,189,367397.9604403604,330451.7271292242,36946.23331113614,1842.711105164737,2244.868937821738,False,256,2047-02-28,Buffalo
2041-08-31,190,369242.8744145375,332702.962883877,36539.91153066047,1844.9139741770928,2251.2357546527423,False,256,2047-02-28,Buffalo
2041-09-30,191,371089.998712801,334960.5835126985,36129.41520010255,1847.124298263498,2257.620628821472,False,256,2047-02-28,Buffalo
2041-10-31,192,372939.3408154549,337224.60712424,35714.733691214875,1849.3421026538356,2264.0236115415005,False,256,2047-02-28,Buffalo
2041-11-30,193,374790.9082281182,339495.0518784116,35295.85634970659,1851.5674126633728,2270.444754171653,False,256,2047-02-28,Buffalo
2041-12-31,194,376644.7084818112,341771.93598662806,34872.77249518316,1853.8002536930528,2276.884108216416,False,256,2047-02-28,Buffalo
2042-01-31,195,378500.749133041,344055.27771195443,34445.47142108658,1856.040651229779,2283.34172532635,False,256,2047-02-28,Buffalo
2042-02-28,196,380359.0377638878,346345.09536925296,34013.942394634825,1858.2886308467116,2289.817657298507,False,256,2047-02-28,Buffalo
2042-03-31,197,382219.5819820913,348641.4073253298,33578.17465676152,1860.5442182035545,2296.3119560768423,False,256,2047-02-28,Buffalo
2042-04-30,198,384082.3894211382,350944.23199908243,33138.15742205578,1862.807439046853,2302.8246737526333,False,256,2047-02-28,Buffalo
2042-05-31,199,385947.4677403484,353253.5878616473,32693.87987870112,1865.078319210284,2309.355862564897,False,256,2047-02-28,Buffalo
2042-06-30,200,387814.82462496345,355569.4934365481,32245.33118841535,1867.356884614952,2315.905574900809,False,256,2047-02-28,Buffalo
2042-07-31,201,389684.46778623306,357891.9672998442,31792.50048638886,1869.6431612696856,2322.4738632961225,False,256,2047-02-28,Buffalo
2042-08-31,202,391556.4049615044,360221.02808027976,31335.376881224627,1871.937175271334,2329.0607804355923,False,256,2047-02-28,Buffalo
2042-09-30,203,393430.6439143095,362556.69445943314,30873.949454876303,1874.2389528050653,2335.6663791533942,False,256,2047-02-28,Buffalo
2042-10-31,204,395307.1924344541,364898.9851718667,30408.207262587384,1876.548520144664,2342.290712433552,False,256,2047-02-28,Buffalo
2042-11-30,205,397186.05833810696,367247.9190052771,29938.139332829855,1878.8659036528315,2348.9338334103586,False,256,2047-02-28,Buffalo
2042-12-31,206,399067.2494678885,369603.51480064593,29463.734667242563,1881.1911297814888,2355.595795368808,False,256,2047-02-28,Buffalo
2043-01-31,207,400950.7736929605,371965.79145239096,28984.982240569545,1883.524225072076,2362.276651745015,False,256,2047-02-28,Buffalo
2043-02-28,208,402836.6389091164,374334.7679085176,28501.871000598767,1885.8652161558573,2368.976456126652,False,256,2047-02-28,Buffalo
2043-03-31,209,404724.8530388706,376710.46317077096,28014.38986809965,1888.2141297542223,2375.6952622533718,False,256,2047-02-28,Buffalo
2043-04-30,210,406615.4240315496,379092.8962947882,27522.52773676137,1890.5709926789928,2382.4331240172423,False,256,2047-02-28,Buffalo
2043-05-31,211,408508.3598633824,381482.0863902514,27026.273473131005,1892.9358318327315,2389.19009546318,False,256,2047-02-28,Buffalo
2043-06-30,212,410403.66853759147,383878.0526210408,26525.615916550683,1895.308674209042,2395.96623078938,False,256,2047-02-28,Buffalo
2043-07-31,213,412301.3580844844,386280.8142053885,26020.54387909581,1897.689546892884,2402.7615843477524,False,256,2047-02-28,Buffalo
2043-08-31,214,414201.4365615453,388690.3904160329,25511.046145512315,1900.07847706088,2409.576210644359,False,256,2047-02-28,Buffalo
2043-09-30,215,416103.9120535269,391106.8005803728,24997.111473154044,1902.4754919816223,2416.410164339849,False,256,2047-02-28,Buffalo
2043-10-31,216,418008.79267254286,393530.0640806227,24478.728591920168,1904.8806190159896,2423.2635002498982,False,256,2047-02-28,Buffalo
2043-11-30,217,419916.08655816026,395960.2003539684,23955.88620419189,1907.293885617457,2430.136273345649,False,256,2047-02-28,Buffalo
2043-12-31,218,421825.8018774927,398397.2288927225,23428.572984770173,1909.715319332408,2437.028538754152,False,256,2047-02-28,Buffalo
2044-01-31,219,423737.9468252931,400841.1692444813,22896.777580811817,1912.14494780045,2443.940351758805,False,256,2047-02-28,Buffalo
2044-02-29,220,425652.5296240479,403292.0410122811,22360.48861176684,1914.582798754731,2450.8717677997997,False,256,2047-02-28,Buffalo
2044-03-31,221,427569.5585240702,405749.8638547557,21819.694669314544,1917.028900022254,2457.822842474565,False,256,2047-02-28,Buffalo
2044-04-30,222,429489.04180359433,408214.6574862939,21274.384317300457,1919.4832795241964,2464.793631538214,False,256,2047-02-28,Buffalo
2044-05-31,223,431410.98776887055,410686.4416771979,20724.546091672677,1921.945965276228,2471.78419090399,False,256,2047-02-28,Buffalo
2044-06-30,224,433335.4047542594,413165.2362538416,20170.168500417785,1924.416985388831,2478.7945766437147,False,256,2047-02-28,Buffalo
2044-07-31,225,435262.301122327,415651.0610988298,19611.240023497143,1926.89636806762,2485.8248449882403,False,256,2047-02-28,Buffalo
2044-08-31,226,437191.6852639407,418143.9361511577,19047.749112783,1929.384141613665,2492.8750523278973,False,256,2047-02-28,Buffalo
2044-09-30,227,439123.56559836445,420643.88140637067,18479.684191993787,1931.8803344238145,2499.9452552129496,False,256,2047-02-28,Buffalo
2044-10-31,228,441057.95057335554,423150.9169167247,17907.03365663084,1934.3849749910175,2507.035510354046,False,256,2047-02-28,Buffalo
2044-11-30,229,442994.8486652601,425665.0627913474,17329.78587391274,1936.898091904654,2514.1458746226767,False,256,2047-02-28,Buffalo
2044-12-31,230,444934.26837911096,428186.339196399,16747.92918271193,1939.4197138508537,2521.276405051629,False,256,2047-02-28,Buffalo
2045-01-31,231,446876.2182487238,430714.7663552345,16161.451893489284,1941.94986961283,2528.427158835443,False,256,2047-02-28,Buffalo
2045-02-28,232,448820.70683679497,433250.36454856535,15570.342288229614,1944.4885880712056,2535.598193330874,False,256,2047-02-28,Buffalo
2045-03-31,233,450767.7427349994,435793.1541146227,14974.588620376717,1947.0358982043429,2542.789566057349,False,256,2047-02-28,Buffalo
2045-04-30,234,452717.334564088,438343.1554493201,14374.179114767932,1949.5918290886727,2550.00133469743,False,256,2047-02-28,Buffalo
2045-05-31,235,454669.49097398703,440900.38900641736,13769.101967569672,1952.1564098990316,2557.233557097277,False,256,2047-02-28,Buffalo
2045-06-30,236,456624.220643896,443464.87529768446,13159.345346211572,1954.729669908987,2564.486291267109,False,256,2047-02-28,Buffalo
2045-07-31,237,458581.53228238726,446036.6348930661,12544.897389321122,1957.3116384911784,2571.7595953816744,False,256,2047-02-28,Buffalo
2045-08-31,238,460541.4346275049,448615.6884208468,11925.746206658076,1959.902345117649,2579.053527780713,False,256,2047-02-28,Buffalo
2045-09-30,239,462503.9364468651,451202.0565678162,11301.87987904885,1962.5018193601832,2586.3681469694247,False,256,2047-02-28,Buffalo
2045-10-31,240,464469.04653775576,453795.7600794352,10673.286458320566,1965.110090890644,2593.7035116189422,False,256,2047-02-28,Buffalo
2045-11-30,241,466436.773727237,456396.819760002,10039.953967235051,1967.7271894813105,2601.059680566798,False,256,2047-02-28,Buffalo
2045-12-31,242,468407.1268722423,459005.25647281937,9401.870399422944,1970.3531450052203,2608.4367128173967,False,256,2047-02-28,Buffalo
2046-01-31,243,470380.1148596788,461621.09114036185,8759.02371931693,1972.9879874365083,2615.8346675424905,False,256,2047-02-28,Buffalo
2046-02-28,244,472355.7466065296,464244.3447444435,8111.401862086088,1975.63174685075,2623.253604081652,False,256,2047-02-28,Buffalo
2046-03-31,245,474334.0310599549,466875.0383263863,7458.992733568652,1978.284453425304,2630.693581942749,False,256,2047-02-28,Buffalo
2046-04-30,246,476314.9771973945,469513.1929871887,6801.784210205777,1980.946137439656,2638.154660802426,False,256,2047-02-28,Buffalo
2046-05-31,247,478298.5940266703,472158.82988769526,6139.764138975064,1983.6168292757663,2645.6369005065785,False,256,2047-02-28,Buffalo
2046-06-30,248,480284.8905860888,474811.97024876607,5472.920337322692,1986.296559418416,2653.1403610708358,False,256,2047-02-28,Buffalo
2046-07-31,249,482273.8759445443,477472.6353514471,4801.240593097231,1988.985358455554,2660.66510268104,False,256,2047-02-28,Buffalo
2046-08-31,250,484265.55920162296,480140.8465371408,4124.712664482126,1991.683257078646,2668.211185693731,False,256,2047-02-28,Buffalo
2046-09-30,251,486259.949487706,482816.6252077775,3443.3242799284635,1994.3902860830265,2675.77867063663,False,256,2047-02-28,Buffalo
2046-10-31,252,488257.0559640742,485499.9928259866,2757.0631380876293,1997.106476368248,2683.367618209125,False,256,2047-02-28,Buffalo
2046-11-30,253,490256.8878230127,488190.9709152693,2065.916907743318,1999.8318589384369,2690.978089282756,False,256,2047-02-28,Buffalo
2046-12-31,254,492259.4542879154,490889.5810601711,1369.873227744305,2002.5664649026437,2698.6101449017056,False,256,2047-02-28,Buffalo
2047-01-31,255,494264.76461339055,493595.8449064544,668.919706936169,2005.310325475201,2706.2638462832883,False,256,2047-02-28,Buffalo
2047-02-28,256,496272.8280853666,496309.7841612728,-36.95607590617146,2008.0634719760787,2713.93925481844,True,256,2047-02-28,Buffalo
2047-03-31,257,498283.6540211978,499031.420593345,-747.7665721472003,2010.825935831241,2721.636432072212,False,256,2047-02-28,Buffalo
2047-04-30,258,500297.25176977087,501760.77603312925,-1463.524263358384,2013.597748573006,2729.355439784264,False,256,2047-02-28,Buffalo
2047-05-31,259,502313.6307116112,504497.8723729986,-2184.2416613873797,2016.3789418404049,2737.0963398693584,False,256,2047-02-28,Buffalo
2047-06-30,260,504332.8002589907,507242.73156741646,-2909.93130842573,2019.169547379544,2744.85919441786,False,256,2047-02-28,Buffalo
2047-07-31,261,506354.7698560348,509995.3756331127,-3640.6057770779007,2021.9695970439652,2752.644065696232,False,256,2047-02-28,Buffalo
2047-08-31,262,508379.54897882976,512755.8266492602,-4376.277670430427,2024.779122795014,2760.451016147532,False,256,2047-02-28,Buffalo
2047-09-30,263,510407.147135532,515524.1067576521,-5116.959622120136,2027.598156702198,2768.280108391921,False,256,2047-02-28,Buffalo
2047-10-31,264,512437.5738664755,518300.2381628793,-5862.664296403818,2030.426730943558,2776.131405227159,False,256,2047-02-28,Buffalo
2047-11-30,265,514470.8387442816,521084.2431325084,-6613.40438822686,2033.264877806033,2784.0049696291103,False,256,2047-02-28,Buffalo
2047-12-31,266,516506.95137396734,523876.1439972607,-7369.192623293318,2036.1126296858288,2791.9008647522496,False,256,2047-02-28,Buffalo
2048-01-31,267,518545.92139305617,526675.9631511908,-8130.041758134612,2038.9700190887909,2799.8191539301683,False,256,2047-02-28,Buffalo
2048-02-29,268,520587.75847168686,529483.7230518669,-8895.964580180007,2041.8370786307685,2807.759900676081,False,256,2047-02-28,Buffalo
2048-03-31,269,522632.4723127249,532299.4462205502,-9666.973907825304,2044.7138410379955,2815.7231686833397,False,256,2047-02-28,Buffalo
2048-04-30,270,524680.0726518723,535123.1552423761,-10443.082590503853,2047.600339147456,2823.709021825936,False,256,2047-02-28,Buffalo
2048-05-31,271,526730.5692577796,537954.8727665351,-11224.303508755518,2050.4966059072667,2831.7175241590226,False,256,2047-02-28,Buffalo
2048-06-30,272,528783.9719321566,540794.6215064545,-12010.649574297946,2053.4026743770464,2839.748739919422,False,256,2047-02-28,Buffalo
2048-07-31,273,530840.290509885,543642.4242399806,-12802.133730095697,2056.318577728297,2847.802733526142,False,256,2047-02-28,Buffalo
2048-08-31,274,532899.5348591297,546498.3038095615,-13598.76895043184,2059.244349244781,2855.879569580896,False,256,2047-02-28,Buffalo
2048-09-30,275,534961.7148814526,549362.2831224301,-14400.568240977474,2062.1800223229025,2863.9793128686133,False,256,2047-02-28,Buffalo
2048-10-31,276,537026.8405119247,552234.385150788,-15207.5446388633,2065.1256304720864,2872.1020283579696,False,256,2047-02-28,Buffalo
2048-11-30,277,539094.9217192399,555114.6329319899,-16019.711212749942,2068.081207315164,2880.247781201899,False,256,2047-02-28,Buffalo
2048-12-31,278,541165.9685058286,558003.049568728,-16837.08106289932,2071.0467865887526,2888.4166367381213,False,256,2047-02-28,Buffalo
2049-01-31,279,543239.9909079722,560899.6582292176,-17659.66732124542,2074.0224021436443,2896.608660489664,False,256,2047-02-28,Buffalo
2049-02-28,280,545316.9989959174,563804.482147383,-18487.48315146565,2077.0080879451903,2904.8239181653894,False,256,2047-02-28,Buffalo
2049-03-31,281,547397.0028739912,566717.5446230435,-19320.541749052358,2080.003878073689,2913.0624756605207,False,256,2047-02-28,Buffalo
2049-04-30,282,549480.0126807159,569638.8690221007,-20158.856341384817,2083.0098067247777,2921.3243990571705,False,256,2047-02-28,Buffalo
2049-05-31,283,551566.0385889257,572568.4787767256,-21002.44018779986,2086.025908209817,2929.609754624871,False,256,2047-02-28,Buffalo
2049-06-30,284,553655.090805882,575506.3973855467,-21851.3065796647,2089.052216956288,2937.918608821107,False,256,2047-02-28,Buffalo
2049-07-31,285,555747.1795733902,578452.6484138386,-22705.46884044842,2092.088767508183,2946.2510282918456,False,256,2047-02-28,Buffalo
2049-08-31,286,557842.3151679166,581407.2554937106,-23564.940325794043,2095.1355945264,2954.6070798720743,False,256,2047-02-28,Buffalo
2049-09-30,287,559940.5079007057,584370.242324297,-24429.73442359129,2098.1927327891376,2962.986830586335,False,256,2047-02-28,Buffalo
2049-10-31,288,562041.768117898,587341.6326719462,-25299.864554048167,2101.260217192294,2971.3903476492624,False,256,2047-02-28,Buffalo
2049-11-30,289,564146.1062006479,590321.4503704123,-26175.34416976443,2104.338082749863,2979.8176984661227,False,256,2047-02-28,Buffalo
2049-12-31,290,566253.5325652421,593309.7193210457,-27056.18675580353,2107.426364594336,2988.2689506333545,False,256,2047-02-28,Buffalo
2050-01-31,291,568364.0576632193,596306.4634929848,-27942.405829765485,2110.5250979771,2996.744171939112,False,256,2047-02-28,Buffalo
2050-02-28,292,570477.6919814881,599311.7069233486,-28834.014941860456,2113.634318268843,3005.2434303638056,False,256,2047-02-28,Buffalo
2050-03-31,293,572594.446042448,602325.4737174292,-29731.02767498116,2116.754060959956,3013.766794080652,False,256,2047-02-28,Buffalo
2050-04-30,294,574714.330404109,605347.7880488854,-30633.45764477644,2119.8843616609392,3022.314331456216,False,256,2047-02-28,Buffalo
2050-05-31,295,576837.3556602119,608378.6741599364,-31541.318499724497,2123.025256102808,3030.886111050962,False,256,2047-02-28,Buffalo
2050-06-30,296,578963.5324403493,611418.1563615561,-32454.623921206803,2126.176780137499,3039.482201619804,False,256,2047-02-28,Buffalo
2050-07-31,297,581092.8714100877,614466.2590336688,-33373.387623581104,2129.3389697382822,3048.102672112655,False,256,2047-02-28,Buffalo
2050-08-31,298,583225.3832710879,617523.0066253438,-34297.62335425592,2132.511861000171,3056.747591674982,False,256,2047-02-28,Buffalo
2050-09-30,299,585361.0787612282,620588.4236549921,-35227.34489376389,2135.695490140333,3065.4170296483594,False,256,2047-02-28,Buffalo
2050-10-31,300,587499.9686547267,623662.5347105631,-36162.56605583639,2138.8898934985027,3074.111055571026,False,256,2047-02-28,Buffalo
2050-11-30,301,589642.0637622641,626745.3644497416,-37103.30068747746,2142.0951075374,3082.8297391784427,False,256,2047-02-28,Buffalo
2050-12-31,302,591787.3749311073,629836.9376001453,-38049.56266903808,2145.3111688431422,3091.573150403851,False,256,2047-02-28,Buffalo
2051-01-31,303,593935.9130452329,632937.2789595242,-39001.36591429135,2148.538114125664,3100.341359378835,False,256,2047-02-28,Buffalo
2051-02-28,304,596087.689025452,636046.4133959581,-39958.72437050613,2151.7759802191363,3109.134436433884,False,256,2047-02-28,Buffalo
2051-03-31,305,598242.7138295344,639164.3658480571,-40921.65201852273,2155.0248040823853,3117.952452098953,False,256,2047-02-28,Buffalo
2051-04-30,306,600400.9984523337,642291.1613251611,-41890.16287282738,2158.2846227993164,3126.7954771040377,False,256,2047-02-28,Buffalo
2051-05-31,307,602562.5539259131,645426.8249075408,-42864.27098162775,2161.555473579336,3135.663582379729,False,256,2047-02-28,Buffalo
2051-06-30,308,604727.3913196708,648571.3817465986,-43843.990426927805,2164.837393757776,3144.556839057793,False,256,2047-02-28,Buffalo
2051-07-31,309,606895.5217404672,651724.8570650704,-44829.33532460325,2168.1304207963226,3153.475318471736,False,256,2047-02-28,Buffalo
2051-08-31,310,609066.9563327506,654887.2761572278,-45820.31982447719,2171.43459228344,3162.419092157376,False,256,2047-02-28,Buffalo
2051-09-30,311,611241.7062786854,658058.6643890812,-46816.95811039582,2174.749945934802,3171.388231853421,False,256,2047-02-28,Buffalo
2051-10-31,312,613419.7827982791,661239.0471985833,-47819.26440030418,2178.076519593722,3180.382809502041,False,256,2047-02-28,Buffalo
2051-11-30,313,615601.1971495106,664428.4500958327,-48827.252946322085,2181.414351231585,3189.402897249445,False,256,2047-02-28,Buffalo
2051-12-31,314,617785.9606284589,667626.8986632791,-49840.938034820254,2184.763478948281,3198.448567446461,False,256,2047-02-28,Buffalo
2052-01-31,315,619974.0845694315,670834.4185559283,-50860.33398649679,2188.1239409726395,3207.519892649116,False,256,2047-02-28,Buffalo
2052-02-29,316,622165.5803450943,674051.0355015475,-51885.45515645319,2191.4957756628664,3216.6169456192165,False,256,2047-02-28,Buffalo
2052-03-31,317,624360.4593666013,677276.7753008724,-52916.315934271086,2194.879021506981,3225.739799324936,False,256,2047-02-28,Buffalo
2052-04-30,318,626558.7330837245,680511.6638278138,-53952.9307440893,2198.273717123257,3234.8885269413954,False,256,2047-02-28,Buffalo
2052-05-31,319,628760.4129849852,683755.727029665,-54995.31404467986,2201.679901260662,3244.0632018512533,False,256,2047-02-28,Buffalo
2052-06-30,320,630965.5105977844,687008.9909273103,-56043.48032952589,2205.097612799299,3253.263897645293,False,256,2047-02-28,Buffalo
2052-07-31,321,633174.0374885353,690271.4816154334,-57097.44412689807,2208.5268907508525,3262.4906881230145,False,256,2047-02-28,Buffalo
2052-08-31,322,635386.0052627943,693543.2252627265,-58157.21999993222,2211.967774259031,3271.743647293224,False,256,2047-02-28,Buffalo
2052-09-30,323,637601.4255653943,696824.2481121012,-59222.82254670688,2215.4203026000177,3281.0228493746285,False,256,2047-02-28,Buffalo
2052-10-31,324,639820.3100805773,700114.5764808976,-60294.26640032034,2218.884515182915,3290.3283687964336,False,256,2047-02-28,Buffalo
2052-11-30,325,642042.6705321275,703414.2367610965,-61371.56622896902,2222.360451550195,3299.660280198937,False,256,2047-02-28,Buffalo
2052-12-31,326,644268.5186835056,706723.2554195307,-62454.73673602508,2225.848151378154,3309.0186584341272,False,256,2047-02-28,Buffalo
2053-01-31,327,646497.8663379829,710041.658998097,-63543.792660114006,2229.3476544773603,3318.403578566288,False,256,2047-02-28,Buffalo
2053-02-28,328,648730.725338776,713369.4741139695,-64638.74877519347,2232.859000793114,3327.815115872595,False,256,2047-02-28,Buffalo
2053-03-31,329,650967.107569182,716706.7274598132,-65739.6198906313,2236.3822304058986,3337.2533458437247,False,256,2047-02-28,Buffalo
2053-04-30,330,653207.0249527137,720053.4458039977,-66846.42085128394,2239.9173835318406,3346.7183441844563,False,256,2047-02-28,Buffalo
2053-05-31,331,655450.4894532369,723409.655990812,-67959.16653757507,2243.464500523169,3356.21018681428,False,256,2047-02-28,Buffalo
2053-06-30,332,657697.5130751056,726775.38494068,-69077.87186557439,2247.023621868675,3365.7289498680066,False,256,2047-02-28,Buffalo
2053-07-31,333,659948.1078632998,730150.6596503764,-70202.55178707663,2250.594788194172,3375.2747096963776,False,256,2047-02-28,Buffalo
2053-08-31,334,662202.2859035628,733535.5071932431,-71333.22128968034,2254.1780402629647,3384.847542866678,False,256,2047-02-28,Buffalo
2053-09-30,335,664460.0593225391,736929.9547194064,-72469.8953968673,2257.773418976309,3394.4475261633497,False,256,2047-02-28,Buffalo
2053-10-31,336,666721.440287913,740334.0294559951,-73612.58916808211,2261.380965373883,3404.0747365886086,False,256,2047-02-28,Buffalo
2053-11-30,337,668986.4410085472,743747.7587073582,-74761.31769881095,2265.0007206342525,3413.7292513630605,False,256,2047-02-28,Buffalo
2053-12-31,338,671255.0737346226,747171.1698552845,-75916.09612066194,2268.632726075341,3423.411147926322,False,256,2047-02-28,Buffalo
2054-01-31,339,673527.3507577775,750604.2903592221,-77076.93960144464,2272.2770231549057,3433.1205039376414,False,256,2047-02-28,Buffalo
2054-02-28,340,675803.2844112485,754047.1477564987,-78243.86334525014,2275.9336534710046,3442.8573972765216,False,256,2047-02-28,Buffalo
2054-03-31,341,678082.887070011,757499.769662542,-79416.88259253104,2279.6026587624747,3452.621906043344,False,256,2047-02-28,Buffalo
2054-04-30,342,680366.1711509204,760962.183771102,-80596.01262018154,2283.284080909409,3462.414108559995,False,256,2047-02-28,Buffalo
2054-05-31,343,682653.149112854,764434.4178544725,-81781.26874161849,2286.9779619336327,3472.234083370496,False,256,2047-02-28,Buffalo
2054-06-30,344,684943.8334568532,767916.4997637141,-82972.66630686098,2290.684343999184,3482.081909241632,False,256,2047-02-28,Buffalo
2054-07-31,345,687238.236726266,771408.4574288777,-84170.22070261172,2294.4032694127945,3491.957665163581,False,256,2047-02-28,Buffalo
2054-08-31,346,689536.3715068904,774910.3188592283,-85373.94735233788,2298.134780624373,3501.8614303505547,False,256,2047-02-28,Buffalo
2054-09-30,347,691838.2504271179,778422.1121434697,-86583.86171635182,2301.87892022749,3511.793284241425,False,256,2047-02-28,Buffalo
2054-10-31,348,694143.8861580777,781943.8654499701,-87799.97929189238,2305.6357309598634,3521.7533065003686,False,256,2047-02-28,Buffalo
2054-11-30,349,696453.2914137816,785475.6070269876,-89022.31561320601,2309.4052557038453,3531.7415770175007,False,256,2047-02-28,Buffalo
2054-12-31,350,698766.4789512685,789017.3652028971,-90250.88625162865,2313.187537486914,3541.758175909519,False,256,2047-02-28,Buffalo
2055-01-31,351,701083.4615707507,792569.1683864174,-91485.70681566677,2316.982619482165,3551.8031835203456,False,256,2047-02-28,Buffalo
2055-02-28,352,703404.2521157595,796131.0450668392,-92726.79295107968,2320.790545008799,3561.87668042177,False,256,2047-02-28,Buffalo
2055-03-31,353,705728.8634732922,799703.0238142533,-93974.16034096108,2324.611357532624,3571.978747414097,False,256,2047-02-28,Buffalo
2055-04-30,354,708057.3085739587,803285.13327978,-95227.82470582136,2328.4451006665445,3582.109465526796,False,256,2047-02-28,Buffalo
2055-05-31,355,710389.6003921297,806877.4021957992,-96487.80180366944,2332.291818171064,3592.2689160191458,False,256,2047-02-28,Buffalo
2055-06-30,356,712725.7519460846,810479.8593761801,-97754.10743009557,2336.1515539547813,3602.457180380893,False,256,2047-02-28,Buffalo
2055-07-31,357,715065.7762981595,814092.533716513,-99026.75741835346,2340.024352074895,3612.6743403329024,False,256,2047-02-28,Buffalo
2055-08-31,358,717409.6865548972,817715.4541943407,-100305.76763944353,2343.910256737703,3622.9204778278095,False,256,2047-02-28,Buffalo
2055-09-30,359,719757.4958671964,821348.6498693915,-101591.15400219512,2347.809312299109,3633.195675050684,False,256,2047-02-28,Buffalo
2055-10-31,360,722109.2174304614,824992.1498838111,-102882.9324533497,2351.7215632651296,3643.5000144196847,False,256,2047-02-28,Buffalo
2025-11-30,1,68969.63611664347,3385.469047971271,65584.16706867219,3725.704646909469,3385.469047971271,False,231,2045-01-31,NYC
2025-12-31,2,72698.74282915654,6782.662690866526,65916.08013829002,3729.106712513068,3397.1936428952545,False,231,2045-01-31,NYC
2026-01-31,3,76431.25160727321,10190.377607005905,66240.8740002673,3732.508778116667,3407.7149161393795,False,231,2045-01-31,NYC
2026-02-28,4,80167.16245099346,13607.569934426334,66559.59251656712,3735.910843720266,3417.192327420428,False,231,2045-01-31,NYC
2026-03-31,5,83906.47536031733,17033.371555525282,66873.10380479204,3739.312909323866,3425.8016210989485,False,231,2045-01-31,NYC
2026-04-30,6,87649.1903352448,20467.09504068592,67182.09529455888,3742.714974927464,3433.723485160635,False,231,2045-01-31,NYC
2026-05-31,7,91395.30737577584,23908.229284323454,67487.0780914524,3746.117040531064,3441.13424363754,False,231,2045-01-31,NYC
2026-06-30,8,95144.82648191052,27356.427890051968,67788.39859185855,3749.519106134663,3448.1986057285158,False,231,2045-01-31,NYC
2026-07-31,9,98897.74765364878,30811.492285567587,68086.2553680812,3752.921171738262,3455.064395515618,False,231,2045-01-31,NYC
2026-08-31,10,102654.07089099064,34273.35139569376,68380.71949529689,3756.323237341861,3461.859110126171,False,231,2045-01-31,NYC
2026-09-30,11,106413.79619393613,37742.03949600643,68671.75669792968,3759.725302945461,3468.6881003126714,False,231,2045-01-31,NYC
2026-10-31,12,110176.92356248516,41217.67362978256,68959.2499327026,3763.12736854906,3475.6341337761355,False,231,2045-01-31,NYC
2026-11-30,13,113943.45299663785,44700.43171544144,69243.02128119639,3766.5294341526583,3482.7580856588743,False,231,2045-01-31,NYC
2026-12-31,14,117713.3844963941,48190.53221511549,69522.85228127861,3769.9314997562574,3490.100499674054,False,231,2045-01-31,NYC
2027-01-31,15,121486.71806175396,51688.21598950249,69798.50207225146,3773.3335653598574,3497.6837743869974,False,231,2045-01-31,NYC
2027-02-28,16,125263.4536927174,55193.73073881694,70069.72295390046,3776.735630963457,3505.514749314452,False,231,2045-01-31,NYC
2027-03-31,17,129043.59138928448,58707.31823083676,70336.2731584477,3780.137696567056,3513.5874920198203,False,231,2045-01-31,NYC
2027-04-30,18,132827.1311514551,62229.20434860221,70597.92680285289,3783.539762170655,3521.886117765449,False,231,2045-01-31,NYC
2027-05-31,19,136614.0729792294,65759.5918539685,70854.48112526089,3786.9418277742543,3530.387505366283,False,231,2045-01-31,NYC
2027-06-30,20,140404.41687260722,69298.6556588244,71105.76121378283,3790.343893377854,3539.063804855908,False,231,2045-01-31,NYC
2027-07-31,21,144198.16283158868,72846.54032180156,71351.62250978712,3793.745958981453,3547.88466297716,False,231,2045-01-31,NYC
2027-08-31,22,147995.31085617375,76403.35944205859,71591.95141411516,3797.148024585052,3556.8191202570274,False,231,2045-01-31,NYC
2027-09-30,23,151795.86094636237,79969.19659982919,71826.66434653319,3800.550090188652,3565.837157770597,False,231,2045-01-31,NYC
2027-10-31,24,155599.81310215464,83544.10749202763,72055.70561012701,3803.952155792251,3574.910892198449,False,231,2045-01-31,NYC
2027-11-30,25,159407.1673235505,87128.1229262863,72279.0443972642,3807.35422139585,3584.015434258676,False,231,2045-01-31,NYC
2027-12-31,26,163217.92361054994,90721.25236437812,72496.67124617181,3810.756286999449,3593.129438091828,False,231,2045-01-31,NYC
2028-01-31,27,167032.08196315297,94323.48774229053,72708.59422086246,3814.158352603049,3602.23537791238,False,231,2045-01-31,NYC
2028-02-29,28,170849.64238135965,97934.80733585206,72914.83504550759,3817.5604182066472,3611.319593561544,False,231,2045-01-31,NYC
2028-03-31,29,174670.60486516988,101555.17948479102,73115.42538037886,3820.962483810247,3620.3721489389504,False,231,2045-01-31,NYC
2028-04-30,30,178494.96941458373,105184.5660319319,73310.40338265183,3824.3645494138464,3629.386547140885,False,231,2045-01-31,NYC
2028-05-31,31,182322.7360296012,108822.92537592612,73499.81065367506,3827.7666150174455,3638.359343994239,False,231,2045-01-31,NYC
2028-06-30,32,186153.9047102222,112470.21507396922,73683.689636253,3831.1686806210446,3647.289698043083,False,231,2045-01-31,NYC
2028-07-31,33,189988.47545644687,116126.39396435316,73862.08149209371,3834.570746224644,3656.1788903839433,False,231,2045-01-31,NYC
2028-08-31,34,193826.44826827515,119791.42380682932,74035.0244614458,3837.9728118282433,3665.0298424761577,False,231,2045-01-31,NYC
2028-09-30,35,197667.82314570696,123465.27046136852,74202.55268433844,3841.3748774318415,3673.8466545392057,False,231,2045-01-31,NYC
2028-10-31,36,201512.6000887424,127147.904643061,74364.69544568141,3844.7769430354415,3682.6341816924864,False,231,2045-01-31,NYC
2028-11-30,37,205360.77909738143,130839.3023028953,74521.47679448615,3848.179008639041,3691.3976598343056,False,231,2045-01-31,NYC
2028-12-31,38,209212.3601716241,134539.44469146943,74672.91548015468,3851.58107424264,3700.142388574138,False,231,2045-01-31,NYC
2029-01-31,39,213067.34331147035,138248.3181659157,74819.02514555465,3854.9831398462393,3708.873474446277,False,231,2045-01-31,NYC
2029-02-28,40,216925.72851692015,141965.9138001287,74959.81471679147,3858.385205449839,3717.5956342130057,False,231,2045-01-31,NYC
2029-03-31,41,220787.5157879736,145692.22685546483,75095.28893250879,3861.7872710534375,3726.3130553361216,False,231,2045-01-31,NYC
2029-04-30,42,224652.70512463065,149427.25616410992,75225.44896052073,3865.189336657037,3735.029308645077,False,231,2045-01-31,NYC
2029-05-31,43,228521.2965268913,153171.00347092713,75350.29305596417,3868.5914022606366,3743.747306817212,False,231,2045-01-31,NYC
2029-06-30,44,232393.28999475556,156923.47277237565,75469.81722237988,3871.9934678642353,3752.469301448517,False,231,2045-01-31,NYC
2029-07-31,45,236268.68552822337,160684.66968353145,75584.01584469192,3875.395533467835,3761.196911155805,False,231,2045-01-31,NYC
2029-08-31,46,240147.4831272948,164454.60085676055,75692.88227053426,3878.797599071434,3769.931173229084,False,231,2045-01-31,NYC
2029-09-30,47,244029.68279196983,168233.27346852035,75796.40932344948,3882.199664675033,3778.672611759808,False,231,2045-01-31,NYC
2029-10-31,48,247915.2845222485,172020.6947843427,75894.58973790577,3885.601730278632,3787.421315822355,False,231,2045-01-31,NYC
2029-11-30,49,251804.28831813068,175816.87180644623,75987.41651168445,3889.003795882232,3796.177022103545,False,231,2045-01-31,NYC
2029-12-31,50,255696.6941796165,179621.81100373392,76074.8831758826,3892.405861485831,3804.939197287697,False,231,2045-01-31,NYC
2030-01-31,51,259592.50210670597,183435.5181201855,76156.98398652044,3895.80792708943,3813.707116451578,False,231,2045-01-31,NYC
2030-02-28,52,263491.7120993989,187257.9980548396,76233.71404455934,3899.2099926930296,3822.47993465412,False,231,2045-01-31,NYC
2030-03-31,53,267394.32415769564,191089.2548046201,76305.0693530755,3902.6120582966287,3831.256749780526,False,231,2045-01-31,NYC
2030-04-30,54,271300.33828159585,194929.2914601101,76371.04682148571,3906.014123900228,3840.0366554899983,False,231,2045-01-31,NYC
2030-05-31,55,275209.7544710997,198778.1102439117,76431.64422718796,3909.4161895038274,3848.818783801601,False,231,2045-01-31,NYC
2030-06-30,56,279122.5727262071,202635.7125813345,76486.86014487257,3912.8182551074265,3857.6023374227766,False,231,2045-01-31,NYC
2030-07-31,57,283038.7930469181,206502.09919371115,76536.69385320696,3916.2203207110256,3866.3866123766375,False,231,2045-01-31,NYC
2030-08-31,58,286958.4154332328,210377.27020553124,76581.14522770149,3919.622386314625,3875.171011820082,False,231,2045-01-31,NYC
2030-09-30,59,290881.439885151,214261.2252577039,76620.2146274471,3923.024451918224,3883.955052172651,False,231,2045-01-31,NYC
2030-10-31,60,294807.8664026728,218153.9636205108,76653.90278216198,3926.426517521824,3892.738362806908,False,231,2045-01-31,NYC
2030-11-30,61,298737.6949857982,222055.48430110907,76682.21068468914,3929.8285831254234,3901.520680598271,False,231,2045-01-31,NYC
2030-12-31,62,302670.92563452723,225965.7861417193,76705.13949280794,3933.230648729022,3910.3018406102337,False,231,2045-01-31,NYC
2031-01-31,63,306607.5583488599,229884.86790583376,76722.69044302613,3936.6327143326216,3919.081764114479,False,231,2045-01-31,NYC
2031-02-28,64,310547.5931287961,233812.7283508628,76734.86477793331,3940.03477993622,3927.860445029012,False,231,2045-01-31,NYC
2031-03-31,65,314491.0299743359,237749.3662865771,76741.66368775882,3943.43684553982,3936.6379357143383,False,231,2045-01-31,NYC
2031-04-30,66,318437.8688854793,241694.78061948696,76743.08826599232,3946.838911143419,3945.414332909863,False,231,2045-01-31,NYC
2031-05-31,67,322388.1098622263,245648.97038391724,76739.13947830905,3950.240976747018,3954.189764430269,False,231,2045-01-31,NYC
2031-06-30,68,326341.75290457695,249611.9347610004,76729.81814357659,3953.643042350617,3962.964377083103,False,231,2045-01-31,NYC
2031-07-31,69,330298.7980125312,253583.6730871209,76715.12492541029,3957.0451079542167,3971.738326120537,False,231,2045-01-31,NYC
2031-08-31,70,334259.245186089,257564.18485352615,76695.06033256283,3960.447173557816,3980.5117664052746,False,231,2045-01-31,NYC
2031-09-30,71,338223.0944252504,261553.46969888188,76669.62472636855,3963.849239161415,3989.2848453556935,False,231,2045-01-31,NYC
2031-10-31,72,342190.3457300154,265551.5273965223,76638.81833349314,3967.251304765015,3998.057697640428,False,231,2045-01-31,NYC
2031-11-30,73,346160.999100384,269558.3578380402,76602.6412623438,3970.6533703686137,4006.830441517936,False,231,2045-01-31,NYC
2031-12-31,74,350135.05453635624,273573.96101470187,76561.09352165437,3974.0554359722128,4015.603176661668,False,231,2045-01-31,NYC
2032-01-31,75,354112.51203793206,277598.3369979767,76514.17503995536,3977.457501575812,4024.3759832748246,False,231,2045-01-31,NYC
2032-02-29,76,358093.37160511146,281631.485920255,76461.88568485645,3980.859567179411,4033.148922278339,False,231,2045-01-31,NYC
2032-03-31,77,362077.6332378945,285673.4079566045,76404.22528128995,3984.2616327830106,4041.9220363494687,False,231,2045-01-31,NYC
2032-04-30,78,366065.2969362811,289724.10330819804,76341.19362808304,3987.66369838661,4050.695351593566,False,231,2045-01-31,NYC
2032-05-31,79,370056.3627002713,293783.57218784385,76272.79051242745,3991.065763990209,4059.468879645786,False,231,2045-01-31,NYC
2032-06-30,80,374050.8305298651,297851.8148078641,76199.01572200103,3994.467829593808,4068.242620020216,False,231,2045-01-31,NYC
2032-07-31,81,378048.7004250625,301928.831370413,76119.86905464949,3997.869895197408,4077.016562548911,False,231,2045-01-31,NYC
2032-08-31,82,382049.9723858635,306014.6220601936,76035.35032566992,4001.271960801007,4085.790689780562,False,231,2045-01-31,NYC
2032-09-30,83,386054.6464122681,310109.18703943,75945.45937283814,4004.6740264046057,4094.564979236377,False,231,2045-01-31,NYC
2032-10-31,84,390062.7225042763,314212.52644487773,75850.19605939859,4008.076092008205,4103.339405447747,False,231,2045-01-31,NYC
2032-11-30,85,394074.2006618881,318324.6403866031,75749.56027528504,4011.478157611805,4112.1139417253535,False,231,2045-01-31,NYC
2032-12-31,86,398089.0808851035,322445.52894823486,75643.55193686864,4014.880223215404,4120.888561631773,False,231,2045-01-31,NYC
2033-01-31,87,402107.3631739225,326575.1921883837,75532.1709855388,4018.282288819003,4129.663240148884,False,231,2045-01-31,NYC
2033-02-28,88,406129.04752834514,330713.6301429309,75415.41738541424,4021.684354422602,4138.437954547153,False,231,2045-01-31,NYC
2033-03-31,89,410154.13394837134,334860.84282790706,75293.29112046427,4025.086420026201,4147.212684976193,False,231,2045-01-31,NYC
2033-04-30,90,414182.6224340011,339016.83024271205,75165.79219128907,4028.488485629801,4155.987414804982,False,231,2045-01-31,NYC
2033-05-31,91,418214.5129852345,343181.592373458,75032.92061177647,4031.8905512334,4164.762130745974,False,231,2045-01-31,NYC
2033-06-30,92,422249.8056020715,347355.1291962585,74894.67640581302,4035.292616837,4173.53682280047,False,231,2045-01-31,NYC
2033-07-31,93,426288.5002845121,351537.4406803219,74751.05960419023,4038.694682440599,4182.3114840634125,False,231,2045-01-31,NYC
2033-08-31,94,430330.5970325563,355728.5267907465,74602.07024180982,4042.0967480441977,4191.086110424612,False,231,2045-01-31,NYC
2033-09-30,95,434376.0958462041,359928.3874909473,74447.70835525676,4045.498813647797,4199.860700200822,False,231,2045-01-31,NYC
2033-10-31,96,438424.9967254555,364137.0227446768,74287.97398077877,4048.900879251396,4208.635253729387,False,231,2045-01-31,NYC
2033-11-30,97,442477.2996703105,368354.4325176266,74122.8671526839,4052.302944854996,4217.409772949849,False,231,2045-01-31,NYC
2033-12-31,98,446533.0046807691,372580.6167786218,73952.38790214731,4055.705010458595,4226.184260995179,False,231,2045-01-31,NYC
2034-01-31,99,450592.1117568313,376815.57550043135,73776.53625639994,4059.1070760621938,4234.95872180954,False,231,2045-01-31,NYC
2034-02-28,100,454654.62089849706,381059.30866023625,73595.31223826081,4062.509141665793,4243.733159804899,False,231,2045-01-31,NYC
2034-03-31,101,458720.53210576647,385311.8162398008,73408.7158659657,4065.911207269392,4252.507579564553,False,231,2045-01-31,NYC
2034-04-30,102,462789.84537863947,389573.0982253986,73216.74715324084,4069.313272872992,4261.281985597885,False,231,2045-01-31,NYC
2034-05-31,103,466862.56071711605,393843.1546075461,73019.40610957,4072.715338476591,4270.056382147404,False,231,2045-01-31,NYC
2034-06-30,104,470938.6781211962,398121.98538059264,72816.69274060358,4076.11740408019,4278.83077304656,False,231,2045-01-31,NYC
2034-07-31,105,475018.19759088,402409.59054221737,72608.60704866267,4079.519469683789,4287.605161624744,False,231,2045-01-31,NYC
2034-08-31,106,479101.1191261674,406705.9700928718,72395.14903329563,4082.921535287389,4296.379550654442,False,231,2045-01-31,NYC
2034-09-30,107,483187.4427270584,411011.1240352064,72176.31869185204,4086.323600890988,4305.153942334578,False,231,2045-01-31,NYC
2034-10-31,108,487277.168393553,415325.05237351,71952.11602004303,4089.725666494587,4313.928338303591,False,231,2045-01-31,NYC
2034-11-30,109,491370.2961256512,419647.7551131857,71722.54101246549,4093.127732098186,4322.702739675723,False,231,2045-01-31,NYC
2034-12-31,110,495466.82592335297,423979.2322602799,71487.59366307309,4096.529797701785,4331.4771470942105,False,231,2045-01-31,NYC
2035-01-31,111,499566.7577866584,428319.48382107547,71247.27396558289,4099.9318633053845,4340.251560795568,False,231,2045-01-31,NYC
2035-02-28,112,503670.09171556734,432668.50980175525,71001.58191381209,4103.333928908984,4349.025980679785,False,231,2045-01-31,NYC
2035-03-31,113,507776.8277100799,437026.31020813726,70750.51750194264,4106.735994512584,4357.800406382025,False,231,2045-01-31,NYC
2035-04-30,114,511886.9657701961,441392.8850454795,70494.0807247166,4110.138060116182,4366.574837342235,False,231,2045-01-31,NYC
2035-05-31,115,516000.5058959159,445768.2343183494,70232.27157756651,4113.540125719782,4375.349272869852,False,231,2045-01-31,NYC
2035-06-30,116,520117.4480872393,450152.3580305511,69965.09005668823,4116.942191323381,4384.123712201637,False,231,2045-01-31,NYC
2035-07-31,117,524237.7923441663,454545.2561851024,69692.53615906386,4120.344256926981,4392.898154551315,False,231,2045-01-31,NYC
2035-08-31,118,528361.5386666968,458946.9287842528,69414.60988244397,4123.746322530579,4401.672599150378,False,231,2045-01-31,NYC
2035-09-30,119,532488.6870548311,463357.3758295328,69131.31122529833,4127.148388134179,4410.447045279941,False,231,2045-01-31,NYC
2035-10-31,120,536619.2375085688,467776.5973218267,68842.64018674212,4130.550453737778,4419.221492293959,False,231,2045-01-31,NYC
2035-11-30,121,540753.9096814771,472205.64300736913,68548.26667410799,4134.672172908288,4429.045685542432,False,231,2045-01-31,NYC
2035-12-31,122,544892.7177198773,476644.5347259282,68248.18299394904,4138.808038400181,4438.891718559096,False,231,2045-01-31,NYC
2036-01-31,123,549035.6758186428,481093.29436582327,67942.38145281957,4142.958098765626,4448.759639895062,False,231,2045-01-31,NYC
2036-02-29,124,553182.7982213662,485551.9438640326,67630.85435733362,4147.122402723431,4458.64949820937,False,231,2045-01-31,NYC
2036-03-31,125,557334.0992205259,490020.50520630187,67313.59401422407,4151.300999159613,4468.561342269233,False,231,2045-01-31,NYC
2036-04-30,126,561489.5931576539,494499.00042725215,66990.59273040178,4155.493937127974,4478.495220950276,False,231,2045-01-31,NYC
2036-05-31,127,565649.2944235046,498987.4516104889,66661.84281301568,4159.701265850674,4488.451183236777,False,231,2045-01-31,NYC
2036-06-30,128,569813.2174582235,503485.8808887109,66327.33656951261,4163.92303471881,4498.42927822191,False,231,2045-01-31,NYC
2036-07-31,129,573981.3767515165,507994.31044381886,65987.06630769762,4168.159293293,4508.429555107986,False,231,2045-01-31,NYC
2036-08-31,130,578153.7868428204,512512.7625070256,65641.02433579479,4172.4100913039565,4518.452063206694,False,231,2045-01-31,NYC
2036-09-30,131,582330.4623214734,517041.2593589649,65289.20296250848,4176.675478653076,4528.496851939349,False,231,2045-01-31,NYC
2036-10-31,132,586511.4178268864,521579.823329802,64931.59449708439,4180.955505413025,4538.563970837129,False,231,2045-01-31,NYC
2036-11-30,133,590696.6680487148,526128.4767993434,64568.19124937139,4185.250221828327,4548.653469541326,False,231,2045-01-31,NYC
2036-12-31,134,594886.2277270306,530687.242197147,64198.98552988365,4189.559678315949,4558.765397803584,False,231,2045-01-31,NYC
2037-01-31,135,599080.1116524965,535256.1420026332,63823.96964986331,4193.883925465899,4568.899805486151,False,231,2045-01-31,NYC
2037-02-28,136,603278.3346665383,539835.1987451953,63443.135921343,4198.223014041813,4579.056742562121,False,231,2045-01-31,NYC
2037-03-31,137,607480.9116615199,544424.4350043109,63056.47665720899,4202.57699498156,4589.23625911568,False,231,2045-01-31,NYC
2037-04-30,138,611687.8575809179,549023.8734096533,62663.98417126457,4206.945919397833,4599.438405342355,False,231,2045-01-31,NYC
2037-05-31,139,615899.1874194965,553633.5366412025,62265.65077829396,4211.329838578748,4609.66323154926,False,231,2045-01-31,NYC
2037-06-30,140,620114.916223485,558253.4474293579,61861.46879412711,4215.728803988454,4619.910788155346,False,231,2045-01-31,NYC
2037-07-31,141,624335.0590907526,562883.6285550495,61451.43053570308,4220.142867267729,4630.181125691648,False,231,2045-01-31,NYC
2037-08-31,142,628559.6311709874,567524.1028498511,61035.528321136255,4224.57208023459,4640.474294801534,False,231,2045-01-31,NYC
2037-09-30,143,632788.6476658722,572174.8931960921,60613.754469780135,4229.016494884902,4650.790346240954,False,231,2045-01-31,NYC
2037-10-31,144,637022.1238292651,576836.0225269708,60186.10130229429,4233.476163392985,4661.129330878694,False,231,2045-01-31,NYC
2037-11-30,145,641260.0749673774,581507.5138266674,59752.56114070991,4237.95113811223,4671.491299696624,False,231,2045-01-31,NYC
2037-12-31,146,645502.5164389531,586189.3901304574,59313.12630849576,4242.441471575712,4681.876303789948,False,231,2045-01-31,NYC
2038-01-31,147,649749.4636554499,590881.6745248248,58867.78913062508,4246.947216496807,4692.284394367458,False,231,2045-01-31,NYC
2038-02-28,148,654000.9320812197,595584.3901475766,58416.541933643166,4251.468425769811,4702.715622751787,False,231,2045-01-31,NYC
2038-03-31,149,658256.9372336904,600297.5601879562,57959.3770457342,4256.0051524705605,4713.170040379662,False,231,2045-01-31,NYC
2038-04-30,150,662517.4946835474,605021.2078867584,57496.28679678904,4260.557449857054,4723.647698802156,False,231,2045-01-31,NYC
2038-05-31,151,666782.6200549174,609755.3565364433,57027.26351847407,4265.125371370083,4734.148649684942,False,231,2045-01-31,NYC
2038-06-30,152,671052.3290255512,614500.0294812518,56552.29954429937,4269.70897063385,4744.672944808552,False,231,2045-01-31,NYC
2038-07-31,153,675326.637327008,619255.2501173205,56071.3872096875,4274.308301456608,4755.220636068625,False,231,2045-01-31,NYC
2038-08-31,154,679605.5607448393,624021.0418927966,55584.518852042616,4278.923417831286,4765.79177547617,False,231,2045-01-31,NYC
2038-09-30,155,683889.1151187753,628797.4283079545,55091.68681082083,4283.554373936124,4776.38641515782,False,231,2045-01-31,NYC
2038-10-31,156,688177.3163429108,633584.4329153105,54592.88342760026,4288.201224135308,4787.004607356086,False,231,2045-01-31,NYC
2038-11-30,157,692470.1803658903,638382.0793197401,54088.1010461502,4292.864022979612,4797.64640442962,False,231,2045-01-31,NYC
2038-12-31,158,696767.7231910974,643190.3911785935,53577.33201250387,4297.542825207035,4808.311858853469,False,231,2045-01-31,NYC
2039-01-31,159,701069.9608768409,648009.3922018128,53060.56867502805,4302.237685743445,4819.001023219335,False,231,2045-01-31,NYC
2039-02-28,160,705376.909536544,652839.1061520487,52537.80338449532,4306.94865970322,4829.713950235834,False,231,2045-01-31,NYC
2039-03-31,161,709688.5853389339,657679.5568447774,52009.02849415643,4311.675802389905,4840.450692728758,False,231,2045-01-31,NYC
2039-04-30,162,714005.0045082308,662530.7681484187,51474.23635981209,4316.419169296847,4851.211303641334,False,231,2045-01-31,NYC
2039-05-31,163,718326.1833243386,667392.7639844533,50933.41933988535,4321.17881610786,4861.995836034483,False,231,2045-01-31,NYC
2039-06-30,164,722652.1381230366,672265.5683275404,50386.56979549618,4325.954798697871,4872.804343087085,False,231,2045-01-31,NYC
2039-07-31,165,726982.8852961701,677149.2052056367,49833.68009053345,4330.747173133575,4883.636878096239,False,231,2045-01-31,NYC
2039-08-31,166,731318.4412918442,682043.6987001142,49274.742591730086,4335.555995674098,4894.493494477529,False,231,2045-01-31,NYC
2039-09-30,167,735658.8226146158,686949.0729458794,48709.74966873636,4340.381322771656,4905.374245765281,False,231,2045-01-31,NYC
2039-10-31,168,740004.0458256882,691865.3521314922,48138.69369419594,4345.223211072214,4916.279185612833,False,231,2045-01-31,NYC
2039-11-30,169,744354.1275431043,696792.560499285,47561.56704381935,4350.081717416158,4927.208367792799,False,231,2045-01-31,NYC
2039-12-31,170,748709.0844419433,701730.7223454823,46978.362096461,4354.9568988389565,4938.161846197331,False,231,2045-01-31,NYC
2040-01-31,171,753068.933254515,706679.8620203207,46389.07123419433,4359.84881257183,4949.139674838387,False,231,2045-01-31,NYC
2040-02-29,172,757433.6907705576,711640.0039281687,45793.68684238894,4364.757516042428,4960.141907847997,False,231,2045-01-31,NYC
2040-03-31,173,761803.373837433,716611.1725276472,45192.20130978583,4369.683066875495,4971.168599478528,False,231,2045-01-31,NYC
2040-04-30,174,766177.9993603264,721593.3923317501,44584.60702857631,4374.625522893556,4982.219804102957,False,231,2045-01-31,NYC
2040-05-31,175,770557.584302444,726586.6879079653,43970.89639447874,4379.584942117589,4993.295576215131,False,231,2045-01-31,NYC
2040-06-30,176,774942.1456852118,731591.0838783953,43351.06180681649,4384.56138276771,5004.395970430044,False,231,2045-01-31,NYC
2040-07-31,177,779331.7005884757,736606.6049198793,42725.09566859633,4389.554903263853,5015.521041484099,False,231,2045-01-31,NYC
2040-08-31,178,783726.266150702,741633.2757641147,42092.990386587335,4394.565562226458,5026.670844235385,False,231,2045-01-31,NYC
2040-09-30,179,788125.8595691791,746671.1211977786,41454.73837140051,4399.593418477158,5037.845433663939,False,231,2045-01-31,NYC
2040-10-31,180,792530.4981002186,751720.1660626506,40810.332037567976,4404.638531039471,5049.044864872026,False,231,2045-01-31,NYC
2040-11-30,181,796940.1990593581,756780.4352557351,40159.76380362304,4409.700959139492,5060.269193084405,False,231,2045-01-31,NYC
2040-12-31,182,801354.9798215646,761851.9537293836,39503.02609218098,4414.780762206587,5071.518473648604,False,231,2045-01-31,NYC
2041-01-31,183,805774.8578214387,766934.7464914188,38840.11133001989,4419.877999874095,5082.792762035189,False,231,2045-01-31,NYC
2041-02-28,184,810199.8505534187,772028.8386052569,38171.01194816188,4424.992731980021,5094.0921138380445,False,231,2045-01-31,NYC
2041-03-31,185,814629.9755719865,777134.2551900315,37495.72038195504,4430.125018567745,5105.416584774641,False,231,2045-01-31,NYC
2041-04-30,186,819065.2504918734,782251.0214207178,36814.22907115554,4435.274919886724,5116.766230686311,False,231,2045-01-31,NYC
2041-05-31,187,823505.6929882665,787379.1625282563,36126.530460010166,4440.4424963932,5128.1411075385295,False,231,2045-01-31,NYC
2041-06-30,188,827951.3207970175,792518.7037996774,35432.61699734011,4445.627808750908,5139.541271421183,False,231,2045-01-31,NYC
2041-07-31,189,832402.1517148493,797669.6705782263,34732.481136622955,4450.83091783179,5150.966778548848,False,231,2045-01-31,NYC
2041-08-31,190,836858.2035995659,802832.0882634874,34026.11533607845,4456.051884716711,5162.417685261074,False,231,2045-01-31,NYC
2041-09-30,191,841319.4943702621,808005.9823115101,33313.51205875201,4461.2907706961705,5173.894048022654,False,231,2045-01-31,NYC
2041-10-31,192,845786.0420075331,813191.3782349341,32594.663772599077,4466.54763727103,5185.395923423905,False,231,2045-01-31,NYC
2041-11-30,193,850257.8645536862,818388.301603115,31869.562950571184,4471.822546153226,5196.923368180947,False,231,2045-01-31,NYC
2041-12-31,194,854734.9801129529,823596.778042251,31138.202070701867,4477.115559266503,5208.476439135988,False,231,2045-01-31,NYC
2042-01-31,195,859217.4068517,828816.8332355086,30400.5736161914,4482.426738747134,5220.055193257593,False,231,2045-01-31,NYC
2042-02-28,196,863705.1629986446,834048.4929231496,29656.67007549503,4487.756146944653,5231.659687640976,False,231,2045-01-31,NYC
2042-03-31,197,868198.2668450673,839291.7829026579,28906.483942409395,4493.103846422588,5243.289979508277,False,231,2045-01-31,NYC
2042-04-30,198,872696.7367450264,844546.7290288667,28150.00771615969,4498.469899959191,5254.946126208842,False,231,2045-01-31,NYC
2042-05-31,199,877200.5911155746,849813.3572140862,27387.23390148836,4503.854370548182,5266.628185219509,False,231,2045-01-31,NYC
2042-06-30,200,881709.8484369742,855091.6934282312,26618.15500874305,4509.257321399478,5278.336214144891,False,231,2045-01-31,NYC
2042-07-31,201,886224.5272529142,860381.7636989488,25842.76355396537,4514.678815939948,5290.070270717658,False,231,2045-01-31,NYC
2042-08-31,202,890744.6461707281,865683.5941117476,25061.052058980567,4520.118917814148,5301.830412798826,False,231,2045-01-31,NYC
2042-09-30,203,895270.2238616133,870997.2108101256,24273.01305148774,4525.577690885068,5313.616698378037,False,231,2045-01-31,NYC
2042-10-31,204,899801.279060848,876322.6399956994,23478.639065148654,4531.055199234892,5325.429185573848,False,231,2045-01-31,NYC
2042-11-30,205,904337.830568014,881659.9079283334,22677.92263968056,4536.551507165736,5337.267932634017,False,231,2045-01-31,NYC
2042-12-31,206,908879.8972472145,887009.0409262691,21870.8563209452,4542.066679200414,5349.132997935791,False,231,2045-01-31,NYC
2043-01-31,207,913427.4980272974,892370.0653662554,21057.432661042083,4547.60078008319,5361.024439986191,False,231,2045-01-31,NYC
2043-02-28,208,917980.651902078,897743.0076836777,20237.64421840024,4553.153874780542,5372.942317422307,False,231,2045-01-31,NYC
2043-03-31,209,922539.37793056,903127.8943726892,19411.48355787061,4558.726028481916,5384.886689011577,False,231,2045-01-31,NYC
2043-04-30,210,927103.6952371604,908524.7519863414,18578.943250818997,4564.317306600504,5396.857613652087,False,231,2045-01-31,NYC
2043-05-31,211,931673.6230119346,913933.6071367144,17740.0158752203,4569.927774774002,5408.855150372856,False,231,2045-01-31,NYC
2043-06-30,212,936249.1805108,919354.4864950484,16894.694015751476,4575.557498865384,5420.879358334126,False,231,2045-01-31,NYC
2043-07-31,213,940830.3870557636,924787.416791876,16042.97026388743,4581.206544963675,5432.930296827658,False,231,2045-01-31,NYC
2043-08-31,214,945417.2620351482,930232.4248171533,15184.837217995082,4586.874979384728,5445.00802527702,False,231,2045-01-31,NYC
2043-09-30,215,950009.8249038202,935689.537420391,14320.287483429189,4592.562868672001,5457.112603237885,False,231,2045-01-31,NYC
2043-10-31,216,954608.0951834176,941158.7815107892,13449.31367262837,4598.270279597336,5469.24409039832,False,231,2045-01-31,NYC
2043-11-30,217,959212.0924625793,946640.1840573684,12571.908405210825,4603.99727916175,5481.402546579082,False,231,2045-01-31,NYC
2043-12-31,218,963821.8363971754,952133.7720891024,11688.06430807314,4609.743934596214,5493.588031733913,False,231,2045-01-31,NYC
2044-01-31,219,968437.346710538,957639.572695052,10797.774015485891,4615.510313362445,5505.8006059498375,False,231,2045-01-31,NYC
2044-02-29,220,973058.6431936916,963157.6130244996,9901.03016919212,4621.296483153698,5518.040329447455,False,231,2045-01-31,NYC
2044-03-31,221,977685.7457055872,968687.9202870808,8997.825418506516,4627.102511895563,5530.307262581239,False,231,2045-01-31,NYC
2044-04-30,222,982318.674173334,974230.5217529208,8088.152420413215,4632.928467746758,5542.601465839837,False,231,2045-01-31,NYC
2044-05-31,223,986957.448592434,979785.4447527672,7172.003839666839,4638.774419099932,5554.922999846364,False,231,2045-01-31,NYC
2044-06-30,224,991602.0890270164,985352.7166781258,6249.37234889064,4644.640434582468,5567.271925358705,False,231,2045-01-31,NYC
2044-07-31,225,996252.6156100736,990932.3649813957,5320.250628678012,4650.526583057286,5579.648303269812,False,231,2045-01-31,NYC
2044-08-31,226,1000909.0485436972,996524.4171760036,4384.631367693655,4656.432933623654,5592.052194608007,False,231,2045-01-31,NYC
2044-09-30,227,1005571.4080993154,1002128.9008365409,3442.5072627745103,4662.359555618002,5604.483660537282,False,231,2045-01-31,NYC
2044-10-31,228,1010239.71461793,1007745.8435988984,2493.87101903162,4668.306518614725,5616.942762357598,False,231,2045-01-31,NYC
2044-11-30,229,1014913.988510357,1013375.2731604036,1538.7153499532724,4674.273892427015,5629.429561505193,False,231,2045-01-31,NYC
2044-12-31,230,1019594.2502574648,1019017.2172799566,577.0329775082646,4680.261747107666,5641.944119552878,False,231,2045-01-31,NYC
2045-01-31,231,1024280.5204104148,1024671.7037781668,-391.1833677521208,4686.270152949909,5654.486498210345,True,231,2045-01-31,NYC
2045-02-28,232,1028972.8195909028,1030338.7605374914,-1365.9409465885255,4692.299180488227,5667.056759324472,False,231,2045-01-31,NYC
2045-03-31,233,1033671.1684914022,1036018.415502371,-2347.2470109688584,4698.348900499189,5679.6549648796245,False,231,2045-01-31,NYC
2045-04-30,234,1038375.5878754044,1041710.696679369,-3335.108803964569,4704.419384002277,5692.281176997963,False,231,2045-01-31,NYC
2045-05-31,235,1043086.0985776652,1047415.6321373088,-4329.533559643547,4710.510702260727,5704.935457939749,False,231,2045-01-31,NYC
2045-06-30,236,1047802.7215044476,1053133.2500074124,-5330.52850296488,4716.622926782356,5717.617870103654,False,231,2045-01-31,NYC
2045-07-31,237,1052525.4776337678,1058863.5784834395,-6338.100849671755,4722.756129320405,5730.328476027065,False,231,2045-01-31,NYC
2045-08-31,238,1057254.3880156423,1064606.6458218258,-7352.2578061835375,4728.910381874388,5743.067338386392,False,231,2045-01-31,NYC
2045-09-30,239,1061989.4737723332,1070362.4803418233,-8373.00656949007,4735.085756690926,5755.83451999738,False,231,2045-01-31,NYC
2045-10-31,240,1066730.7560985978,1076131.1104256387,-9400.354327040955,4741.282326264602,5768.630083815416,False,231,2045-01-31,NYC
2045-11-30,241,1071478.2562619366,1081912.5645185746,-10434.308256638004,4747.500163338812,5781.45409293584,False,231,2045-01-31,NYC
2045-12-31,242,1076231.9956028434,1087706.871129169,-11474.875526325544,4753.739340906616,5794.306610594259,False,231,2045-01-31,NYC
2046-01-31,243,1080991.995535055,1093514.0588293355,-12522.063294280786,4759.999932211598,5807.187700166855,False,231,2045-01-31,NYC
2046-02-28,244,1085758.2775458037,1099334.1562545064,-13575.878708702743,4766.282010748723,5820.0974251706975,False,231,2045-01-31,NYC
2046-03-31,245,1090530.863196069,1105167.1921037706,-14636.328907701652,4772.585650265201,5833.035849264063,False,231,2045-01-31,NYC
2046-04-30,246,1095309.7741208302,1111013.1951400172,-15703.421019186964,4778.910924761355,5846.003036246739,False,231,2045-01-31,NYC
2046-05-31,247,1100095.0320293217,1116872.1941900775,-16777.162160755834,4785.257908491484,5858.999050060346,False,231,2045-01-31,NYC
2046-06-30,248,1104886.6587052864,1122744.2181448662,-17857.559439579723,4791.626675964741,5872.023954788651,False,231,2045-01-31,NYC
2046-07-31,249,1109684.6760072324,1128629.295959524,-18944.61995229172,4798.017301946004,5885.077814657882,False,231,2045-01-31,NYC
2046-08-31,250,1114489.1058686893,1134527.4566535612,-20038.35078487196,4804.429861456755,5898.160694037048,False,231,2045-01-31,NYC
2046-09-30,251,1119299.970298465,1140438.7293109994,-21138.759012534283,4810.864429775959,5911.27265743825,False,231,2045-01-31,NYC
2046-10-31,252,1124117.291380906,1146363.1430805165,-22245.851699610477,4817.3210824409525,5924.413769517006,False,231,2045-01-31,NYC
2046-11-30,253,1128941.0912761544,1152300.727175589,-23359.635899434565,4823.79989524832,5937.584095072567,False,231,2045-01-31,NYC
2046-12-31,254,1133771.3922204091,1158251.5108746372,-24480.11865422805,4830.300944254799,5950.7836990482365,False,231,2045-01-31,NYC
2047-01-31,255,1138608.2165261873,1164215.5235211689,-25607.3069949816,4836.824305778158,5964.012646531691,False,231,2045-01-31,NYC
2047-02-28,256,1143451.5865825857,1170192.794523924,-26741.207941338653,4843.370056398103,5977.271002755299,False,231,2045-01-31,NYC
2047-03-31,257,1148301.5248555427,1176183.3533570203,-27881.82850147784,4849.938272957169,5990.558833096447,False,231,2045-01-31,NYC
2047-04-30,258,1153158.0538881044,1182187.2295600984,-29029.175671993988,4856.529032561626,6003.876203077858,False,231,2045-01-31,NYC
2047-05-31,259,1158021.1963006868,1188204.4527384662,-30183.256437779404,4863.142412582387,6017.223178367916,False,231,2045-01-31,NYC
2047-06-30,260,1162890.9747913426,1194235.0525632473,-31344.077771904645,4869.778490655908,6030.59982478099,False,231,2045-01-31,NYC
2047-07-31,261,1167767.4121360278,1200279.058771525,-32511.64663549722,4876.437344685108,6044.006208277758,False,231,2045-01-31,NYC
2047-08-31,262,1172650.531188868,1206336.5011664906,-33685.96997762262,4883.119052840279,6057.442394965532,False,231,2045-01-31,NYC
2047-09-30,263,1177540.354882428,1212407.409617589,-34867.05473516113,4889.823693560002,6070.908451098586,False,231,2045-01-31,NYC
2047-10-31,264,1182436.90622798,1218491.8140606675,-36054.90783268749,4896.551345552074,6084.40444307848,False,231,2045-01-31,NYC
2047-11-30,265,1187340.2083157746,1224589.744498122,-37249.53618234745,4903.3020877944255,6097.930437454389,False,231,2045-01-31,NYC
2047-12-31,266,1192250.284315311,1230701.2309990455,-38450.94668373489,4910.075999536051,6111.486500923431,False,231,2045-01-31,NYC
2048-01-31,267,1197167.1574756086,1236826.3036993763,-39659.14622376789,4916.873160297941,6125.072700330996,False,231,2045-01-31,NYC
2048-02-29,268,1202090.8511254827,1242964.9928020476,-40874.14167656493,4923.693649874008,6138.689102671074,False,231,2045-01-31,NYC
2048-03-31,269,1207021.3886738147,1249117.3285771343,-42095.93990331958,4930.537548332035,6152.335775086587,False,231,2045-01-31,NYC
2048-04-30,270,1211958.7936098294,1255283.341362004,-43324.54775217455,4937.404936014604,6166.012784869721,False,231,2045-01-31,NYC
2048-05-31,271,1216903.0895033695,1261463.0615614662,-44559.97205809667,4944.295893540046,6179.720199462255,False,231,2045-01-31,NYC
2048-06-30,272,1221854.3000051728,1267656.519647922,-45802.21964274929,4951.210501803385,6193.458086455896,False,231,2045-01-31,NYC
2048-07-31,273,1226812.4488471502,1273863.746161515,-47051.29731436446,4958.1488419772895,6207.226513592611,False,231,2045-01-31,NYC
2048-08-31,274,1231777.5598426631,1280084.7717102796,-48307.21186761651,4965.110995513021,6221.025548764962,False,231,2045-01-31,NYC
2048-09-30,275,1236749.6568868046,1286319.626970296,-49569.97008349141,4972.097044141398,6234.855260016439,False,231,2045-01-31,NYC
2048-10-31,276,1241728.7639566783,1292568.3426858378,-50839.57872915943,4979.107069873746,6248.715715541799,False,231,2045-01-31,NYC
2048-11-30,277,1246714.9051116812,1298830.9496695253,-52116.044557844056,4986.141155002866,6262.606983687398,False,231,2045-01-31,NYC
2048-12-31,278,1251708.1044937852,1305107.4788024768,-53399.37430869159,4993.199382104001,6276.529132951529,False,231,2045-01-31,NYC
2049-01-31,279,1256708.386327821,1311397.9610344616,-54689.57470664056,5000.281834035804,6290.482231984765,False,231,2045-01-31,NYC
2049-02-28,280,1261715.7749217623,1317702.427384052,-55986.65246228967,5007.3885939413085,6304.46634959029,False,231,2045-01-31,NYC
2049-03-31,281,1266730.2946670111,1324020.9089387762,-57290.61427176511,5014.519745248909,6318.481554724241,False,231,2045-01-31,NYC
2049-04-30,282,1271751.9700386846,1330353.4368552724,-58601.46681658784,5021.675371673336,6332.52791649605,False,231,2045-01-31,NYC
2049-05-31,283,1276780.825595901,1336700.0423594413,-59919.21676354017,5028.8555572166415,6346.605504168785,False,231,2045-01-31,NYC
2049-06-30,284,1281816.8859820704,1343060.7567466008,-61243.8707645305,5036.060386169184,6360.714387159487,False,231,2045-01-31,NYC
2049-07-31,285,1286860.175925181,1349435.6113816404,-62575.43545645941,5043.289943110621,6374.854635039517,False,231,2045-01-31,NYC
2049-08-31,286,1291910.720238092,1355824.6376991754,-63913.9174610835,5050.544312910894,6389.026317534896,False,231,2045-01-31,NYC
2049-09-30,287,1296968.543818823,1362227.867203702,-65259.32338487893,5057.823580731237,6403.229504526652,False,231,2045-01-31,NYC
2049-10-31,288,1302033.671650848,1368645.331469753,-66611.65981890494,5065.127832025163,6417.464266051161,False,231,2045-01-31,NYC
2049-11-30,289,1307106.1288033875,1375077.0621420536,-67970.9333386661,5072.457152539477,6431.730672300494,False,231,2045-01-31,NYC
2049-12-31,290,1312185.9404317029,1381523.0909356764,-69337.15050397348,5079.811628315278,6446.028793622765,False,231,2045-01-31,NYC
2050-01-31,291,1317273.1317773918,1387983.4496361988,-70710.31785880704,5087.191345688971,6460.3587005224745,False,231,2045-01-31,NYC
2050-02-28,292,1322367.728168685,1394458.1700998596,-72090.4419311746,5094.596391293278,6474.7204636608585,False,231,2045-01-31,NYC
2050-03-31,293,1327469.7550207432,1400947.2842537158,-73477.52923297253,5102.02685205826,6489.114153856238,False,231,2045-01-31,NYC
2050-04-30,294,1332579.2378359556,1407450.8240958,-74871.58625984448,5109.48281521233,6503.539842084367,False,231,2045-01-31,NYC
2050-05-31,295,1337696.2022042389,1413968.8216952789,-76272.61949104001,5116.964368283286,6517.997599478783,False,231,2045-01-31,NYC
2050-06-30,296,1342820.673803338,1420501.30919261,-77680.63538927189,5124.471599099328,6532.487497331157,False,231,2045-01-31,NYC
2050-07-31,297,1347952.678399128,1427048.3187997015,-79095.64040057338,5132.004595790099,6547.009607091647,False,231,2045-01-31,NYC
2050-08-31,298,1353092.2418459158,1433609.8828000708,-80517.64095415501,5139.563446787715,6561.564000369248,False,231,2045-01-31,NYC
2050-09-30,299,1358239.3900867435,1440186.0335490028,-81946.64346225932,5147.1482408278025,6576.150748932146,False,231,2045-01-31,NYC
2050-10-31,300,1363394.149153694,1446776.803473711,-83382.65432001697,5154.759066950542,6590.769924708072,False,231,2045-01-31,NYC
2050-11-30,301,1368556.545168196,1453382.2250734956,-84825.6799052998,5162.39601450171,6605.421599784657,False,231,2045-01-31,NYC
2050-12-31,302,1373726.6043413295,1460002.330919905,-86275.72657857579,5170.059173133733,6620.105846409786,False,231,2045-01-31,NYC
2051-01-31,303,1378904.3529741364,1466637.1536568974,-87732.80068276101,5177.748632806737,6634.822736991957,False,231,2045-01-31,NYC
2051-02-28,304,1384089.817457926,1473286.726000998,-89196.90854307194,5185.464483789603,6649.572344100636,False,231,2045-01-31,NYC
2051-03-31,305,1389283.024274587,1479951.0807414646,-90668.0564668777,5193.206816661027,6664.354740466614,False,231,2045-01-31,NYC
2051-04-30,306,1394483.9999968975,1486630.250740447,-92146.25074354956,5200.975722310585,6679.169998982369,False,231,2045-01-31,NYC
2051-05-31,307,1399692.7712888373,1493324.2689331495,-93631.4976443122,5208.7712919398,6694.018192702421,False,231,2045-01-31,NYC
2051-06-30,308,1404909.3649059006,1500033.1683279932,-95123.8034220927,5216.5936170632085,6708.899394843697,False,231,2045-01-31,NYC
2051-07-31,309,1410133.80769541,1506756.9820067792,-96623.1743113692,5224.442789509439,6723.813678785888,False,231,2045-01-31,NYC
2051-08-31,310,1415366.1265968322,1513495.743124851,-98129.61652801884,5232.318901422289,6738.761118071811,False,231,2045-01-31,NYC
2051-09-30,311,1420606.348642094,1520249.4849112588,-99643.13626916474,5240.222045261808,6753.741786407777,False,231,2045-01-31,NYC
2051-10-31,312,1425854.5009558997,1527018.240668923,-101163.73971302318,5248.152313805379,6768.755757663947,False,231,2045-01-31,NYC
2051-11-30,313,1431110.6107560482,1533802.043774797,-102691.43301874911,5256.109800148812,6783.803105874702,False,231,2045-01-31,NYC
2051-12-31,314,1436374.7053537555,1540600.9276800363,-104226.22232628056,5264.0945977074325,6798.883905239004,False,231,2045-01-31,NYC
2052-01-31,315,1441646.812153973,1547414.9259101572,-105768.11375618423,5272.106800217182,6813.998230120766,False,231,2045-01-31,NYC
2052-02-29,316,1446926.9586557087,1554244.0720652065,-107317.11340949778,5280.14650173572,6829.146155049214,False,231,2045-01-31,NYC
2052-03-31,317,1452215.1724523522,1561088.3998199257,-108873.22736757342,5288.213796643518,6844.327754719258,False,231,2045-01-31,NYC
2052-04-30,318,1457511.4812319973,1567947.9429239174,-110436.46169192018,5296.308779644983,6859.54310399186,False,231,2045-01-31,NYC
2052-05-31,319,1462815.9127777668,1574822.735201812,-112006.82242404508,5304.431545769553,6874.792277894402,False,231,2045-01-31,NYC
2052-06-30,320,1468128.4949681396,1581712.810553433,-113584.31558529334,5312.582190372826,6890.075351621055,False,231,2045-01-31,NYC
2052-07-31,321,1473449.2557772773,1588618.202953966,-115168.94717668882,5320.760809137672,6905.392400533153,False,231,2045-01-31,NYC
2052-08-31,322,1478778.2232753527,1595538.9464541257,-116760.72317877295,5328.967498075356,6920.743500159561,False,231,2045-01-31,NYC
2052-09-30,323,1484115.425628879,1602475.0751803226,-118359.64955144328,5337.202353526673,6936.128726197051,False,231,2045-01-31,NYC
2052-10-31,324,1489460.8911010425,1609426.6233348332,-119965.73223379068,5345.465472163067,6951.548154510671,False,231,2045-01-31,NYC
2052-11-30,325,1494814.6480520302,1616393.6251959673,-121578.97714393702,5353.756950987774,6967.001861134125,False,231,2045-01-31,NYC
2052-12-31,326,1500176.7249393673,1623376.1151182374,-123199.39017887018,5362.076887336961,6982.4899222701415,False,231,2045-01-31,NYC
2053-01-31,327,1505547.1503182482,1630374.1275325282,-124826.97721428004,5370.425378880863,6998.0124142908535,False,231,2045-01-31,NYC
2053-02-28,328,1510925.952841873,1637387.6969462663,-126461.74410439328,5378.802523624937,7013.569413738173,False,231,2045-01-31,NYC
2053-03-31,329,1516313.161261784,1644416.8579435905,-128103.69668180637,5387.208419911003,7029.16099732417,False,231,2045-01-31,NYC
2053-04-30,330,1521708.8044282026,1651461.645185522,-129752.84075731949,5395.64316641841,7044.787241931451,False,231,2045-01-31,NYC
2053-05-31,331,1527112.9112903678,1658522.0934101357,-131409.18211976765,5404.106862165185,7060.448224613534,False,231,2045-01-31,NYC
2053-06-30,332,1532525.510896877,1665598.2374327306,-133072.7265358537,5412.5996065092,7076.144022595235,False,231,2045-01-31,NYC
2053-07-31,333,1537946.6323960265,1672690.1121460036,-134743.47974997736,5421.121499149335,7091.874713273042,False,231,2045-01-31,NYC
2053-08-31,334,1543376.305036153,1679797.7525202192,-136421.44748406624,5429.672640126653,7107.640374215504,False,231,2045-01-31,NYC
2053-09-30,335,1548814.5581659784,1686921.193603383,-138106.6354374045,5438.253129825574,7123.441083163607,False,231,2045-01-31,NYC
2053-10-31,336,1554261.4212349537,1694060.4705214142,-139799.04928646074,5446.863068975045,7139.276918031159,False,231,2045-01-31,NYC
2053-11-30,337,1559716.9237936032,1701215.6184783194,-141498.69468471617,5455.502558649737,7155.147956905177,False,231,2045-01-31,NYC
2053-12-31,338,1565181.0954938745,1708386.6727563655,-143205.57726249122,5464.171700271215,7171.05427804627,False,231,2045-01-31,NYC
2054-01-31,339,1570653.9660894836,1715573.6687162546,-144919.70262677106,5472.870595609144,7186.995959889024,False,231,2045-01-31,NYC
2054-02-28,340,1576135.565436266,1722776.641797297,-146641.0763610308,5481.599346782474,7202.973081042389,False,231,2045-01-31,NYC
2054-03-31,341,1581625.9234925269,1729995.627517587,-148369.70402506017,5490.358056260641,7218.98572029007,False,231,2045-01-31,NYC
2054-04-30,342,1587125.0703193916,1737230.6614741778,-150105.5911547863,5499.146826864773,7235.033956590912,False,231,2045-01-31,NYC
2054-05-31,343,1592633.0360811604,1744481.7793432572,-151848.74326209677,5507.965761768894,7251.117869079288,False,231,2045-01-31,NYC
2054-06-30,344,1598149.8510456616,1751749.0168803227,-153599.1658346611,5516.814964501132,7267.237537065494,False,231,2045-01-31,NYC
2054-07-31,345,1603675.5455846065,1759032.4099203588,-155356.86433575233,5525.694538944942,7283.393040036136,False,231,2045-01-31,NYC
2054-08-31,346,1609210.1501739467,1766331.9943780133,-157121.84420406655,5534.6045893403225,7299.584457654525,False,231,2045-01-31,NYC
2054-09-30,347,1614753.6953942317,1773647.8062477745,-158894.11085354257,5543.545220285034,7315.811869761067,False,231,2045-01-31,NYC
2054-10-31,348,1620306.2119309676,1780979.8816041478,-160673.6696731802,5552.516536735836,7332.075356373659,False,231,2045-01-31,NYC
2054-11-30,349,1625867.7305749774,1788328.2566018358,-162460.52602685848,5561.518644009711,7348.374997688081,False,231,2045-01-31,NYC
2054-12-31,350,1631438.2822227625,1795692.9674759142,-164254.6852531517,5570.551647785107,7364.710874078394,False,231,2045-01-31,NYC
2055-01-31,351,1637017.8978768657,1803074.0505420116,-166056.1526651457,5579.615654103171,7381.083066097336,False,231,2045-01-31,NYC
2055-02-28,352,1642606.6086462347,1810471.542196488,-167864.93355025328,5588.710769369004,7397.491654476717,False,231,2045-01-31,NYC
2055-03-31,353,1648204.4457465876,1817885.478916616,-169681.03317002812,5597.837100352899,7413.93672012782,False,231,2045-01-31,NYC
2055-04-30,354,1653811.4405007793,1825315.8972607572,-171504.4567599781,5606.994754191604,7430.418344141798,False,231,2045-01-31,NYC
2055-05-31,355,1659427.624339169,1832762.833868548,-173335.20952937868,5616.183838389572,7446.936607790075,False,231,2045-01-31,NYC
2055-06-30,356,1665053.028799989,1840226.3254610724,-175173.29666108335,5625.404460820229,7463.491592524745,False,231,2045-01-31,NYC
2055-07-31,357,1670687.6855297163,1847706.4088410516,-177018.72331133508,5634.656729727236,7480.083379978976,False,231,2045-01-31,NYC
2055-08-31,358,1676331.626283442,1855203.1208930188,-178871.49460957665,5643.940753725761,7496.712051967411,False,231,2045-01-31,NYC
2055-09-30,359,1681984.882925246,1862716.4985835052,-180731.61565825948,5653.256641803759,7513.377690486572,False,231,2045-01-31,NYC
2055-10-31,360,1687647.4874285692,1870246.5789612208,-182599.0915326513,5662.60450332324,7530.080377715263,False,231,2045-01-31,NYC
2025-11-30,1,43525.16637109522,1281.7556841762982,42243.41068691892,1542.8228834357333,1281.7556841762982,False,165,2039-07-31,Utica
2025-12-31,2,45070.57662674015,2566.784701818102,42503.79192492204,1545.4102556449318,1285.0290176418036,False,165,2039-07-31,Utica
2026-01-31,3,46618.615487662464,3862.0052108988266,42756.61027676364,1548.038860922317,1295.220509080725,False,165,2039-07-31,Utica
2026-02-28,4,48169.32240063329,5169.998715215758,42999.323685417534,1550.706912970821,1307.9935043169314,False,165,2039-07-31,Utica
2026-03-31,5,49722.72993815896,6486.585061850964,43236.14487630799,1553.40753752567,1316.5863466352057,False,165,2039-07-31,Utica
2026-04-30,6,51278.86412406674,7806.430170144463,43472.43395392228,1556.1341859077845,1319.8451082934992,False,165,2039-07-31,Utica
2026-05-31,7,52837.74557941412,9134.0219088893,43703.72367052482,1558.8814553473792,1327.5917387448385,False,165,2039-07-31,Utica
2026-06-30,8,54399.390609629794,10466.248742809912,43933.14186681988,1561.6450302156754,1332.226833920612,False,165,2039-07-31,Utica
2026-07-31,9,55963.81210066089,11806.621559862704,44157.19054079819,1564.4214910310989,1340.3728170527916,False,165,2039-07-31,Utica
2026-08-31,10,57531.02023464886,13150.357436944225,44380.66279770464,1567.2081339879676,1343.7358770815194,False,165,2039-07-31,Utica
2026-09-30,11,59101.02305696391,14498.483930546352,44602.53912641756,1570.0028223150512,1348.126493602129,False,165,2039-07-31,Utica
2026-10-31,12,60673.8269245566,15852.070448485762,44821.756476070834,1572.8038675926855,1353.5865179394095,False,165,2039-07-31,Utica
2026-11-30,13,62249.43686028109,17212.402808404982,45037.03405187611,1575.6099357244966,1360.332359919221,False,165,2039-07-31,Utica
2026-12-31,14,63827.85683287177,18579.53636849467,45248.320464377095,1578.419972590671,1367.1335600896891,False,165,2039-07-31,Utica
2027-01-31,15,65409.0899781652,19953.526486945484,45455.56349121971,1581.2331452934254,1373.9901184508135,False,165,2039-07-31,Utica
2027-02-28,16,66993.13877389602,21334.42852194808,45658.71025194794,1584.0487957308278,1380.9020350025942,False,165,2039-07-31,Utica
2027-03-31,17,68580.00517780942,22722.297831693108,45857.70734611631,1586.8664039133998,1387.869309745031,False,165,2039-07-31,Utica
2027-04-30,18,70169.69073678862,24117.189774371232,46052.50096241738,1589.6855589791874,1394.891942678124,False,165,2039-07-31,Utica
2027-05-31,19,71762.19667308034,25519.159708173105,46243.03696490724,1592.5059362917295,1401.9699338018734,False,165,2039-07-31,Utica
2027-06-30,20,73357.5239524247,26928.262991289383,46429.26096113532,1595.3272793443575,1409.103283116279,False,165,2039-07-31,Utica
2027-07-31,21,74955.67333788684,28344.554981910725,46611.11835597611,1598.1493854621433,1416.291990621341,False,165,2039-07-31,Utica
2027-08-31,22,76556.64543239135,29768.091038227783,46788.55439416357,1600.972094504509,1423.536056317059,False,165,2039-07-31,Utica
2027-09-30,23,78160.4407123301,31198.926518431217,46961.51419389889,1603.7952799387597,1430.8354802034337,False,165,2039-07-31,Utica
2027-10-31,24,79767.05955411708,32637.11678071168,47129.9427734054,1606.6188417869696,1438.190262280464,False,165,2039-07-31,Utica
2027-11-30,25,81376.50225517014,34082.71718325983,47293.78507191031,1609.442701053068,1445.6004025481511,False,165,2039-07-31,Utica
2027-12-31,26,82988.76905048963,35535.783084266324,47452.98596622331,1612.2667953194857,1453.0659010064942,False,165,2039-07-31,Utica
2028-01-31,27,84603.86012575754,36996.36984192182,47607.49028383572,1615.091075267908,1460.5867576554936,False,165,2039-07-31,Utica
2028-02-29,28,86221.77562768775,38464.53281441697,47757.24281327078,1617.9155019302036,1468.1629724951492,False,165,2039-07-31,Utica
2028-03-31,29,87842.51567220403,39940.32735994243,47902.1883122616,1620.7400445162832,1475.7945455254612,False,165,2039-07-31,Utica
2028-04-30,30,89466.08035090184,41423.808836688855,48042.27151421299,1623.5646786978157,1483.4814767464295,False,165,2039-07-31,Utica
2028-05-31,31,91092.46973615396,42915.032602846906,48177.43713330707,1626.389385252132,1491.223766158054,False,165,2039-07-31,Utica
2028-06-30,32,92721.68388514472,44414.05401660724,48307.62986853747,1629.2141489907265,1499.0214137603346,False,165,2039-07-31,Utica
2028-07-31,33,94353.72284305732,45920.92843616051,48432.79440689682,1632.038957912628,1506.8744195532715,False,165,2039-07-31,Utica
2028-08-31,34,95988.58664559278,47435.711219697376,48552.8754258954,1634.863802535447,1514.7827835368648,False,165,2039-07-31,Utica
2028-09-30,35,97626.2753209596,48958.45772540849,48667.81759555111,1637.688675366814,1522.7465057111144,False,165,2039-07-31,Utica
2028-10-31,36,99266.78889144634,50489.22331148451,48777.56557996183,1640.5135704867464,1530.76558607602,False,165,2039-07-31,Utica
2028-11-30,37,100910.127374664,52028.06333611609,48882.06403854792,1643.3384832176569,1538.840024631582,False,165,2039-07-31,Utica
2028-12-31,38,102556.29078452762,53575.03315749389,48981.25762703373,1646.163409863619,1546.9698213778004,False,165,2039-07-31,Utica
2029-01-31,39,104205.27913203198,55130.188133808566,49075.090998223415,1648.988347504353,1555.154976314675,False,165,2039-07-31,Utica
2029-02-28,40,105857.09242586442,56693.58362325077,49163.50880261365,1651.8132938324418,1563.395489442206,False,165,2039-07-31,Utica
2029-03-31,41,107511.73067288913,58265.274984011165,49246.45568887796,1654.638247024715,1571.6913607603929,False,165,2039-07-31,Utica
2029-04-30,42,109169.19387852975,59845.3175742804,49323.87630424935,1657.463205640621,1580.042590269236,False,165,2039-07-31,Utica
2029-05-31,43,110829.48204707168,61433.76675224914,49395.71529482254,1660.2881685419302,1588.4491779687355,False,165,2039-07-31,Utica
2029-06-30,44,112492.59518190096,63030.67787610803,49461.91730579294,1663.1131348292863,1596.9111238588916,False,165,2039-07-31,Utica
2029-07-31,45,114158.53328569305,64636.10630404773,49522.42698164532,1665.938103792078,1605.428427939704,False,165,2039-07-31,Utica
2029-08-31,46,115827.29636056189,66250.1073942589,49577.18896630297,1668.7630748688248,1614.001090211172,False,165,2039-07-31,Utica
2029-09-30,47,117498.88440817776,67872.7365049322,49626.14790324555,1671.5880476158814,1622.6291106732967,False,165,2039-07-31,Utica
2029-10-31,48,119173.29742986044,69504.04899425828,49669.248435602174,1674.413021682709,1631.3124893260776,False,165,2039-07-31,Utica
2029-11-30,49,120850.5354266528,71144.10022042779,49706.435206225,1677.237996792334,1640.0512261695148,False,165,2039-07-31,Utica
2029-12-31,50,122530.5983993787,72792.9455416314,49737.65285774729,1680.0629727259093,1648.8453212036084,False,165,2039-07-31,Utica
2030-01-31,51,124213.4863486892,74450.64031605975,49762.84603262946,1682.887949310517,1657.694774428358,False,165,2039-07-31,Utica
2030-02-28,52,125899.19927509874,76117.23990190352,49781.95937319522,1685.7129264095283,1666.599585843764,False,165,2039-07-31,Utica
2030-03-31,53,127587.73717901373,77792.79965735335,49794.93752166038,1688.537903914988,1675.559755449826,False,165,2039-07-31,Utica
2030-04-30,54,129279.10006075531,79477.3749405999,49801.72512015543,1691.3628817415968,1684.5752832465446,False,165,2039-07-31,Utica
2030-05-31,55,130973.28792057728,81171.02110983382,49802.26681074347,1694.1878598219566,1693.6461692339194,False,165,2039-07-31,Utica
2030-06-30,56,132670.3007586801,82873.79352324577,49796.50723543433,1697.0128381028144,1702.7724134119503,False,165,2039-07-31,Utica
2030-07-31,57,134370.1385752222,84585.7475390264,49784.3910361958,1699.8378165420922,1711.9540157806375,False,165,2039-07-31,Utica
2030-08-31,58,136072.80137032876,86306.93851536638,49765.86285496238,1702.6627951065436,1721.190976339981,False,165,2039-07-31,Utica
2030-09-30,59,137778.28914409864,88037.42181045636,49740.86733364228,1705.487773769899,1730.4832950899809,False,165,2039-07-31,Utica
2030-10-31,60,139486.60189661005,89777.252782487,49709.34911412305,1708.3127525114014,1739.830972030637,False,165,2039-07-31,Utica
2030-11-30,61,141197.7396279247,91526.48678964896,49671.25283827573,1711.137731314651,1749.2340071619492,False,165,2039-07-31,Utica
2030-12-31,62,142911.7023380914,93285.17919013288,49626.523147958505,1713.9627101666897,1758.6924004839177,False,165,2039-07-31,Utica
2031-01-31,63,144628.49002714863,95053.38534212942,49575.10468501924,1716.7876890572777,1768.2061519965423,False,165,2039-07-31,Utica
2031-02-28,64,146348.10269512696,96831.16060382924,49516.94209129772,1719.6126679783245,1777.7752616998237,False,165,2039-07-31,Utica
2031-03-31,65,148070.54034205043,98618.560333423,49451.98000862743,1722.4376469234387,1787.399729593761,False,165,2039-07-31,Utica
2031-04-30,66,149795.80296793798,100415.63988910137,49380.16307883663,1725.262625887569,1797.0795556783546,False,165,2039-07-31,Utica
2031-05-31,67,151523.89057280472,102222.45462905496,49301.43594374976,1728.0876048667246,1806.8147399536044,False,165,2039-07-31,Utica
2031-06-30,68,153254.80315666244,104039.05991147448,49215.74324518797,1730.912583857752,1816.6052824195103,False,165,2039-07-31,Utica
2031-07-31,69,154988.54071952062,105865.51109455054,49123.02962497008,1733.7375628581603,1826.451183076073,False,165,2039-07-31,Utica
2031-08-31,70,156725.1032613866,107701.86353647384,49023.23972491277,1736.5625418659804,1836.352441923292,False,165,2039-07-31,Utica
2031-09-30,71,158464.49078226625,109548.172595435,48916.31818683125,1739.3875208796571,1846.3090589611663,False,165,2039-07-31,Utica
2031-10-31,72,160206.7032821642,111404.49362962467,48802.20965253952,1742.2124998979607,1856.3210341896977,False,165,2039-07-31,Utica
2031-11-30,73,161951.74076108413,113270.88199723358,48680.85876385056,1745.0374789199209,1866.388367608885,False,165,2039-07-31,Utica
2031-12-31,74,163699.6032190289,115147.3930564523,48552.21016257661,1747.86245794477,1876.5110592187289,False,165,2039-07-31,Utica
2032-01-31,75,165450.29065600078,117034.08216547153,48416.20849052926,1750.6874369719014,1886.689109019229,False,165,2039-07-31,Utica
2032-02-29,76,167203.80307200164,118931.00468248191,48272.798389519725,1753.5124160008363,1896.922517010385,False,165,2039-07-31,Utica
2032-03-31,77,168960.14046703285,120838.21596567411,48121.924501358735,1756.337395031197,1907.2112831921972,False,165,2039-07-31,Utica
2032-04-30,78,170719.30284109552,122755.77137323878,47963.53146785674,1759.1623740626833,1917.5554075646664,False,165,2039-07-31,Utica
2032-05-31,79,172481.29019419057,124683.72626336657,47797.563930824006,1761.987353095059,1927.9548901277915,False,165,2039-07-31,Utica
2032-06-30,80,174246.1025263187,126622.13599424814,47623.96653207055,1764.8123321281378,1938.4097308815728,False,165,2039-07-31,Utica
2032-07-31,81,176013.73983748048,128571.05592407414,47442.683913406334,1767.6373111617722,1948.91992982601,False,165,2039-07-31,Utica
2032-08-31,82,177784.20212767634,130530.54141103524,47253.6607166411,1770.4622901958455,1959.485486961104,False,165,2039-07-31,Utica
2032-09-30,83,179557.48939690657,132500.6478133221,47056.841583584464,1773.2872692302656,1970.1064022868536,False,165,2039-07-31,Utica
2032-10-31,84,181333.60164517155,134481.43048912537,46852.17115604616,1776.1122482649594,1980.78267580326,False,165,2039-07-31,Utica
2032-11-30,85,183112.53887247143,136472.94479663568,46639.59407583575,1778.93722729987,1991.5143075103229,False,165,2039-07-31,Utica
2032-12-31,86,184894.30107880637,138475.24609404372,46419.054984762624,1781.7622063349515,2002.3012974080416,False,165,2039-07-31,Utica
2033-01-31,87,186678.8882641765,140488.38973954014,46190.49852463635,1784.5871853701683,2013.1436454964169,False,165,2039-07-31,Utica
2033-02-28,88,188466.300428582,142512.43109131558,45953.86933726643,1787.4121644054917,2024.041351775448,False,165,2039-07-31,Utica
2033-03-31,89,190256.53757202288,144547.42550756072,45709.11206446216,1790.2371434408997,2034.994416245136,False,165,2039-07-31,Utica
2033-04-30,90,192049.59969449928,146593.4283464662,45456.171348033065,1793.0621224763745,2046.0028389054796,False,165,2039-07-31,Utica
2033-05-31,91,193845.4867960112,148650.4949662227,45194.99182978846,1795.8871015119016,2057.06661975648,False,165,2039-07-31,Utica
2033-06-30,92,195644.19887655863,150718.68072502082,44925.518151537806,1798.7120805474706,2068.185758798136,False,165,2039-07-31,Utica
2033-07-31,93,197445.7359361417,152798.04098105128,44647.69495509041,1801.537059583072,2079.360256030448,False,165,2039-07-31,Utica
2033-08-31,94,199250.0979747604,154888.6310925047,44361.466882255714,1804.3620386187,2090.5901114534167,False,165,2039-07-31,Utica
2033-09-30,95,201057.2849924148,156990.50641757174,44066.77857484302,1807.187017654348,2101.8753250670416,False,165,2039-07-31,Utica
2033-10-31,96,202867.2969891048,159103.72231444306,43763.57467466171,1810.011996690013,2113.215896871323,False,165,2039-07-31,Utica
2033-11-30,97,204680.1339648305,161228.33414130931,43451.79982352117,1812.8369757256903,2124.6118268662603,False,165,2039-07-31,Utica
2033-12-31,98,206495.79591959185,163364.39725636118,43131.39866323068,1815.6619547613775,2136.063115051854,False,165,2039-07-31,Utica
2034-01-31,99,208314.28285338893,165511.96701778928,42802.31583559964,1818.486933797073,2147.569761428104,False,165,2039-07-31,Utica
2034-02-28,100,210135.5947662217,167671.09878378428,42464.495982437424,1821.3119128327749,2159.13176599501,False,165,2039-07-31,Utica
2034-03-31,101,211959.7316580902,169841.84791253685,42117.88374555335,1824.1368918684816,2170.7491287525727,False,165,2039-07-31,Utica
2034-04-30,102,213786.6935289944,172024.26976223764,41762.42376675675,1826.961870904192,2182.4218497007914,False,165,2039-07-31,Utica
2034-05-31,103,215616.4803789343,174218.41969107732,41398.06068785698,1829.7868499399065,2194.1499288396662,False,165,2039-07-31,Utica
2034-06-30,104,217449.0922079099,176424.3530572465,41024.7391506634,1832.6118289756228,2205.9333661691976,False,165,2039-07-31,Utica
2034-07-31,105,219284.52901592123,178642.1252189359,40642.40379698534,1835.4368080113409,2217.772161689385,False,165,2039-07-31,Utica
2034-08-31,106,221122.79080296832,180871.7915343361,40250.99926863221,1838.2617870470608,2229.666315400229,False,165,2039-07-31,Utica
2034-09-30,107,222963.8775690511,183113.40736163783,39850.47020741328,1841.0867660827817,2241.615827301729,False,165,2039-07-31,Utica
2034-10-31,108,224807.7893141696,185367.02805903173,39440.76125513789,1843.911745118504,2253.620697393885,False,165,2039-07-31,Utica
2034-11-30,109,226654.52603832385,187632.7089847084,39021.81705361541,1846.7367241542263,2265.680925676698,False,165,2039-07-31,Utica
2034-12-31,110,228504.0877415138,189910.5054968586,38593.582244655205,1849.5617031899496,2277.7965121501666,False,165,2039-07-31,Utica
2035-01-31,111,230356.47442373948,192200.47295367287,38156.00147006661,1852.3866822256737,2289.967456814292,False,165,2039-07-31,Utica
2035-02-28,112,232211.68608500087,194502.66671334195,37709.01937165891,1855.2116612613977,2302.193759669073,False,165,2039-07-31,Utica
2035-03-31,113,234069.722725298,196817.14213405648,37252.58059124151,1858.0366402971224,2314.4754207145106,False,165,2039-07-31,Utica
2035-04-30,114,235930.58434463083,199143.95457400705,36786.62977062378,1860.8616193328469,2326.8124399506046,False,165,2039-07-31,Utica
2035-05-31,115,237794.2709429994,201483.1593913844,36311.111551615,1863.686598368572,2339.204817377354,False,165,2039-07-31,Utica
2035-06-30,116,239660.78252040368,203834.81194437915,35825.97057602453,1866.5115774042968,2351.652552994761,False,165,2039-07-31,Utica
2035-07-31,117,241530.1190768437,206198.967591182,35331.15148566174,1869.3365564400224,2364.155646802824,False,165,2039-07-31,Utica
2035-08-31,118,243402.28061231948,208575.68168998352,34826.59892233595,1872.1615354757475,2376.7140988015426,False,165,2039-07-31,Utica
2035-09-30,119,245277.2671268309,210965.00959897443,34312.257527856505,1874.9865145114727,2389.327908990918,False,165,2039-07-31,Utica
2035-10-31,120,247155.0786203781,213367.00667634537,33788.07194403274,1877.8114935471976,2401.997077370949,False,165,2039-07-31,Utica
2035-11-30,121,249036.425362238,215781.6085585201,33254.8168037179,1881.346741859887,2414.6018821747507,False,165,2039-07-31,Utica
2035-12-31,122,250921.32176140748,218208.8813909181,32712.440370489378,1884.896399169465,2427.2728323979777,False,165,2039-07-31,Utica
2036-01-31,123,252809.78228561173,220648.89166606576,32160.890619545946,1888.4605242042508,2440.0102751476725,False,165,2039-07-31,Utica
2036-02-29,124,254701.8214615436,223101.70622541817,31600.11523612545,1892.0391759319295,2452.814559352368,False,165,2039-07-31,Utica
2036-03-31,125,256597.4538751041,225567.39226118985,31030.061613914324,1895.6324135605264,2465.686035771648,False,165,2039-07-31,Utica
2036-04-30,126,258496.69417164352,228046.0173181956,30450.67685344795,1899.240296539388,2478.6250570057528,False,165,2039-07-31,Utica
2036-05-31,127,260399.5570562037,230537.64929570083,29861.907760502887,1902.862884560164,2491.6319775052416,False,165,2039-07-31,Utica
2036-06-30,128,262306.0572937615,233042.35644928156,29263.700844479987,1906.5002375577967,2504.7071535807004,False,165,2039-07-31,Utica
2036-07-31,129,264216.209709473,235560.20739269405,28656.00231677896,1910.1524157115127,2517.8509434125035,False,165,2039-07-31,Utica
2036-08-31,130,266130.0291889188,238091.27109975467,28038.75808916416,1913.8194794458163,2531.0637070606253,False,165,2039-07-31,Utica
2036-09-30,131,268047.5306783503,240635.6169062292,27411.91377212113,1917.5014894314904,2544.345806474503,False,165,2039-07-31,Utica
2036-10-31,132,269968.7291849369,243193.3145117321,26775.414673204767,1921.1985065866,2557.697605502953,False,165,2039-07-31,Utica
2036-11-30,133,271893.63977701444,245764.43398163628,26129.20579537816,1924.9105920775028,2571.119469904138,False,165,2039-07-31,Utica
2036-12-31,134,273822.27758433425,248349.04574899183,25473.23183534239,1928.637807319857,2584.611767355585,False,165,2039-07-31,Utica
2037-01-31,135,275754.6577983139,250947.2206164561,24807.437181857764,1932.380213979639,2598.174867464259,False,165,2039-07-31,Utica
2037-02-28,136,277690.79567228805,253559.0297582328,24131.765914055228,1936.1378739741656,2611.8091417766886,False,165,2039-07-31,Utica
2037-03-31,137,279630.7065217612,256184.544722022,23446.16179973923,1939.910849473116,2625.514963789142,False,165,2039-07-31,Utica
2037-04-30,138,281574.4057246607,258823.83743097985,22750.568293680903,1943.69920289956,2639.2927089578598,False,165,2039-07-31,Utica
2037-05-31,139,283521.9087215917,261476.9801856892,22044.92853590258,1947.502996930993,2653.14275470934,False,165,2039-07-31,Utica
2037-06-30,140,285473.2310160921,264144.04566613986,21329.18534995225,1951.3222945003724,2667.065480450678,False,165,2039-07-31,Utica
2037-07-31,141,287428.38817488926,266825.1069337198,20603.281241169432,1955.1571587971573,2681.0612675799584,False,165,2039-07-31,Utica
2037-08-31,142,289387.3958281576,269520.23743321653,19867.15839494107,1959.007653268356,2695.130499496704,False,165,2039-07-31,Utica
2037-09-30,143,291350.2696697772,272229.5109948289,19120.7586749483,1962.8738416195729,2709.273561612379,False,165,2039-07-31,Utica
2037-10-31,144,293317.02545759326,274953.0018361898,18364.02362140344,1966.7557878160665,2723.4908413609464,False,165,2039-07-31,Utica
2037-11-30,145,295287.67901367706,277690.7845643993,17596.89444927778,1970.6535560838036,2737.7827282094804,False,165,2039-07-31,Utica
2037-12-31,146,297262.2462245876,280442.9341780681,16819.31204651948,1974.5672109105244,2752.149613668837,False,165,2039-07-31,Utica
2038-01-31,147,299240.7430416344,283209.5260693725,16031.2169722619,1978.49681704681,2766.59189130438,False,165,2039-07-31,Utica
2038-02-28,148,301223.18548114155,285990.63602611923,15232.549455022325,1982.442439507151,2781.109956746757,False,165,2039-07-31,Utica
2038-03-31,149,303209.5896247126,288786.340233822,14423.249390890587,1986.4041435710249,2795.704207702745,False,165,2039-07-31,Utica
2038-04-30,150,305199.97161949653,291596.7152777882,13603.256341708358,1990.381994783976,2810.3750439661385,False,165,2039-07-31,Utica
2038-05-31,151,307194.34767845523,294421.83814521687,12772.509533238364,1994.3760589587005,2825.122867428705,False,165,2039-07-31,Utica
2038-06-30,152,309192.73408063134,297261.78622730804,11930.947853323303,1998.3864021761333,2839.9480820911936,False,165,2039-07-31,Utica
2038-07-31,153,311195.1471714179,300116.6373213824,11078.50985003548,2002.4130907865435,2854.8510940744013,False,165,2039-07-31,Utica
2038-08-31,154,313201.6033628285,302986.4696330127,10215.133729815774,2006.4561914106305,2869.8323116303,False,165,2039-07-31,Utica
2038-09-30,155,315212.1191337691,305871.3617781659,9340.757355603217,2010.515770940628,2884.892145153218,False,165,2039-07-31,Utica
2038-10-31,156,317226.71103031054,308771.392785357,8455.318244953523,2014.591896541408,2900.031007191084,False,165,2039-07-31,Utica
2038-11-30,157,319245.39566596213,311686.6420978138,7558.753568148357,2018.6846356515955,2915.249312456728,False,165,2039-07-31,Utica
2038-12-31,158,321268.18972194684,314617.189575653,6651.000146293838,2022.7940559846816,2930.5474778392404,False,165,2039-07-31,Utica
2039-01-31,159,323295.109947477,317563.1154980684,5731.9944494086085,2026.9202255301448,2945.925922415396,False,165,2039-07-31,Utica
2039-02-28,160,325326.17316003155,320524.5005655295,4801.672594502044,2031.063212554576,2961.3850674611285,False,165,2039-07-31,Utica
2039-03-31,161,327361.3962456344,323501.4259019926,3859.970343641762,2035.223085602806,2976.925336463077,False,165,2039-07-31,Utica
2039-04-30,162,329400.7961591334,326493.9730571228,2906.8231020105886,2039.3999134990436,2992.5471551301835,False,165,2039-07-31,Utica
2039-05-31,163,331444.3899244814,329502.22400852817,1942.1659159532285,2043.5937653480105,3008.250951405353,False,165,2039-07-31,Utica
2039-06-30,164,333492.1946350175,332526.2611640053,965.933471012162,2047.8047105360863,3024.037155477182,False,165,2039-07-31,Utica
2039-07-31,165,335544.2274537499,335566.1673637971,-21.93991004716372,2052.032818732457,3039.906199791737,True,165,2039-07-31,Utica
2039-08-31,166,337600.5056136402,338622.02588286146,-1021.520269221277,2056.278159890266,3055.8585190644067,False,165,2039-07-31,Utica
2039-09-30,167,339661.046417888,341693.9204331533,-2032.874015265319,2060.540804247773,3071.894550291805,False,165,2039-07-31,Utica
2039-10-31,168,341725.86724021746,344781.93516591704,-3056.067925699579,2064.820822329514,3088.014732763746,False,165,2039-07-31,Utica
2039-11-30,169,343794.9855251649,347886.1546739923,-4091.169148827379,2069.1182849474712,3104.2195080752767,False,165,2039-07-31,Utica
2039-12-31,170,345868.4187883672,351006.6639941311,-5138.245205763902,2073.4332632022424,3120.509320138773,False,165,2039-07-31,Utica
2040-01-31,171,347946.1846168514,354143.5486093272,-6197.363992475788,2077.7658284842178,3136.884615196103,False,165,2039-07-31,Utica
2040-02-29,172,350028.30066932616,357296.894451158,-7268.593781831849,2082.116052474761,3153.3458418308464,False,165,2039-07-31,Utica
2040-03-31,173,352114.7846764736,360466.7879021386,-8352.003225665074,2086.484007147395,3169.893450980588,False,165,2039-07-31,Utica
2040-04-30,174,354205.6544412425,363653.3157980879,-9447.661356845349,2090.869764768994,3186.5278959492684,False,165,2039-07-31,Utica
2040-05-31,175,356300.9278391435,366856.5654305075,-10555.63759136398,2095.273397900977,3203.2496324196018,False,165,2039-07-31,Utica
2040-06-30,176,358400.622818544,370076.62454897305,-11676.001730429069,2099.694979400512,3220.059118465559,False,165,2039-07-31,Utica
2040-07-31,177,360504.75740096567,373313.581363538,-12808.823962572322,2104.1345824217133,3236.9568145649164,False,165,2039-07-31,Utica
2040-08-31,178,362613.3496813825,376567.5245471498,-13954.174865767302,2108.5922804168645,3253.943183611869,False,165,2039-07-31,Utica
2040-09-30,179,364726.4178285202,379838.5432380795,-15112.125409559349,2113.068147137621,3271.018690929713,False,165,2039-07-31,Utica
2040-10-31,180,366843.9800851564,383126.7270423632,-16282.74695720675,2117.5622566362404,3288.1838042835907,False,165,2039-07-31,Utica
2040-11-30,181,368966.0547684232,386432.1660362565,-17466.111267833272,2122.074683266799,3305.438993893305,False,165,2039-07-31,Utica
2040-12-31,182,371092.66027010966,389754.95076870266,-18662.290498593007,2126.6055016864293,3322.784732446202,False,165,2039-07-31,Utica
2041-01-31,183,373223.8150569662,393095.1722638128,-19871.357206846587,2131.154786856549,3340.2214951101173,False,165,2039-07-31,Utica
2041-02-28,184,375359.5376710103,396452.9220233592,-21093.38435234892,2135.722614044108,3357.749759546395,False,165,2039-07-31,Utica
2041-03-31,185,377499.8467298331,399828.2920292822,-22328.44529944909,2140.3090588228265,3375.370005922972,False,165,2039-07-31,Utica
2041-04-30,186,379644.76092690753,403221.3747462097,-23576.613819302176,2144.914197074451,3393.08271692753,False,165,2039-07-31,Utica
2041-05-31,187,381794.2990318976,406632.2631239904,-24837.96409209288,2149.538104990005,3410.888377780721,False,165,2039-07-31,Utica
2041-06-30,188,383948.4798909686,410061.0506002399,-26112.5707092713,2154.180859071056,3428.787476249457,False,165,2039-07-31,Utica
2041-07-31,189,386107.3224270996,413507.83110290015,-27400.50867580058,2158.8425361309723,3446.7805026602755,False,165,2039-07-31,Utica
2041-08-31,190,388270.84564039577,416972.69905281294,-28701.85341241717,2163.523213296204,3464.867949912765,False,165,2039-07-31,Utica
2041-09-30,191,390439.0686084033,420455.749366306,-30016.68075790268,2168.2229680075493,3483.050313493074,False,165,2039-07-31,Utica
2041-10-31,192,392612.0104864248,423957.0774577935,-31345.06697136868,2172.941878021444,3501.3280914874804,False,165,2039-07-31,Utica
2041-11-30,193,394789.690507836,427476.7792423895,-32687.088734553487,2177.6800214112413,3519.7017845960377,False,165,2039-07-31,Utica
2041-12-31,194,396972.1279844045,431014.9511385358,-34042.8231541313,2182.4374765685084,3538.171896146291,False,165,2039-07-31,Utica
2042-01-31,195,399159.3423066088,434571.69007064286,-35412.34776403406,2187.214322204321,3556.738932107065,False,165,2039-07-31,Utica
2042-02-28,196,401351.35294395935,438147.0934717452,-36795.74052778585,2192.010637350566,3575.4034011023223,False,165,2039-07-31,Utica
2042-03-31,197,403548.1794453206,441741.2592861703,-38193.07984084968,2196.826501361249,3594.165814425102,False,165,2039-07-31,Utica
2042-04-30,198,405749.8414392344,445354.2859722218,-39604.44453298737,2201.661993913808,3613.02668605152,False,165,2039-07-31,Utica
2042-05-31,199,407956.3586342449,448986.2725048767,-41029.913870631775,2206.5171950104304,3631.986532654851,False,165,2039-07-31,Utica
2042-06-30,200,410167.7508192243,452637.31837849633,-42469.56755927205,2211.3921849793774,3651.045873619686,False,165,2039-07-31,Utica
2042-07-31,201,412384.0378637006,456307.5236095525,-43923.48574585188,2216.287044476313,3670.2052310561535,False,165,2039-07-31,Utica
2042-08-31,202,414605.2397181862,459996.9887393667,-45391.7490211805,2221.2018544856383,3689.465129814227,False,165,2039-07-31,Utica
2042-09-30,203,416831.376414508,463705.8148368648,-46874.43842235679,2226.136696321831,3708.8260974981017,False,165,2039-07-31,Utica
2042-10-31,204,419062.4680661388,467434.1035013455,-48371.6354352067,2231.091651630792,3728.288664480646,False,165,2039-07-31,Utica
2042-11-30,205,421298.53486853,471181.9568652634,-49883.42199673341,2236.066802391193,3747.8533639179327,False,165,2039-07-31,Utica
2042-12-31,206,423539.5970994458,474949.47759702726,-51409.88049758144,2241.062230915839,3767.520731763843,False,165,2039-07-31,Utica
2043-01-31,207,425785.67511929886,478736.768903812,-52951.09378451313,2246.0780198530224,3787.291306784749,False,165,2039-07-31,Utica
2043-02-28,208,428036.7893714868,482543.9345343863,-54507.14516289951,2251.114252187896,3807.1656305742704,False,165,2039-07-31,Utica
2043-03-31,209,430292.9603827306,486371.0787819544,-56078.11839922378,2256.1710112438445,3827.144247568116,False,165,2039-07-31,Utica
2043-04-30,210,432554.20876341447,490218.30648701335,-57664.09772359888,2261.2483806838627,3847.227705058992,False,165,2039-07-31,Utica
2043-05-31,211,434820.5552079264,494085.7230402249,-59265.167832298495,2266.3464445119384,3867.416553211597,False,165,2039-07-31,Utica
2043-06-30,212,437092.0204950009,497973.43438530265,-60881.413890301774,2271.4652870744458,3887.711345077697,False,165,2039-07-31,Utica
2043-07-31,213,439368.6254880624,501881.5470219139,-62512.921533851535,2276.604993061537,3908.112636611266,False,165,2039-07-31,Utica
2043-08-31,214,441650.3911355709,505810.1680085976,-64159.77687302668,2281.765647508546,3928.620986683729,False,165,2039-07-31,Utica
2043-09-30,215,443937.3384713684,509759.40496569686,-65822.0664943285,2286.947335797394,3949.236957099257,False,165,2039-07-31,Utica
2043-10-31,216,446229.4886150264,513729.36607830704,-67499.87746328069,2292.150143658003,3969.9611126101695,False,165,2039-07-31,Utica
2043-11-30,217,448526.86277219607,517720.1600992394,-69193.29732704337,2297.3741571697137,3990.7940209324,False,165,2039-07-31,Utica
2043-12-31,218,450829.4822349588,521731.8963520005,-70902.41411704168,2302.61946276271,4011.736252761045,False,165,2039-07-31,Utica
2044-01-31,219,453137.3683821783,525764.6847337865,-72627.31635160826,2307.886147219448,4032.788381786004,False,165,2039-07-31,Utica
2044-02-29,220,455450.5426798543,529818.6357184942,-74368.09303863987,2313.174297676093,4053.950984707689,False,165,2039-07-31,Utica
2044-03-31,221,457769.0266814783,533893.860359747,-76124.83367826871,2318.4840016239605,4075.224641252829,False,165,2039-07-31,Utica
2044-04-30,222,460092.8420283892,537990.4702939373,-77897.62826554803,2323.8153469109643,4096.609934190344,False,165,2039-07-31,Utica
2044-05-31,223,462422.0104501323,542108.5777432845,-79686.56729315221,2329.1684217430693,4118.107449347315,False,165,2039-07-31,Utica
2044-06-30,224,464756.55376481806,546248.2955189096,-81491.74175409152,2334.5433146857504,4139.717775625029,False,165,2039-07-31,Utica
2044-07-31,225,467096.4938794836,550409.7370239247,-83313.24314444116,2339.94011466546,4161.441505015114,False,165,2039-07-31,Utica
2044-08-31,226,469441.8527904546,554593.0162565404,-85151.1634660858,2345.358910971096,4183.279232615751,False,165,2039-07-31,Utica
2044-09-30,227,471792.6525837101,558798.2478131885,-87005.59522947838,2350.799793255481,4205.231556647981,False,165,2039-07-31,Utica
2044-10-31,228,474148.91543524695,563025.5468916605,-88876.6314564136,2356.262851536847,4227.299078472091,False,165,2039-07-31,Utica
2044-11-30,229,476510.66361144726,567275.0292942646,-90764.36568281736,2361.7481762003217,4249.482402604089,False,165,2039-07-31,Utica
2044-12-31,230,478877.9194694467,571546.8114309969,-92668.89196155017,2367.255857999426,4271.782136732259,False,165,2039-07-31,Utica
2045-01-31,231,481250.70545750426,575841.0103227306,-94590.30486522638,2372.7859880575747,4294.198891733813,False,165,2039-07-31,Utica
2045-02-28,232,483629.04411537386,580157.7436044223,-96528.69948904843,2378.338657869583,4316.733281691626,False,165,2039-07-31,Utica
2045-03-31,233,486012.958074677,584497.1295283333,-98484.17145365628,2383.913959303184,4339.385923911054,False,165,2039-07-31,Utica
2045-04-30,234,488402.4700592776,588859.2869672702,-100456.8169079926,2389.5119846005427,4362.157438936847,False,165,2039-07-31,Utica
2045-05-31,235,490797.6028856574,593244.3354178404,-102446.732532183,2395.1328263797886,4385.048450570146,False,165,2039-07-31,Utica
2045-06-30,236,493198.37946329394,597652.395003726,-104454.01554043208,2400.7765776365445,4408.059585885575,False,165,2039-07-31,Utica
2045-07-31,237,495604.8227950394,602083.5864789744,-106478.76368393505,2406.4433317454645,4431.191475248416,False,165,2039-07-31,Utica
2045-08-31,238,498016.9559775012,606538.0312313063,-108521.07525380507,2412.13318246178,4454.44475233188,False,165,2039-07-31,Utica
2045-09-30,239,500434.802201424,611015.8512854407,-110581.0490840167,2417.846223922852,4477.82005413446,False,165,2039-07-31,Utica
2045-10-31,240,502858.3847520737,615517.1693064381,-112658.78455436432,2423.582550649726,4501.318020997387,False,165,2039-07-31,Utica
2045-11-30,241,505287.7270096224,620042.1086030602,-114754.3815934378,2429.3422575486984,4524.939296622171,False,165,2039-07-31,Utica
2045-12-31,242,507722.8524495353,624590.7931311484,-116867.94068161312,2435.125439912885,4548.684528088231,False,165,2039-07-31,Utica
2046-01-31,243,510163.78464295913,629163.3474970191,-118999.56285405996,2440.9321934237987,4572.554365870622,False,165,2039-07-31,Utica
2046-02-28,244,512610.5472571121,633759.896960877,-121149.34970376496,2446.76261415293,4596.5494638578575,False,165,2039-07-31,Utica
2046-03-31,245,515063.1640556754,638380.5674402468,-123317.40338457144,2452.616798563341,4620.670479369817,False,165,2039-07-31,Utica
2046-04-30,246,517521.6588991866,643025.4855134225,-125503.82661423588,2458.494843511258,4644.918073175756,False,165,2039-07-31,Utica
2046-05-31,247,519986.0557454343,647694.7784229349,-127708.72267750064,2464.3968462476737,4669.292909512406,False,165,2039-07-31,Utica
2046-06-30,248,522456.3786498543,652388.5740790371,-129932.1954291828,2470.322904419959,4693.795656102172,False,165,2039-07-31,Utica
2046-07-31,249,524932.6517659278,657107.0010632084,-132174.34929728066,2476.273116073474,4718.42698417142,False,165,2039-07-31,Utica
2046-08-31,250,527414.899345581,661850.1886316773,-134435.28928609635,2482.247579653197,4743.187568468868,False,165,2039-07-31,Utica
2046-09-30,251,529903.1457395863,666618.2667189614,-136715.1209793751,2488.2463940053462,4768.078087284072,False,165,2039-07-31,Utica
2046-10-31,252,532397.4153979653,671411.3659414274,-139013.95054346207,2494.269658379019,4793.099222466002,False,165,2039-07-31,Utica
2046-11-30,253,534897.7328703932,676229.6176008692,-141331.88473047595,2500.3174724278333,4818.251659441722,False,165,2039-07-31,Utica
2046-12-31,254,537404.1228066048,681073.1536881044,-143669.03088149952,2506.389936211576,4843.536087235168,False,165,2039-07-31,Utica
2047-01-31,255,539916.6099568027,685942.1068865904,-146025.49692978768,2512.4871501978587,4868.953198486024,False,165,2039-07-31,Utica
2047-02-28,256,542435.2191720664,690836.6105760591,-148401.39140399266,2518.609215263779,4894.503689468692,False,165,2039-07-31,Utica
2047-03-31,257,544959.9754047641,695756.7988361705,-150796.8234314064,2524.7562326975917,4920.188260111369,False,165,2039-07-31,Utica
2047-04-30,258,547490.9037089645,700702.8064501857,-153211.90274122125,2530.9283042003817,4946.007614015221,False,165,2039-07-31,Utica
2047-05-31,259,550028.0292408522,705674.7689086593,-155646.73966780712,2537.1255318877493,4971.962458473656,False,165,2039-07-31,Utica
2047-06-30,260,552571.3772591437,710672.822413151,-158101.4451540073,2543.348018291498,4998.053504491698,False,165,2039-07-31,Utica
2047-07-31,261,555120.973125505,715697.1038799565,-160576.1307544515,2549.595866361332,5024.281466805469,False,165,2039-07-31,Utica
2047-08-31,262,557676.8423049717,720747.7509438583,-163070.90863888664,2555.869179466557,5050.647063901763,False,165,2039-07-31,Utica
2047-09-30,263,560239.0103663694,725824.901961896,-165585.8915955266,2562.1680613977933,5077.151018037734,False,165,2039-07-31,Utica
2047-10-31,264,562807.5029827381,730928.6960171567,-168121.19303441863,2568.492616368693,5103.794055260673,False,165,2039-07-31,Utica
2047-11-30,265,565382.3459317557,736059.2729225846,-170676.92699082883,2574.8429490176622,5130.576905427908,False,165,2039-07-31,Utica
2047-12-31,266,567963.5650961653,741216.7732248113,-173253.20812864602,2581.2191644095924,5157.500302226788,False,165,2039-07-31,Utica
2048-01-31,267,570551.1864642029,746401.3382080061,-175850.15174380317,2587.6213680376004,5184.564983194789,False,165,2039-07-31,Utica
2048-02-29,268,573145.2361300277,751613.1098977458,-178467.8737677181,2594.049665824774,5211.771689739712,False,165,2039-07-31,Utica
2048-03-31,269,575745.7402941536,756852.2310649058,-181106.4907707522,2600.5041641259195,5239.121167159997,False,165,2039-07-31,Utica
2048-04-30,270,578352.7252638829,762118.8452295709,-183766.119965688,2606.9849697293303,5266.614164665138,False,165,2039-07-31,Utica
2048-05-31,271,580966.2174537415,767413.0966649671,-186446.8792112257,2613.4921898585435,5294.251435396207,False,165,2039-07-31,Utica
2048-06-30,272,583586.2433859156,772735.1304014137,-189148.887015498,2620.025932174122,5322.033736446488,False,165,2039-07-31,Utica
2048-07-31,273,586212.8296906911,778085.0922302959,-191872.2625396048,2626.586304775432,5349.961828882211,False,165,2039-07-31,Utica
2048-08-31,274,588846.0031068935,783463.1287080593,-194617.1256011658,2633.173416202432,5378.036477763407,False,165,2039-07-31,Utica
2048-09-30,275,591485.790482331,788869.3871602241,-197383.5966778932,2639.787375437467,5406.258452164861,False,165,2039-07-31,Utica
2048-10-31,276,594132.218774238,794304.0156854213,-200171.79691118328,2646.428291907076,5434.628525197184,False,165,2039-07-31,Utica
2048-11-30,277,596785.3150497219,799767.1631594492,-202981.84810972735,2653.0962754837974,5463.147474027987,False,165,2039-07-31,Utica
2048-12-31,278,599445.1064862099,805258.9792393524,-205813.8727531425,2659.7914364879907,5491.816079903176,False,165,2039-07-31,Utica
2049-01-31,279,602111.6203718996,810779.6143675208,-208667.9939956212,2666.5138856896583,5520.635128168348,False,165,2039-07-31,Utica
2049-02-28,280,604784.8841062099,816329.2197758111,-211544.3356696012,2673.263734310282,5549.60540829031,False,165,2039-07-31,Utica
2049-03-31,281,607464.9252002345,821907.9474896898,-214443.0222894553,2680.04109402466,5578.727713878701,False,165,2039-07-31,Utica
2049-04-30,282,610151.7712771973,827515.9503323976,-217364.1790552003,2686.846076962756,5608.002842707735,False,165,2039-07-31,Utica
2049-05-31,283,612845.4500729089,833153.3819291356,-220307.9318562268,2693.6787957115525,5637.4315967380535,False,165,2039-07-31,Utica
2049-06-30,284,615545.9894362258,838820.3967112744,-223274.40727504852,2700.5393633169183,5667.014782138695,False,165,2039-07-31,Utica
2049-07-31,285,618253.4173295114,844517.1499205836,-226263.7325910722,2707.427893285472,5696.75320930918,False,165,2039-07-31,Utica
2049-08-31,286,620967.7618290979,850243.7976134853,-229276.03578438735,2714.3444995864666,5726.647692901711,False,165,2039-07-31,Utica
2049-09-30,287,623689.0511257516,856000.4966653287,-232311.4455395772,2721.289296653669,5756.699051843484,False,165,2039-07-31,Utica
2049-10-31,288,626417.3135251389,861787.4047746878,-235370.09124954892,2728.2623993872594,5786.908109359131,False,165,2039-07-31,Utica
2049-11-30,289,629152.5774482946,867604.6804676811,-238452.10301938653,2735.263923155726,5817.275692993265,False,165,2039-07-31,Utica
2049-12-31,290,631894.8714320924,873452.4831023143,-241557.6116702219,2742.29398379778,5847.80263463315,False,165,2039-07-31,Utica
2050-01-31,291,634644.2241297166,879330.9728728458,-244686.7487431292,2749.3526976242665,5878.489770531493,False,165,2039-07-31,Utica
2050-02-28,292,637400.6643111367,885240.3108141752,-247839.64650303847,2756.4401814200933,5909.337941329351,False,165,2039-07-31,Utica
2050-03-31,293,640164.2208635829,891180.6588062543,-251016.43794267136,2763.55655244616,5940.347992079154,False,165,2039-07-31,Utica
2050-04-30,294,642934.9227920242,897152.1795785221,-254217.2567864979,2770.7019284412986,5971.520772267865,False,165,2039-07-31,Utica
2050-05-31,295,645712.7992196485,903155.0367143624,-257442.23749471383,2777.876427624225,6002.857135840241,False,165,2039-07-31,Utica
2050-06-30,296,648497.879388344,909189.3946555846,-260691.51526724055,2785.0801686954883,6034.357941222232,False,165,2039-07-31,Utica
2050-07-31,297,651290.1926591834,915255.4187069292,-263965.2260477457,2792.313270839442,6066.024051344491,False,165,2039-07-31,Utica
2050-08-31,298,654089.7685129096,921353.2750405952,-267263.50652768544,2799.575853726208,6097.856333666021,False,165,2039-07-31,Utica
2050-09-30,299,656896.6365504233,927483.130700793,-270586.49415036966,2806.868037513665,6129.85566019793,False,165,2039-07-31,Utica
2050-10-31,300,659710.8264932728,933645.1536083204,-273934.3271150475,2814.1899428494307,6162.022907527324,False,165,2039-07-31,Utica
2050-11-30,301,662532.3681841457,939839.5125651616,-277307.1443810159,2821.5416908728585,6194.358956841316,False,165,2039-07-31,Utica
2050-12-31,302,665361.2915873626,946066.3772591128,-280705.08567175013,2828.923403217043,6226.864693951173,False,165,2039-07-31,Utica
2051-01-31,303,668197.6267893735,952325.9182684292,-284128.2914790559,2836.3352020108323,6259.54100931657,False,165,2039-07-31,Utica
2051-02-28,304,671041.4039992543,958618.3070664994,-287576.90306724503,2843.777209880849,6292.388798069995,False,165,2039-07-31,Utica
2051-03-31,305,673892.6535492078,964943.7160265406,-291051.0624773328,2851.249549953518,6325.408960041262,False,165,2039-07-31,Utica
2051-04-30,306,676751.4058950649,971302.3184263228,-294550.91253125784,2858.752345857104,6358.602399782164,False,165,2039-07-31,Utica
2051-05-31,307,679617.6916167887,977694.288452914,-298076.59683612525,2866.285721723756,6391.970026591253,False,165,2039-07-31,Utica
2051-06-30,308,682491.5414189803,984119.8012074528,-301628.25978847244,2873.849802191562,6425.512754538749,False,165,2039-07-31,Utica
2051-07-31,309,685372.986131387,990579.0327099444,-305206.04657855746,2881.4447124066137,6459.231502491575,False,165,2039-07-31,Utica
2051-08-31,310,688262.056709412,997072.159904083,-308810.103194671,2889.0705780250714,6493.127194138538,False,165,2039-07-31,Utica
2051-09-30,311,691158.7842346273,1003599.3606620986,-312440.57642747136,2896.7275252152467,6527.200758015622,False,165,2039-07-31,Utica
2051-10-31,312,694063.199915287,1010160.81378963,-316097.6138743431,2904.4156806596893,6561.453127531435,False,165,2039-07-31,Utica
2051-11-30,313,696975.3350868443,1016756.6990306228,-319781.36394377856,2912.135171557284,6595.885240992768,False,165,2039-07-31,Utica
2051-12-31,314,699895.2212124696,1023387.1970722532,-323491.9758597835,2919.8861256253504,6630.498041630305,False,165,2039-07-31,Utica
2052-01-31,315,702822.8898835714,1030052.4895498776,-327229.59966630617,2927.668671101764,6665.292477624463,False,165,2039-07-31,Utica
2052-02-29,316,705758.3728203184,1036752.759052009,-330994.3862316905,2935.48293674707,6700.269502131361,False,165,2039-07-31,Utica
2052-03-31,317,708701.7018721651,1043488.189125318,-334786.4872531529,2943.329051846619,6735.430073308937,False,165,2039-07-31,Utica
2052-04-30,318,711652.9090183778,1050258.9642796612,-338606.0552612834,2951.2071462127037,6770.775154343189,False,165,2039-07-31,Utica
2052-05-31,319,714612.0263685645,1057065.2699931357,-342453.24362457125,2959.117350186704,6806.305713474566,False,165,2039-07-31,Utica
2052-06-30,320,717579.0861632057,1063907.2927171602,-346328.2065539545,2967.0597946412527,6842.022724024489,False,165,2039-07-31,Utica
2052-07-31,321,720554.1207741881,1070785.2198815823,-350231.0991073942,2975.034610982387,6877.927164422017,False,165,2039-07-31,Utica
2052-08-31,322,723537.1627053398,1077699.239899813,-354162.0771944731,2983.0419311517358,6914.020018230645,False,165,2039-07-31,Utica
2052-09-30,323,726528.2445929685,1084649.5421739882,-358121.2975810197,2991.081887628693,6950.302274175253,False,165,2039-07-31,Utica
2052-10-31,324,729527.3992064011,1091636.3171001573,-362108.9178937562,2999.1546134326163,6986.774926169186,False,165,2039-07-31,Utica
2052-11-30,325,732534.6594485261,1098659.7560734986,-366125.0966249725,3007.260242125022,7023.438973341486,False,165,2039-07-31,Utica
2052-12-31,326,735550.058356338,1105720.051493563,-370169.993137225,3015.3989078118016,7060.29542006426,False,165,2039-07-31,Utica
2053-01-31,327,738573.6291014834,1112817.3967695432,-374243.7676680598,3023.5707451454314,7097.345275980191,False,165,2039-07-31,Utica
2053-02-28,328,741605.4049908106,1119951.9863255734,-378346.58133476286,3031.7758893272094,7134.589556030202,False,165,2039-07-31,Utica
2053-03-31,329,744645.4194669201,1127124.0156060546,-382478.5961391345,3040.014476109486,7172.029280481254,False,165,2039-07-31,Utica
2053-04-30,330,747693.706108718,1134333.6810810089,-386639.9749722909,3048.2866417979158,7209.665474954298,False,165,2039-07-31,Utica
2053-05-31,331,750750.2986319717,1141581.1802514612,-390830.8816194895,3056.592523253704,7247.499170452366,False,165,2039-07-31,Utica
2053-06-30,332,753815.2308898675,1148866.71165485,-395051.4807649825,3064.93225789588,7285.531403388824,False,165,2039-07-31,Utica
2053-07-31,333,756888.5368735711,1156190.4748704657,-399301.9379968946,3073.3059837035644,7323.763215615754,False,165,2039-07-31,Utica
2053-08-31,334,759970.2507127894,1163552.6705249182,-403582.4198121289,3081.7138392182574,7362.195654452498,False,165,2039-07-31,Utica
2053-09-30,335,763060.4066763355,1170953.5002976323,-407893.093621297,3090.155963546125,7400.829772714348,False,165,2039-07-31,Utica
2053-10-31,336,766159.0391726958,1178393.166926374,-412234.1277536781,3098.632496360304,7439.666628741388,False,165,2039-07-31,Utica
2053-11-30,337,769266.182750599,1185871.8742128017,-416605.69146220246,3107.143577903212,7478.707286427483,False,165,2039-07-31,Utica
2053-12-31,338,772381.8720995878,1193389.8270280508,-421007.954928463,3115.6893489888694,7517.952815249427,False,165,2039-07-31,Utica
2054-01-31,339,775506.142050593,1200947.231318347,-425441.0892677539,3124.2699510052275,7557.404290296236,False,165,2039-07-31,Utica
2054-02-28,340,778639.0275765095,1208544.2941106455,-429905.266534136,3132.8855259165057,7597.062792298602,False,165,2039-07-31,Utica
2054-03-31,341,781780.563792775,1216181.223518304,-434400.659725529,3141.5362162655447,7636.9294076585,False,165,2039-07-31,Utica
2054-04-30,342,784930.7859579512,1223858.228746783,-438927.4427888318,3150.222165176161,7677.005228478943,False,165,2039-07-31,Utica
2054-05-31,343,788089.7294743067,1231575.5200993768,-443485.7906250701,3158.943516355518,7717.291352593904,False,165,2039-07-31,Utica
2054-06-30,344,791257.4298884032,1239333.308982975,-448075.8790945719,3167.700414096501,7757.788883598388,False,165,2039-07-31,Utica
2054-07-31,345,794433.9228916833,1247131.8079138538,-452697.8850221705,3176.4930032801053,7798.498930878664,False,165,2039-07-31,Utica
2054-08-31,346,797619.2443210612,1254971.2305234964,-457351.9862024352,3185.321429377834,7839.422609642657,False,165,2039-07-31,Utica
2054-09-30,347,800813.4301595152,1262851.7915644469,-462038.3614049317,3194.1858384541047,7880.561040950495,False,165,2039-07-31,Utica
2054-10-31,348,804016.5165366839,1270773.706916192,-466757.1903795082,3203.0863771686654,7921.915351745221,False,165,2039-07-31,Utica
2054-11-30,349,807228.5397294629,1278737.1935910755,-471508.6538616128,3212.0231927790205,7963.486674883666,False,165,2039-07-31,Utica
2054-12-31,350,810449.5361626059,1286742.4697402432,-476292.9335776373,3220.996433142868,8005.276149167476,False,165,2039-07-31,Utica
2055-01-31,351,813679.5424093264,1294789.7546596176,-481110.2122502912,3230.006246720547,8047.284919374319,False,165,2039-07-31,Utica
2055-02-28,352,816918.5951919039,1302879.2687959068,-485960.6736040029,3239.0527825774907,8089.514136289233,False,165,2039-07-31,Utica
2055-03-31,353,820166.7313822906,1311011.233752643,-490844.5023703524,3248.1361903866955,8131.964956736159,False,165,2039-07-31,Utica
2055-04-30,354,823423.9880027218,1319185.8722962523,-495761.8842935307,3257.256620431197,8174.63854360963,False,165,2039-07-31,Utica
2055-05-31,355,826690.4022263284,1327403.408362159,-500713.00613583066,3266.4142236065545,8217.536065906621,False,165,2039-07-31,Utica
2055-06-30,356,829966.0113777517,1335664.0670609176,-505698.0556831659,3275.609151423349,8260.658698758582,False,165,2039-07-31,Utica
2055-07-31,357,833250.8529337614,1343968.0746843813,-510717.2217506198,3284.8415560096905,8304.00762346362,False,165,2039-07-31,Utica
2055-08-31,358,836544.9645238752,1352315.6587119,-515770.6941880249,3294.1115901137327,8347.584027518866,False,165,2039-07-31,Utica
2055-09-30,359,839848.3839309814,1360707.047816553,-520858.6638855715,3303.419407106204,8391.389104653003,False,165,2039-07-31,Utica
2055-10-31,360,843161.1490919644,1369142.471871412,-525981.3227794475,3312.76516098294,8435.424054858964,False,165,2039-07-31,Utica
