RegionID,SizeRank,RegionName,RegionType,StateName,2015-01-31,2015-02-28,2015-03-31,2015-04-30,2015-05-31,2015-06-30,2015-07-31,2015-08-31,2015-09-30,2015-10-31,2015-11-30,2015-12-31,2016-01-31,2016-02-29,2016-03-31,2016-04-30,2016-05-31,2016-06-30,2016-07-31,2016-08-31,2016-09-30,2016-10-31,2016-11-30,2016-12-31,2017-01-31,2017-02-28,2017-03-31,2017-04-30,2017-05-31,2017-06-30,2017-07-31,2017-08-31,2017-09-30,2017-10-31,2017-11-30,2017-12-31,2018-01-31,2018-02-28,2018-03-31,2018-04-30,2018-05-31,2018-06-30,2018-07-31,2018-08-31,2018-09-30,2018-10-31,2018-11-30,2018-12-31,2019-01-31,2019-02-28,2019-03-31,2019-04-30,2019-05-31,2019-06-30,2019-07-31,2019-08-31,2019-09-30,2019-10-31,2019-11-30,2019-12-31,2020-01-31,2020-02-29,2020-03-31,2020-04-30,2020-05-31,2020-06-30,2020-07-31,2020-08-31,2020-09-30,2020-10-31,2020-11-30,2020-12-31,2021-01-31,2021-02-28,2021-03-31,2021-04-30,2021-05-31,2021-06-30,2021-07-31,2021-08-31,2021-09-30,2021-10-31,2021-11-30,2021-12-31,2022-01-31,2022-02-28,2022-03-31,2022-04-30,2022-05-31,2022-06-30,2022-07-31,2022-08-31,2022-09-30,2022-10-31,2022-11-30,2022-12-31,2023-01-31,2023-02-28,2023-03-31,2023-04-30,2023-05-31,2023-06-30,2023-07-31,2023-08-31,2023-09-30,2023-10-31,2023-11-30,2023-12-31,2024-01-31,2024-02-29,2024-03-31,2024-04-30,2024-05-31,2024-06-30,2024-07-31,2024-08-31,2024-09-30,2024-10-31,2024-11-30,2024-12-31,2025-01-31,2025-02-28,2025-03-31,2025-04-30,2025-05-31,2025-06-30,2025-07-31,2025-08-31,2025-09-30,2025-10-31
102001,0,United States,country,,1158.7839884580467,1163.8325112196512,1171.2280280933167,1175.3832964458352,1179.722988020113,1183.292136764811,1188.3539128110474,1193.5612966202589,1198.7656036455103,1204.3437182233638,1209.3920335295372,1213.4102169237906,1216.5521545756396,1219.4846913108972,1221.0406282018687,1224.792858049036,1228.7451130446839,1234.0436556603556,1237.5107315895923,1241.3942686447388,1245.8066111351627,1249.7804877665126,1253.10733273195,1255.8099525067428,1259.362732871839,1263.0911552120976,1268.045582856243,1271.8424903944406,1276.1098585602485,1278.5984575240084,1281.0173758380963,1282.482314918146,1285.398726394207,1288.2145078678698,1292.0648966756162,1296.44540005132,1300.748643893329,1305.4352172810748,1308.8769093073788,1312.9268314229407,1315.7074427099458,1319.4972775595656,1323.6918988722653,1328.4908021025155,1331.933098616371,1336.2005963813772,1340.8777559424802,1345.0668160761738,1348.7739799808028,1351.4218102170378,1355.3154852738692,1358.96381154838,1363.339461542982,1367.5527007599107,1371.8228142150876,1375.990478793081,1380.3738751282997,1384.2464745842844,1387.4579972693782,1390.9536815083234,1394.7539863296345,1399.1750426594217,1398.8933128505034,1391.55866035761,1379.9796844092416,1369.6333835341081,1364.6295552106046,1359.71639896031,1355.7073255176501,1354.8386561419138,1356.5881254607007,1361.3070539767239,1369.689488173925,1379.558767012939,1390.9932435687206,1406.5111126493705,1427.127045634547,1451.0118277634554,1475.5174129169045,1502.4031980294953,1529.2123813775122,1551.4199015658185,1569.4456207466428,1584.5896358592472,1596.143003391551,1606.3915993980252,1615.0985759597418,1628.486672599606,1642.2682079120818,1656.36116817614,1666.5075208234323,1672.2365695387266,1675.441856017915,1676.8040025692908,1679.0517725221712,1681.5237308483502,1684.6626282794082,1688.0640425468491,1694.5107402191006,1697.9453703884858,1701.0234323562756,1699.9402947649219,1701.130653080801,1702.7610893165588,1704.5822701958357,1708.0883182183393,1710.8107175502164,1714.1431711736034,1717.086101627767,1720.620119613183,1723.2064008040795,1726.5278725303301,1730.1930823427354,1734.612097605958,1737.9586554839345,1740.4002814074342,1743.4992888951347,1746.632080984301,1751.2423724101434,1755.2587899138339,1759.3509582633797,1762.5860585960227,1764.8578396192318,1766.4946539741568,1767.438485064978,1769.352649922463,1771.5038563772832,1774.6253037617735,1777.3145505189732,1779.3033967835406
394913,1,"New York, NY",msa,NY,2264.1113143165403,2278.386759244414,2291.1668546511232,2302.839541927394,2309.751952146793,2315.3695181753524,2319.662633014632,2326.1703802362645,2333.2346262275564,2341.9307746933096,2346.1321530660216,2349.8879858196233,2352.5245550480977,2356.6002299823076,2360.0154794487144,2361.6219066876142,2363.7767164097736,2366.670921342731,2372.4805249876135,2376.807697270823,2382.749285840913,2387.728325537548,2396.0480504820366,2399.0551756064283,2400.3298315347633,2399.2661000850726,2400.529427488627,2402.627306091718,2407.430493929695,2410.788828428096,2414.123108917472,2414.5248580348525,2414.1515376054235,2411.8568497042725,2412.1581662014187,2416.4193942698826,2422.805100352724,2428.0099413362886,2433.8112141164925,2441.133588391446,2446.747381294114,2450.6879107742475,2454.810949839222,2461.253044671852,2467.88574062425,2474.0620684772935,2480.760545471243,2486.995414782119,2493.7526264069456,2500.6866469275064,2506.948940313013,2512.327970299477,2518.0527757919112,2525.9347783585754,2533.495773256011,2541.2065496550267,2549.131946306304,2558.789259325772,2566.5806776458267,2574.2094907476453,2581.1162067377427,2589.3054567113168,,,,,,,,2326.822877042003,2311.5245984554367,2310.842737100266,2314.6853228236437,2326.0421317860814,2337.9662543333734,2358.360939438113,2388.8535057676395,2428.655732405734,2477.2021650450697,2535.927504713744,2596.7466583931537,2650.362432872902,2699.3763664479206,2737.9996216720624,2771.669876018487,2796.981833122934,2823.9290065718737,2850.7143277200194,2881.759306421436,2914.331338472326,2944.515133092102,2967.2183389509605,2981.760828905109,2990.0297457698402,2992.2432339577767,2995.3693807156665,3000.21204347226,3007.844003959108,3018.745393230411,3034.626844800689,3049.5073041848955,3058.7067842225492,3063.8213968093205,3070.22690528668,3081.4133160872775,3092.4806948228666,3098.7230863621344,3106.744163649006,3116.984417589218,3129.8267408257693,3141.7828720348757,3152.913894840671,3164.970247814228,3172.957558718043,3174.7459058833433,3176.401286441397,3182.5290852393005,3195.162293992097,3212.6982280652,3229.938612099665,3245.1164521120195,3258.020541740847,3269.2254869032895,3278.0784129382755,3285.4582441126895,3298.4032960074037,3318.815110685398,3340.3023666730937,3357.9344444619574,3372.411184724939
753899,2,"Los Angeles, CA",msa,CA,1671.1768153959738,1680.5851697121955,1693.2213005707665,1708.8790309984938,1722.5291083833338,1733.48797736199,1741.0932389299228,1752.9910924031592,1765.614513704858,1776.0455756503798,1789.5370812991318,1801.0555913031355,1814.2430517887158,1822.624126067418,1829.10344588585,1835.4394301076122,1842.9565720530672,1853.178879060506,1865.2150529844578,1873.8573901492653,1884.7541488664292,1896.7500495882327,1909.927979661977,1921.6710907248641,1933.3913351734864,1944.648582261904,1961.1064238309818,1972.7342780957786,1982.9045994798282,1989.8619911086284,1997.4225865307303,2003.8113515581585,2009.8591363394655,2014.9200778612174,2022.396455627768,2030.3528564786156,2039.8830602649703,2051.2156520677495,2055.517073058637,2061.4344650499293,2066.566543860633,2075.9299640131844,2084.874772084948,2095.1631865710256,2102.5304432737216,2109.850669004409,2113.2868505305855,2119.791261416617,2123.7571165449854,2130.255018241339,2136.65065296815,2143.95034691778,2152.0647181655827,2157.6032920506036,2162.452660678667,2167.052566321791,2173.1525786538195,2179.251109524983,2186.458379614556,2191.0882371781818,2196.527687029604,2199.0162762135933,2189.5913959107597,2175.863329242663,2161.9655815852657,2145.3374620718128,2132.7464101034548,2119.014481474045,2112.340877988692,2114.1058188720685,2118.894218873424,2124.112766999874,2132.3447532907066,2142.841494137625,2154.4770873204234,2167.902040761009,2187.2127507488576,2218.350635405368,2256.96639062774,2302.230246171742,2341.4281720862064,2372.0462392717263,2394.2846817508034,2418.19924905802,2438.790793037601,2461.3729753077932,2480.7206993424393,2507.780715363289,2530.2653997309344,2547.331086408149,2554.9867980613144,2559.173224884376,2561.153176054999,2559.8702497761956,2563.2981155813136,2564.4247482898804,2564.6797048023404,2564.318786233787,2569.956638351148,2575.547451355316,2577.6751635857468,2576.928466321134,2579.86493196711,2582.101083414446,2584.3730322403635,2587.756072700358,2587.5426013827914,2589.7588801254547,2591.989097361738,2594.719016756612,2597.562855286206,2599.9834176536183,2605.9457752945286,2610.805008652096,2616.9590031451135,2619.358956225671,2624.483946992737,2628.593400747609,2637.29207313816,2644.06371319612,2651.0970180896443,2656.867508313207,2659.68412851425,2660.6949127828325,2660.9797400189696,2663.835613198333,2665.2296750429127,2669.8915825991967,2672.608703775994,2675.9256461358004
394463,3,"Chicago, IL",msa,IL,1312.9354310831127,1313.9142702642969,1319.733260620574,1322.0679556721975,1326.6477349065922,1329.5602019912433,1331.9625247582126,1335.8911165803083,1339.241272103072,1344.9639263740232,1349.591915157715,1354.1997907482814,1359.687227911529,1362.1016810540493,1365.228539773882,1364.7908292314746,1367.1233981295197,1370.239946279395,1375.8069184885087,1382.2772361790348,1384.857530697664,1388.4044438502442,1387.1904228117548,1387.4184625047594,1385.6729856933453,1391.5018720408966,1398.10190347457,1404.3725726983944,1408.116959962762,1409.0799763534797,1409.7251699528438,1407.9424707728535,1412.1659920453374,1414.3214597179417,1418.697310772791,1420.0465652790626,1423.7613057733718,1426.454680903228,1428.5663201915888,1429.2544959294341,1431.946506455577,1436.3779128709903,1440.8934084025873,1443.6540617624592,1443.1634993350513,1442.5499240409883,1445.5672280999243,1454.086461214116,1458.4227500136085,1460.9824545734652,1462.7801617611308,1466.717070925569,1469.7642922419175,1472.7085136391784,1475.3340214494697,1480.3318192828563,1485.759309211324,1492.0735057232346,1495.517761476373,1495.8921486570712,1498.8043618251818,1502.1800006448718,1505.8854463086607,1494.6709313716951,1482.129380952135,1470.8923045947045,1465.7276339621412,1461.1923849116288,1455.9177198892912,1447.8124316844196,1441.895091260323,1439.8621802881644,1439.9303233323471,1444.7173841721303,1451.8545078900913,1468.0423431039276,1484.848529581505,1503.3973474859033,1518.3262843304399,1533.2208399305866,1548.2825279407214,1561.4733524144442,1575.079969759633,1587.9570239033108,1600.906605537257,1609.452552349405,1618.09956709629,1628.756491926123,1641.4157191205622,1652.276102232796,1663.727152962012,1672.8611225434388,1682.5806824813506,1692.8146368610953,1701.6883544107404,1709.732853972827,1715.7087402317245,1723.7939532027087,1732.0272057911022,1738.0591294177616,1745.4731091660053,1751.6941836300693,1759.2688557111821,1767.887977194987,1774.3019022106691,1780.4700521674044,1784.9395825541553,1791.5013347360195,1799.6492132544636,1806.4868697196184,1812.7804739466312,1818.8589424089996,1824.4721049624395,1830.9179753350652,1836.600874252716,1842.8831353246137,1850.8677243712557,1861.6111577555653,1871.7509658630615,1880.6331058674712,1889.1753769132592,1898.419008674978,1907.8778272163354,1917.8347811469166,1927.0508319938285,1936.6672397313334,1946.3290959037467,1955.6006354335846,1964.607449263719,1971.5549761933844
394514,4,"Dallas, TX",msa,TX,1040.141325777676,1036.5357514628881,1039.6031213405024,1052.2156369404615,1058.2066098469977,1068.395462356345,1070.3875417843878,1074.1694822864292,1076.7230749463504,1079.562039524462,1086.752163457805,1100.7374479709918,1105.8510184641452,1110.8389836886051,1115.495747206509,1124.6600215312221,1128.6819851258867,1132.7191392000436,1135.4289341607173,1143.3226252249938,1149.9579953229234,1163.8923429942638,1168.477369063737,1172.3883086488506,1176.1516147881991,1179.983364642352,1189.382035851204,1190.780606913487,1201.7012666523933,1202.6650792565868,1205.4854312672107,1204.5491927894195,1206.6065997911874,1203.9818309102254,1208.2824385415981,1208.1412808203445,1216.5265101279867,1221.6537368103604,1222.325248148169,1221.8862891683189,1221.551125056302,1226.5253668948524,1231.723392993876,1234.1500998463132,1233.7750119080572,1239.1243655741373,1243.1343883517234,1250.3758474694705,1249.7159001856458,1250.349353555691,1252.6540150328608,1258.323700354045,1260.3552028242875,1262.7888883148178,1264.4520118793118,1268.6035394404018,1273.5380011399352,1274.5280034508592,1274.8722894701627,1274.5290502741284,1276.187428467953,1278.1622720902728,1279.5463344921093,1274.3662100551921,1264.5458852865777,1253.337873320349,1246.6821275466998,1244.2773705827512,1246.3480493048153,1250.9874917710256,1255.9561827923283,1263.4648729734904,1272.0321043233885,1281.955146248201,1290.1003507135763,1304.8406935945995,1323.9035508268607,1348.3011922379656,1374.032944486843,1402.2254410654396,1428.082322487388,1449.4151819833728,1469.0161166169325,1486.9198976393104,1501.0958394420152,1511.3524052785995,1520.2897817081873,1534.4223049084133,1549.7727325154626,1567.0421717292886,1577.0078973630789,1578.9605909482252,1576.5774518097658,1569.6593758056908,1565.6711432007194,1561.5250657138397,1562.7074796754187,1563.3218616167335,1568.455589086411,1565.2040094534125,1562.8767115739656,1554.8472412402632,1552.733484352457,1549.4051966577479,1547.2167373242562,1546.82922340477,1545.6212425046579,1543.0602261286165,1540.1748317095357,1535.6292767859957,1530.7185665508264,1526.2594036467065,1525.024183799581,1524.4454328925024,1523.455196709833,1522.084041121783,1520.5424711719925,1521.5064266770885,1522.0099311727636,1523.205787202317,1522.3787798182775,1523.2199474642637,1522.1090289854662,1522.8682138439403,1520.1493794670525,1518.7710511222037,1516.1421816289226,1515.5009223806157,1515.0628175440597,1512.591988429693
394692,5,"Houston, TX",msa,TX,1128.1090371932169,1138.5349516389124,1136.3953315440037,1133.8362566640556,1132.9297129593735,1140.647338519818,1153.3057298387148,1164.785019598456,1171.7959951035177,1164.8071464972863,1169.9139863012056,1171.409046975533,1168.8452742497188,1164.2828164903347,1173.3542095752175,1189.5673683186326,1192.2313636538818,1191.075673778571,1189.7217540236704,1187.600180609054,1184.0006877501687,1180.3777360454862,1176.3532323818704,1175.2817178888067,1176.092082308776,1182.0691356712634,1184.5070822431198,1176.1803383558938,1181.6670995683073,1177.8988013499913,1178.236783815598,1170.1459822694392,1179.1366776261914,1191.381633332555,1210.9909956362721,1225.0343259557367,1230.7260584641724,1231.519194234977,1227.1512734993225,1232.5917179522569,1228.29669400888,1230.137394842723,1229.4472890969155,1232.9568516828315,1232.106425921628,1232.2381759645496,1232.1498925278036,1228.2739985428805,1227.688970757439,1222.6805881851724,1227.1988438425058,1227.9399667252183,1231.9578557726832,1235.9974095080445,1239.8234489096587,1244.5782735688717,1244.612842681857,1242.9606009015636,1237.7976059615073,1238.0826860337575,1239.8536299316866,1246.45033193649,1250.8809318179317,1242.6981569006261,1227.1970358096548,1213.4242543259688,1207.2513986353576,1206.3218478941876,1206.4371793200942,1209.8128875988696,1213.6397901043192,1214.9078852114292,1217.0749511520978,1216.7687457978354,1222.3582528554211,1233.643992597182,1251.8161280548463,1272.939068749406,1292.70855873829,1311.8279475777854,1328.0149000525976,1338.3284332029993,1346.5889969682812,1353.2429567806041,1359.8865625718267,1368.3675674545805,1374.8378065649415,1383.6629765299824,1389.5838594947745,1395.9442069885615,1399.879459250542,1401.2673888644404,1401.728096464377,1401.1982255020089,1400.6571964001125,1403.2385734600903,1408.6990642534922,1414.3784573486344,1419.6115143922736,1419.758068334413,1421.421948869753,1421.4919303571323,1419.97378262582,1417.5488469960937,1414.1592615550442,1413.973569670693,1415.0172856654565,1416.8513781569688,1418.4164226637577,1417.2083704896993,1413.8383520110265,1415.0034874575094,1418.646334437024,1424.8569438713744,1425.434624753126,1426.2013265738433,1427.1852117520377,1430.5720640176755,1432.9577128170406,1433.165773855798,1431.70691410899,1431.549553820512,1433.036291514404,1432.4637506195368,1429.2815823750798,1424.4092065565426,1424.6669672214293,1425.2922943046963,1425.975664609721,1423.2172442484855
395209,6,"Washington, DC",msa,VA,1756.6701760161109,1750.1491049062029,1753.2857089343279,1756.6114433351443,1764.970657665638,1767.0159647968292,1769.2344749645756,1758.6124556900259,1762.4577265218813,1772.3358508149884,1784.4824859181192,1784.8624161425198,1782.6145844408434,1778.0503125912217,1781.2367089932445,1786.8936579368942,1791.401893078717,1794.4635844750808,1798.147658382436,1805.0124062356792,1802.7383372107226,1798.7314678591817,1795.9650572660787,1806.6161051674621,1816.6613945639065,1832.0291320813878,1835.0519357714802,1834.7460065717637,1830.7478274936457,1833.3263584706374,1834.1059246538068,1834.9179627659896,1835.0529248935593,1840.1759565631858,1835.7681244671808,1831.4822404643014,1826.9118357582095,1832.8730430012197,1842.9896028361768,1852.580670998119,1856.2882139307148,1860.0927978690881,1863.198049603507,1873.8931151596166,1875.6417765949193,1883.0937148819814,1890.8646174117061,1900.4422300017598,1905.0128836775882,1904.5390494750848,1903.1175598800576,1903.328321452553,1910.2041298647828,1914.4455322670483,1920.0261883902722,1919.3978991810097,1927.386573613288,1928.5082735726116,1933.6384050705635,1934.787485758239,1940.1693478255427,1943.2001223156497,1941.9453909253568,1928.9465506355436,1907.9148998673227,1882.5942144890244,1864.543895214199,1851.5451564713742,1837.5789006219768,1828.101312692625,1816.116980913354,1814.6583255370501,1819.1515940363927,1829.2880533641437,1832.9173612388402,1843.019089135148,1861.7537735748947,1891.7329832340804,1919.9420719338705,1949.0311600846703,1975.2456808608079,2000.3526528360708,2020.214991601373,2032.6060941237315,2036.8040374035572,2040.8450570333343,2048.8952033856467,2064.1105915281023,2078.86220396162,2093.6357267471603,2105.841976280816,2111.7538723357293,2114.7631804104303,2111.2017719562914,2111.2893548087313,2111.0058313137497,2116.1893490217417,2122.107085283747,2135.7874607355475,2140.7662753129694,2146.0545136901874,2142.776440676027,2147.0274541368694,2152.925464945472,2161.7051608414204,2172.1956802926447,2182.143087187619,2189.4512279293785,2194.7905647740317,2200.8179521833254,2205.4923836806665,2212.1125879173032,2219.4338123419448,2230.451597682177,2239.150472927006,2245.7582641072954,2250.788901316811,2254.3183161145844,2259.3635598626215,2266.8231208713078,2273.544461466247,2278.1250992720957,2278.1378632348014,2278.1358264208297,2276.168401671157,2274.1710648538087,2269.813501762182,2266.3933344755146,2262.1607707440953,2258.2589071462376
394974,7,"Philadelphia, PA",msa,PA,1231.793884943766,1230.2687914730705,1237.919429311432,1242.2627535725603,1244.6115973300004,1245.8494421019252,1250.4934147616423,1255.184959383751,1258.1501712925815,1260.1708947854213,1261.512095345591,1262.2477736810704,1261.7600950299163,1266.8317382494133,1265.7469751545298,1268.349505136556,1272.8706589325843,1281.352661782601,1284.151026036105,1284.132426484229,1288.001842642934,1290.5096406108314,1296.7738815976593,1297.1682342926422,1299.6462522134389,1300.5101413714901,1305.6781627598561,1309.4039320629377,1311.5222716923524,1311.5238351487349,1312.2413061379023,1315.5249566860196,1317.2545552972897,1319.9282877345481,1320.049760169323,1328.8396976063252,1333.8942450439006,1339.6563840969657,1340.200799644025,1342.705585674892,1346.24121681679,1348.11760111166,1352.1227694131119,1356.2894170368093,1359.870679933748,1365.4778756625542,1370.473358885302,1375.5439715113448,1379.6007778199946,1379.7882636205845,1385.6864802669186,1390.1435478293272,1394.284509830789,1399.999365537661,1404.8057150211653,1408.7994415955652,1413.285507780074,1416.028646407803,1419.8046179148155,1420.4174862860004,1423.3820626912748,1429.149158918295,1432.754675243721,1430.0643557929727,1421.8679089934146,1415.5369196005602,1415.47499013032,1414.7738003356026,1416.5809298701565,1418.9638488838234,1422.2621763404627,1425.2706158881192,1430.5867890005738,1435.878621455099,1442.7086496019979,1454.7410133199655,1473.0814221323328,1491.230900246349,1507.6899594086212,1525.645051236124,1543.0499300620559,1559.0361151683219,1571.9215774448821,1588.1928222584067,1598.8737240323019,1609.1038300749237,1614.5969829772712,1623.594417422444,1630.9188368658747,1640.5648242778823,1647.4481259597922,1651.3030872673733,1653.1989560495922,1653.9446941803633,1656.2363496231326,1656.4174009647384,1659.5781486522262,1659.125101619821,1665.6568893110557,1669.4549789319724,1675.9426539858318,1675.711099771358,1678.0135373314351,1682.3152857407435,1687.830345016117,1691.098116335674,1692.91186299694,1693.5235515937543,1695.857125737745,1701.4570110086904,1706.5028000195566,1713.0479885762072,1716.6441484013922,1721.8217432536853,1722.2425204045155,1724.1506465184834,1725.2886925601833,1731.0324509187963,1736.915223496892,1743.840432848083,1748.8769974374693,1753.079585341725,1755.025011550692,1756.1579123177257,1758.3307594661378,1762.0951339737144,1768.92769408652,1774.2066790973538,1779.8707004542023,1783.2772041429896
394856,8,"Miami, FL",msa,FL,1358.7663682501661,1365.5848142034747,1371.3912220309726,1377.665356228101,1382.4088260009091,1384.7210783123314,1394.2613923574104,1406.9250154215833,1419.3631894390935,1420.8995370381363,1427.4796137702135,1427.9162669895481,1441.7199891135265,1447.004881394253,1458.7958744490845,1462.9189174363494,1465.2296316401878,1467.849491722453,1471.233280006627,1471.912369464638,1475.468882275426,1477.2360450585982,1484.2659674150534,1487.1882802371363,1493.7537370545274,1497.7905685787834,1501.311228315326,1507.1442265378262,1509.4290338775995,1516.0230404607512,1514.162938386135,1520.8162527273118,1525.2679618887987,1532.2022642501145,1529.1223736914205,1532.1426636620201,1531.4203001620472,1538.3285351848817,1542.0345232782045,1549.680166022768,1553.1894162385092,1559.9614459839593,1567.2554294190932,1572.902221842671,1574.4020707893042,1578.4158669621495,1584.7956821096946,1590.5234304429343,1594.2941084220722,1595.31204122388,1598.5859213228987,1599.4392771783257,1605.944679349705,1608.0061432191858,1613.713691231246,1617.1326772458806,1624.5102621274486,1629.6082751291892,1636.8490937773952,1642.8672197585213,1651.4370067603925,1659.5065700189343,1663.332517451136,1659.489958488352,1646.822229856042,1634.8179661808144,1627.9489348176858,1626.667900953816,1627.8021035000163,1634.4191789110205,1643.9391559442504,1654.5769524967855,1672.179523215148,1693.4209231964421,1721.5904767701313,1752.0149407359363,1793.659038427506,1843.0554965454016,1905.2099495416214,1966.5138356667421,2022.1561891376252,2065.1304022788217,2103.425848911598,2141.885311230044,2175.2669881208453,2203.1694814136276,2228.3058021902875,2259.1614036644323,2287.52141185803,2309.1945698803925,2316.7379976813377,2314.6516208708485,2317.5941167992514,2318.424058158636,2326.1524073601113,2332.122099712603,2339.3214626932254,2345.7435334306306,2347.208258523055,2349.6504317275235,2348.0841116403026,2346.700219599102,2341.1151813503025,2344.087411865947,2343.369817662752,2351.6388999673063,2350.851993439762,2351.7126209088074,2352.9752992512185,2358.965021805927,2365.887300565022,2372.077985151476,2376.009388338698,2379.2420337488916,2382.31343868085,2384.456172599856,2389.863731783399,2395.3177417074844,2401.285899489971,2405.753776677609,2409.117802246622,2409.257950586787,2410.4297507756137,2409.578920400414,2411.6401847165903,2414.474260279656,2421.066667322332,2425.443781746633,2427.5044499567234,2425.2482903597925
394347,9,"Atlanta, GA",msa,GA,992.6905221164205,991.475664907686,994.8514965046679,1010.3318909503554,1019.6175266358707,1035.670233726877,1038.6552861826658,1039.4701282206258,1037.8275796255994,1050.161343113896,1072.0791806895338,1086.9441911589158,1092.1274040989815,1095.254609500218,1103.9489011451037,1104.9372243862897,1108.443446631499,1111.4540504751942,1123.0903482410372,1133.2267491022621,1144.4171600725485,1148.3729439133792,1150.8454356235677,1148.7127256769966,1156.759431064378,1167.3428472372116,1177.0431417142408,1185.6956339195995,1191.033845814379,1195.3925603988077,1199.6429645062608,1203.5389474014023,1214.0651326700424,1217.34567866316,1218.0493602746785,1220.6547340949128,1229.3139445284578,1239.0834097498616,1243.9306694113397,1248.5443567975417,1256.749056274316,1262.9012569726806,1269.3205397304466,1274.6251826654043,1279.6082898585778,1292.4440212646036,1301.8463784663816,1308.8565645141389,1311.1664009710416,1312.3838467137875,1316.166611271351,1321.689152363214,1325.5707420092697,1331.0884964650124,1334.581953822678,1339.1207627121394,1339.8692942034615,1338.9282751515761,1341.5950839500363,1345.950953685094,1348.3496790466309,1350.065212317999,1354.283951137945,1347.1822249961813,1335.8615272340119,1328.6523312304973,1330.3211040426072,1331.3647626789034,1334.895766063503,1339.6775228072252,1352.1523255801098,1365.5247360065418,1380.2527118536584,1393.73256493758,1407.1503391632675,1429.7629212710767,1458.2071416803801,1493.94453379949,1529.9720245767483,1568.9982568144223,1604.9791685058076,1635.5056189413385,1655.1780309144335,1666.8401919687108,1670.392402551423,1671.857772931154,1677.2841406412197,1684.2247304375169,1695.085265146441,1702.9682144127112,1709.9334748512128,1709.1431873467789,1705.4004798820877,1697.342091145653,1691.7017918895988,1686.6602285043095,1687.4719302005233,1690.3439247850208,1699.4325927003058,1700.099310308588,1696.4236288199058,1686.0388429322657,1675.6776309919082,1666.3238406194378,1657.4635455920734,1652.6352584755623,1647.620382288179,1644.9001790691823,1642.4873238370094,1641.7150896349567,1637.5230309262913,1636.3825284367022,1636.3916968206388,1635.7773141186292,1632.8442238526025,1627.42564891365,1629.4527993783634,1631.2451063951967,1634.0593252953706,1636.282521215313,1637.0504727379048,1636.1114031241127,1634.2985093171735,1633.681795324668,1633.6122695581844,1637.7980489058289,1644.4104623503888,1654.2321034850254,1659.3111824045982,1664.1192360066627
394404,10,"Boston, MA",msa,MA,1890.535242142262,1888.9746719875698,1898.0256906984057,1907.3517699381564,1915.6679757956103,1920.4718707372788,1923.9643212592364,1931.2068751295235,1937.09193273967,1950.219697963203,1958.942044105517,1968.0202930789583,1968.3072165850317,1978.8770674095674,1979.2865907284568,1985.6904919906162,1988.7653906497212,1999.0328213769953,2006.7116680465779,2017.638220121689,2029.3289944822545,2038.8930987766566,2037.6514523205221,2034.9933212166793,2042.8930254956372,2053.815914964251,2067.185316878435,2072.6252082012975,2074.0686272365306,2075.990240616353,2079.043120856822,2085.2884726008147,2088.6660072856193,2091.4529343442623,2100.3210194212725,2114.303616730695,2123.8850934178904,2126.618245280922,2130.9142706506295,2136.9412624930733,2146.3812830977085,2149.1779267630527,2154.786187968826,2156.505936171204,2160.818378364149,2167.42890087801,2174.32810113999,2180.36772286086,2185.1778039946144,2190.531205780691,2195.437608705397,2201.5780025794993,2207.7237602649707,2217.264341256878,2224.5479020321195,2232.3908009019437,2239.4419620315016,2245.2740201158153,2250.217654524711,2253.601052017659,2258.1541352740937,2264.791625846243,2273.2919186121408,2262.135357434007,,,,,,2111.7555534892113,2096.485455236492,2099.643451201063,2111.773094318092,2132.0263197619415,2149.2696246897967,2168.377726932713,2191.237875009336,2221.2920715708156,2252.8724881357184,2284.0637017011363,2320.608794988953,2357.5676485926165,2388.238819565662,2404.9749239357993,2414.170964048791,2414.055127927586,2420.51171057517,2436.42077596034,2461.492482043453,2488.208362022602,2511.1191016688726,2535.843809534867,2559.511783437536,2576.0238315847723,2584.7634983145686,2586.2271054609505,2586.4518578346315,2596.5080110537683,2612.39298161471,2631.380974005702,2645.223268176668,2655.2111948739494,2665.7543540834454,2677.4849840314228,2689.000079953046,2699.7722900368676,2709.1490383209957,2718.724029867643,2725.5916486898473,2737.503063532569,2746.9433054203614,2756.2137308564347,2762.129238174257,2768.243150720226,2775.6595774467205,2775.7287322876296,2780.285785865656,2782.048693382019,2791.5158614748993,2805.985234840873,2823.475545028136,2832.814418947665,2838.776811204037,2840.2532877812337,2844.077939158289,2848.570904004152,2852.2043684207565,2860.161945057848,2864.3506125334334,2872.0228143949357
394976,11,"Phoenix, AZ",msa,AZ,827.8669103436551,844.926759318556,850.8024424479676,863.6227854578202,864.8903287420642,870.0058852862329,871.2775077246035,869.8505151081137,873.0207597778372,883.266666345426,892.437948776554,898.9902111813772,914.3409532651198,913.6726324239331,918.101358013088,913.38269408823,924.629400556701,934.4905175252618,942.7918190504905,951.0978558321718,955.8980121778217,958.6003820297442,966.3319370919629,970.4561751075867,975.8852686880264,979.2048762012172,984.5065337667282,989.1162911464138,994.828884472203,998.1886197580928,1004.3610431308492,1007.8416897273831,1017.3253837586599,1021.9996720632523,1026.862346884994,1029.4501266469222,1030.198105158007,1036.0583138102563,1044.937040777018,1058.054360139418,1064.4630207942826,1070.6390728502467,1076.844321812042,1087.4440767821948,1094.6977156834698,1104.0531271220957,1110.4014989361958,1117.1109459358147,1122.3372026727193,1130.327990826085,1135.3566964966358,1139.5468443694222,1145.6434128142055,1153.7668125293433,1161.2412711832812,1167.1731671201844,1173.6713237182773,1181.703282021812,1191.2866687143292,1203.1604706201845,1217.1079738060514,1227.6585252838715,1223.8943823406148,1218.0848799221887,1208.133551526485,1200.468695607718,1201.8920380319337,1207.9794350136335,1218.3393975358047,1229.8606427040522,1243.8769296927626,1254.9839693134763,1270.9199735243385,1284.4713800308632,1304.7519397306762,1332.1242362263001,1370.0154057306147,1413.1934041484278,1457.816451941033,1501.5272689949604,1534.8527440846872,1559.716178463898,1573.6499718196117,1590.2081169150345,1600.0770051223033,1610.204369341726,1616.1846126820803,1623.0502021425636,1625.1872181388603,1623.2256268255394,1616.567265604434,1606.433137143553,1599.3579133775947,1592.9243390075667,1592.4174239719637,1590.9758477393343,1587.828170477862,1584.1495331426624,1584.4490418525183,1582.8268370008966,1580.390501899846,1573.4156596898708,1570.0325360233664,1565.7833866215421,1563.5765536189717,1561.965280626151,1560.6690439560055,1557.8272805416339,1555.738442768843,1555.8664091162411,1555.1265544101961,1557.1924907756036,1557.084731509597,1557.673700484316,1554.321082426321,1552.3034649304814,1549.7770835505235,1547.5925328927215,1545.1631104820667,1543.3378945151546,1542.2480877178696,1539.2523390232923,1535.1699828041687,1529.0786106864546,1525.1454558981882,1523.0253519236994,1522.761365471871,1522.3084548570407,1520.7823550618043,1518.56561466262
395057,12,"San Francisco, CA",msa,CA,2206.9278216811786,2222.722470650644,2276.806122151813,2304.6624056656933,2323.8720284546166,2339.0686288909355,2375.404658798166,2411.3030074645744,2428.652035219301,2430.4606534386785,2442.052021084195,2468.3426426061583,2497.216450810215,2506.2085172070683,2502.121135996275,2500.2437863299224,2497.983059744616,2495.171692463293,2493.4341520463936,2488.9282830975917,2489.902063565713,2484.678634778168,2492.4890475332363,2500.308561124041,2506.486450893883,2522.8282273807913,2526.3758102181564,2531.0478211100603,2533.1104091944135,2549.712131920841,2556.461631671149,2559.7663837746977,2564.2215435822736,2570.391063413707,2572.9716862698556,2580.8081298863067,2588.102045532781,2596.7296611754814,2598.89654126193,2609.939192130847,2617.254768234125,2620.006929773989,2622.4612123503316,2633.0387688555197,2644.6329673261102,2658.4819202142057,2663.8235350286313,2664.444032635319,2665.654189524799,2669.258663052681,2680.613963556614,2684.551189452136,2692.6637836575883,2696.9384146341426,2704.99070644858,2708.442318506484,2709.4764758715887,2709.323537850009,2714.1672169320614,2719.145741493816,2723.9583584171432,2724.378547573174,2718.569575486041,2695.9129061564213,2661.5823587790314,,,,2476.303981566466,2444.4190078429406,2425.1231055822973,2413.296139028446,2401.6714137179065,2402.6728965151938,2407.8614116443273,2423.5822751838264,2445.2551229760843,2478.9807574577626,2512.0137075096222,2548.47359655726,2576.492014620911,2596.459609049274,2609.656703054744,2622.261974388328,2638.4239155113155,2652.258596348432,2661.0302078289656,2670.542669591652,2680.1846418752443,2689.8374637022193,2698.018299332092,2704.426432433065,2711.8069697424366,2714.042722921359,2713.261214213691,2708.3176664405632,2700.8041470660255,2697.9396605509264,2702.576448452586,2698.81669866413,2694.4214659474746,2680.089037081711,2676.6163241132945,2674.0490263037154,2672.4938996158526,2673.6427210892143,2669.8456140414537,2669.212574218121,2672.7814486049597,2678.624627709999,2682.9309359472295,2686.9077057828886,2689.9899946266096,2694.195605233224,2694.841163252685,2698.9779007971274,2703.2522597148504,2713.462839092152,2726.4983557061805,2739.7447060526033,2750.9880150146937,2759.162986265977,2766.6458675661347,2778.8428968556577,2792.8550280333334,2811.586908512459,2829.4821598127105,2845.752526832231,2862.842427211916,2876.5491519037973
395025,13,"Riverside, CA",msa,CA,1136.0989029063924,1140.9402457706908,1145.0051968478358,1146.5616522525534,1154.303116083255,1162.6549698867311,1172.1465252970906,1175.0121236109935,1192.623141348068,1198.6985670562697,1210.3801725333979,1214.589502707524,1219.2171471386423,1227.5078914104251,1228.7536016259432,1240.6985119080534,1242.4675771571308,1246.437912387156,1245.9677088952599,1253.1802221008174,1253.7008487738033,1261.7675629786588,1266.5961665213135,1281.1428479105255,1291.6612641032114,1301.651204168804,1310.630053452169,1325.7166743303162,1334.900089532059,1347.0361698481343,1352.579685846915,1363.0691581720935,1371.141686507902,1382.1982894916316,1392.8246928336278,1400.8468015117608,1405.4079073221278,1415.7923952275762,1429.04718741231,1434.7692650177953,1442.7043938593426,1449.2022844996961,1459.5627769918633,1469.886329868247,1477.5616713441175,1485.9677326600386,1492.560926549848,1500.3842044261621,1505.6929402225628,1510.38667133824,1514.5019426395222,1518.8461611014877,1526.7110702194163,1533.4104218275468,1541.349651010841,1544.88046028144,1552.6098276470404,1556.6237772000748,1562.6624013624682,1566.9340768926209,1575.7544469839243,1581.9217598448156,1589.0566531334023,1585.1956844596764,1586.9194692680308,1595.6073560576074,1612.561262457826,1635.9040285163014,1659.4567649345518,1688.827891205247,1715.8294624752896,1739.2780458098193,1758.082160128742,1777.4031054226584,1803.8791527527032,1834.2884843877277,1868.5982135980257,1901.7623141540298,1937.3019254239857,1971.830420601033,2002.5612905937298,2023.5319923564305,2044.0980108272345,2060.708880378186,2082.315276679549,2097.4673167425153,2110.414513122206,2132.9257307425387,2147.2682861009157,2166.0214772354075,2165.6434579689603,2163.2870585922565,2160.5529733429285,2153.965155202879,2150.364817408614,2149.2007617469526,2152.267275752298,2159.5087145691828,2165.6402656636683,2168.7810942101996,2170.8594880529395,2163.1607155820084,2161.0353605030937,2157.209899284046,2157.7846506760407,2163.5074586685278,2163.93558957909,2164.9382848578175,2165.1068115907406,2167.7766067294683,2172.4397795548566,2172.833162583977,2179.115220667052,2184.899276794526,2195.1431800209402,2202.1455141810516,2209.818862772321,2213.79377217569,2223.0526075751995,2230.772040812044,2235.5475893069674,2237.046640781283,2237.2738493643924,2239.7381927176793,2239.310195566909,2242.7140313765776,2243.207296455586,2246.8678876622776,2247.394208048122,2248.5671191965307
394532,14,"Detroit, MI",msa,MI,846.0261298302512,855.2284680716175,863.2114492178273,866.0835699271413,864.4378929491668,868.0464637794279,870.8660650821781,877.0626980108703,881.8226243764416,888.6884215463534,898.412328557919,891.8509024775608,893.1212832646597,887.2965593384154,890.1023202623983,892.715665652449,895.9002841606268,898.6883954680449,902.1532587786476,910.43498037045,913.8196689025441,918.2407191462487,913.8461698919259,922.8887565973781,926.0617543854528,933.8047607806546,932.9427682826018,941.5647456251011,947.5247507210537,957.9224824875308,956.8727609580153,959.0719943506436,960.7832901474482,968.5441338703151,974.9422042813167,984.3213332006202,984.6997554966164,984.0216202818699,984.0535271108357,986.1573345548366,991.4576048244379,993.1051867607082,998.0131717002283,998.4877527680184,1004.1771016572269,1004.2825637346729,1007.0974159292837,1002.8981192862203,1012.7126096532091,1022.7641523978131,1031.792793504104,1034.420304249014,1035.7891964177106,1037.5692220257208,1042.4138292940904,1047.8416182251901,1050.4907615680809,1054.0705365331507,1057.935181706893,1063.1741540588357,1062.6679535579528,1061.5448729774478,1068.2401546347846,1066.6147339054148,1063.6004433116323,1060.9460092170898,1069.555642499685,1079.1836231172176,1090.5123001358697,1098.3153719093218,1106.7295494910795,1113.26680205757,1119.585871774497,1128.1250982661873,1134.033608497244,1148.263157614714,1159.615465019425,1174.0252832006568,1181.346034690494,1195.9188562682543,1207.0296312696926,1219.791159522927,1225.6136842623855,1233.4936863374623,1238.0795446343104,1245.4959714262018,1251.2572348180843,1259.8989055099544,1269.8555607908986,1282.5507739597779,1289.6977089373988,1290.6546112673714,1290.2501954637344,1286.54683978407,1286.0681005271651,1284.8308019663903,1288.5788725109812,1289.2715025797781,1290.9704265477974,1291.3200775040846,1292.7972603052988,1291.2057307801172,1293.1211575247964,1292.804683356925,1296.1902669107144,1299.4479682358065,1305.4663866029416,1308.1496507914467,1311.2521485243838,1315.0532223730684,1322.2583702538,1325.7958012966185,1330.6954217862153,1334.1688117640795,1339.882673793565,1346.059615517501,1351.3317816179367,1357.7441819707824,1361.858230644571,1368.2118096548795,1372.0077187551851,1375.7021231606889,1376.3184219052287,1379.3177845016035,1380.1941830401206,1382.7357083498528,1382.8214225193958,1384.2737083733057,1384.481796431093,1383.918586881866
395078,15,"Seattle, WA",msa,WA,1314.5901850705188,1319.249683997242,1331.4741909937293,1335.2245238480957,1335.4035914108345,1341.8539128611126,1354.190140011058,1371.5138970032795,1384.84300601078,1396.348520210623,1389.3896722036993,1393.8869735163064,1399.5018305607757,1418.5363786472008,1421.8852887932856,1432.558825646517,1451.871522703471,1464.9763615616628,1477.5507038107178,1476.8592749958527,1487.5254120136212,1498.319119897439,1516.8917148649443,1529.7324624078353,1536.7796996860284,1545.8538836370308,1562.7540312913814,1574.5798387617447,1584.887258382011,1589.8248408284137,1593.037615904055,1595.0771943412412,1596.4603310322916,1598.1404133298975,1600.1026991176343,1598.885923328651,1604.4631300597941,1607.5027437910483,1611.1354596735937,1614.275678499609,1618.1948434514488,1625.0518039752124,1629.3537722410888,1635.7553398939726,1639.5632458394464,1644.0261778486065,1652.747625905357,1658.8182945847607,1664.0943702957509,1665.0144359001313,1667.156488048978,1671.1074499943227,1673.6603457753242,1677.9864481843829,1685.2449938507514,1694.3331659326775,1703.5971922155445,1712.3706504938316,1716.7931375313647,1726.013785107022,1734.1187542519801,1746.5056002882686,1752.0276017282415,1739.6130842484968,1717.0883036923167,1689.712064273247,1674.1562779511744,1662.4134856740322,1649.6422875597832,1636.7730408669656,1623.0320120061563,1612.428990765212,1616.5526116494977,1624.4467057809209,1639.0534665891919,1657.5020326995505,1685.7946956252968,1720.0573760415523,1753.1178946602172,1787.845629425459,1821.0417773086858,1847.786227029173,1869.3829210967795,1885.3087398328776,1894.1835223377366,1902.572602650214,1909.5289182029119,1923.038288614378,1937.8275086033652,1954.8289337683846,1965.7283891834204,1967.215935605251,1965.3314099177321,1961.9182178070284,1958.0897375315894,1953.074888831885,1949.8559713576694,1950.2499587595662,1957.3647863314254,1957.1329669502816,1955.97552382634,1948.760530512341,1948.5056860492343,1952.3369120149366,1957.3256230989496,1963.616470892096,1966.7166439530492,1974.2725273607991,1982.6604592888543,1990.2442713059615,1993.4197003315112,1999.293541158594,2004.6324692162043,2007.9448436477912,2009.095713828906,2009.7921881826737,2011.4726436775443,2015.8446659143888,2022.7938756103138,2027.665060326682,2031.6398466383098,2034.137313452653,2036.5214560977577,2038.6612509378606,2040.9423057328042,2047.004350650106,2052.6341806974574,2058.384222970527,2063.425770059764,2066.1283470469884
394865,16,"Minneapolis, MN",msa,MN,1126.5752885750483,1127.2552405630365,1131.3258582086742,1127.8766298639218,1133.4524111902701,1139.522995240682,1150.6939396349865,1154.5408306618556,1156.888694816464,1153.1770034502752,1162.9338949178325,1170.7888136941115,1171.3369007749927,1167.435310664571,1168.371640597994,1190.193034764436,1202.8660827907825,1211.7435317293402,1208.086608047931,1211.1675240718967,1218.8632514441326,1231.0316756592936,1235.048527922046,1236.1339020088844,1241.5964869511618,1255.3135944404107,1261.1944949364065,1263.415708213769,1265.246684791141,1273.8893463966442,1281.109199940371,1286.4673852650287,1287.6997770883195,1294.5834365827159,1292.4187777295158,1299.96519832182,1303.899214135242,1313.2164127328754,1319.0855386390767,1316.80026435602,1315.7996283404693,1313.4296195756767,1321.770733634607,1329.3653223423466,1334.0919289622032,1334.9923916494315,1342.4581312664284,1348.0685850110708,1353.0813718014717,1353.0094320598814,1356.8689714137001,1364.5007253124686,1373.0004216745444,1379.8447942609334,1381.402846549375,1383.1253580524644,1388.0493759220415,1392.1629198479732,1396.8489311867827,1398.6692990613735,1401.946296437309,1404.6624122946357,1401.3596736238796,1394.510247833778,1383.0738650036678,1381.0848099533657,1378.7416799590621,1381.5752259493497,1379.810913609569,1383.5743596668156,1379.5754301498682,1377.300315315477,1369.7803868909082,1367.4615794816166,1371.29534563522,1379.1813570889426,1390.9055218817202,1400.9706170554111,1409.7980295337488,1417.8031121103515,1425.355391852299,1428.6179413574084,1433.2830933430066,1437.2441560071538,1444.3318535423953,1449.791438582485,1454.2734028579357,1459.1221897847454,1464.0292370679203,1468.5189154655247,1472.4481617788133,1473.7367238329252,1476.3739029646065,1477.865481642216,1480.65874093046,1483.3418432426533,1486.709711755093,1489.5161426057946,1491.891063260968,1490.3452147576327,1489.9561328002544,1489.2220433426396,1491.9158699329012,1493.473482255336,1494.1087143921438,1496.7150219961827,1499.0823295294285,1503.662169467256,1506.044587848755,1510.1047606872282,1514.025203921463,1518.657554233201,1521.2234070559991,1520.855641501868,1520.790373458476,1523.8895660103599,1530.0945878573955,1532.6777577412709,1535.8875969479661,1537.7996274272693,1540.8401729648017,1543.299497452944,1546.2894694998681,1550.706803203755,1556.3137511083387,1564.8377917232624,1571.953482141182,1578.0926136905912,1582.3458933649938,1589.2176962785745
395056,17,"San Diego, CA",msa,CA,1496.136779976744,1508.9372036821944,1519.9191966611495,1522.7026142077923,1530.125160665747,1539.4132300547446,1555.8394211727702,1569.1252303626704,1576.9527047648307,1584.8808858612356,1593.9173395720131,1606.5942203064837,1612.4463346257708,1612.9978097374983,1615.1110144466725,1621.7017223609682,1631.4809111877234,1645.6738441480948,1654.8383746195839,1664.2833685566038,1671.266979493388,1684.3530396614233,1697.5018074667883,1712.9348415110853,1724.2390245044037,1739.3461936346125,1754.9564614566368,1767.3099322699773,1774.0226108290403,1775.898861167985,1780.1342042209121,1787.3925849106727,1796.4083766183462,1802.5281001980659,1809.6384163358034,1812.788011701149,1825.9621873876677,1837.8566373092294,1850.2647759007584,1860.852737578973,1870.504157803471,1878.4171012915888,1884.8437421367764,1891.8156755582404,1902.0020533736797,1906.0087107696581,1907.2808816437293,1910.768215199267,1916.27004523709,1921.63694859493,1922.2433153488573,1925.252503430737,1930.8738424617811,1939.0453951533882,1947.8095317249433,1954.3909232224614,1958.0818169924037,1966.4777564468877,1976.3211537057898,1985.7723164496042,1989.7296066000183,1993.8465872458846,1987.8810644372086,1978.811007307253,1961.9693333045811,1949.1758254267831,1945.139269845772,1942.830222045574,1949.1900516975702,1967.132779096685,1991.7801887598537,2007.7963789135251,2023.8882222976854,2036.3836440555049,2055.216885457353,2078.9285668958387,2108.1970061589914,2136.8154403353587,2175.1887229102363,2219.387387122165,2275.659383948623,2315.6381502793292,2352.172782627088,2381.529068831469,2411.7207395298674,2440.9421903314565,2461.380253185806,2491.203693536584,2523.1145076408534,2563.6411272713117,2588.488123885117,2609.077270687317,2608.4488421535934,2606.18604930115,2595.0633377915606,2593.2458733076405,2593.9383446635807,2601.5727154425467,2619.7771322926083,2637.366904924983,2653.8156127120033,2659.755894551361,2660.629415818476,2657.4318488972926,2652.2399683646017,2647.8502412822563,2638.740314365461,2635.1758510036934,2633.87532199779,2640.177262866622,2644.7884256576676,2648.8997205316887,2650.660789083397,2650.105290284644,2651.7218384378525,2648.6122655832482,2652.950837744611,2660.567872767236,2681.1280553806255,2693.547989069747,2701.5063519958835,2699.4940559819984,2694.4681091066254,2687.4764261800988,2681.919410957751,2681.1939896311783,2683.755769824852,2691.9190684582904,2698.374649157755,2701.767316621137
395148,18,"Tampa, FL",msa,FL,934.3820250697642,943.3284075314971,951.3515156042242,959.774244901015,965.8905888264815,973.6308555134792,976.1628318691543,979.7837285276273,983.1495345952109,992.3728668720366,1003.062933894125,1013.4295577865377,1023.8800040390279,1028.0183129857496,1026.5174513077293,1028.950542290685,1031.898441201073,1036.7788145307377,1040.6117012976754,1044.6192793871658,1054.3426998370317,1063.839517432631,1071.8330806821352,1075.306575009006,1083.6571585053844,1089.249188920607,1100.1727042425705,1102.0758335950525,1106.2749269122469,1111.2104703468299,1114.4647775721778,1116.436737722599,1121.2781392051972,1123.3902078437104,1128.9995201689187,1130.6437723664114,1136.387155825035,1145.9507835496563,1151.258413348695,1158.590634855716,1164.1016902670563,1171.7209524025754,1177.9256786726162,1186.1556763107228,1186.6604770791494,1190.5588580056806,1196.1938750309437,1198.4154002683974,1199.1798561598678,1197.4015876055737,1199.429086345573,1203.7686231043047,1208.560675540173,1210.9754606252227,1215.9906548597821,1220.1262889701316,1227.7836701004837,1234.317177834975,1238.381094772639,1248.5013363180717,1257.0773889839395,1267.0815791202745,1266.0268364576002,1263.064989072971,1256.7584031570098,1247.0850012558788,1248.6595029191226,1252.9488167404525,1262.8671265752705,1272.396355188404,1289.5366641561136,1303.0871933824208,1317.3648125199659,1332.32480223524,1348.1425507465797,1373.7189212526948,1408.7964891461106,,1507.823514493668,1560.8119045764042,1603.5595706316806,1636.7031345549515,1651.9088542748864,1674.6788500728724,1698.1949233552912,1721.477415508956,1736.0184126840195,1751.7246396780859,1768.0156674671837,1780.336292280398,1781.442236487002,1773.4016931742294,1765.239732027628,1758.7496634494644,1761.0513032215638,1760.4728309808736,1764.0929973224672,1766.7410479909793,1776.755856594864,1783.1962356579315,1785.282007393156,1778.1376725586774,1771.6633507162696,1771.8908117477924,1776.5170802012592,1782.1833946836937,1779.4336178819417,1772.8988945962105,1765.0292142822439,1763.265365035345,1761.7311326693325,1762.1931650460833,1760.477419993327,1762.715003422183,1766.8157294653815,1769.8113897847318,1772.9437795333213,1783.0182652094923,1791.017459997578,1800.703369517996,1808.1750599561249,1810.5491415809136,1810.0651332150446,1808.409587415957,1809.3618008401168,1811.2762895543658,1812.885116624777,1813.11181889616,1810.6280487084427,1801.3126670234053
394530,19,"Denver, CO",msa,CO,1251.7220636590603,1270.3126985375945,1283.736786275067,1299.6856159726776,1312.6147533179087,1332.1100822349208,1335.9112753576007,1337.111087716045,1339.93988964286,1351.9785079288392,1361.2021753130784,1368.9572849048682,1375.875175008256,1382.6984504736872,1384.0963779437118,1378.3973765248618,1385.049288569921,1390.1564940316669,1398.1372169882738,1403.850863630908,1405.5329192270635,1405.50502172237,1404.3689539981674,1409.2291447596763,1413.2813088613664,1415.8953865233923,1425.1954300946322,1432.8225952265873,1440.3245551709483,1439.9293874668756,1442.4650449814071,1442.5479274038164,1449.757908720414,1453.3511051935602,1457.5661762802356,1461.352828330215,1463.5859857153694,1471.2565186900881,1471.5506434342465,1476.1316267753018,1474.3621744927489,1482.4658332618008,1488.2128879456857,1498.2531616335725,1500.5096659837673,1504.2442117876014,1507.710644461302,1512.632276343169,1517.673116883718,1522.0593591596387,1527.14068759378,1531.0512898188695,1537.3154055479479,1539.7174242166611,1542.2276351471976,1543.0053115980072,1546.8461745768805,1551.1509560073032,1555.38136367107,1557.2284769400283,1559.8104894605513,1560.2610315309357,1560.9579210577108,1545.946606135182,1525.9626216493793,1508.061965330465,1503.402197447478,1502.833175510001,1504.6578353215657,1504.5433080927512,1505.3828713701366,1508.092471815743,1516.9354231735454,1526.4273365353786,1535.7409982052557,1552.9750911975673,1577.987878130954,1611.694890536189,1644.0084911424647,1677.416994611464,1704.3477042119462,1719.7269661193236,1731.096473171508,1740.6956442790445,1752.3170789149037,1762.543409981784,1774.0571025729957,1790.7063987920064,1805.258996388467,1814.6169115752245,1818.6067027678864,1814.8265600108507,1813.553698999128,1817.1159019651516,1821.3826088992469,1826.2423169166418,1825.5629683107782,1831.1567772642375,1838.113053325901,1840.084039085954,1840.899601388701,1837.55361165806,1834.7280410703324,1834.5453033290628,1835.36322203911,1842.6358796124023,1849.3440554059887,1854.8136429722003,1859.4941209721778,1860.5975891201945,1859.4239316858705,1854.3940092174687,1850.0414288078837,1845.872410759899,1844.3296742925568,1842.7009422994586,1840.1630188040638,1833.5791215990835,1826.054844520888,1818.7016317327248,1813.1201747368407,1806.7446705060775,1800.4382144975539,1797.2221068399851,1793.4826646521058,1791.518592842,1787.7818345122562,1783.6303595303066,1778.7542233423824,1772.732703078548
394358,20,"Baltimore, MD",msa,MD,1315.2882314164622,1309.605604009494,1309.4758706548148,1318.6050095855687,1321.1184771481576,1322.620140437181,1333.05054948365,1333.0583361720878,1335.7268022132953,1339.0125347881958,1345.6506057615566,1352.820793088981,1354.9629266342129,1356.4609017668695,1352.2302729697049,1352.0920453330016,1348.8065934194008,1350.8085931426763,1343.6673625494245,1346.807645018552,1343.9178698850985,1339.7029709127294,1336.0224884278919,1334.453078389782,1347.7793023389509,1347.4811028778315,1356.2077719361596,1354.0750682952819,1372.9816740872427,1378.1105052043006,1383.790609783921,1376.9192544940745,1378.6983849290007,1380.3358403934883,1379.047669683101,1381.0207419892017,1376.132944714697,1388.9975755955927,1388.3723401756695,1394.6097979736976,1387.3400817179263,1388.2281928608984,1388.3190467043348,1389.224334588269,1391.9282236853421,1397.8692091409544,1405.4432847556302,1411.474457909106,1411.3931879101776,1411.0163052687526,1413.8986875909552,1415.8555514428517,1418.7506885471123,1421.2808473411178,1425.7371920465525,1433.7809418663066,1437.3174477404818,1438.5216364476814,1439.6532669016158,1439.9093240059908,1445.2593288948376,1445.01399030179,1442.2964207104937,1433.204319014528,1423.6808984486618,1419.2121067567562,1418.6025394458695,1419.9926285851218,1424.8114173708097,1435.111337114441,1442.7932796215232,1451.9731346956,1459.9921604215979,1471.2356174475308,1478.788745821272,1494.891531645457,1517.860012200362,1539.5825828801076,1562.5204804679258,1587.3455816140668,1612.6873406194345,1624.4763302946542,1634.4945638317479,1641.6970808109702,1648.7894496770073,1651.9847795915055,1658.188726242901,1669.883169854196,1676.498119287315,1685.9144474061568,1689.0912855263964,1687.5302780039278,1682.1273739176368,1680.9612195636585,1681.7156735793496,1682.9313608357554,1688.649462056666,1695.0770573529855,1703.7640007285258,1702.291086922888,1705.0454410329867,1703.2941765180708,1705.472480704616,1703.9910757765688,1704.5695944752388,1705.4740400358144,1709.3800000302697,1711.7415366309015,1714.0704219665338,1715.715507893454,1717.4517564994812,1724.7174348974531,1733.0640674957456,1742.4483382994188,1746.3442601297322,1750.099627421717,1751.344094236422,1757.5516454718515,1761.832067219654,1767.2104322090968,1770.2118177819696,1773.8070625162034,1775.4925645798733,1776.2441522207337,1774.8062991328727,1774.134870954288,1776.8085699802295,1781.9933062530386,1788.5790659500535,1790.4423539302925
395121,21,"St. Louis, MO",msa,MO,824.8552906156671,827.2387215006522,828.2421244479909,832.0937438435708,833.2478579361139,835.7040127335708,832.9922561195286,834.702805069237,835.9962618338271,839.7448174216693,841.9640536593647,845.349933102789,850.1300263824842,855.6625650826205,856.3008993965241,855.389793086924,859.0026046963195,861.1565092281779,865.893245346053,864.4111248126701,867.3935804460066,870.0300052402791,873.7935353516103,874.490394562519,873.1994471489475,871.813234199471,877.9904167786444,881.8261655457941,884.2960038979378,883.9225666609364,888.0136260656208,895.3328559211348,901.0328780428583,904.410432322431,901.4743302535971,901.8786102521874,903.1023153462734,907.6846783498132,906.3117803435048,909.1515242956061,910.2011778868579,912.0118999108905,911.3354422624647,913.6669578043037,915.6812796938989,918.4485369219777,920.2983298830145,923.160614475005,926.6547904658482,928.0056774583751,931.3519198542244,932.8675330594106,935.6456932393702,939.6009301425562,943.0104889529737,943.8175206202293,944.8948212593745,946.6741991360657,952.1482156478986,955.9538083486473,959.3261844389905,962.8255042209673,967.0797177471268,966.1214121314904,964.3300478855638,960.7771262774763,964.2060319560461,969.2456778032607,973.9577560446296,980.8013219872198,983.5086191467262,990.2261949164644,992.699338137568,997.3597639596511,997.762697585833,1006.3436912446895,1013.772915749089,1023.4741208881112,1032.4377769217947,1041.244492544654,1053.5242793278055,1060.3801053342452,1070.7452395588025,1079.6928707447912,1090.8245623570474,1099.7007184251256,1106.7954239090925,1114.849191527133,1122.8163035120615,1134.3231318178216,1140.9949781269936,1149.609219483216,1152.8355116457626,1158.6332163102074,1159.8037819759568,1158.914359353103,1159.4240070886576,1159.7279399213262,1170.2841831717717,1176.5818869858897,1188.3420842553553,1189.2651500394531,1194.5569113174115,1194.4966751526642,1199.5833129154257,1201.870764501362,1205.4259695068092,1205.9365284064095,1205.420865458827,1209.2390481437383,1215.1635728848703,1220.1690233836257,1223.593481805991,1230.0091512118988,1235.850538074413,1237.6907729585662,1238.1704392754198,1239.6756785403527,1244.9619475729583,1253.3893194600441,1261.2739833265528,1266.03619546877,1264.247150962091,1264.6989795561296,1263.6002878764716,1264.6577307824807,1265.0163863236066,1270.56724627131,1275.4554251847737,1280.2866911272574
394943,22,"Orlando, FL",msa,FL,1077.9880462480073,1089.9784447316672,1096.9211613610416,1101.9280839957046,1101.5817531868915,1096.6201357909351,1101.4418817931935,1108.3978733679287,1125.5890834125846,1141.0570290799174,1150.1100101601378,1157.6463316855306,1153.459897044883,1151.2433465110682,1157.684928827847,1165.9923860335864,1177.2879873122513,1183.558542244978,1185.1847591045473,1193.0708657981654,1198.0820260389983,1206.5646832060195,1211.2802716730107,1215.3946873258876,1224.7705719787689,1226.708191457558,1228.3970596110282,1226.1990501361831,1238.099101333186,1248.8903572595536,1257.5240186140763,1253.0305849364092,1254.1770218350443,1257.095747304188,1269.6699896534315,1280.510139134606,1295.8745364844617,1312.799705233116,1325.6290917339036,1330.7477540805473,1327.2671681360848,1326.766393682546,1334.5568644599657,1348.2686491844486,1356.4984708560346,1357.6116633515444,1357.2302875756484,1350.1927140212902,1354.515174355,1355.5429359436655,1356.3232700393428,1364.821988783034,1372.0954681265132,1378.841115223267,1380.723323762565,1383.084275109445,1387.0282857182247,1394.7370775388408,1399.702766429986,1411.0162104092797,1410.633709419548,1413.7424952140493,1396.9766435741556,1385.4630796781212,1369.5781493606762,1353.6677533278332,1347.153820460222,1341.042685226953,1340.689544003562,1341.0608120149795,1349.276692081264,1353.450010592838,1368.2163578127186,1381.5346230954922,1399.9720304210182,1420.2189184337426,1446.6232899695217,1485.9141660171422,1522.7543016415407,1570.9221658672,1617.193781515187,1659.9717029712035,1688.000790979089,1705.359497958103,1717.6435798539453,1729.7012272594336,1753.3076283456207,1778.8817420470969,1805.9065701480738,1822.4160271463643,1835.350158839273,1834.4114369611614,1828.0743415775537,1822.7019838865347,1824.848740011127,1829.7229170937476,1833.0662599789093,1835.2269711694516,1837.1721095047592,1835.4738121086768,1831.5311552792734,1819.2576419189083,1809.1370739870429,1798.5854019477854,1791.8761440592598,1786.4740974091853,1783.8250343825578,1783.5609249268882,1784.3078485558467,1782.6638433333483,1779.0968614681392,1778.923906254291,1780.1791145798106,1784.5420198933793,1788.3605949486316,1789.427180496141,1791.4654181524534,1788.1508707302307,1787.9817249415703,1786.3920967571787,1784.6620541334137,1784.8677817352218,1783.6865734238663,1780.8815319585115,1777.2855286848958,1776.4497056960681,1775.6112051236603,1778.9511358017476,1780.622863912481,1785.3542905850124
394458,23,"Charlotte, NC",msa,NC,983.1178771691186,992.4978389478914,996.3775048754135,1004.8381417355195,1019.2396580856025,1036.7536843119738,1037.015325760673,1038.24907192584,1038.3881882079272,1043.7573850596002,1060.2380503476531,1061.8311991304588,1067.3632576945015,1077.3432969474106,1087.49332367942,1094.0719999274263,1082.1437232730204,1079.5283451500186,1086.417753971793,1094.1210735220977,1104.1033569046256,1127.6417713875474,1131.6333984560167,1141.1616060640429,1142.4629366213426,1143.8185937304993,1153.9196833777391,1158.0710446196351,1176.0794836224413,1180.8396806309834,1181.5595633727623,1185.3245607512254,1188.9194172697407,1186.0517893427213,1190.101435642841,1186.1571340240573,1189.2642784827142,1188.2016313308427,1189.6751608569255,1198.4087404634456,1199.9182145921372,1210.2993010019218,1214.93325134858,1223.0911656591204,1215.7325922176565,1218.1021424317994,1225.8889799366516,1241.3413976499983,1253.6772585688657,1255.6677827901524,1258.6999977030414,1259.3162478473523,1262.0474209450922,1261.9918304917012,1266.6177453986547,1266.4144338606523,1277.6072284371098,1280.8750340960876,1279.8129834793876,1275.4677627249457,1271.1947688580422,1276.200985668268,1281.0910401706824,1269.117189085427,1251.8137096870962,1234.27026297563,1230.7082359031554,1230.8303001660547,1230.0608668948764,1233.4520871865718,1241.06767536898,1250.291862197582,1260.4854439026058,1269.6918202957415,1282.183483504823,1303.2007199421257,1326.35913050572,1350.8847185186696,1372.4969853612158,1405.574743081387,1439.233371931454,1469.268242419734,1485.613455076095,1500.4908273298852,1508.8650986110208,1520.5361912152377,1529.7510094965078,1547.290810092196,1567.536568851854,1589.9433546301927,1606.3247631067043,1606.5957198065278,1603.1391463737166,1596.0535861721964,1594.9638467404816,1591.9986040361089,1596.6216697454995,1598.8715859125277,1606.7708266455027,1605.4270636833603,1606.8612790400966,1600.4751963013064,1596.41772863061,1592.3181175020225,1589.2505457502023,1588.7196025168955,1586.0153007776391,1585.8319995870124,1579.8966197987288,1576.9025108222156,1570.7432053428863,1569.7591277801153,1566.9201805164512,1567.9514560649845,1567.9164096188981,1567.6933322936877,1566.956356784056,1565.3902611821063,1568.0244346858444,1569.0480254656666,1571.4171387071658,1571.504433331809,1571.2478740407503,1569.0452333434164,1566.0995588218143,1563.1627748988979,1561.0733049659912,1561.5677578920659,1562.3203760195502,1562.9971834524943
395055,24,"San Antonio, TX",msa,TX,951.2233714616511,953.7405061757426,966.1287974504589,968.2214641061992,972.9564949174485,974.0493098511195,974.5771719424919,972.6463408309297,975.110477912474,984.5438833849946,991.7000878710827,1002.9431514946068,1002.2341598611483,1006.1756606362255,1007.5098142733077,1016.2052620810458,1018.9023476946506,1023.081512232692,1025.4474301842527,1037.1472942788598,1040.3849919034574,1044.4003785442283,1045.9556603655717,1047.1655044508511,1054.1994050311728,1051.9027163282738,1055.6248628785447,1054.832824093688,1059.8144982870845,1062.6116599844813,1064.6580652244268,1059.712802651371,1058.381941276524,1055.200654052432,1055.8794153831875,1056.6552819770754,1059.3312426144448,1063.9116215641905,1064.5009919705092,1063.0764939029677,1062.2664447328277,1064.8078229065777,1072.775912662031,1076.0084581265894,1079.6091310186916,1079.110742446968,1083.2641429326484,1084.05819496308,1087.1299874814897,1086.9670205197176,1089.1766897045125,1093.9659671837367,1096.6482586930115,1097.5750083403755,1094.9900454177694,1097.5512331238992,1099.6285528566018,1105.3639559262333,1106.2610437162393,1109.5429246116062,1109.3307670222807,1112.3447065830762,1111.8295842087612,1109.609267179444,1101.2586340539397,1094.1360892215573,1093.1745505193387,1092.6940733570057,1094.0930580691122,1093.7750793442065,1100.7766622302615,1109.4519330161543,1117.5111441499052,1119.1020300374612,1122.3614386065437,1133.229278965003,1149.5973651990048,1168.9397068272644,1187.6062707396268,1208.9337823198368,1229.4781141571118,1246.006126606303,1257.8608938061263,1266.401222214216,1272.4963553931268,1282.7065338504824,1290.3607764810777,1299.8638070685392,1307.256285372904,1314.5181380714794,1319.8052896440083,1318.1496739491372,1313.8362207963924,1309.7772184567718,1307.1949365659686,1306.0743646202004,1310.4713809226953,1312.388517208797,1318.0488385103306,1313.8203264208407,1310.8744685956035,1301.5364151089425,1294.2114590583674,1288.6804483343901,1287.9193247628423,1289.1504974514785,1293.0125972362644,1292.1400927865805,1286.8737866685353,1279.3190135839934,1273.744283280402,1273.6864314208408,1274.3207991145603,1274.7652903410199,1271.150070002054,1270.4803703648347,1269.6650985302615,1264.4497534893912,1258.895350545979,1256.4508274063778,1254.9201444574692,1255.398858501833,1252.967560024753,1250.0856298419508,1246.1344653114793,1244.9054302321485,1246.0156427398215,1245.2032215898569,1242.7847662886013,1242.6909863960302
394998,25,"Portland, OR",msa,OR,1104.1106354259828,1120.805478850311,1137.05117040884,1151.099403483069,1157.0144838976673,1166.8649454296644,1186.2620431579628,1200.939628519378,1218.9721738152177,1230.105023884324,1240.2547077446443,1241.5225204877015,1248.6589815567365,1252.695989870726,1262.2622617851034,1265.2329074002234,1275.9775579855618,1281.9529835136002,1281.4563926346455,1282.8642426753818,1283.7388455420146,1290.4668145453832,1292.947414113815,1302.0869403397046,1309.6756881406757,1319.5606185747763,1323.3631253593117,1328.9138116669526,1329.7851154594491,1331.0442615742868,1328.7771440251804,1330.8034298197213,1333.1467622846387,1336.3886423204974,1337.6753887108428,1336.8048783774273,1334.610576918494,1333.8764988447658,1337.0202948427027,1343.8671659595616,1349.2938298804067,1355.5201090033365,1358.0225008671625,1362.0412308592572,1363.680984962733,1365.2323278839303,1370.0177811282708,1378.0449024268764,1384.8055067982423,1385.5024816538682,1387.626335386405,1387.346530924651,1389.0273345566466,1390.6373171394414,1397.8121407914457,1401.354907830431,1406.4866557215762,1410.1501638301345,1413.0406949012083,1413.2797220134617,1415.2145012196902,1420.7914391057875,1424.2734701222032,1414.2297421133273,1400.622054921999,1391.8845799505739,1394.1033366981892,1395.9282698385007,1397.118916340363,1395.7494626372447,1397.2005175755205,1397.1466356480976,1407.311190008841,1415.7973928729405,1427.1980564980825,1442.5912148575767,1462.2107874886324,1483.837667279092,1497.789647870704,1517.3605615792844,1537.7980427169368,1558.198238052042,1571.3882808679462,1581.9046547511848,1587.8009146360316,1593.6943559886504,1600.9091569261866,1614.4554011740734,1631.4511818831352,1649.5804096193222,1663.4610120236543,1670.2968098111396,1672.3451047466672,1671.4214741669227,1673.1386017600073,1678.7522251342948,1682.6770346663807,1686.186971327218,1686.5077819320572,1679.9780641295945,1668.675182653624,1651.3433440470965,1643.0686229258629,1638.9150239952935,1637.2319755712633,1638.0872247993773,1636.7746824465235,1641.718796378002,1645.3738414392512,1652.7178593467715,1657.5137036790159,1664.8629044873785,1671.9997822679786,1678.4614694682086,1681.7191054412347,1683.008169592043,1686.6774954699085,1689.5284333380587,1693.74630887247,1691.6251402771725,1691.6836209322087,1688.9039796390261,1688.9357902599045,1688.4506691543966,1689.2302227396442,1692.813233574482,1695.3375380525054,1698.2004864181997,1698.560427002484,1698.504237642045
395045,26,"Sacramento, CA",msa,CA,1025.9386717396562,1033.6046470580059,1046.3016115681355,1046.979014070723,1057.254715260653,1068.408397794921,1073.9914077671763,1079.1641938656587,1094.071095101738,1116.6222204899734,1130.9463750036814,1135.3201831847134,1144.2893475394947,1143.1338191058132,1146.290836478329,1162.7625852738304,1176.5422915286993,1194.9152457260327,1197.0425193189426,1208.0896732300082,1212.6409954449798,1222.252227947935,1233.3650582799266,1255.4121397330275,1270.2293591251707,1294.4702352531615,1308.168280726612,1325.7909371391552,1328.3470247315606,1325.28759834147,1332.129681713225,1349.6018973931682,1366.2016985245637,1376.9935513742057,1379.414605962669,1387.0822337337406,1396.2671016924303,1396.858990813202,1401.511353081689,1403.0131738310736,1420.2287776605503,1432.0780584579015,1444.6619505464398,1449.203316126511,1449.7136447288055,1452.694778234099,1457.150909934796,1466.3078177575494,1469.3325139262674,1477.7535891835726,1486.067904997197,1491.7222776167903,1492.632396985444,1499.2213540162616,1503.872749689969,1506.6649671921361,1513.923663507914,1520.283198016463,1529.4803534602434,1529.5946732832247,1534.9438550944903,1538.2837811211969,1543.8357866259214,1543.1579688995307,1536.5850302417982,1537.959943366478,1542.4211339837937,1559.1081561445103,1574.8360159264025,1593.6816144598845,1614.1530874821221,1630.173569498268,1647.5946410051547,1659.5309800399277,1668.556251317403,1682.7735559256785,1711.1182512440419,1739.1366996867844,1768.5052060548885,1785.390170814017,1808.7718085523982,1822.445071946722,1839.7055564658576,1853.1806203269807,1864.7314523499363,1870.3616973470942,1875.6936701404777,1884.1546982965333,1888.7052714294643,1894.3540902269206,1897.9279904296636,1901.8133927967367,1898.7358660008106,1897.273325159927,1886.2164250106896,1879.0146720180053,1872.9820116354022,1877.594911458637,1887.2881767573065,1891.0224326860396,1893.2873021830044,1892.1487714761383,1892.8060583013282,1891.3000236843652,1890.7379505777133,1891.3106755318913,1894.5422195392403,1900.0691481067165,1906.2002096250224,1912.8134814218115,1917.8902330533545,1926.5646964842692,1929.5342572892966,1932.292638037737,1931.762378708327,1936.7289141837723,1938.0924682999225,1946.4331937454428,1954.0519946140291,1958.554747043978,1962.061351923578,1961.0350165396574,1958.611368833867,1955.3177173395484,1957.302729117529,1960.771159763988,1966.0556019956368,1968.2369030515176,1973.4926626040383,1972.4214123037302
394982,27,"Pittsburgh, PA",msa,PA,962.7908353468144,966.5844475266562,958.8802746724347,962.2491434353029,966.7490642383522,968.339451712232,973.6993323291235,976.0309108804752,977.22526366227,980.3081695958358,985.7296240974517,987.1855498055747,993.8393901294471,989.6843573455538,996.1462163257534,997.2353902502161,998.6519610221751,997.9080859026741,993.6876855552491,989.9042344948597,991.9624913186448,995.6574848105607,999.081738087956,995.1383429086734,995.9339925403988,999.9528196983125,1006.5876957044875,1007.8592785238754,1009.0733557592741,1011.8359569784952,1014.8118996772808,1019.8707114859628,1022.1155288402697,1023.1030879634578,1022.9971627572858,1025.3156907011762,1027.0795507757568,1031.184142963186,1032.1625167999234,1035.435470184666,1039.3412772724512,1043.324014975527,1048.5257052056963,1048.5698280892473,1050.8546896404894,1053.843169907545,1058.9906473011472,1063.8727857087447,1064.6878804650794,1066.7532607854864,1067.9266297565084,1070.8787465579403,1073.4792818250705,1075.9593152801765,1078.1798276305128,1083.517125013128,1087.481983267251,1091.2285201559012,1094.068266463632,1097.8267993814832,1104.0134713879902,1107.915141769151,1109.334359706564,1107.915260493201,1105.5590640602293,1103.0980950409119,1102.5171300722436,1101.8785760384328,1102.9295406903614,1105.6984978435553,1106.3646632202303,1108.4656541218317,1109.374508936486,1115.698199457466,1121.5030538403769,1131.3053335993695,1140.3909936188375,1150.855511346308,1159.3794289945588,1169.15507548945,1179.0346118232576,1188.5189120279185,1197.0205701476252,1199.6339041741626,1207.3184124788536,1209.9861797763253,1218.6103846132694,1222.5784258730005,1231.116470793316,1240.385718465735,1251.6594278026098,1261.3590852932405,1262.7997392606442,1261.559235323474,1259.1711991799682,1265.1974607639495,1269.6541381731352,1276.6657898804276,1278.0895312764176,1282.8445390419022,1286.4884832667713,1286.7838572810024,1285.2418380657384,1284.6842202023647,1289.941119862316,1294.9236714567855,1303.0314857682808,1306.6442313270193,1312.0492466557898,1316.1582532703433,1318.4023695166293,1319.9744991121802,1321.9834277008288,1327.0246607479232,1332.6528750333075,1341.7593117749768,1345.4863107864537,1350.1241168058064,1354.1267161239346,1358.4238358824473,1360.8271390464922,1363.6413877523776,1369.2199153821698,1374.3355104091388,1378.5214578620362,1381.5865888387182,1384.520353523751,1384.2997672891236,1386.7955508184625,1389.0147918980538
394466,28,"Cincinnati, OH",msa,OH,778.7354063651284,781.5185245514625,790.8681178391553,796.1832752382636,792.0821085938042,791.2039224095197,795.48496103169,802.5593139610347,806.5098238897473,809.3523053769383,812.2511164806458,815.5701825009824,819.1654118618851,815.4081486321813,816.5850001974816,814.5107832136616,821.1092211541222,822.9671544520813,827.8920420083356,831.7164720591693,835.8877414397389,839.0559727766993,843.9169034775977,848.0168673195518,855.6645394994405,856.9616117054936,858.118650777313,857.036771298546,862.8323842209106,869.4687588649438,872.8981851564769,879.0714006451979,880.7330060186555,885.2101609382383,881.3748448405856,884.28291885662,887.588303397615,896.382705213172,904.3694219787001,910.8150127885032,912.3458485201651,914.1161366748103,917.4592621322221,917.1692684606207,924.4961413085773,931.2262455000346,938.1194623143529,944.4968255738993,944.2282354600917,948.7041022016101,951.1287318001206,956.8175161443892,961.2095696622857,965.9081320940984,970.1815167255425,976.0697262329519,978.1493673625603,979.4706128518698,984.5252396541183,986.5942593830009,992.8250655755888,994.0128660256893,1005.7290810283606,1006.9140960197494,1007.5783614863648,1008.9242242970307,1011.0305677976583,1011.2346153287006,1013.9035604484843,1017.1755435099052,1022.7321351734258,1028.174485058175,1036.3327303713372,1039.4501510587972,1042.4449829428165,1048.411267942195,1057.571203683471,1067.787095256528,1076.3311913920136,1090.5654993618991,1104.8833993211326,1118.1577666099345,1127.7024735548616,1135.3961862976694,1141.1695308533485,1150.8566614383676,1159.2599951292998,1172.3207630349727,1181.6945965936002,1195.8972882222658,1209.5602940756728,1216.5823871716293,1218.4162652460113,1220.2675776111648,1224.3550613347215,1232.1764709210083,1238.40491536572,1245.7265939776619,1252.244206254107,1256.8091624217154,1263.6408065023668,1265.0013664146109,1268.5136472155689,1269.4495391970058,1271.8246663358227,1274.4610702687417,1275.6579558916692,1285.5884492268733,1294.056963493767,1303.0918746778277,1305.2037309043014,1307.022606171124,1307.155978877404,1309.5044194956404,1312.1084085271468,1319.005706908763,1327.9045764211423,1334.8258644101463,1342.391398015171,1341.269939136977,1342.1782846603628,1341.080523838656,1345.8014629824277,1350.3158600512693,1355.451131191291,1360.2375240479066,1363.5712265235618,1365.6411427717107,1366.110161246805,1367.6017320731996
394355,29,"Austin, TX",msa,TX,1100.4167273550636,1106.2973909253008,1107.7116819757684,1110.0208319780943,1118.5147605541672,1125.785512910012,1132.0501598863207,1137.019726605592,1145.6817576181816,1154.4911768603117,1172.3933011822062,1177.5687601303507,1174.916755290408,1164.1577601230613,1161.9282848136445,1170.8540396794565,1172.7090137332375,1179.0266164915997,1179.728527812615,1185.1002069813555,1190.247277370263,1192.4790420952038,1189.4104222667188,1194.3096496856879,1199.9911788357394,1210.1252767793148,1215.1841224431123,1214.3510254753949,1213.960023521339,1210.6825834940187,1212.6249041041438,1211.6005792017904,1209.1034590104762,1207.3172491153675,1209.7748856321643,1212.7859799444882,1216.1128034394592,1223.4317119975467,1222.4430326391084,1225.0649450044546,1227.0227454706023,1237.2741080439353,1245.5661051285674,1251.3073507584625,1256.2342028044993,1260.8068154654354,1270.185227672969,1273.2671871737653,1276.4373744648285,1279.2472199787524,1287.5292421294869,1293.5612201663303,1301.163194299793,1302.6472938599418,1304.2445827146178,1308.337076475944,1313.6848363996653,1319.4647560170606,1320.0761517941237,1323.9361662240933,1327.5044427226687,1328.4298937606764,1330.7951825701969,1321.6152174750325,1306.861637830729,1289.9887188534594,1279.2063758221568,1271.7453369525551,1264.7606440018203,1264.3308706454154,1270.5224476229203,1281.156470761211,1296.2999927684773,1311.992925000574,1327.8825602315244,1349.7929340017479,1379.5845409467408,1416.2482734320306,1455.4664579542564,1499.0738473817462,1538.6620400128097,1564.6365439455494,1576.7765198194709,1588.194163383623,1596.6394950818085,1608.8136550120882,1617.331617667359,1630.5496654106842,1643.0634408677654,1656.1000515303779,1664.6318627470826,1661.4802453101786,1656.7244344640567,1649.5389031936593,1645.7140515369817,1640.6027611963532,1639.2651253710526,1636.8693297352274,1639.784767511742,1633.4983063693458,1626.5003600311695,1612.8458631701535,1602.22863468206,1590.8045105487586,1580.2727370652635,1576.046077616501,1574.1075386564198,1571.4257638150268,1563.5131932386232,1553.8212509888708,1542.7928463402534,1536.7887494434117,1531.7547937195052,1528.7166135905372,1522.3441424315522,1515.2533603250147,1509.9992189801749,1504.010961569909,1497.375809985725,1491.0771306912509,1486.6007573858392,1482.5652691204664,1477.367653258626,1471.0086347115428,1463.8161553202865,1457.4449681522963,1452.6882007529186,1450.3831691796088,1446.5485254440034,1441.1172052974846
394775,30,"Las Vegas, NV",msa,NV,832.8495431802838,837.7334923084495,838.8507888029272,842.1201497850022,847.4301014721865,853.5952440360834,858.4952256994669,858.9393839292395,863.5054196705158,866.3356963402375,876.9381413773261,878.8750431712159,885.415419529845,880.5254582557352,886.7986949461605,886.1325869844038,893.0009900383701,892.9525534621863,899.4750628893573,905.0306451693284,910.8791490264623,920.6154460256138,919.7784688180586,922.0971556943671,924.2291034900792,939.4632350813482,954.4309534328779,962.0624343377618,964.5933421833739,966.8325129912527,970.0708444423722,978.4331094216534,986.1572486119969,993.7005461429386,998.2318144166571,1007.1749090932536,1012.576615688687,1021.8090082919591,1024.0669840594176,1036.3528218538115,1039.623001983157,1046.42430569479,1052.5831416805418,1061.930727563996,1070.1588282810014,1072.5700831654042,1079.2532141064344,1086.9538507170764,1095.513315823882,1095.057995087042,1098.5796019535762,1099.4184064787744,1108.1827101246295,1115.6436422506397,1121.3083019479795,1121.7939263878125,1123.0660832965305,1127.8794676974655,1132.7764062709466,1133.7995851857695,1135.6112623603174,1139.4847590179172,1147.801595409452,1143.365748613228,1134.8177054904263,1128.0853205784797,1131.1420111923155,1141.5606274269487,1152.01424055526,1167.799042611742,1177.0749103133037,1192.2308263053073,1208.6296340016004,1226.8368643572385,1242.7551913105583,1265.4739778002663,1298.5636936547417,1343.5189456564076,1386.6256729209945,1434.8512267701376,1477.2658989901524,1507.8457987258346,1524.799925510829,1533.3594896831335,1536.8899091739167,1538.9558026589673,1542.0734849860457,1550.428718889704,1554.24887727483,1552.3200104191048,1548.7509324456255,1529.9318707735201,1511.5191219744725,1491.5670021023516,1486.183400924879,1483.2496061847248,1484.5152632140043,1491.9910998223202,1499.6127222189784,1499.8070427819432,1493.1039919490831,1482.1217158184963,1477.5402456684983,1472.3583972310173,1473.3893946533947,1477.3381714195275,1481.9771490393377,1487.13012668273,1486.6547510978057,1482.4321459376847,1479.4662594991635,1484.649307083955,1495.0216307508806,1503.0055512075735,1500.3568482209155,1499.7287937126434,1500.8011257735393,1502.2522602086149,1500.9163948618225,1499.127610398699,1500.342837972894,1501.6007238080003,1501.6542462298871,1497.7101833794047,1493.5179522057895,1493.8895242194362,1499.6594947061617,1506.8926641611906,1510.0598194939737,1512.243919143155
394735,31,"Kansas City, MO",msa,MO,811.1214276542827,807.2517654248969,818.2666622437808,819.4728060138372,834.7896237982086,833.3582046701824,836.7079863387589,830.5811005523641,833.4057429288537,839.6109268988101,848.8533843138771,850.3197461217114,856.9353989488113,857.2368573507653,862.3345330786198,863.5813735021692,860.5577709294366,860.8306509675398,863.6488768481056,868.2430364311488,874.3790866759313,877.9257564932877,882.587384387418,889.3071036860258,889.3426182648135,897.2940669095086,897.2541151876031,903.2871448765623,903.2867679957965,907.3604166536013,909.270624516229,914.0868731309133,917.902484248938,919.6084904935886,923.6131237006391,922.7448493583998,924.6161652402822,922.8329801967975,925.5767461898071,924.5043223520747,929.9810734167286,934.3530423549912,939.5818323068299,942.5416141822863,943.3091434036396,946.1254840285138,947.5449077537015,952.0791937385811,956.3104636252855,959.865929650107,963.7598102064511,968.6946426754135,971.9155383202574,973.7832234567811,975.3817002227712,977.2875565279354,980.8622963875764,984.4692881696413,987.7460376607352,990.8085584858253,993.9841603143349,997.9685772014668,1004.7439834685744,1003.0767779110028,1001.6830590264224,998.048817934042,1002.7011634635595,1006.232715524942,1014.861723204967,1014.4119765418716,1016.6450206367707,1009.0101311905638,1013.2153584698164,1020.1287113732701,1032.5658885032024,1043.4833612132043,1052.650247940762,1063.9074435437176,1072.6842974407593,1077.6963162450938,1084.206733530302,1092.5883055935938,1104.864836256611,1116.6374847888974,1126.410549342124,1134.0581185236476,1140.689876856398,1149.775979923995,1161.2461788985972,1171.8793663706497,1182.4389273306117,1193.1414229574702,1199.5843179141934,1201.9474192599153,1204.8138016349521,1208.9167369337893,1211.6688840033892,1212.3236404363024,1215.9312991844777,1219.8730778144984,1224.785663110501,1227.781848722308,1228.8776685176047,1229.9237795566332,1231.6351088206764,1241.68113422213,1249.491405610092,1256.5974101447468,1254.907088559083,1256.0393850918692,1258.3090161199518,1263.588190866623,1270.3994437961444,1275.8339907484665,1280.7606830509694,1283.8850973301867,1287.4825617978013,1290.9028609570496,1292.8406137791114,1294.8648076169181,1304.1214629264964,1312.370039636715,1318.0576594171355,1320.4747089413015,1320.546961440334,1322.5721885887394,1325.9159031806703,1330.5804558953478,1335.2691906981024,1336.4580799137295
394492,32,"Columbus, OH",msa,OH,862.4134482591971,859.825264551015,865.7191711875168,849.4894032499906,859.0662261108695,863.2197171309058,894.6454085203341,897.9250040095272,904.6629139496969,912.3622365805328,910.6945880060031,904.7957492729737,902.9986928389816,908.4575206579186,907.4617877933374,916.588646930674,919.9423446288193,932.7333101034401,932.8993174829701,931.656709588562,927.8070738840734,920.195636645974,933.999216207368,945.7062059234358,954.4982236075796,955.9456832936817,961.5688073920353,974.6680292216323,972.218173966012,969.863833414404,956.9416929270634,964.4559014004008,969.6150445697492,980.3469619561818,979.9080115142124,981.8322908074723,992.1270885620642,998.1787670845965,1003.8937235857873,1003.9268731335349,1009.0872433454515,1014.9180649620344,1021.1443319969318,1023.478015724758,1023.8174422231409,1024.116461170438,1027.2012846287344,1030.521201500384,1032.693763080152,1034.3384684561513,1035.7581763654734,1036.3384947483228,1041.110643282995,1043.3621238838048,1052.3029449250625,1055.0153012868295,1060.7879094852058,1064.5030536417528,1067.2807382517817,1069.2549627256697,1068.3825914138986,1071.4947879790245,1083.2057258142795,1080.5806143770847,1072.2843971872553,1066.1232992243956,1070.0295928222083,1075.049872072914,1076.2442853543212,1086.867642568761,1097.9267687669455,1100.2280857882236,1100.0935838658575,1098.061351554802,1108.1521024241545,1116.7707027290392,1132.6594353804285,1143.5777077879284,1152.7507501808536,1161.5230038001127,1174.7636555552533,1185.4190875721304,1194.3476647818497,1206.5600808283098,1213.2165361044001,1222.4217351183454,1224.7791126962472,1238.789757090923,1248.9592652896981,1268.7574379236598,1279.839506156447,1289.504889561479,1289.3451734822136,1284.245804812153,1273.7747089892423,1276.8207352980558,1285.4086654441526,1295.8313973222957,1300.7736749595306,1304.67555808281,1312.8610728454378,1312.9127195732428,1318.5745191984684,1319.9250641600345,1321.6812177007755,1323.946882744432,1332.5541233256288,1338.2961765835532,1336.4430706523776,1336.352658578933,1334.0519663669238,1339.7209582241046,1341.6455894939838,1350.397481143075,1355.8629105542825,1363.385884963009,1369.13515972882,1372.3702170829108,1380.7528805180257,1383.6257839576144,1390.3781405278175,1393.965878234701,1402.7705907755976,1403.0884822413884,1404.5756014029478,1402.68312821373,1402.3025517462381,1402.4329423891625,1405.150836984359,1410.1919611421506
394705,34,"Indianapolis, IN",msa,IN,790.6005855566666,801.9906102861902,800.5549618449515,804.8030925922181,795.755374490478,792.6458641523967,784.7521541151225,791.1198047282104,807.452490811795,813.1494888263865,827.5573215826938,832.0035906756987,838.6538803016288,826.4981294701232,820.0557932456076,830.3845408627519,843.9123539361203,851.6639540461128,854.1621090741293,844.478030196489,841.332960075155,836.2556409572697,836.7796086583321,840.0862844795666,842.160109693357,856.2872552598001,862.9572985042145,865.0194811697789,869.082241348656,872.4011530920111,885.075532551449,890.007455785147,889.0608569548626,892.233073431007,887.5511038289751,896.6048867099668,893.9939868002191,901.4448887368876,898.732636803161,903.2475088829531,904.7043583143709,913.6129149432518,914.5287487742947,921.6996695014736,927.6144692642714,934.6952551718258,942.7764181104912,937.9834757635668,939.7727608963527,936.7252745281396,943.9721976012321,944.3634652979773,946.0244248477626,943.6691210699553,944.1548707038371,946.0243599447685,950.1806785837806,952.1720848469153,955.9915073879391,962.6035306541522,970.414306234682,975.0528234281296,980.77427317514,976.7140824754969,986.4805153852292,988.292224648557,992.5143111323611,994.07431980034,995.5279947939732,994.9100478987444,991.2280326660602,999.7593256684818,1012.5087894201208,1022.2303660424002,1025.5994116492489,1033.955093615833,1043.3477740169078,1054.87787158431,1071.6504464422655,1091.6407464072704,1114.7385703849868,1135.4540891289996,1151.5534120871118,1155.5293329400445,1154.4248547964105,1161.7962342818169,1176.664015390004,1196.298348311298,1206.4439001234177,1221.8768637372193,1232.5404188011032,1239.24293682131,1236.4866041001703,1232.9015982277276,1231.6621721897181,1238.6029106535673,1243.1154808148376,1247.593513832862,1251.5661002677018,1254.4504019123103,1259.6607491956056,1260.4246297144184,1258.4949134230596,1258.7811597579475,1260.7083598887405,1266.016687561178,1273.694036281757,1273.8287149567147,1274.4936758111014,1276.6831604505212,1279.7894092232373,1280.3374147514405,1281.1643538709134,1284.2605821063996,1289.9666153547867,1296.344167558753,1301.2724836569205,1302.0167674971697,1304.0419801167488,1309.654954733762,1316.560432770503,1320.2602832870766,1321.7785984774955,1324.4448114731244,1327.6581098896318,1329.9310135842763,1332.178954105709,1333.3501638924254,1336.4504392833749,1341.1040978321435
394475,35,"Cleveland, OH",msa,OH,702.206342239251,711.2206855212801,711.1009279621835,723.8141994096275,723.3877339363829,717.2643487567177,717.4750320256626,716.7643658411058,716.9463636289679,717.3613897622407,724.1119484659545,731.9736217860734,735.3364599840215,731.9791665273292,722.5354610560315,719.2829951469158,727.524653706659,741.5656076839039,744.8600667290227,749.8764972822033,748.0944628882585,755.8390158994545,752.8075894874775,748.6612107961756,747.7926107573999,752.4156987103105,763.4841441110909,767.1194413718624,769.4686429711506,768.3877224550446,767.8628604457973,771.1399546033524,775.5383879796535,776.0285651977413,778.0358431403582,773.7736509940961,779.0990933042497,783.090340056471,790.257039048303,786.9687793098601,783.6897458565353,785.4108795878905,793.651291147745,801.0275124782736,805.7297226419823,811.5544151106798,816.5383215286269,821.9457923957694,822.3576173571265,824.0251530282704,821.9071355530209,830.0759358608267,837.0191543532806,840.8523204558849,841.4405135644954,840.6298782945709,842.9012583401546,844.3331219975513,847.801098772533,854.4708329778259,859.6266223152234,863.6128159699322,862.0718256653417,867.4796291543308,867.9342266810913,871.3732236906579,871.8852274247184,878.9139547778857,883.7651285387971,885.5526531121134,889.681132254053,889.6016946205316,901.5287894842543,902.601346137164,912.753368929192,910.9551966728504,918.7317446518406,922.0374278174893,938.3205189610663,946.2888420498587,955.6080060660369,967.7077375547777,972.7911803814169,977.8743069036788,973.3401922920326,983.75642850217,990.7829518741211,1002.0571926863208,1011.2212661051913,1020.4798760370427,1022.7321167455069,1023.3534168309246,1026.6092942472733,1024.2374210197002,1025.7018718115014,1029.3435342718476,1037.61388435453,1043.1193456156518,1045.3440828083314,1051.5075271289743,1052.4629407532345,1052.7759718350515,1055.5571923083216,1064.278120353847,1067.2758481565672,1071.5142343500384,1075.4817941207589,1085.0559396690496,1089.9964150870999,1098.146757210172,1098.8337691890174,1106.3095675624052,1110.4998663450112,1121.586585715694,1126.4305312682686,1129.7655337710175,1131.7554092976206,1137.0756773099347,1143.9401995823225,1145.3482022641365,1149.8071997032278,1150.2545886740597,1158.7532131361193,1159.3768888111906,1165.4521196363137,1166.6254064498505,1172.5849448997565,1177.3101700476464,1185.3939770969894,1191.3581058531972
395059,36,"San Jose, CA",msa,CA,2467.664404783696,2473.9296059342423,2482.3405928776356,2511.3772564498904,2548.8709460874647,2575.6206049831662,2609.9336257739687,2630.4811631619796,2649.0032625215504,2664.472977142189,2675.2939936189728,2683.023017306258,2680.80443835257,2698.4345312655537,2697.424460890567,2690.079753388297,2665.563255868531,2664.4895451597245,2667.6820634438545,2667.3044236196624,2666.4773902422735,2661.1378288750843,2668.107423604077,2679.2603093759094,2703.9669330769775,2712.5885069494257,2722.4094481049265,2723.2574619694315,2739.443242797296,2749.639646821642,2753.5727101048724,2753.578290379463,2757.68997633085,2770.1936882994796,2781.8059952347144,2783.015734475195,2787.448065824162,2807.019264786005,2829.4898531921995,2851.925460814475,2850.4049181185364,2852.03933084305,2851.2240358244526,2863.8568163453074,2872.560084136471,2880.569658593633,2887.2585653085193,2889.984534603692,2898.1233097908835,2892.5192264664374,2887.376480732803,2887.379578551693,2901.694270800134,2912.029683197189,2926.128814493234,2932.541902129998,2939.8028082668975,2944.3390564203696,2948.1048556729193,2959.7547894713166,2963.3825902632175,2973.2545173439566,2957.3011586797907,2926.208032431283,2881.332819615509,2821.354742883873,2766.2474674083664,2715.2983529267667,2679.3913938771434,2653.2807199399094,2638.7423457958703,2619.266045113907,2612.4785536387194,2603.4780214360662,2601.6732852158675,2612.023398235122,2633.4773047877225,2669.0781569574197,2709.821284670212,2757.747209402296,2796.9242379324737,2829.4579645579756,2846.813616361747,2868.73127070906,2887.1239496770777,2914.007224197627,2934.6858662371687,2965.7759586871475,2989.7786890103703,3024.448769165763,3047.397292229113,3063.4625381500396,3072.0920532944456,3072.1114630557345,3062.9036704803893,3052.2461735767533,3048.5226521990353,3050.797612693407,3056.1673983302394,3051.512800728221,3050.856743926412,3038.4399877620526,3033.6579066422255,3027.1478405136836,3025.772406830989,3024.100381151417,3027.6837596796117,3041.836469591025,3060.5292813194333,3076.9986827133284,3084.088325063941,3089.617810815207,3099.4690289894115,3107.974585220831,3117.251150255788,3119.4451079173105,3128.1687320020974,3138.0447949553723,3155.4453164289403,3164.5855892541704,3167.2184030448975,3167.173284403144,3174.061424771683,3184.695349051108,3191.4788507353983,3202.8038227629195,3212.4626995525196,3229.929678125042,3241.8523680973403,3255.1508059118855
394902,37,"Nashville, TN",msa,TN,1089.7318095823691,1095.96145923682,1092.6583312812456,1102.8441438556158,1108.3876769626363,1122.513706757338,1141.311103231584,1144.406896102455,1156.5360751412986,1169.7511754147224,1179.6067442796384,1182.2876661417272,1195.2028139915924,1200.890729261606,1207.7025845265625,1203.1594871786685,1214.7828750924868,1216.7869477834988,1212.4651142791547,1223.2552427696362,1234.5256408146015,1244.5109166469292,1246.4799142310023,1255.1465417569905,1263.1471469508783,1275.5955024633101,1289.128030214126,1301.8697714385514,1295.727387297001,1283.9575581047263,1279.4732924722668,1286.6270248154083,1294.766022736378,1284.8547114217959,1284.1275529060476,1285.694785262912,1299.6368495286667,1297.3094318483982,1284.33171036195,1277.6066818218403,1279.1193510947226,1294.0169313132708,1300.0004774211245,1301.2277017449571,1296.2119473151492,1308.9575711986695,1313.34650552545,1316.2161506560574,1303.3621634994224,1306.2825521056293,1316.7614863672904,1324.8291268331857,1332.4708216329607,1334.2479559980936,1340.923006729916,1343.1922441294391,1349.7352682726416,1351.9301185737293,1358.4067611436435,1364.401098115553,1376.7686244916226,1384.8103531148745,1373.7511256016917,1368.7135025240373,1356.8800795329335,1346.064241930546,1334.6253704774538,1330.8884357319305,1326.3030101679365,1329.538208688842,1330.655903477736,1335.6340803360229,1341.552605797488,1352.3499781601515,1362.5895627506845,1380.488741527157,1403.5890228429807,1432.5075873515405,1466.7476384195493,1504.9839990072921,1544.9907434982297,1574.4677596521208,1593.3327881515327,1610.1988965201074,1620.9105115128937,1635.7786016917257,1646.6867069697448,1659.1199786932596,1669.6192634457395,1683.6348485455942,1692.5696292091686,1689.382469925651,1681.754317018207,1673.4228387765866,1676.0247548616107,1675.1865035261064,1681.1576672331164,1680.8468319262481,1684.534889204456,1679.9375949351324,1676.3541680596636,1666.6346964057352,1658.5346799005993,1652.2915046816333,1650.1707448808525,1651.6520139673273,1649.1905653393057,1645.7808534335923,1642.2657729028838,1639.8878120766578,1639.5962389489457,1641.7005085856392,1648.1400172066765,1652.5388646489744,1651.860797588012,1649.9767927351306,1646.9882459596922,1643.835477675178,1643.2877681910654,1644.8598269092383,1644.290795287104,1644.3809620663633,1641.5296733562777,1639.8604753065263,1634.4877215310103,1632.5227958332332,1634.2766381198255,1638.1344827095418,1641.606185623018,1643.9472814041785
395194,38,"Virginia Beach, VA",msa,VA,995.6179169038935,1000.3046253902958,998.881965715029,998.1174977341803,997.1420002135936,997.4618755877409,1000.9510744246929,1000.2450422072654,1001.0902047013484,1001.4313956230416,1004.0477260638576,1004.8346997547096,1005.5324510533842,1003.5699589106297,999.758631482888,999.5185423330406,1004.3020143227321,1006.5699106241585,1006.6211474147962,1006.185372528565,1009.575784351348,1013.7162133365906,1013.5034667887037,1018.1357891501902,1019.7831610462349,1024.893013075112,1028.7194672706712,1030.8426109599288,1029.0456487583256,1032.8622138218223,1035.2081481842274,1041.5787582107914,1042.3762755538344,1044.5238772978182,1041.330640132212,1038.1689510010892,1038.903586699067,1046.890353204623,1051.0653807987253,1060.3618990045757,1064.545904128793,1065.7226827038542,1066.777402356007,1066.341019268827,1066.5970344280531,1067.761839772682,1077.4781755791957,1079.728025342523,1087.740962469836,1087.5308989695268,1089.9951680505962,1088.8328766694501,1092.7785064789489,1096.9989728606065,1102.6901906763505,1107.9758319373439,1114.8855179868015,1120.3901652875188,1122.8707921733962,1130.4352980136146,1132.4596385295574,1136.8764240074067,1133.6856362148894,1135.1316969090476,1133.979326750509,1135.5560764171066,1141.7584056127585,1152.2726286012662,1160.078888410213,1171.3119473240274,1181.6850143757665,1193.5935582081029,1203.907832452524,1218.7226615422344,1234.2455756532693,1255.2368232818749,1281.630798633333,1312.9441415268257,1340.2205042292317,1361.3386309159862,1380.908159355615,1393.2384725446702,1399.367579942741,1402.2480197013842,1399.5629127157597,1403.8353744959293,1409.315424722766,1418.4062615990601,1422.9761814275034,1425.6388946118443,1431.3480047987423,1436.0689950508522,1444.444943446683,1448.0745629214412,1450.7384955613982,1448.1170482228504,1458.5410780308816,1463.9163199574712,1474.3636807604285,1473.9749044030348,1475.9882067834358,1467.956108532384,1465.3549976451873,1464.8091103695342,1468.9433863420327,1470.9457886026723,1475.1506912528728,1479.8971035667641,1483.5171903040616,1489.4888515099494,1501.1670324147917,1511.7413684602227,1521.5554414796804,1525.2556657607752,1532.7353861532886,1537.924163539952,1541.046722652669,1544.0220426008752,1550.9181009037645,1560.653899295523,1565.9853748862422,1570.4796959822318,1567.6869983588635,1570.4640775590851,1573.5811891098167,1586.8476105299408,1594.265415170676,1603.0397011651582,1610.5039587305982,1620.5348972171453
395005,39,"Providence, RI",msa,RI,994.8047312886553,1004.440284555888,1014.0954075924112,1015.5915371963174,1019.7543374386172,1018.4579161334836,1020.360890903252,1016.91097576021,1028.964764547666,1041.9337119094764,1054.542084013159,1053.1512151565478,1060.3541318582431,1063.7646398747897,1063.860508708778,1058.4537674309015,1062.548354185569,1066.6451007994797,1078.305758797662,1085.3993343936957,1097.178583013395,1101.278055575158,1105.4070238289964,1110.930100433571,1115.7016681976886,1122.6439737595788,1128.4425422580775,1135.9859325320851,1138.6273011136232,1136.190383659554,1142.4737870666931,1149.0150241252163,1132.2986014402156,1136.180505980137,1142.438391426423,1171.655211493722,1175.0317865748154,1174.4420720689664,1180.6059060048124,1187.277084411353,1196.1520025834757,1206.6596387813258,1208.2520033549606,1210.7047730355957,1221.1726845750907,1226.659847880336,1235.2780148985917,1233.0372846232344,1241.6839418836478,1245.0808588432064,1250.81897725366,1256.7298167013146,1261.0768159127936,1266.898425373651,1273.3217147834748,1280.0530729258257,1290.658371035875,1296.2512801866574,1298.0836399393663,1296.650094964992,1300.088874636504,1309.381790578229,1322.3225497725016,1322.680061715232,1315.2604716015837,1318.2136351041117,1329.5791822094884,1347.9275666433898,1357.8797830024837,1372.6539917477746,1385.9792901958592,1399.474260572901,1403.555764653783,1415.0773727095916,1427.8332322863155,1450.6535892854574,1467.7604805614455,1478.426343523938,1493.2172900616595,1506.4897266305843,1532.9638078537112,1547.5759802279576,1563.33398798409,1576.0736401510055,1595.3203356333868,1609.4765412664956,1620.2155841408044,1629.5999080461113,1650.9933644423916,1673.4507969329427,1689.6334971672607,1695.7163814329756,1692.5057100931895,1699.7469627462215,1712.014323507218,1726.450080803856,1731.4572052297297,1732.0850916225982,1741.1793246318682,1753.1022590168702,1766.8869805111578,1780.7158499380594,1791.4278158827753,1809.1259594619567,1820.5676145646073,1826.5391557207495,1832.213689199634,1840.946870217147,1850.8606644861352,1863.8777498741624,1874.8651216444584,1888.7306977229425,1888.3178774154164,1892.400382286881,1904.3899046387899,1916.6095352386565,1923.6519021849556,1932.2886750073349,1943.3063908922916,1951.024381257197,1961.1304574279263,1971.6217916764135,1979.6661212531342,1983.5944872292748,1995.0232116084285,2002.8524204743276,2007.279960214565,2010.0635791150044,2021.4964847353785,2032.2866571454506
394714,40,"Jacksonville, FL",msa,FL,904.1153085817651,920.95134958383,932.0134923058903,930.4797479403725,931.359358049841,930.0894903128224,936.1616873956368,935.501299309179,934.4394573895934,942.8502510791067,952.1563448003291,967.6731663177882,963.5272272735457,960.6388077426476,957.5406056781247,967.6497574134385,973.894268060237,978.2546483426157,977.2838114710571,985.0234594235264,992.4033196313048,995.3838629150998,996.828180301179,996.5881413192396,1006.0946037120734,1011.371300177675,1013.7232793527497,1017.4951007318341,1019.5733670015109,1027.555192184468,1034.8640491071026,1042.1364399131655,1050.064699681935,1050.0752145891488,1055.9826487578323,1061.7711240493027,1069.0446404233535,1070.343764314287,1074.2761121451072,1075.9688580274199,1083.6003977435344,1087.2340970639132,1096.4952655921961,1098.4785651652398,1099.7200912058333,1102.2834279290832,1111.0069720753058,1115.1819523319502,1116.7019888437246,1116.3532111668123,1122.2308080129628,1126.430707923265,1127.5874044953362,1129.176101396387,1127.5865795122631,1129.8950878984629,1132.4630288310686,1138.5246689097974,1137.0138714864381,1139.164661714417,1140.952048284094,1147.89464905321,1161.819612782785,1157.6518108426221,1151.5105460184336,1139.4314746466853,1141.271982211404,1147.8459289473171,1153.8901558766793,1162.7208748978771,1169.760592395129,1179.337626835778,1194.8707732620035,1207.7835014618781,1226.1100141284703,1247.062142562088,1277.3064108043757,1312.453697086765,1351.086761017414,1392.1479309819392,1427.8539040881599,1452.6689824622122,1470.2749964884927,1490.8342188395789,1495.5884410166286,1507.4515486116914,1503.6746570317123,1515.9406912898423,1522.7841578147363,1538.003634489673,1539.1830885040542,1529.5894875902939,1519.1540051873092,1521.4414448005944,1522.8158663099434,1523.7551221784129,1522.9586054964136,1526.26845837508,1532.1563927715229,1533.3613168451132,1528.5519051277568,1519.584157709483,1511.6581841467153,1511.6152055647005,1509.676539198473,1500.4789418272744,1492.7016295019575,1484.9955909354624,1484.9912538163624,1485.6816503505531,1487.6592277159293,1489.623831250227,1490.5285860582023,1488.0368225109503,1487.5193822620718,1482.4007748925671,1483.9085153199876,1487.1913453470088,1490.8507268033013,1493.6146788801234,1493.8062636334548,1490.0037266630186,1486.5488843953315,1481.9188187185184,1481.4209067657182,1483.5731204095973,1486.3140300122523,1490.7356177916497,1491.2124124711165,1491.4922167410539
394862,41,"Milwaukee, WI",msa,WI,908.9469520491172,888.7585341687715,893.3495907017665,897.4526520238068,903.1805055051833,906.481483583821,909.8098708652227,913.1874633094619,920.2472798333172,927.2989259643185,917.3428472661078,905.30507135809,902.2312179017171,914.0242288934418,916.8538157808173,919.1166017577173,925.3710283536598,933.6315834679535,933.3551759832383,930.4759817368367,932.6830953705409,935.9084462170227,937.1859110489931,941.373112401137,943.923994766601,942.655899814611,940.6686896681456,940.1554411538973,945.4798006355775,944.1633481238588,946.4418719050891,946.9906510666552,947.0764475295261,944.7761601540534,947.1869217140281,954.950288032069,961.2412558323557,963.2080594921653,962.5896209373507,966.0365849179465,967.3587430199157,968.8315864125084,970.755827366576,973.6476322250296,972.4268306575059,976.4135148765256,976.4229430790003,976.8136934657051,978.0287998208138,982.8692717658804,988.7517655787128,991.083791784011,991.435749893834,994.71193099409,997.6753363490038,1001.3678233704056,1007.4281186729004,1010.4942587640618,1015.3756716096609,1016.7169403657057,1018.3369276895774,1019.6337928427122,1020.3206085775099,1022.1588283819676,1020.7887986002789,1022.1785916230085,1024.5148827141154,1026.6888268193009,1026.880490883565,1030.1556692604292,1033.2261408092866,1035.7689886425635,1038.8860717293262,1042.8285493379387,1048.4222203505801,1054.3832210076166,1061.484206066261,1069.6527903460844,1075.3321992875933,1082.6807955810857,1093.8710419650474,1102.4575941524083,1111.5589126679765,1117.3536265001028,1122.968627478228,1125.9423777227028,1131.2443121869694,1138.90150433259,1147.697753908706,1155.7747002747778,1164.753762977065,1173.8801996977604,1178.1155457914213,1182.004955324582,1181.783380685232,1187.1241246992304,1194.2034737805172,1202.6162467081665,1208.1664029885717,1212.1194477920515,1214.4130311845288,1217.763861741851,1222.1074563533978,1226.7376666550144,1230.4282883282851,1233.2316074780808,1239.064334913514,1243.4971990734662,1246.6838373439018,1246.6289236230677,1251.6584719451612,1256.9798730338107,1265.085367088607,1270.242161760885,1276.4819179587764,1280.8570667445047,1283.1319959624902,1284.025442644993,1289.5821084969316,1294.0705681819932,1298.6278716970974,1305.5732005091982,1309.375087799919,1313.2592232470413,1315.5329946473069,1319.7998553372286,1322.7079874762028,1326.9493970348713,1334.2872686614453,1343.4101226908717
394935,42,"Oklahoma City, OK",msa,OK,752.7424548089563,757.1782703541065,756.600679441288,758.3912073439233,765.9460914488538,767.4336795828905,773.8295945436324,777.1923913317878,775.5279600804674,772.2393238018402,776.7340605906645,787.2709703965625,792.2847196445302,793.2207907848668,782.6450910164474,784.2029904593338,774.6996121273603,784.2137447153859,779.9552435902712,786.0466913947002,783.9166105292236,793.951754050256,796.7477987239556,799.4467429884318,798.7696259853566,795.8502051055278,793.5386782917474,793.079030584068,796.5075157350134,796.4365872669941,797.6120720896192,796.9343696574853,802.518016031502,803.1279926653153,803.9538486434144,799.5498656163303,798.3455761141789,799.6017277020385,807.5898257972902,807.8341646647012,808.6925947813332,807.1541850204385,810.4327947373768,815.426816632972,818.9614376221048,820.8793359721154,823.1518561350889,827.7405853078485,828.3998287544897,831.0147082512538,832.021106264026,835.6852846031153,838.8798456103013,842.0609178321602,843.432028519019,842.4341200599455,841.3011142331724,841.4709067406297,842.5229700710291,844.2446536629861,848.1831700743439,849.8402833849608,856.8268589357866,854.3259188941202,852.5718158934707,845.1395404233629,841.7137393413733,843.4137012625791,848.5684274161948,856.6784056107668,865.2182207545886,869.8615726766417,870.2941906367619,876.8364860523485,882.4941174071656,895.1194542358922,906.3001669852348,925.8201854042688,947.2410831223325,965.7213340986129,980.6718916612086,984.4114551824101,987.816628864984,992.1339507691756,1004.134968337829,1010.2770087526848,1020.4833427932974,1027.2208669996096,1040.1026888162637,1048.0118807128097,1051.3228484994377,1049.8661675497367,1044.5789826936532,1043.1946547395269,1039.312617822356,1043.382839976103,1043.454732151957,1048.720015183094,1046.4953971880495,1052.3011044990046,1049.666277314459,1047.4007991861713,1041.4693918221678,1044.2636994834318,1050.2036702967719,1058.8085066017748,1068.3224509884496,1070.3157951765284,1070.884726056442,1069.4622172799623,1067.9314468776643,1064.7178274650596,1064.2761310549306,1070.6175543111515,1076.3447133501907,1078.7488632275056,1081.9070741406874,1083.2215707651144,1084.036639791426,1086.389480107803,1090.0421157890698,1093.4607900225415,1099.624943514918,1103.4696814730264,1107.906918174926,1107.425710940499,1109.942321125128,1111.6604370556624,1111.9784856578779,1111.829556559196
395012,43,"Raleigh, NC",msa,NC,958.2581158046548,973.4645058995989,978.6566365752675,991.8841100076777,999.5983232860918,1011.3462079763921,1011.4730390562077,1009.6410526743311,1018.0447303261927,1029.1874344452672,1051.3425604104007,1055.5308316568091,1057.8816963685522,1046.88931396079,1051.2375583270807,1057.896166814228,1057.1404463443198,1055.7968108521236,1056.869270624385,1069.8696598937272,1087.5992833187897,1095.4362243559067,1092.3428990649234,1084.1644637251543,1076.148716153603,1081.6337518720277,1084.6066107519707,1096.3105400584634,1106.2065478828563,1115.0467235532922,1116.4700729714327,1110.3765819433756,1105.7052109658111,1111.4872030179167,1116.5179478237515,1123.753226387692,1127.250433758459,1141.357377757455,1144.7915423071154,1141.4319973393754,1146.029506762405,1147.2381605755675,1157.1256028419284,1158.7186732997711,1165.324051326399,1163.808878674653,1165.8076601786956,1166.3992771918379,1170.500149932848,1170.497638312005,1173.7856220095603,1177.3625541841752,1177.9149818352548,1181.9854306502957,1183.1219594383406,1192.1959938316968,1195.7220118083342,1202.7596970701816,1209.6721964688245,1218.5912239584384,1227.0592961604307,1231.6165519496963,1225.920004487426,1208.6083545865636,1193.9449550113457,1179.9883544202844,1174.8878910612739,1175.9317399873507,1178.7907516180103,1185.1829936324602,1193.8794983215644,1195.395791868136,1200.9255929630785,1211.6604138848265,1228.2190059882296,1247.385623047686,1272.791456274673,1302.7570892684862,1339.7964727451756,1371.500934179335,1400.5819057973292,1424.9650908886626,1447.5007718720565,1464.882808945786,1470.718166128257,1477.3832554736564,1487.0670931618904,1505.4303670264521,1522.6819803074939,1541.339472710034,1548.2959442052809,1552.2070091945748,1551.9029000718679,1548.6957185376198,1536.8231529563486,1530.157290107552,1533.0893317861226,1540.0348854423667,1544.4358201712068,1544.6746122638592,1542.9015324106238,1532.465078740117,1528.8055513838117,1521.2489187482417,1521.0477142485977,1512.084736176071,1510.0584948116689,1505.6961497677687,1501.6800843486935,1497.107345215502,1489.8357108481393,1487.0183174499691,1482.4336766199044,1485.4762625424275,1482.6046915888928,1479.4880539856722,1473.3817279838945,1474.8509631841312,1477.6656004957822,1480.4570727842781,1480.1425778759808,1477.544223107013,1476.911362876374,1472.812737923094,1470.8642292115808,1466.659822721237,1465.8124632033268,1467.4939714265513,1468.8126609584272,1468.8405012405208
394849,44,"Memphis, TN",msa,TN,783.2658310015801,790.0468266619837,776.5687834312184,780.5871522931797,781.0781942399068,793.0719221861933,792.1560510135056,790.0401523379404,782.5874435744743,786.1351400819581,792.175421654162,789.4272311280022,783.1627594530695,786.2618538201023,799.5594762295849,802.7608183507238,797.9578086650854,799.8378390742376,807.2162564873436,811.9417089947589,816.9776476364607,820.6351788450935,822.6123671461368,824.064288455127,825.0219923731249,822.1442630172131,824.9358030490657,826.9854055584627,834.5173479224488,830.2849266066969,835.6095296769242,843.9527670027298,853.692732832468,851.3176179331651,851.0076320971388,848.7581745315562,858.6144081349912,859.8184078072719,868.3640020362687,862.671288589177,867.9448433528341,876.351958132997,882.9764605554694,887.4882821837122,880.8366227811682,888.3924939938994,895.1530224685396,908.246941223833,898.3585076312783,899.7333634501423,896.199795585383,906.1593065726476,906.9930250546802,910.0980724825157,909.4387657195252,910.0593248748677,919.0706242110723,923.5853354971242,928.5349889250361,930.5275195493829,944.8694501211845,956.1705672635705,975.724950737561,973.622664785037,980.0980397329452,978.9730766907375,988.9971371128329,989.2467264295906,994.6725660781981,1007.2009985260197,1023.3065216759016,1030.499645059083,1031.256616753654,1038.8964352370253,1051.9058494377452,1068.1835019886412,1085.8949877888003,1101.979256361457,1117.407292789534,1140.2512075689165,1163.5406592753293,1176.6324557529285,1176.9065345772747,1179.4105767054962,1183.7025720729146,1191.8745795211657,1192.9882223274915,1198.8265861527186,1202.387363247152,1211.659322476427,1211.9145498064936,1208.3134538834897,1203.261894336579,1199.2832991795262,1211.1690394172256,1215.7181020179478,1222.4753699966982,1212.9543644439302,1214.191089139981,1214.8373659970005,1213.7629471639436,1210.649396265088,1208.6170728094912,1208.0344918694946,1200.6981727642801,1204.3134608368282,1204.3622730565296,1226.2208402598822,1229.9144385531495,1238.271913694008,1228.9275353474966,1227.8740568792352,1230.241948979824,1230.4801187602145,1234.1780390580693,1237.0702318857473,1246.4050995632415,1245.7267435735403,1243.8854647948,1228.4408574876165,1225.9496668577585,1226.4364744830884,1236.2453545153353,1238.9350396174714,1240.1731463971794,1242.6722364567813,1243.6521698192846,1244.8441391478486,1244.62250825011,1246.9002931634898
395022,45,"Richmond, VA",msa,VA,993.7361287983035,986.8227119824736,977.631621102176,985.8544128524264,987.95043563156,988.6173833917824,993.8171480693818,1012.4542524849285,1025.1657395244602,1034.9437039756963,1024.7555894924878,1026.2435029913686,1017.5951409704924,1014.4051362137913,1017.6560037327928,1024.6815429507624,1029.4200462178296,1030.6915111735007,1032.8350663502274,1032.7920346749258,1033.374630966001,1030.0851456579874,1035.0013950394775,1039.2026680638562,1045.1257434972858,1051.378227274977,1055.4043330120378,1059.5455008459728,1063.9528805574244,1068.1406547638535,1075.7524516437563,1073.3285292284113,1076.555702576385,1076.8135284762811,1084.6097197917506,1084.4385971258514,1094.5773889606094,1100.2259018712991,1104.5489726300686,1107.3472765639672,1111.9121788899383,1118.408864826858,1116.9736241492797,1118.5734650399438,1118.6930749201695,1126.5514975363915,1138.1720788154098,1142.1030196183942,1148.3306242722729,1145.2173652878846,1148.8348867819632,1152.1884252799628,1154.7934350353191,1156.8105978594222,1162.893066493048,1171.602903509475,1178.5726534004978,1181.7699392759891,1177.0028406000004,1182.0135796217196,1179.785346791988,1186.7778952168462,1188.940869632771,1186.0928908221745,1184.104901152737,1183.4387845540666,1191.223689869616,1193.5210456233613,1201.230422179889,1210.615464446645,1218.3799866675138,1221.2705971829484,1224.8074829079653,1230.871943042779,1245.2560192299707,1259.9860273881957,1277.5922598134516,1292.5684608332438,1308.0545829668713,1324.5849615875336,1339.9937515669387,1354.5091386503664,1367.555920476737,1383.6398404260678,1396.5655768646984,1406.0158513804638,1413.6724506764272,1423.0923745750597,1436.798739839883,1451.3018532641772,1467.0560221034216,1474.6231949907935,1479.3912899525476,1478.4477790147087,1478.0182706579633,1475.544513805809,1474.1090931728606,1472.830060580724,1473.6770345020518,1474.084778480204,1472.6757307816774,1470.2849128486366,1461.6315777026562,1462.3599011616614,1465.5716996887832,1472.7126117544535,1475.109019734234,1475.509070972758,1485.815954430871,1496.116369113971,1502.6554290577894,1510.0569216145093,1514.1568934389993,1521.1702818455826,1524.8177069069327,1530.5569897865093,1535.0291837877855,1537.7974525508916,1544.9403229700592,1554.0245692991878,1555.222237474947,1556.885248009013,1560.2788559544365,1562.7002004905996,1567.4866941438263,1570.2912605024408,1578.4626226764096,1581.8074865180263,1585.3306564024817,1589.1697208758917
394807,46,"Louisville, KY",msa,KY,773.1590790127933,776.6025581157621,784.5024444245673,791.1022428661546,785.904951473414,782.557696230799,784.9544553035274,792.6936687862396,794.5227420547757,790.9910280915367,797.3928009338474,799.1154171698813,799.8772272331369,797.2955502818076,799.8691797696238,803.3457077340249,808.5189059316383,815.9893567336009,822.6471449545161,826.8360846208744,830.0294434558024,835.0463643646755,825.929210908532,828.6662569278532,834.3386728764004,847.0891650329136,856.3231612475544,856.8674607422705,866.5893618543032,870.9134202581689,875.3651596346244,871.5899774991998,872.103563216732,869.0330205546353,877.1625729454472,881.7417240268218,890.8281139658318,887.2699978430517,886.0813981849485,889.8898566099408,890.2468263679142,889.0151846529343,888.8478970089087,898.1960173246648,905.7107433774136,909.0108199659644,909.4072101154906,905.7687608297573,906.3334755737457,904.441636169962,905.6665547057341,907.5048554615895,907.7089967997299,911.4888957622526,914.5968389258247,914.8292875586122,914.9933080073552,920.0831074987067,924.8263252034535,932.3514051276896,934.2660991575137,943.2793093197505,940.1978587079838,937.8614884229855,935.0340767580856,937.508928557843,939.9721139618356,942.7873437819889,943.4783114120859,943.4058798438746,940.878279656872,947.5656806735819,948.7764842456572,953.7345791691389,951.085053689708,959.5877364371205,966.2467102875469,971.4491823683555,978.5404326965559,989.4053170613226,1002.6430205945402,1012.1689927341806,1021.3235835372952,1027.3117974498655,1038.9510039238637,1048.4091324197536,1060.7656657211164,1070.7918808099244,1079.9863906946084,1090.2976592646883,1102.0480533924726,1109.5440119389284,1111.0519988755113,1110.7014759860135,1112.968662791418,1114.9451401962035,1118.817127279662,1120.777316064217,1129.4282400837733,1132.1577631120538,1138.7680163175562,1140.50767468866,1142.806471314231,1145.766545143967,1152.0389847492802,1157.614597621146,1165.1287492485756,1168.6129095138904,1179.945320606437,1186.7870445723556,1194.81722462725,1200.1647409114064,1203.2314632116304,1208.5559646242461,1209.917724641835,1211.0332260077805,1212.5090838222686,1217.6370126474994,1219.6558095172427,1225.1389194549718,1222.0764401971435,1223.6520003736034,1220.2146306022655,1221.7378973482698,1223.0062979396444,1224.5250310364388,1228.0913403732504,1231.9349232478057,1234.5974603646293,1234.888573476197
394910,47,"New Orleans, LA",msa,LA,1058.773497888929,1063.7511901603693,1065.994822215593,1075.3585801203346,1080.0359483455336,1094.5714730071181,1105.034259391114,1097.5488140400328,1097.0641246158027,1090.0516884211565,1101.5855433663705,1088.48553093885,1113.6932778170478,1108.6008369849258,1120.4061572677458,1101.1043928254844,1103.4904711417892,1098.0847726426027,1096.1696777634806,1099.3899981716822,1099.239347574718,1102.3026589403528,1097.3931159096937,1111.329835590757,1107.7960416603994,1113.3087367300789,1101.8678234934387,1105.7387928793428,1105.5004725599852,1106.6475372592968,1104.8126908495026,1109.0920151368077,1113.200831826586,1119.0489591270589,1118.0581896669248,1122.928214370933,1119.1171212475992,1116.3081247434798,1118.9837165885265,1125.3148272038661,1130.7776012890774,1133.897124247956,1139.63959684048,1137.8141727125499,1137.6000680992902,1132.7486666705686,1142.4411488793307,1143.199043990595,1149.8088939241754,1154.691663774461,1161.1365731550857,1163.1369939346998,1163.7720417796127,1166.7581187815736,1168.6970111670341,1172.9756535723,1176.6303796791126,1182.6066621072569,1181.653229922104,1181.6745003924511,1183.8297590308334,1185.857703790831,1192.6299403081603,1192.0758227248439,1191.8490207318232,1191.2948397395342,1198.1248327517756,1201.205909956971,1206.0871378148722,1208.6558539599348,1212.5498412709549,1212.759723812793,1219.0778191928691,1218.7940713479375,1226.1680546718837,1229.2847046883958,1242.7088454585555,1257.654639802578,1274.4306986230627,1291.3583721181144,1308.1714461498993,1327.771386931243,1346.1902679879124,1368.480715726503,1383.3382917611432,1397.4490346817108,1399.0401253287223,1408.4466039850936,1411.080617914856,1414.4593626710107,1414.1039186764278,1412.6202960553362,1411.9440960470858,1406.5930508284416,1405.3885290316637,1400.2960402155559,1401.0714221510098,1405.2716594399917,1412.5782743990094,1417.3668505714904,1419.8279699306765,1421.4167824194399,1423.8884924582392,1429.212750111349,1430.8873702772746,1435.9983110049395,1434.3755690685932,1439.819406114315,1441.4484399162793,1442.5117489833144,1442.3065137676017,1442.1724893946086,1447.7858609994357,1452.6014538956117,1458.08069612557,1462.6762375461328,1471.9700448306605,1473.4440138582484,1479.946510743671,1481.471337948895,1483.6326317218093,1484.1879808886324,1485.726555427079,1486.1595952625341,1483.5190539846976,1480.8555273933894,1477.0829559431368,1471.8265557870182,1463.6237527447404,1459.4102072057296
395053,48,"Salt Lake City, UT",msa,UT,914.707837970794,911.7433765682594,902.0660981664664,906.4720082023241,911.4723712789579,919.6208087240408,915.1536041133717,918.8694824700317,924.3205204641351,930.9940320076366,937.4495881451733,942.701406253122,953.4141367745494,956.0705006438224,968.0337365192597,965.265727664749,975.121471888369,973.0753531344377,982.3661108213622,988.3911574126021,992.6770566167231,994.1734194674985,996.6009562114914,1001.0641883380795,1001.411575872728,1012.333906576809,1019.6662787450758,1031.8423121396384,1036.740501769159,1045.6188954390134,1052.3253041103098,1055.072968697322,1060.2858185838145,1068.741705575227,1069.5062566157758,1070.8837134711298,1077.9727613194457,1090.9331977608233,1099.330485675507,1104.0991478555443,1104.3756791119395,1111.2174935903092,1114.160655348802,1125.3062358258314,1132.290194695952,1136.0752901062588,1137.103886487012,1142.131831213667,1148.4866234616857,1153.5613396941321,1153.8575474947233,1157.3316614451037,1165.1510859045284,1168.124867102698,1172.9513183916104,1173.5788605913342,1176.2438443067972,1180.003401310004,1189.2497486866973,1194.340979195363,1195.83280057741,1192.8783610813734,1195.308202812267,1187.812205744429,1183.3056998664547,1176.655377522127,1180.750929932359,1182.9637625464788,1187.33581396791,1193.7354694879612,1203.9830908607523,1206.5434506198285,1215.0343809462775,1227.5065551704777,1243.9239238746534,1265.5959626146155,1286.4939817326297,1312.4748904783169,1333.2789572838133,1357.8277582372389,1380.0488409816664,1404.1831389452868,1422.226454919767,1444.993822753836,1461.0038760151406,1474.0802017906708,1488.4120798779345,1501.1923687770613,1512.5442684868824,1519.2481692892973,1527.6356659056758,1530.1514929325776,1532.8305232289872,1531.1141625282976,1532.5789098563748,1532.444078995823,1529.3331032006422,1527.0419133185458,1520.1086479481096,1515.9715085696837,1515.6166689995098,1515.4659855605,1513.6984313724006,1511.6003750963694,1508.7692129663324,1513.0523824787924,1514.6317013194134,1516.3654208585872,1515.9146837187766,1517.1455071057808,1518.068605511174,1516.5198823945418,1518.4774035096739,1521.7022144608507,1524.5449501570251,1523.0479584327193,1525.8242147952046,1521.102378501987,1520.2080612409143,1518.6857886881353,1520.8296815854605,1521.2691455761683,1523.2734193003553,1525.4769938318166,1523.1890351147213,1520.2065210317794,1517.8245293458597,1519.5231826482309,1518.1567434096462,1519.60710420153
394669,49,"Hartford, CT",msa,CT,1054.2663034051134,1055.7931695216455,1057.1569923138102,1065.8961786947918,1071.7933797023256,1060.4482443532106,1052.4852825440605,1054.8927245894456,1065.2364128591062,1077.8226377799192,1083.6903579335053,1087.7207014406533,1088.7682763835924,1089.8498272257707,1083.722789479822,1086.3373331339649,1083.4717239044494,1095.6099124655423,1099.517931507652,1104.8957154274428,1098.6925865929668,1093.047788022897,1100.999173421824,1104.9455782540022,1108.4415528653367,1108.9550354210164,1115.2328417891379,1121.8075589481514,1127.4113759282945,1128.5838632877703,1131.4022931574239,1126.348779294198,1130.4887643682387,1133.2052176848522,1133.516731970891,1131.3390457978762,1136.5792690416463,1141.1596712691937,1152.8861823688987,1152.1504254736774,1156.7865745954223,1157.8707420817884,1154.0650079122242,1158.0944499861346,1158.3952731747397,1171.6459789930063,1177.650578597957,1181.523712473439,1180.017336671291,1181.1664619639819,1177.158841171543,1180.727248727618,1182.0758095102963,1185.854570528552,1194.3474898410545,1200.122740899445,1206.4039008745503,1203.1147901645313,1204.1696623532976,1209.192127122949,1215.0248886767017,1220.0499009865941,1217.8619269439723,1222.6568018339635,1220.6874001517795,1217.7452590718808,1219.0613389886853,1227.060522207557,1240.5902682561343,1257.6467044155684,1269.0185267938014,1276.282783347226,1283.352189800386,1294.8713838229248,1301.9336944652468,1308.6888872280508,1323.972978495843,1343.253634240638,1363.4262786572522,1376.3764267157349,1391.8240986296998,1395.0694617899758,1406.9074013419413,1419.6137659298522,1433.6064742101942,1441.3306057722934,1447.4688751837637,1457.3724820862644,1464.8699011413012,1469.1646554496047,1475.9952155052408,1485.7496613867484,1491.3863514041661,1506.0568101452131,1514.194636711129,1518.6451942962192,1522.312090926801,1534.671360182507,1552.8700212183014,1564.5642027774354,1573.3145334803967,1583.6581204642494,1589.7000519131068,1598.0243370007322,1605.750990470384,1610.841242671773,1616.6362407240542,1616.5009526475355,1626.6195382963783,1635.113879132738,1653.5054328865538,1668.1505500087992,1681.2060438296069,1694.9383051198188,1702.1317743508132,1711.5851445923633,1718.9924983618184,1725.1015696596028,1735.9776824442968,1753.0162645912235,1761.5088330813383,1767.4829978415898,1762.38678744902,1762.5731398307819,1765.3867910248148,1766.9691683729654,1774.8009422082996,1778.6572788941517,1784.5161601209775,1790.2226666111183
394425,50,"Buffalo, NY",msa,NY,755.9414548285118,755.0238563588026,762.0555639768044,766.3564871598783,769.2377896654351,765.5720247064847,763.7768756512452,774.7282853014912,781.5501655850949,789.6382694725066,786.0763063772184,788.9342944091063,786.1555904578112,785.7210244996746,781.6693001590813,791.9937993833063,803.0703346730288,809.4744234131334,800.2445942060657,797.2077868728754,803.8321718463983,807.4638155566308,807.8555823109382,806.4700100931758,815.6688509468365,824.2314890726411,830.7880170489548,825.7359580027229,827.0068574122284,831.0594691074756,842.7293217342817,845.9130364739716,842.7565715502095,846.3236609683181,851.5588245100698,856.3879338021916,853.1143351925891,852.42364538953,854.2891269190114,859.2592872304904,858.4168378029063,864.7547244760378,865.0139877688341,871.2303353724717,873.358089569685,873.9868243374691,879.7398413417523,882.3784500844852,888.5274079397799,887.2190751934086,890.0726083002983,893.3488100165409,898.1700732496148,897.2772682507649,900.6746520114772,902.2106698551619,908.417919806527,913.2396146430702,914.3987178193188,918.5434081478744,922.1285118654602,930.4621334404619,932.5784112836476,940.308979333249,940.3787015309182,947.0635606553035,949.3446803885226,954.2182636238165,960.5273868744954,970.5860865809755,974.7338033453965,975.2229940802697,979.533288199213,987.4253861908608,996.6065525145362,1002.7144239839533,1012.4732073587963,1022.8256835282377,1031.8356028210019,1042.4166863840755,1055.035127966062,1061.760552307366,1072.0375432031851,1080.40069581024,1089.1312410886567,1097.111522409886,1104.224051201697,1112.0062393677247,1118.030230420303,1124.7170007033367,1134.3627477050559,1142.5837122421976,1145.6954880564786,1148.3666716849673,1153.2349663505972,1159.681643472365,1169.7525024711015,1171.3022982551536,1177.5126268721895,1179.039576558611,1187.7997903733667,1191.7385877005056,1198.948595018095,1201.4012019214704,1204.246087923411,1208.7064138740075,1210.3962900515464,1215.4855596355358,1219.7716179248275,1229.4280249681378,1240.0241115628592,1243.4269830581272,1247.9366731679236,1249.1001692713114,1254.7558540558741,1256.4722679621254,1265.4844215183227,1270.5298505665846,1277.3845802162407,1281.1074265117315,1283.1115698401734,1285.0890214477458,1283.8390305230887,1290.3434659189534,1292.3285249928408,1299.0207856308023,1299.6656032872438,1305.739565774378,1306.635679012732,1309.7383244206774
394388,51,"Birmingham, AL",msa,AL,841.9596667171149,835.5607151161005,826.739455082088,833.4686935032361,834.4914766313691,845.5851909271113,853.4697920491483,867.0120980754521,874.9237852211002,877.6073995935609,874.6527510774636,866.8683010539684,868.0422293028474,876.5402103739665,889.0250919438174,897.9760609532742,901.9043679511459,898.3241595899268,898.1316143143646,890.3360050743513,884.7437353033279,881.5624008483359,885.2603228111992,899.3486397089457,906.0990550043838,913.7456829433542,918.334340637178,908.8524704334914,899.9386585440562,904.9797949954182,906.7467942475263,913.958302894136,923.1254421438434,926.5876819648877,930.7118470565837,912.4248734119117,918.6718333073636,913.0917006729115,919.7609885442639,927.0223853085805,952.0911746762675,957.1740741473959,966.2102013904238,961.9369201050561,960.7704210482675,971.2797179774539,972.517581454314,988.3894066115989,981.6462704750215,994.8632473582901,994.0401845883208,1000.6175803237942,994.3994218219917,999.112874853828,1002.2940111966481,1015.0927651605194,1024.7042272947815,1028.2889662948867,1037.993996502461,1045.9203153188794,1061.0234670736409,1066.7726641600186,1065.2867792623224,1054.4377823613147,1038.1723603702578,1014.4385742563657,1024.1269214024653,1037.0827506683163,1047.4335402411457,1052.9781176435474,1059.7800540600388,1063.5190832863373,1072.391749588626,1072.2841091012945,1066.0261205137635,1070.1038704998216,1090.7160368324671,1124.643844614988,1145.802321314971,1159.4573882657905,1167.8034112860166,1171.3811857713722,1176.6629109360977,1187.167387015345,1198.4838611869725,1211.2246157065629,1220.1748706539631,1230.0340359538313,1238.860958000534,1241.3705477035342,1249.2152692716788,1247.9718034310508,1240.0135844194058,1228.9870883297817,1230.0450130492143,1228.9567044660917,1230.4215885193166,1229.2109109204066,1243.475786924529,1256.5701736349063,1257.775123309122,1256.0695731120402,1248.9591743684603,1247.5591104250534,1248.136295210367,1251.075928196492,1253.2796189536512,1253.9761337489024,1253.770516300576,1255.6214424701939,1253.5005270538243,1249.3440125688787,1245.0227840822597,1245.7399412187815,1248.5723536880337,1252.7341087231325,1259.5891499639101,1270.1543369138499,1272.078962760774,1274.4113934246245,1275.248481863823,1275.12564851968,1271.092375490949,1268.2816436008468,1270.552834107087,1270.6214462574999,1270.5253386187057,1267.8892047668603,1262.7951171884613,1253.631333404104
395031,52,"Rochester, NY",msa,NY,845.7943239563685,835.8306452276248,843.4677582379608,844.8266805707942,849.8600243438692,849.7580546112863,849.313756960529,855.2507264069983,851.4690548896396,862.3934190393952,864.570115800207,871.582437932653,864.5057077243977,870.2163083718979,873.0709670201239,876.4830657357616,875.422439276606,875.8376816965499,876.2443508090189,878.7340706888289,883.8628952607953,885.7544017772188,890.5635052934331,888.4012744546203,896.1195748545172,896.8223816471303,896.5017064250017,899.3796445110726,896.6480894195685,900.8748994037765,901.6527444164869,904.8463501186608,909.3423166388862,907.3008892045677,912.9691619025583,910.4683105233094,914.1907793341082,919.4260711546857,928.5222274026829,931.5771186258854,932.7690466804819,930.886908992246,931.6358479996221,933.9045744799796,939.6295022550626,939.7369223052857,934.7900499656058,940.9317148060424,945.0193338187511,951.7170164919105,950.4831528505463,952.254698748843,958.9383883613427,964.3022469489288,969.3389470724852,971.0923666127567,969.1995220208428,974.9493655482659,980.4554311783262,982.4565233067466,981.2359786517048,978.0974325232894,986.2355343292381,978.771408161258,975.2839418254564,976.7702468133992,984.6892207022178,993.7198144702256,1004.1633038839275,1012.9001363711858,1025.61070119377,1038.9381502419349,1044.0259525581164,1050.0086290092593,1052.0606788206198,1064.9447289032942,1074.4356084309593,1082.1534880192326,1090.3263281471739,1106.0774641819232,1117.4842150309769,1127.0047888710983,1131.12327096048,1134.5608921569724,1141.4989568091614,1151.1510543330212,1168.3194995931347,1184.2869074955963,1202.4939283773888,1215.7744452396053,1225.0277486757375,1222.8637336575423,1221.872670647652,1222.5482351091769,1224.3306243822703,1223.8835746807604,1229.258030042188,1228.8060305693716,1235.5031825773806,1240.2169896069126,1249.800179696297,1257.2914348408106,1264.6962966889637,1269.8111007853608,1274.4101237536604,1275.989499932228,1282.6011045755795,1290.145701832261,1291.1636865086732,1298.8867114890106,1298.9553053264137,1310.1277101204637,1308.0962847486335,1312.687700512505,1313.3851522328841,1318.287756964428,1324.943307539112,1333.8528580908812,1340.8574631582082,1348.1213532524598,1356.822116247356,1362.509098593802,1369.1220188113336,1368.0537958578807,1374.7989799213965,1378.8770251724543,1387.1929182956637,1395.7139120879517,1403.0894625975175,1409.9169015210873
394640,53,"Grand Rapids, MI",msa,MI,757.3022570668251,756.2387885404323,759.6803812327263,767.4413648179963,775.7810583564328,789.5421283079,794.5859655111515,804.309939506294,799.5507315051209,804.9820020250161,805.094756590777,811.6609667256306,813.4789439041815,815.1973275604427,826.3311363900602,826.2301181304911,837.6002022501526,844.4580810652009,855.696975289659,854.1660538060056,859.6090839733706,859.4236583774374,874.0166143305546,885.4281226147125,894.1305071372955,898.4569409490437,894.8868295297649,902.4731873611453,905.5015465061938,910.6709940548435,912.2743232259284,911.4839711622672,916.6001027996228,923.0763725326864,919.3886812095848,913.1442399254151,915.2917368122942,931.2176189020425,942.6017839549362,951.4475301903665,950.3717283619993,951.9852492411884,949.1179249714969,955.3463710559672,958.8290098950798,964.6712935233967,968.6264121554926,977.513388777256,981.3455508360063,980.7820901467474,981.4092401019661,980.7932714395687,987.4906639240668,991.731221616897,1000.4569489692632,1005.74152626848,1008.8335856378609,1009.9084903882595,1014.2786645817721,1016.3703115652288,1018.8141245535423,1018.3250976407918,1032.486246353809,1028.4431273158857,1025.2682783749206,1026.0590514997448,1030.3608971505662,1032.1634067165974,1033.3043887806637,1044.5293654438258,1055.0035372208838,1063.1652619732488,1062.1857582549726,1064.9021888083903,1076.1981185460236,1089.008669108083,1103.1703379674448,1112.7291395213497,1130.520372954735,1145.8171402386342,1159.5121320793073,1159.1273838565219,1162.6013358587534,1178.248749115056,1192.9743864147395,1208.77247182577,1207.8261874335942,1222.9666916642595,1232.5998449977337,1241.9080323609908,1242.857753700645,1249.8418768891045,1261.0975351091079,1273.0413137395253,1274.1505155239122,1267.72311383642,1270.7977391796237,1273.7540840082402,1280.1078158659263,1283.4853281168937,1292.6525252769138,1301.5255379457583,1304.8431945316772,1302.4910538229792,1306.0018419320422,1308.4732261281843,1324.13539518359,1326.5304416979961,1336.1094542714598,1339.5573161046286,1350.6158473529072,1349.2360263132528,1345.401485292225,1346.3541683622452,1353.0011898803234,1364.3229632333812,1371.924430205685,1371.5103313877069,1370.4749880776474,1380.579956501798,1380.554364629674,1384.7276550705049,1384.4253249699373,1391.4408555727678,1398.3980532157245,1401.8202793627165,1404.8575036050959,1405.621511165283,1405.2786769773172,1411.705333925035
395167,54,"Tucson, AZ",msa,AZ,674.1249128763388,670.7456526166023,672.5827132312916,667.7213141338494,666.0670167734717,668.9050601509347,677.7307295543167,675.9968163648663,678.7289736026386,681.5453166852049,687.7585640497479,688.1612852242994,686.7000739229233,689.7353171171354,689.0959110686514,691.2601462877741,696.642404757211,698.9565714522055,698.9774019812829,698.1832352234269,702.3726968514118,702.2525870985621,702.2339605039436,705.4787527916621,711.0228521011404,716.8804827429592,724.3788099167683,729.3805300386286,732.4252208884529,734.559821980825,736.4719208979246,747.0434952772594,750.4861650790224,755.7903614075677,754.2803317986992,754.504585351554,756.6800598052296,761.4674191399419,762.739888932487,770.3982862047302,771.4479099340825,777.3191520893865,780.7395532503328,787.5864444120624,793.0732369539766,800.304542284746,807.2065255591572,809.1781106543458,814.1600602079506,821.4071900888232,827.1667093694755,828.8791990032289,836.3380770548862,841.1422856815193,848.5368424253298,849.2549309382722,853.714815995796,856.9158109770273,863.9366381241105,873.539975860064,879.3143147255129,881.6529032447912,880.9530364393994,881.3909606053579,882.1460986251427,880.0803879746577,885.1340836877891,891.9295383398197,900.6591391218296,911.193982892171,918.5140725312509,926.5363632424243,933.1819131795779,948.0493337517053,958.6041508772329,976.9797222079425,991.5352923003945,1015.7483705080248,1035.5402242525645,1059.8898271537366,1082.9322946951547,1103.081921588306,1115.092913485636,1127.575784914815,1135.2439005070603,1146.6308382484074,1157.0852266763507,1166.124541203836,1173.4336993206484,1178.103733258558,1183.8456598254302,1189.0125429718983,1192.4602593385766,1189.8738685823826,1195.536565490087,1196.360183164434,1201.320838883596,1197.6746762284338,1201.548276191712,1207.0810422077727,1216.6476316739986,1219.3119374794258,1221.113010341253,1220.3170444383825,1217.5171231458028,1218.364156399792,1215.2552872324952,1219.1479365931445,1225.1057487251096,1233.7067171884908,1234.2155769708854,1228.2698345081596,1223.592044040665,1224.2399698776608,1225.6999614112567,1225.663067418802,1228.3272448808214,1235.533406940405,1239.3369479690036,1239.336357007095,1236.0418936795797,1233.1088645149512,1232.424588677492,1235.298274628073,1235.2669084547465,1234.1909140466066,1232.2982720351672,1232.137268099097,1230.5999989064103,1224.543532689983
753924,55,"Urban Honolulu, HI",msa,HI,1575.3790652854368,1575.6202002532204,1608.0814841144474,1621.6523784159708,1640.0156612250034,1620.958899176988,1626.5292372100178,1628.7111645937175,1643.9678668502313,1643.9016268806208,1663.9842669111356,1685.046583024237,1695.4745137684722,1707.4361613593296,1675.749212462681,1668.2324598183152,1650.5594861708516,1668.9108898360005,1676.3617543578912,1675.7691350839248,1667.6805592106039,1665.4797104367976,1666.1509763847341,1650.0787900508299,1650.5026887230006,1661.7008171879356,1689.283685357305,1709.968056883283,1710.6197463981412,1696.1391599287763,1679.5400178226282,1690.8726875681684,1708.023279596598,1728.270277298697,1724.0761056113192,1734.1910621735597,1738.486326381731,1737.1884625860969,1732.792584331288,1721.2603717407917,1727.800194625366,1736.381515806267,1747.3813205571223,1741.4870439933413,1738.161684235121,1735.9292573550058,1748.9790309167295,1748.9136678760208,1754.3447478654746,1752.3530583972938,1755.2617369271672,1763.0522910917284,1768.6832249704994,1773.748528510335,1779.4457646134147,1786.1194753411664,1789.3524835009919,1789.6692450468881,1789.2147130999226,1795.6332796083727,1797.8922143445895,1806.4165806090668,1796.4601441997672,1791.1434316093141,1782.9672879293157,1777.7639428480106,1771.2989290053656,1767.6555501073976,1771.9593150413884,1785.4261169484314,1801.1658018609285,1803.3756558000746,1801.3513048156394,1811.5947277938396,1827.599011470863,1854.9419459287164,1869.8644339361495,1888.6214616083041,1916.3244136340174,1945.7175755661342,1967.6707209955791,1975.764842638812,1983.8150062126197,1996.3328513555618,2003.8716268073704,2019.0887677645924,2036.0598707087656,2037.5591351661544,2045.4709858223976,2036.1156094222788,2044.3924942500478,2041.809771412383,2044.3732885671382,2042.5631452631678,2037.4810915200007,2061.0160815117865,2076.617294509213,2090.093781775728,2074.791208357669,2088.4705312394435,2093.959464540682,2104.7672365734456,2105.6557011178265,2110.050700344262,2124.3282286066674,2128.551506398224,2130.239405584902,2122.8745122389773,2139.7143071927903,2147.594047714436,2163.9691614973076,2160.4003415733428,2170.4317739283442,2187.244156416367,2193.239347142704,2192.6834948663763,2190.5088753901127,2208.157018185004,2225.090259631714,2234.45973585959,2230.2242126047304,2232.419181197763,2241.942734189909,2255.6590724672606,2262.167957315395,2264.436972769789,2276.4447993197623,2294.230609807917,2307.770457515637,2312.3364196256066
395169,56,"Tulsa, OK",msa,OK,,,,,,,,,,,,,,,,,,738.3662601904936,747.5024843064606,736.4233097127694,736.1095536153439,734.6428379059074,732.965971644091,730.9901301794777,726.6652880059164,735.7391099782917,737.7985565564846,745.6799748624808,744.7698098788964,743.9996131906378,738.5659626609768,737.04733704312,735.0387913911114,740.0297356000725,744.1508590449346,747.6217145803217,746.889342601614,748.9186544846552,756.83360095889,756.4361748290453,754.0813201871819,750.79162266491,754.3765986759291,761.2653168293788,766.9370946781613,773.3913149968132,769.9105226648735,768.5700227703996,767.7906514016702,766.448305008388,763.6089148794664,766.7396847771,769.8646446134453,774.871338909119,777.7854864053311,780.5704946754942,782.8290347153629,781.5281937022397,788.2016327894984,794.8364978226678,803.8305371252937,810.9971232908489,813.0782466559233,814.6922664030988,812.8524462214024,817.683664614693,823.2439589186605,824.0546796418876,824.5059711074412,827.2362365895596,833.5222043483259,845.1352245432147,852.9329159014467,863.4223762905907,864.6985801665647,872.193019085514,880.3173012221099,889.2223645210272,904.159221048629,923.1368891205253,946.2635997495397,959.7865855180455,970.1485087752602,981.3543691050396,987.915443175599,1000.2679663837167,1013.4410224280896,1032.3349877176315,1038.6337683587524,1039.2564329559152,1033.0469913326822,1030.461297597379,1020.6416075560767,1018.7657609335505,1014.2739465069031,1017.4985186742273,1019.8169565707102,1015.5431658297715,1020.3604720687445,1018.3057892066788,1028.1661787547039,1032.8271550985364,1042.3492100713056,1044.8389617824594,1042.830333471638,1041.8539008079285,1049.5580680930152,1057.6267429259851,1069.0953869541147,1072.8131171821617,1070.0828087401985,1068.690641084589,1074.1165156043894,1087.4074239652546,1090.9866121193684,1089.029988554883,1092.28697521499,1099.9497478948467,1102.0439329400444,1099.2158475479985,1095.007209524676,1098.52578129877,1102.3027703515684,1106.8714500085014,1102.4089226810486,1095.3650165822964,1094.2122767753597,1099.366884851137,1103.6335031390834,1102.325697501014
394619,57,"Fresno, CA",msa,CA,745.3692896710697,754.0892472588423,753.3020416177818,758.1653727768839,757.0956760799467,761.6835888299344,760.8915425279301,763.0627562565357,763.6880439546268,763.2194221992346,772.0765111860692,773.6390520665592,778.3853174988639,777.8744115704728,782.6413752759653,778.9366934348948,780.0234857918582,780.9761278287656,792.4341760508627,791.7087281273238,796.2793160348466,798.0559115890682,802.6344112401588,805.5614990130836,807.6234640622085,809.4230591547735,811.4101896155404,817.0792026857645,826.7625648043671,828.5654822369095,830.5960514545708,834.4985203953031,847.8657442164707,857.0110742006821,863.7425369973713,870.4035191842723,872.8139720453632,877.5302386446456,879.051578330635,889.5044919652311,891.8378405190906,895.8256231833932,902.0106222461594,916.7513194121087,926.0033013798094,933.5387307814563,939.0991601975757,941.0423769056054,947.396981445738,958.8652106303568,971.2355956602494,976.2853536778755,985.1607829930643,997.2369359130258,1005.3645173704622,1008.4946082151129,1010.1129155577833,1016.7189942612363,1025.7353582041083,1038.8060554377696,1051.048787850435,1058.301726738782,1056.9895517906796,1056.2091523741115,1052.9285688178045,1049.6514594882256,1060.243687149494,1074.6857429604386,1100.6292977270873,1126.7401894605039,1152.6807363677058,1154.1676527009322,1176.4195424427903,1190.0078301212595,1219.5575493392655,1230.1216297880349,1267.5678186121418,1304.5490132541702,1345.869490014994,1374.8011801745454,1377.8955697422632,1357.2415284778788,1348.6708814472236,1359.6215267839868,1378.8984540510676,1385.2503296019866,1391.217307127917,1411.0148448843336,1411.8044042107306,1407.3542103220498,1388.2210831617426,1387.7531634410168,1390.9451945013063,1409.763710280604,1408.6459636369323,1420.343023731892,1417.2400158878702,1430.1679302707737,1430.5909142312833,1434.5948459305976,1450.487971800452,1467.495214948582,1471.8506727750266,1456.374989906693,1457.6602501131872,1468.6734061686286,1481.8122482465901,1482.5861334322572,1482.7261099596712,1477.9968605063555,1475.7939449872479,1481.818611254415,1485.644952041633,1487.3823293251496,1497.6175369973041,1505.5626541429604,1517.3600398811097,1511.0618603466005,1514.850769682992,1518.0821448614138,1526.3676521732748,1533.22962222823,1543.8998564454043,1544.1407742367815,1543.35440188662,1544.7852313142762,1548.7923951528296,1560.7636483225228,1561.5609048200329,1568.8029842497926
395238,58,"Worcester, MA",msa,MA,1007.6262114957807,1014.5214884052159,1022.705887137979,1027.908166575767,1025.4627115872454,1030.565449074451,1029.1217423385067,1036.322864149394,1040.44895364359,1049.7468270644172,1053.7505425777772,1059.6882000111164,1059.0797572020886,1059.699655236168,1055.2381352111765,1057.631872822343,1071.351722738879,1087.5316905059203,1101.9072521606965,1100.6488465377734,1102.939730658303,1106.8486507309149,1110.7691812836795,1113.6628245339773,1113.8545284637148,1123.0555109980473,1133.6870823194606,1147.6225302276582,1151.0392917085185,1151.5741541265834,1146.3354068776118,1149.8714613682216,1153.7886639304963,1162.362777505967,1172.6661522029117,1183.21183382135,1192.1494570658845,1196.7639405261832,1202.443449268557,1209.1710828459004,1214.6611115887324,1222.9103042470626,1233.8646754707188,1245.0452856001416,1250.2138972489086,1247.3595385090423,1255.3967516457094,1262.955224796275,1272.6862609824313,1275.3462980486295,1281.289729048101,1283.5182295510224,1290.0579144009098,1295.299279099154,1302.1338500662903,1307.5726744622593,1316.9384123945915,1329.7339876917351,1333.2917352488691,1337.3191351797602,1341.5114256405636,1351.6898935946922,1362.1123123197458,1364.5672817318296,1364.3243354366557,1367.5233042469404,1367.9289016930204,1383.5933898055453,1393.203289953893,1405.833054532777,1409.6671410250294,1421.3834356402274,1425.9997164725874,1433.209604689411,1437.9141825734566,1450.4513095095851,1469.7489712075017,1484.9291442009696,1502.9985440647613,1520.5245517867554,1541.0430762830379,1558.8857683991869,1578.845790683244,1588.128271823227,1602.1142604498189,1617.2169317599564,1637.3126924073479,1652.1746978378872,1670.1048512038649,1693.2074883677062,1710.7483148259375,1710.6974325216804,1708.2902306958845,1705.5642512451705,1713.5675010837329,1728.2704706378597,1745.6757442696658,1757.5476848270073,1768.2036691393394,1785.1513094875522,1792.35119583984,1798.1521982191443,1801.8929325592308,1818.0673366950273,1830.1238385452757,1850.5541586723543,1854.4700869015185,1866.4797179953696,1865.7909639175705,1874.51070251418,1882.4276345819765,1891.4982226244072,1904.0741506413594,1909.6463643297445,1919.794438435614,1934.1209073618136,1951.7835834851178,1958.0051989214799,1973.5478978044155,1980.6486733623549,1994.9062796470907,2003.7328860966209,2012.2013163785916,2016.8339853533753,2022.3132790009274,2032.4983647042088,2040.5778566138824,2042.0969893131999,2042.689271367028,2047.2314174511946
394938,59,"Omaha, NE",msa,NE,810.6425602747861,809.7351470733371,812.4653436565869,810.8984490860365,809.7267045545725,811.6932480087295,821.1805073467223,825.6032834881184,826.7094211575771,822.7638648709137,822.856551506444,825.122970514527,832.6128679698377,834.4878977350644,840.4682593097307,843.0587137503785,847.1628498231838,846.5544879820613,845.3156289372154,850.3869535648406,855.7934330436195,868.6944919506312,867.0834642078548,871.1093010050885,866.5649177562902,872.1993508242297,874.6845437052654,879.5401091514902,880.1504372268241,887.4516519784614,889.1685581516857,888.8965164608002,892.1878866974101,891.6099423023074,900.242031184532,896.568884936507,900.8371113716842,901.0429744591595,898.6612054081254,898.43891322315,899.7557355657935,903.6371257562661,909.9388592329933,912.2434800953894,910.6592407295698,912.2478937371768,911.3787219638987,913.5091380423459,914.9439883062809,918.2633102243065,922.8346996727438,925.6171944631575,929.1286132801293,928.3057715800453,928.5315234299378,931.84346644987,936.7642830951105,939.8162516525862,943.4637695369663,949.732152769485,954.6171221464715,958.2244439041364,955.0937953926169,957.8773481715474,958.740608530379,957.5812999344082,958.0122259482657,956.5674316903302,957.0104449378342,952.8085403783736,952.4357021156019,952.6026047151881,959.1679093508326,968.2148553189428,972.4541240296764,978.6990342294946,985.8247721605795,999.2424402095172,1009.2101974529468,1017.2983322620312,1024.1633855928128,1035.0126505642995,1043.8124582619412,1051.2432968924368,1052.9437363807922,1056.6548806504775,1063.507523999308,1074.0606892321691,1082.314275542232,1091.322456685526,1100.9053114523067,1111.0699678747553,1118.617225883407,1123.3699377216178,1130.4202203324194,1137.984781588394,1148.8938840516648,1154.553570481708,1162.5564086056527,1164.7235017111318,1171.1810838679191,1170.7983275224774,1173.0188868084617,1174.2424408545648,1179.1000478833514,1182.7782135638804,1186.7581683590345,1186.723083154701,1187.8766166158,1190.4857058307384,1195.4313698029368,1199.4956558759993,1203.7134621391328,1210.1593483258223,1213.1099438419446,1218.895515121862,1220.4633417038367,1222.0755226865958,1224.9853900317073,1230.8141630347034,1234.9035210709758,1239.7772678084677,1240.9235500628206,1244.6552225255086,1246.4581206474506,1249.4294626196333,1253.7032502373654,1256.0774617672485,1260.3971985691737,1265.5832639695136
394415,60,"Bridgeport, CT",msa,CT,1631.3068290416127,1636.572410054572,1643.5464579469303,1672.567605673761,1676.2253344323449,1683.5633841965437,1679.5385183441435,1670.7634254822544,1664.754351279656,1673.171587018312,1692.0029770469268,1692.29161328552,1701.7686067410868,1699.070480607447,1703.292125727508,1694.9912089320244,1692.9428388829588,1697.0586440625764,1699.2876422635034,1705.2792835325758,1721.4455336449814,1728.9052059283363,1726.9633170177735,1717.650475591607,1715.1021363446214,1718.8042230773417,1728.072348542551,1747.8922396136293,1769.7595204390932,1775.4935223147334,1767.5160215959534,1765.155079587222,1756.1383538398927,1760.1854694824917,1766.763654381378,1788.5174087074938,1794.137142262657,1811.294206630806,1817.4197289281776,1817.2611387018162,1814.911738533252,1823.78572809954,1829.4754053981292,1838.4275827368228,1850.7343803495596,1852.054378112911,1861.9725717903323,1861.4425207375912,1879.2392221218581,1876.04555347617,1879.4976922772032,1884.6491322945265,1890.0741828628113,1893.411765077971,1906.5175224011746,1913.440988521526,1918.6790755629524,1926.9886319059358,1928.561949569597,1932.4146556622982,1928.3677751234359,1933.8821210303681,1936.7664081185712,1937.0247634512662,1925.7045656301932,1919.4594496519899,1918.9066268200777,1932.4148601440068,1955.2837977348368,1973.2639723804357,1998.1065249063286,2007.5887444414407,2021.0107090337194,2026.2546445105982,2042.0659181474607,2060.506471983271,2083.282653992807,2106.2835268768654,2126.7758688437957,2144.9766374157,2161.311849110497,2170.626355875987,2178.637011603994,2197.6870166586054,2220.3272111468455,2241.7716141181018,2250.680326806577,2271.3331417713794,2298.318566080335,2330.282002549727,2347.3850549671224,2361.9795940779986,2363.2993122430917,2370.00301172873,2361.1879062941994,2354.2655785159204,2351.4976646655996,2355.994003336001,2387.856035237176,2391.396000110277,2403.1776465875655,2403.760062663691,2417.594722219293,2423.7918814275768,2424.819635701258,2431.7417800923345,2449.182783915526,2461.105772490837,2471.7260765816222,2484.8563906247423,2494.220729151089,2514.097525842954,2521.265241443452,2535.259233014116,2554.241774237449,2576.018243373915,2593.5902786773104,2595.393725935249,2613.555833700906,2632.509906021252,2648.810325535259,2659.6188860786856,2661.2082641347242,2666.33519183914,2675.6727278082376,2684.23374961476,2685.098990672509,2688.0300432926324,2699.2655662075153,2717.9766078260295
394653,61,"Greenville, SC",msa,SC,,,,,,,,,,,,,,,,,942.7112023468942,938.8653362906051,944.9202878026226,955.2090120066385,969.4146096308051,972.5196779742264,952.8249153992841,938.5586231894572,935.2038661477986,948.0954327893678,956.3667059323999,960.4510352084882,967.5302416163858,973.8193090617374,968.7279080501715,971.0520860159818,954.1826679946524,964.067661595109,976.7216840440768,1002.4771836399476,1002.8989153481244,1000.3060093885099,998.6691823442767,1009.7291061968356,1009.2951154450453,1013.351494706314,1016.9447178262931,1027.8007978197013,1031.449422234893,1034.3229589405812,1036.8135139227236,1041.0670086942205,1051.3504613728308,1042.694493706358,1047.1325848530398,1047.4211870306815,1052.2916921541184,1055.412838069208,1062.5709575103729,1059.1096820878654,1070.4195425810185,1071.2059657445432,1075.566076086376,1070.9976877088336,1072.549040794274,1087.0454313391908,1091.6657051165603,1091.3650242870742,1068.426618314997,1055.730100913453,1046.316057128295,1052.364867275394,1060.554979432271,1074.6903890294777,1084.3793248745574,1093.5455957919169,1103.9311794937123,1107.8142668084754,1123.3336356213065,1133.1405327216467,1150.0092976687924,1166.4662075780473,1190.6575027963434,1215.8269842712043,1227.2215648765264,1236.9218814344943,1243.9174741264994,1260.0336978003784,1270.0677238326787,1273.5566746369122,1282.7783602817917,1295.4659048391509,1317.3738762442151,1334.9700961070973,1351.0270882513264,1354.1887585510306,1358.814750499282,1352.3535589919527,1351.707578072248,1345.3654223098918,1344.5481255436,1346.6136877553374,1348.109495682291,1353.6354119021257,1355.0365521487013,1353.65641466921,1349.0988057133845,1346.8039922164703,1353.130204825917,1365.9048089761154,1370.9145547238925,1368.6815052744787,1365.130990309865,1360.283401539553,1359.5875797684075,1361.8250316243893,1371.3754605853599,1380.7979973664035,1382.352846261849,1384.9238889315477,1381.527208088805,1388.3925119862326,1393.7531922171745,1404.5443599629216,1414.1827405001054,1424.4375195912107,1429.4367834755508,1429.0227062670504,1422.1126012119967,1417.310606591956,1419.8888841627513,1422.8144421902414,1425.6383240128305,1418.9472488720314
394312,62,"Albuquerque, NM",msa,NM,753.5759264834439,736.9014827161124,735.8011738780119,744.2497309290454,753.1571015245104,749.8341758488832,751.5833045664261,750.9145621737331,757.3283829625635,758.9481068212455,756.0478377913523,759.5644491927841,760.1501080836726,765.4367918166246,769.5142631299959,773.5231895606155,770.665243286854,770.6634518129594,769.6844825080974,778.3462919766305,778.5445758904758,777.3785606494251,778.8582344496418,774.9538730769374,783.4350674862723,791.1414626389243,800.127548256669,794.7652795022265,794.3409711659388,797.9821942823656,800.9850648333452,800.0147476807452,799.7089940585632,806.2593066946722,806.0761141747022,808.0745345260276,805.1273184463367,807.237025275738,808.3810093260686,814.6850183448576,819.0437723012154,819.0708179236747,819.8851426151472,822.2179514177444,827.2029480692934,833.365498642242,836.476683158312,842.0401262925543,841.2691653428961,845.1025394350062,845.5976965553916,849.0070590256485,853.1662645923718,858.6390291675808,864.1029881481404,868.5973783349143,872.3850499127841,872.4010653586944,878.0477576638677,881.8437724471831,890.8096906910979,893.8208934543256,893.7567982528886,890.2826078177852,884.2223219380642,889.7027748552259,896.3378346758977,905.0964764324781,909.0834460223233,914.9276876506235,924.2019475917614,932.7674932242988,942.8593994043879,956.0091317216588,969.6475714736887,988.495492852514,1008.1765341200571,1025.2128576751197,1043.5865229852664,1064.1747140711295,1085.4991636772843,1098.1294052943347,1103.2634558002396,1111.192883067988,1118.9408649648092,1131.016893946955,1142.6269089503705,1156.0804064996798,1172.484174865592,1184.7285342599932,1197.157537338639,1199.1352443852,1202.5172525499527,1210.0560935962387,1218.212417231842,1225.1328377033633,1229.9518116157049,1227.7711806554485,1232.8235875811536,1230.5532138561268,1235.467295204423,1233.3053105032718,1234.427525230086,1235.4518727741752,1240.153407299876,1245.0307243780169,1250.5571143371396,1252.0341794102546,1253.2522421613294,1256.5715960179336,1258.2728179150558,1262.6826034925775,1262.4646454702386,1267.5613942613963,1268.8157176406464,1274.727655728551,1275.2259305297023,1279.3397106593811,1280.9517326708603,1285.1227699368649,1289.982535050211,1295.0138404326742,1297.3710332267071,1300.1972659295805,1302.0375285975203,1303.9011947273325,1306.7114981293594,1307.717474669796,1310.3964799114522,1309.2621505878176
394357,63,"Bakersfield, CA",msa,CA,747.3230735819444,751.8150612891003,755.3783060141764,755.5762317625984,756.9390166711993,756.3922878811533,757.2263510133081,754.1125871605893,754.1900785691917,761.3542751094025,765.6675772174876,763.6116605096099,762.7755536010764,759.3272632611968,764.623340932115,766.004722292625,,767.762684703857,770.7688965976281,780.4747537379661,781.0513216320569,781.4516884966214,782.3576335199945,787.8579887391769,790.6726769525878,792.8357470666502,792.0489231270492,795.3929817253756,801.0368473644949,801.1383543330821,805.0056582433808,805.8695275451182,813.1297051186435,812.9541601538567,812.7349943717403,817.3194253600141,821.6682082846089,830.1734446553832,830.8142390582383,833.9537325908848,839.2526532104711,844.2214731889107,847.2961972013888,846.5595130203795,850.6641409959719,852.7857796704598,858.5808055656184,860.5486021974082,865.6357089777424,870.2533364441035,877.6229806704539,881.9989553747794,884.1700422141613,888.5836155206831,892.6958239512271,900.1570835910496,902.4445487522433,910.0478568252411,914.8190780747229,919.370921896697,922.1754137170817,923.4692019646715,918.242221843284,920.4348752544034,926.4472230705804,939.5792238815859,961.5560333257519,986.7832432426295,984.1784795732433,993.0063477388568,984.6984535089459,1000.660141266055,1020.993732531725,1029.8307494651897,1037.9951390948436,1035.2733834615458,1042.5006426932193,1050.2126993160784,1046.7002879141319,1047.6100326297249,1084.1493409138807,1106.1180581809845,1139.5146533094885,1144.58436527793,1165.745088353021,1187.2606148335965,1200.599061703895,1222.1693491446144,1244.7739096019793,1261.48558363339,1277.0266874304195,1282.8124717086312,1284.1188942933807,1285.1627393198958,1286.0268061412046,1289.669671437512,1279.4040268709687,1281.43555124759,1293.6932406643814,1311.6398514031491,1313.0380194366592,1314.2883517563075,1324.870050291901,1339.1307972860454,1334.5708510280874,1338.8853006851737,1340.6173619858132,1350.6618344201156,1348.9225083643119,1351.0124791724854,1351.7375408491348,1359.4488798480886,1363.0731658737227,1363.5879373101145,1365.4667173627086,1360.8166863069123,1371.0746316468221,1373.3221615421012,1378.3065602087584,1380.85906861216,1395.1963773954506,1400.6782967554868,1403.7591315320594,1397.0932650086208,1401.4777680506772,1409.751868647905,1413.1361706835742,1421.7585740382508,1427.7123073857642,1436.1785655562016
394308,64,"Albany, NY",msa,NY,968.2918593344478,970.4576608782431,975.7074470397841,985.1882679001296,984.582846175688,991.0827581322799,992.4719219923768,994.0885354212203,997.6571825860033,991.6290964057271,1003.8877368054655,1014.2631243555288,1031.4232174155643,1025.501755065777,1024.3799340371436,1026.1016419402893,1027.9477081744203,1031.330817782985,1031.0245637457122,1041.6265824440115,1045.7117027566817,1060.7938913025196,1048.235813804975,1045.865770460175,1034.8058059664531,1043.3201305759248,1044.6127438577798,1048.4682411181811,1058.1623697804537,1059.9853852996036,1061.2201762428863,1054.7501499782572,1056.007132930534,1059.1856250116234,1070.7800134014872,1069.3391349158937,1078.7868288175705,1083.174065968849,1085.992593609188,1089.9223642194017,1081.6883169318355,1081.2403540263067,1078.8308760106465,1088.1547304188982,1096.4029888532439,1099.1290283986023,1097.04420198457,1099.1690806526212,1103.0086868864996,1100.402248524401,1103.8073714681836,1104.5048987428104,1111.7813573309484,1116.4595659623526,1123.7952171093782,1123.5624497432395,1121.752062149499,1121.3942186886634,1125.6867030152755,1131.2118030823244,1131.7642874465039,1136.5202401500721,1145.8041755976133,1145.7414122620653,1140.7018402902982,1139.1893096571407,1144.053735444103,1150.9663850320585,1155.598318505681,1163.508799272401,1170.0479993220988,1180.3003806638148,1181.624956539046,1185.3494535564116,1187.4362408672646,1205.798268785701,1215.3058193700522,1226.939776185399,1227.734274732028,1237.1465146659975,1250.2271962425239,1258.2869108362206,1270.705668503995,1279.4815061875665,1294.0373751825764,1300.988851069619,1311.7303814671632,1321.0086219314157,1335.4934678145319,1342.706010833096,1352.5225163770886,1361.78842992242,1369.1821064466797,1381.3644630499407,1378.2533248491327,1376.7403627770138,1370.2635216042434,1376.4774482325167,1380.741134175986,1378.802673308916,1387.1276512552479,1397.6537120472533,1409.2243396992826,1411.744229184581,1415.5755882278947,1413.9526374093823,1417.9748961424762,1421.7511554670054,1438.7968654297053,1447.8542139281387,1451.4366512126433,1452.7262045403809,1456.066124295931,1459.9056388696752,1464.9869187361414,1468.4163253937443,1474.67397228822,1478.1930333263883,1487.8525748746229,1497.402661616255,1497.8035822908164,1499.5891033001315,1505.7148418973795,1516.5305044618203,1519.6971261845367,1522.9643831204598,1524.6219483348423,1532.0751153987121,1536.9398501406097,1545.791271151121
394753,65,"Knoxville, TN",msa,TN,,,,,,,,,,,,,797.9427178353708,791.7196818424069,776.3999593047727,784.7060407843088,795.7009512528471,802.3561639105136,789.2667407484024,794.4846690278529,794.6118644946698,814.8506432937511,812.7055985699382,816.5548195773785,818.7066379531541,828.9839408258573,834.7753396930063,835.4922311661982,839.2209973870541,848.7386824198288,858.6800835102749,850.7193407869775,870.5357704769162,877.5102407974322,889.2260572891349,873.2482853914523,873.5499651851754,879.5432624218923,881.7774004142369,873.585600941466,882.072242751111,890.6579438224774,910.0915239933,911.5872944287876,915.1402494114677,912.1868777874666,920.7642709298088,925.018051599452,933.5254395571319,935.102569222674,944.7100851697293,960.1147933668593,960.647236177245,958.7858593937755,952.6661561156404,966.0167114538426,965.0192690001892,971.8695119023672,971.8524810888819,987.6992015541008,992.2977690418052,998.5045036921338,990.0689973442915,990.0541261411474,982.9789034430732,982.8515871376039,972.7207362551649,979.7120366747694,995.421330353655,1024.0035629481004,1046.3451934186012,1053.555446169184,1064.5506631456274,1073.9008471463467,1084.6511110445126,1091.4241292256859,1107.8860306460742,1141.6245791040324,1185.6425302485568,1219.1947147502183,1248.0973310793365,1260.8996676469833,1272.306014359023,1283.181409949519,1292.599138119242,1315.7945876454762,1331.7062662648532,1372.1044611026,1398.777429308052,1425.4299784253478,1445.248272280985,1455.7283194061552,1450.556068830148,1440.6333278729217,1434.819605294418,1442.2745504410689,1447.1746273891836,1452.858533759417,1472.8479194277397,1476.0313088085695,1488.7571971059213,1491.9268771696827,1502.369074819074,1503.2000818833164,1504.661062092142,1504.6607033529897,1512.5310797422212,1522.362540415318,1533.760195066512,1531.537793546375,1522.290717996244,1517.9118180613261,1517.726887989727,1514.9721817580032,1513.869445744851,1516.9628357530041,1533.5666604507767,1550.5878703449487,1561.1447081958936,1562.854994320638,1563.2330108858987,1569.374610343135,1574.2204609487546,1577.7314237454295,1575.3798564781202,1578.6517065704788,1577.3310836076635,1578.7550538654418,1571.505031983083,1564.9651561283506
394367,66,"Baton Rouge, LA",msa,LA,,,,,,,,,,,,,,,,,,,,,,,,1016.6892656522442,,1030.9572681861869,1033.1477092451662,1035.168285402483,1038.5391255805023,1025.8529797744002,1025.7262860861213,1026.4656896739352,1030.1733263160477,1030.8885498015732,1021.5201012745591,1026.1544804819562,1022.8648588559224,1026.1814906690768,1018.9835719069926,1017.5449753672456,1017.4772288628502,1023.54598969527,1023.2507715229501,1024.1363535648404,1021.3078519779989,1018.5795700443366,1015.7769793098317,1009.2794082071189,1006.1586050977377,1010.8405977656498,1015.7644132145662,1018.8094270832684,1015.6463429674106,1015.9399485789372,1015.7367268723424,1012.1277808893581,1008.6232951081864,1006.3798480724237,1008.2347015631397,1006.411585252226,1005.792101516611,997.1692103932185,1002.8162818419443,1003.9989406902613,1005.0285993519556,1002.7959034787875,1005.2476024000443,1008.5299988450016,1013.4745394961441,1014.9338708849243,1021.5555077309496,1025.7590720190717,1032.4460766582724,1032.1105067725407,1032.7419334789447,1041.5425025808518,1050.642301977146,1065.4774783716791,1072.1698888807173,1088.2060258987194,1108.604518299657,1126.4203307094701,1139.4719212575048,1146.9187026146953,1160.2406170046238,1172.515205803706,1180.8063617354012,1181.151794352076,1184.829320178159,1189.361938428271,1196.665180330675,1196.7230976947017,1183.8760194335348,1170.542784780778,1155.393182566743,1152.667296880324,1149.025624145638,1153.6612531079115,1163.2495076675991,1171.471399375868,1182.0420871591518,1184.2245073945378,1181.0288293781268,1172.323033591864,1170.6205772134974,1177.2506824996176,1179.5544910938343,1177.8442048013796,1185.513959049411,1184.4087325426121,1180.2531541896608,1172.7605390446165,1176.3649645008602,1180.36400697521,1187.1915548051304,1192.8481380253743,1193.4979855317515,1201.1054857613944,1209.2680583279375,1215.2552888990328,1212.7358596052522,1212.9927593939321,1213.7406306201933,1218.892866857213,1213.5314637494153,1211.3131825441026,1208.8019259020443,1210.4706087516838,1214.3835739894823,1208.5134654396848
394843,67,"McAllen, TX",msa,TX,,,,,,,734.2338375681735,739.3097320083779,,739.2830225735753,742.1414116596013,748.8226774200866,739.96604514551,734.9364843436363,721.3240168341083,735.4196855624041,741.4903156510634,754.8163740373362,758.7490890293438,,758.8958912925661,755.5803500823937,758.5737193963835,758.5750758318959,766.7119853046511,769.9027310644941,,760.0854172404723,763.0781499138832,764.4452779898472,770.999729767713,769.6779673115594,773.0345586647566,772.4307728604405,772.3826605778281,770.4033662940672,774.4909470973444,775.9708488153675,780.4597386741455,780.9206491786524,779.5110815829872,776.2129423609513,774.9315158200656,779.2903282288054,781.3340055505619,782.9802952029222,785.5934005410785,789.3200162308009,793.0164158620163,792.504603785987,794.5112296510189,799.9102562994244,801.5584020787813,804.3272473767183,804.9603646727498,805.2517914061854,804.9063108214124,807.4824384260082,807.4785399199919,807.7932104048922,803.7520333862675,804.8075282192342,814.1154043570416,812.7418540233192,815.8381489236026,814.7453376537974,821.186584645892,821.7174587609461,823.909330148575,825.0863704170558,827.270802351483,828.7436676269995,832.6029542490686,837.826990381284,845.8209265213607,849.7918022290186,854.4756512976436,861.1932092347622,869.457313476727,876.2768970593089,888.9314323366231,893.9337994987173,905.0755122285279,911.0947776122146,914.9265723216774,922.9142578173581,923.0132757750498,932.4813984203286,937.4872867411398,942.0856482214056,946.9663268973021,951.0805002838488,954.9085826083041,959.7628047495896,959.8714967595765,960.5620552506807,963.903625377253,965.9527488255476,972.9372048854821,975.6103845951787,977.4543499643744,981.6395741805995,980.0444669785876,983.4201646901602,982.470696087762,984.1451554905576,985.5549808553299,992.70772571949,995.5338028466972,996.9551958068516,991.5633759335942,995.1412796604263,995.5397581157767,995.2456750544857,996.9942286594405,997.4357600266793,997.5912859463689,995.8953371871847,996.874539546041,994.1371954501941,993.631096834885,993.8058106691508,998.1212311130952,995.8511101385059,997.1715737837342,997.8077773425238,999.5152752544242,999.9622125528983,1002.5532477582686,1005.2988350786858
394908,68,"New Haven, CT",msa,CT,1011.5256995792453,1013.3536212177247,1024.7824986607745,1027.5988581478462,1027.2750311694592,1022.8126235210985,1028.732874763625,1028.2032776100011,1027.6297048268198,1026.9302739081609,1028.9816596207702,1034.7899308577505,1045.0932885751326,1050.3300872540037,1052.910646877043,1048.5233350905178,1055.3652414373378,1057.9702496448024,1060.1919774830492,1060.12107564816,1066.0645521090619,1069.8127911375043,1071.3482718758216,1074.4595288628173,1078.977234546826,1083.8923476458929,1078.6297520606338,1083.141332779455,1084.4602987764765,1090.7646571312994,1092.889335563946,1099.1090250380307,1097.977239674085,1099.26597362158,1099.7828060924699,1104.1105599258963,1102.59409738334,1099.2625671354938,1109.9134239798757,1114.9129648618082,1120.3696349893628,1122.4198910350287,1129.5874435923736,1135.93963319005,1140.8634418842246,1140.4846096492022,1143.222634784448,1148.4834218122776,1155.0082734821528,1161.4410435599877,1162.7987289916052,1165.5746612257478,1167.4180754168128,1170.5319388179219,1171.6467101434168,1172.0799701187148,1176.0764619544645,1183.3435493340332,1188.9661397792365,1190.1588466104822,1192.849846457377,1196.5612346868113,1215.281518381688,1220.627761032774,1218.5856713322735,1217.7747924334888,1215.3021106679898,1219.6693766227331,1225.6477660561138,1239.5371417352285,1241.3740002711038,1245.6667002041395,1257.3017322572637,1268.2602081870316,1278.0295489253783,1282.611108177555,1303.6274033770949,1324.2724245363188,1355.441561510281,1372.9716702541648,1391.7440766762402,1394.1998590686183,1405.5630607302671,1422.4977956690016,1428.8638089273645,1437.1130767756597,1448.9361926928082,1475.2099895066406,1493.2740228852574,1498.445275417837,1501.7740193175891,1505.0469619346673,1514.858123460684,1530.4164379780334,1549.6983239492765,1559.6956291635433,1572.2433151717262,1575.3302215334108,1581.0986897244197,1582.8928465651597,1589.6194648782762,1610.3813692884546,1624.275949026399,1643.09414945465,1647.3126465756034,1656.1014083698713,1673.0906164360092,1682.0065378649922,1693.375500474396,1695.8370555801755,1708.172021498631,1718.8833653443405,1729.813507326681,1740.6036433759964,1750.6219712212694,1762.1832107718228,1768.9127586487857,1773.4692556133457,1772.3975979966465,1780.784183453647,1787.5036727609147,1805.235711035775,1812.305705105668,1818.8825066768973,1823.4315516424124,1823.0471328331084,1826.5160609716365,1826.2126435117952,1835.2313640412042,1842.3033185111988
394561,69,"El Paso, TX",msa,TX,734.8209776577045,735.9911048849575,730.2166080245596,727.9566521918954,721.321818644028,727.4634442361203,725.0827524451948,736.3216713321766,739.9620212776216,733.8692444102716,727.4364561084781,718.5669359011646,724.7126877807572,729.3958515880562,740.5887622339436,740.5447962739664,741.1850015216761,736.2327725514122,738.3325689757166,737.4541682877386,738.8598713735092,742.2861429308916,743.5371778449986,751.8499556293691,747.0635782971019,749.4858374211549,745.0703742018277,747.8631197653382,752.0119079959242,750.5124755307119,748.4219648639539,742.1729873409803,743.1486776705792,746.2776844492157,752.4241541875318,750.7860819214479,752.0546644949994,748.0829507471256,751.4271421377612,756.5092090888029,757.8714221762766,756.191902792577,758.5489267090977,764.1426839339229,771.3218069855086,774.9537816082263,778.4352779677758,776.129093970615,776.6667381381651,775.1246275531395,775.6754362099326,773.8205800272796,774.4557901257928,781.0911802343686,784.0038581433746,786.8825363262953,785.0746105579337,785.0717561182433,784.5120072095634,791.1502297589712,796.9110232462981,805.8654575492419,813.0947293732324,816.4033818441974,814.6019842349343,813.8450264098565,823.8868628454786,830.6917850899215,834.2076104971682,830.7456213871468,835.3230069755705,839.1617489836493,839.7410567410706,838.904479801108,841.9687393499612,859.9476043101621,875.2861205869154,887.3448485272494,893.4937195556776,901.7725296808122,914.6066993992604,927.8786563561803,938.000295647053,947.5760835868788,970.1824038345279,993.5357589477336,1006.3941739798726,997.685920177513,1000.6100174810804,1015.288384417663,1033.241153381126,1041.0049273445677,1049.2180693946484,1055.6601366201253,1063.8831934499556,1064.6280352634162,1061.8883524224455,1056.7374658862948,1062.2618824318024,1070.9244890112725,1081.3058821574796,1079.5143417966513,1074.8998425533748,1076.4337831088526,1080.251971682738,1094.502074045665,1094.9890060539717,1095.4778516202057,1089.1662514063612,1095.5491236205758,1103.2424867833604,1113.879167219921,1117.1059692879892,1117.6136110749133,1115.080244059243,1118.7919904723385,1118.5761971678255,1118.459587250611,1122.2832471526085,1129.6900740554881,1140.9376749667613,1143.195447103026,1140.9784519193827,1138.7589553857003,1138.7753812138712,1144.2098294633013,1152.7885987912118,1155.4632647784974,1159.6353308503508,1158.6439476822263
394318,70,"Allentown, PA",msa,PA,952.959561274435,957.6348364505133,961.3825612274766,957.2977264207302,957.4530420828353,962.3456514528193,963.399015464064,968.8474298723461,968.0205967731652,974.609998985897,972.8109700493563,977.2925574518856,977.5182225066582,981.2163948744061,979.8333403017053,983.0339205836312,984.9355103860529,987.7910057927506,991.5301619910069,989.686307234416,997.0588650341222,994.8780459929122,1008.1180496288565,1002.1267436522036,1009.72218956664,1008.8443438110022,1024.4471050173133,1024.5967064414883,1035.4130642848436,1033.777420299409,1039.9833323328996,1041.961984093005,1042.8355639091228,1045.2927877722748,1045.796954210774,1057.1358228978527,1055.3704659786756,1061.5657260094447,1061.4639177444053,1070.0206859840978,1071.0926700182797,1072.3765346114321,1073.74209206062,1077.2670849406377,1082.9639353781656,1083.8669854107777,1084.6579907461903,1083.866731388932,1086.3759309991144,1093.5956372246692,1094.1743352677345,1095.4886058358857,1097.8192887272967,1106.194069113211,1110.9025696691742,1117.3634274976066,1121.311212072136,1130.4342382314132,1137.9794881027644,1145.6654479017486,1155.2096462354552,1159.361654629935,1153.076585329659,1150.7710116795693,1153.0998234078404,1151.5232922509833,1158.7244584502137,1173.894112193893,1193.0018144206858,1206.9919751825419,1217.7215978543056,1229.552731895653,1235.8406145390657,1245.6128889907513,1259.5436465617865,1281.0321139492294,1304.6564945410923,1333.2542091547969,1361.78502098193,1376.6306161490636,1385.9412357425904,1396.7834407489959,1417.4809122784775,1436.8923017818258,1455.8166928599592,1466.3542854824493,1470.3987037105044,1473.6137845705778,1477.567027421832,1482.2674918724035,1479.1422863561843,1479.7693069500997,1478.985110757591,1478.2997985907195,1476.1547627101006,1480.2439851860893,1487.877594337828,1500.1476153259468,1512.7359244873746,1517.1010451114569,1519.3749040687694,1519.4841216013035,1523.4865164147102,1529.6546640450433,1532.7910676320953,1538.7399782009165,1536.9205152049376,1534.124376388724,1531.5050507055084,1533.6122693638656,1542.2322714548568,1552.5123393386666,1561.183236299206,1565.7354268366441,1570.4761554660217,1571.4107344769955,1582.8316722129814,1587.455288824451,1598.2799727262434,1606.5596365864205,1612.82032185387,1614.2805605900799,1611.3151989593528,1610.7259820865643,1611.9229942454742,1616.6761698838702,1620.5917193699745,1625.5105194577698,1623.6444570189983,1624.8609407803524
394952,71,"Oxnard, CA",msa,CA,,,,,,,,,,,,,,,,,,1693.7170702443962,1701.9714243953745,1691.0335811335183,1689.8409929632298,1697.526915734388,1720.5294904212064,1705.3202752769662,1701.9702590625614,1696.5357311439698,1730.6898917232218,1763.3009635166864,1793.8903782819016,1790.8020866490156,1797.6061290009386,1801.383871201809,1829.9533205798891,1815.3637291835905,1814.9163051878468,1832.897559541866,1863.947276932248,1887.2107104012694,1878.514039770501,1876.0328252995594,1863.5326609412662,1874.575535401812,1892.3829357106072,1909.2935852041512,1892.9462730910907,1897.0584165998278,1905.5389285777976,1934.0522477593522,1945.18238666447,1941.7610569844992,1948.8546376585862,1952.183341210876,1959.500007366652,1964.5595798439406,1962.4360279995544,1965.5832309544044,1979.2960933774839,1996.2816966110665,1998.2071549478107,1982.0825918817181,1969.482819164708,1971.9916851655503,2014.3838042029704,2010.3344370028017,1998.1552767350072,1993.0093517471016,1997.0207407516777,2009.5078815162299,2042.6257069184583,2063.022724512525,2075.2669147745214,2082.0996094145808,2104.7870918786734,2119.571722964291,2143.348218317387,2172.720538627635,2213.621861452278,2245.5486938627787,2275.687940736874,2306.803032066777,2343.1600457301383,2370.695487961792,2402.358144076463,2431.1411084574906,2439.38459506325,2454.355421894477,2450.420194449771,2462.212498110848,2468.247827617979,2474.5186293650854,2495.9059708864515,2497.0732013880775,2492.91424459415,2480.4673673812135,2474.731776264655,2476.708055066715,2479.3451977664167,2479.391305279231,2485.7433244153917,2501.343581699696,2509.935139753132,2512.2752422740755,2504.3912589298943,2503.2151341944727,2509.199974913148,2524.242118775209,2534.343470952491,2534.2076692330406,2537.5223224564147,2547.030686557082,2559.6407324006123,2557.632347302553,2562.07159717294,2571.46181915674,2582.9127006682616,2597.583246548584,2604.3272457349303,2606.9866461011134,2613.0937254380583,2623.377753044499,2633.8429831670514,2639.2390185413005,2642.2307573169483,2648.1180195522334,2652.8548019699338,2656.670613370415,2660.617009782455,2662.453425608137,2667.4891223590994,2672.4879170343884
394486,72,"Columbia, SC",msa,SC,733.2085529161961,747.7777004604413,775.8275831245717,781.1268376442575,769.9992873881854,771.7368005144359,776.4241085858359,792.1238988931974,798.5113277601598,799.8321837572453,788.5090094419764,796.3236878150723,792.5492086462739,798.8205508488805,794.6472350089996,803.726757324729,810.436258753564,802.3933005226675,799.7496023981998,797.8615369258478,810.1763238791794,820.103741414391,835.6613153034364,845.790832563511,850.3077421041658,847.5235104525918,842.8707031614276,827.7645365452979,835.3341649464494,844.0562418599844,863.4223465598999,866.3046383502324,868.0788437591461,868.548967310896,865.9013688484208,865.735953210501,865.6324398312764,872.6754611863527,878.839715348323,891.7722224033705,893.009961010949,897.785429579869,895.2638820700059,904.7786264564627,913.2615516559922,921.7351728277099,921.9218579199965,924.5281755427262,923.8422138951466,928.2660489211671,934.4267082035637,938.3134098711872,940.68989554153,942.5671019685517,943.2882461274436,942.4833944021445,940.2052733424176,939.3063260564264,945.4530289971935,948.8788644003257,956.3271593479699,957.2073771382549,966.1660056558536,961.8126421897367,958.6161769662708,957.2309809970354,962.1253083998588,963.0240527346307,973.2379344623022,983.4534076527775,989.8238199148639,1001.8974265133995,1013.3479448919784,1025.1296165430215,1028.7168213288458,1040.3412882500063,1059.2926556996206,1084.053784172051,1106.6964342620468,1129.7829975060104,1142.1299788024735,1155.3601898577756,1170.9995313216439,1178.5489156358717,1183.5559805510934,1181.233695416077,1193.6163179250925,1203.5648185702973,1217.4547404841344,1225.2075422340697,1231.1336232738092,1236.946888456528,1243.9144585674865,1241.6069035062653,1240.5064411497494,1234.6715442695465,1233.3949410906612,1239.7867220487287,1248.8227051819658,1259.871781781552,1261.4839042821673,1259.4848949662446,1259.217041103885,1260.9704803225413,1266.3698026752734,1276.0140767722285,1276.8576939813981,1284.3462838438043,1287.7037454939864,1293.0697099218733,1290.3851045537358,1291.1988435200924,1296.2256574839441,1304.989844204932,1312.492058545712,1319.3311360626365,1319.8945005838273,1325.0279956733636,1334.8220355035392,1342.7777174604348,1351.7918282167543,1356.4230072337166,1362.8045893035292,1365.3371621383371,1367.978933869555,1370.3844649485504,1373.1934841415787,1375.2410114666895,1380.1497479776024,1380.8025898078529
753906,73,"North Port, FL",msa,FL,1062.585182051328,1064.842948570503,1069.9445069291842,1058.3805562980156,1091.5503322907366,1092.131591462025,1106.5054647381828,1091.697661497855,1089.2640340986477,1106.1095254058605,1098.1846299236568,1116.3097777667267,1118.4183431483386,1150.1538966775533,1155.6740432899753,1161.8081226005695,1138.4030836059646,1157.3299023178743,1157.2193237908161,1183.3093621633252,1176.2059297999988,1172.7019651153098,1192.4997321459898,1190.0476652619745,1218.953882148747,1204.9380910009456,1238.3386568994176,1236.4073989983585,1245.709702810026,1226.7402912655896,1223.8928017200801,1217.506347661231,1245.0801129924664,1247.6113549156762,1254.8781494543146,1246.5155193552719,1252.4046851218795,1266.0190453150817,1251.3341077012074,1251.9510775094823,1258.5449846877082,1275.14268160131,1280.1738706228543,1282.7471571331362,1279.708652128991,1289.0398712209756,1290.8371432277017,1299.9249752022965,1295.058435499435,1290.2251670429546,1293.6192222617867,1303.1235810190965,1307.0752327894454,1308.9389421032429,1315.589268082528,1321.1437325547836,1320.5938471217994,1321.8984451207878,1322.3719807571636,1329.1287046187642,1333.641678987534,1342.601772412576,1353.3608636175986,1347.8601279382733,1344.7609009774071,1331.099373777454,1323.5456784516484,1312.6328191759562,1320.5582747054602,1343.4078812739099,1364.700666093324,1389.0093836933115,1379.334710580629,1395.8069301236744,1408.0113686793657,1448.6812832413225,1494.373434144222,1561.9267589884587,,1720.1704621700321,1773.4412316270138,1808.5064394661872,1854.2537224388243,1870.00622121763,1903.4489966229262,1918.5878981136964,1956.5625728453333,1975.4807044690167,1983.89096066393,1986.1795540546746,1966.3165936005441,1957.213662368786,1957.4054498060423,1961.198406347413,1959.5804414155523,1965.7806577179533,1995.4988667068365,2009.3695283730879,2020.2755803219723,2006.8414083730945,1996.2824508177216,1973.479527784654,1957.94256125651,1943.7975215741424,1938.2653529558418,1939.245506233625,1945.7743810585127,1947.532595270981,1934.2003467243767,1924.4341268836286,1913.1188017835232,1918.3968298460668,1927.7063718045622,1938.4017470034662,1944.2183793667346,1946.605830720506,1945.139020558917,1942.5804716372309,1932.4288622849529,1926.9289343961952,1918.5884728227145,1916.4059735925784,1911.3413902876287,1905.8915684526355,1896.5762556793668,1890.584092403601,1887.1941115359898,1882.5599324798784,1874.7055047754416,1863.49887253208
845158,74,"Dayton, OH",msa,OH,624.6393393176469,625.5780175240237,626.0204692845506,629.429302191748,629.2838866487107,631.8365476020991,629.2999694935982,631.166352323864,632.7117250138717,634.4287023369528,638.406527028262,647.147983358981,652.1487446983232,656.7643761739488,658.0996533064177,658.3295164713418,654.4967593648676,657.5844057008395,663.1860104560707,668.294417864264,667.3083009418468,665.4316124874966,664.7750342498965,667.1740103180133,674.6705047920111,678.6382095664987,677.7148172081966,671.51358631484,677.1016025156558,679.604549797542,691.5671696050899,689.6426615094366,691.100770202146,690.4814774077264,691.7513839563989,693.0273369111629,692.2670283377271,701.4854455531298,709.59659847348,719.9251838919677,715.9546826276137,722.587451998375,718.276446619394,728.0237653466265,728.6845630557755,735.5097091114567,742.762564786403,751.9644319833039,754.5669833665337,748.5133445013508,750.1398242752979,752.9127617890013,762.0076441657724,762.8948627198599,767.3095648159657,767.7670084268298,775.1322965019351,778.8294317495637,780.9614945507694,780.8739825577334,786.2169219318067,793.9879835745792,801.6238234523643,804.7597534410361,809.5461344018202,812.3003025700899,814.3976245874456,817.055777997547,810.3892886742574,812.7805752932712,808.9983384147391,819.7729176253438,823.5126405938847,832.6120509676497,840.2711693249468,850.8499254418625,852.6829542176242,861.3313463120867,867.5344744860046,879.7551926052755,894.7068006419086,904.1989858932312,917.4424713918709,923.3852915845049,933.2910402366876,940.943516586704,948.8595219421288,953.6021183342822,963.5863636883602,971.8034779612464,985.1138341729512,987.5866570782748,994.0570706049317,994.1185725394176,998.2104225904203,999.1980890194035,1003.9077253788255,1004.7261835704426,1000.8909421186892,1002.9751452399854,1010.676379113359,1017.989155381682,1019.881181915948,1025.4293321997081,1027.9337997058913,1036.932592654042,1040.0053396924295,1042.143221457516,1047.50400624435,1050.5964664850287,1063.481621717146,1065.507769950355,1067.402884840413,1067.0424016264217,1071.623177241085,1078.562162558003,1081.7094123299669,1085.402019104712,1090.0485435230744,1097.8273759540236,1100.242342605044,1106.4186250005584,1106.8912061407639,1113.1532386460165,1115.4824902689263,1119.7188357001337,1121.5616728246812,1121.5967023740745,1124.8434547224679,1125.6362053795876
394457,75,"Charleston, SC",msa,SC,,,,,,,,,,,,,,,,,1120.84606502583,1129.7439062419492,1133.5243953519562,1133.168809604432,1138.325920968352,1115.0151354742975,1126.7614231226175,1135.1952685230042,1163.079018709435,1163.8331350995159,1157.4916199233232,1162.3395411248368,1169.674164613013,1183.642447406587,1191.3225843747637,1189.8160710205755,1199.5568776589844,1213.8465570941883,1228.6276998011324,1218.1114499688097,1209.349902098559,1214.7483324977363,1222.5754191991098,1221.360073766268,1210.5789453523275,1212.6607939576804,1221.6754379189201,1229.2534126838243,1227.070869366922,1228.4426667632151,1233.216961595184,1242.2315240670573,1239.2167246530519,1242.4238592684992,1247.8560334607362,1252.6276806738756,1263.1937581514267,1262.1587913607773,1259.7724038325512,1263.8154575377641,1268.8655318929689,1274.4236011184482,1270.187984196167,1275.503671777848,1285.8368138827932,1290.0022982417315,1286.5074912692453,1268.1300024862376,1255.019912690575,1244.8503203642642,1247.1938171946315,1251.2515123043415,1252.3105540115428,1248.0332560571906,1256.468920903902,1265.1696520796092,1288.0914227586911,1302.4800563400438,1317.3905709677854,1330.8317550340798,1350.267502595233,1375.3763439822465,1401.9423998779855,1433.5122287860654,1461.0726995142434,1489.5376903934111,1503.528883303708,1518.4480137706978,1520.9282553894127,1534.7249467586907,1549.013612809346,1581.4301162064148,1610.9941931371293,1637.5788559514817,1654.6425651865202,1661.7851402034921,1669.7109321435137,1671.8154354992016,1681.3473612548282,1686.9318038917093,1690.7241088793535,1697.5282359993305,1711.8141226862049,1725.7210941957887,1733.7144219463494,1734.4632049805207,1739.849203709575,1742.1300495535095,1744.7515700269319,1747.0182515323918,1752.9732609790506,1765.036303436545,1778.7816741338763,1781.13794372747,1777.600343772812,1767.5228135379232,1768.2314149199315,1772.2693007031519,1779.1877909687746,1781.219879990609,1786.3057987229581,1791.3400136234056,1794.3588903872967,1793.1869090096436,1792.7713507488315,1796.2198559734986,1799.3996284531768,1802.934244336724,1800.9778757760432,1799.7791357741985,1795.4244064652585,1797.2781312768593,1795.6549562372636,1794.4020703640824
394648,76,"Greensboro, NC",msa,NC,,,,,,,,,,,,675.447968559994,684.7361543373365,684.3633234236813,682.2668172232077,680.7494366428392,679.1130134853972,682.3303089257042,683.2411554927808,690.9036041595076,699.2461464464902,700.5596803219204,697.3370303632976,703.9768802601145,704.9349176442729,713.0836872648163,711.3463305543444,714.7566955846215,718.092496307714,719.5935501086253,725.5228182522205,723.4888982793922,722.9770247228631,722.0657415193915,725.004838774166,727.0562774458913,728.3516750997936,732.7381390549625,737.410622086036,745.4285462565858,747.221781566122,751.2608336309382,751.9088700384274,755.180440464359,760.5968559627322,768.2384506616005,773.1129494789149,770.712491633927,774.3319501433624,779.3835737623879,784.2722996253951,783.960829216216,788.7386437753003,791.8313131992448,795.6562382216259,799.9780609238632,801.6422723330961,803.25499699348,805.8101356219357,812.3035070773234,815.3991971867854,814.4638597893377,820.9829121645835,816.5315949373958,824.116183688893,821.1605639500424,822.9562575126813,837.0185873900729,847.1302324481709,855.6560590220993,849.3962890237723,845.5544872254292,844.2214847396399,856.4645262887301,871.0043776191033,891.9146511223116,904.3833266328508,912.0091145875056,919.2014834496024,928.9197895577984,953.4734750772827,975.837559083742,999.1758124168405,1015.3686007996846,1037.8833849052417,1054.3142339088902,1066.8968412853849,1073.8401981875422,1084.9720979776373,1102.8111454827256,1123.0355094056522,1124.16569283661,1117.058084764589,1110.8406715802255,1122.2349679385866,1133.9156400501759,1132.2328003274467,1133.64312973259,1129.468360383051,1135.3303179338147,1130.8918473184897,1136.5467056010107,1141.6140520947536,1150.2923029885824,1152.6718422796973,1149.8754965300432,1149.965966585112,1151.8725673779095,1160.7875356973784,1159.8137791589038,1168.1865631581447,1170.814235384601,1186.119972722756,1188.5327629275844,1189.610554228309,1188.7328758673557,1192.3770388364449,1198.1946437889587,1198.6190093436132,1198.8239086140757,1198.3545176104858,1204.5678525748745,1206.7958831134993,1209.1659976991725,1206.034689435511,1206.3659367562177,1207.4046765758862,1211.8287714369064,1216.848944227935,1222.4201069943936
395134,77,"Stockton, CA",msa,CA,,,,,,,,,,,,,,,988.1405189283776,981.0749074936361,959.1216727795841,978.7750388035722,1006.9832557814203,1009.8548947285261,1024.1459301736218,1022.1297737516162,1059.4088529682792,1064.541081934864,1071.9753243815142,1069.6162039573142,1061.3500394067419,1079.3224743742226,1109.356807268688,1116.4938397983613,1121.4427646313277,1150.5949547237203,1180.5419970512016,1190.5634923469663,1153.89862539834,1167.46956953884,1182.2341778854493,1208.4428383557524,1226.9167865472452,1245.0015279993422,1258.3291137218857,1250.1486922440592,1246.2636464464597,1243.1095116548613,1252.5296663976833,1267.593573661383,1294.8634465974887,1296.4292719170514,1295.8518865201079,1289.9634327818576,1297.0480295721347,1297.7834031202426,1299.683834195807,1321.0200034971904,1339.759395939435,1350.8547320184734,1349.529418635787,1357.9839583565088,1371.6599442652507,1388.27629867545,1405.9541896523458,1425.2447691342354,1400.7647995101597,1405.6368968301572,1406.2161689516272,1415.1311143252833,1430.7348912034774,1451.9443226920769,1466.89854222313,1478.733079328933,1492.429407022946,1521.2494606090777,1540.408415588787,1558.4738490334312,1577.1723218920768,1594.8162694189655,1621.9524170848536,1635.2882771120685,1659.5571359599862,1667.2234255965484,1692.6825147742331,1696.3059407249752,1691.3073776083315,1696.6011005366747,1713.351091708541,1749.248179094321,1746.7826644528545,1756.5952149376321,1751.3437151539003,1769.6469368760056,1763.3849545720573,1767.3400908616863,1760.2540721865978,1771.1881340642572,1780.8584412880707,1771.0159203973324,1761.7397673094233,1747.8043824970625,1757.520370413604,1755.2011689751423,1759.2524019131574,1754.4497267100712,1764.9369699626375,1778.1574684582843,1785.6131908663501,1779.202435652932,1774.3964132961025,1779.8643225468036,1790.346895681157,1796.844863113407,1804.1968702922672,1810.6997242071577,1811.0699107776848,1808.451303858894,1804.47981181639,1806.8795874145133,1812.322234563455,1820.3208925160309,1829.4875880467503,1837.2970233610215,1838.6310916795428,1841.2314658145228,1839.015695135121,1840.793632224033,1846.689757553078,1854.90261656199,1861.2324441450294,1859.7059359072239,1860.147107411776,1862.0590084518656
394440,78,"Cape Coral, FL",msa,FL,843.8884319397011,859.2944161320858,858.0366060000963,872.1110482614356,876.4493511041601,899.4986744780008,915.3616443423188,921.6732317797581,933.2314377375923,937.2920575063815,954.5147239778665,952.1457919645344,962.5665379350784,962.2241332656506,986.468634529185,990.6173117540064,1003.8793793794363,997.4378082208058,1008.2864768180581,1018.1943249716625,1024.8151428527972,1027.7445969780188,1036.4611703471164,1053.6060202339756,1058.6229716605087,1055.2266762650372,1054.609473781968,1056.5200291653005,1067.5857327674314,1078.2372720816977,1085.520116128785,1084.4558969597592,1089.1242265437752,1099.297997256624,1113.281841774005,1114.3553615782573,1126.164440536633,1134.894804350574,1141.2784631582429,1140.9726205219938,1136.0316204912733,1135.3023540532251,1132.422213582171,1132.381782505529,1127.4415378195984,1122.0377909202828,1116.971531489899,1119.0856077473024,1126.6994541555457,1138.3478869898245,1140.0567777784827,1149.1042693063105,1155.0334805881648,1161.2354837174246,1166.9747938812711,1174.9139042213908,1184.1911016150361,1192.0056599794398,1195.9483151901482,1199.3836373082902,1195.1768767743965,1191.356449075037,1218.6378324977748,1219.459786850186,1222.7726450839393,1225.4617336379054,1236.1483937131902,1259.8073961254427,1261.570367887041,1263.0228432694942,1252.8517896058372,1259.4912137280428,1276.0875763536246,1283.0094085454782,1308.0077721333007,1327.2729808866943,1362.2998153050835,1395.3582008325686,1448.9082601881173,1498.2081604791686,1555.0545024446762,1601.3481301516808,1649.0521702418107,1681.7011546251877,1699.7137794543696,1721.420639185203,1726.900343961986,1764.8315505312664,1798.316318156903,1831.6069832306437,1828.359107793437,1807.4025047176538,1803.7975496395668,1824.9056980549917,1865.8728187655106,1897.006480550091,1922.2254758475788,1932.4676652661283,1940.81367106887,1925.6999975421375,1905.0826354983687,1878.9660681896617,1855.3268133885636,1854.9873140749048,1850.614102617557,1841.2520593950362,1820.0621846043716,1808.392218062578,1804.9619544272039,1798.43859154586,1788.0694836200378,1779.3246073980238,1772.4920549347898,1773.618270708945,1776.6428022358073,1780.7496672339275,1777.961662864834,1778.5479153109463,1766.593729606355,1754.0383030605683,1739.5687449918405,1732.1455261955755,1729.466656234779,1727.826792054251,1725.9738589071403,1719.1381563073198,1714.2543994511307,1700.452463792136,1688.6158372307623,1671.309584587387
394399,79,"Boise City, ID",msa,ID,767.8627781808785,764.317620096539,774.0392761125385,772.4527397869073,783.5946642407305,781.6949492121271,786.6085168716249,787.0713707371623,793.2175510344787,797.1253867244526,800.3127069236456,807.4123437642786,807.5563353378832,817.3211093936417,814.4491471227808,820.4973627051533,816.338980870321,824.4338530000896,829.7071740107476,838.7820566629689,840.4941959304423,845.7880839433499,848.5637172978797,855.4089896898603,860.3508925499464,863.9659915342593,871.0223353255042,873.8725773566831,881.990940239534,883.3729202913503,888.5124975308327,895.1217336917578,902.6165010249445,910.6754385837462,915.8781146080266,919.5202895702146,926.7341860566049,936.7358485572561,941.1442626623548,948.9240714942605,950.0374040890898,960.8383697830378,968.4571695892139,979.5739934739496,988.2968016161964,990.6532026220757,1000.3231807865461,1004.3704516514973,1012.7637842999741,1015.112361548546,1023.6748453931184,1030.12213832976,1041.0382101312491,1045.2790040408709,1050.4872014595483,1051.2889100462107,1055.1309496450674,1062.987382350682,1067.1567837390273,1075.501324582106,1079.0763252180457,1085.7268023906317,1091.4755809263845,1087.659141297552,1084.3021382253694,1079.592267510039,1091.0873930114008,1106.532808607494,1125.0364740857501,1143.7394533516342,1160.6687881071573,1183.2242280360306,1202.462358568064,1224.2494603543341,1246.7018932524043,1281.4676120797665,1319.540848357615,1358.062733923849,1380.2356942097758,1398.6407936916335,1405.1871519769072,1413.2285349132242,1422.8249213227125,1427.812758692314,1437.725534119832,1444.4527724101108,1454.2956223056485,1462.1480414336743,1472.9209279303195,1480.1873730522598,1486.6744575104788,1487.6663881071506,1490.4771076669524,1481.708485299514,1480.2626524740422,1473.4114636220143,1475.489687379469,1473.867170911751,1480.5553160399922,1479.312343330669,1466.702860310203,1453.6636489761543,1444.5906067620863,1441.6935411491072,1438.8312444389658,1446.7058217743463,1447.198887124933,1458.2339276961527,1458.5537841523085,1465.0150846652048,1463.6535646609261,1463.1680709957473,1463.8040180786068,1462.859803789201,1466.1379208011806,1469.797232292171,1477.4431983002103,1481.3505304051664,1485.0656464838605,1483.8302173621291,1485.6777952463679,1485.1640975691,1486.1695381511483,1490.3129010295593,1498.3532208253935,1508.6137315581748,1514.5339099035168,1518.385689177728,1519.1462750420246,1519.8340789723798
394484,80,"Colorado Springs, CO",msa,CO,881.8754523446528,890.8736515205513,895.3256791210058,892.0406014206692,899.4135461403297,894.902383472211,909.6139689209491,911.6089456560888,922.4603049828739,924.2639646511202,931.7070116505839,934.4270701770192,928.3104585011661,933.7723528929154,939.749710257289,962.1138634228779,968.9851156685023,984.4495193371864,978.7055530290746,983.940688211213,984.7643327911741,1001.690181068524,1015.5292928180462,1025.7748872134189,1028.1372511534282,1027.5870022695788,1035.997341722182,1045.196400492781,1053.3268609836941,1064.3920185931097,1078.0282674017537,1088.4255770629522,1093.0352209366813,1092.2067738409633,1092.0753357360727,1097.4711351869773,1118.0801963700244,1135.9600524918565,1138.831976033074,1135.4127410243134,1136.2853537320934,1136.5986629275144,1145.8489136624069,1148.2031428774292,1156.1518338775543,1155.7874271191538,1172.5972112046954,1178.421890721689,1182.116624597425,1175.6547004165327,1183.2387213242139,1191.7099441881942,1200.824131330964,1207.3013550007865,1209.6377772292522,1217.0387011106059,1223.6226818252965,1236.1261256673142,1235.09955813019,1241.1471025202293,1243.114033098092,1255.0115267164947,1267.464176000809,1263.3556414413429,1256.7899212951309,1256.4726752564147,1262.0829553558547,1269.4208009076574,1277.0015145399393,1287.5326643772378,1304.1356896829475,1317.8170839141678,1328.3883905255568,1340.3415943088353,1355.558513739997,1377.0411368849943,1403.1787270524421,1432.292742607935,1465.185621580519,1492.0660213786737,1506.6615244206912,1506.1285375325542,1508.9895793461167,1511.9353855336713,1520.1202965138784,1523.375597155722,1534.0607903082746,1548.909817471238,1563.8425671799318,1578.4509822360162,1586.7199379929623,1585.3446155712747,1581.7809670203449,1581.1110970150546,1583.5364979393066,1584.6091019257235,1587.1639761198146,1589.6923183922022,1592.5169066916715,1588.8494283851487,1583.5411467155413,1572.0983993705847,1561.2077030614685,1553.1799213761512,1558.3795864137837,1564.0988039463396,1568.8729869663405,1568.1583673675707,1571.0828417856264,1571.2186253459377,1569.904688795702,1565.4200799002078,1565.7569156713178,1565.8974652067714,1570.982156380178,1568.1999890748057,1566.6889206696912,1566.1358194592683,1561.4488610652634,1560.8371145535789,1555.111296810497,1551.7224825393216,1546.9563871843034,1545.8051057410423,1541.0154473962466,1538.4710640546764,1532.4477481575434,1532.038449120117,1524.598611153844,1515.345179155557
394798,81,"Little Rock, AR",msa,AR,682.177058597514,680.160195581591,687.6582803945423,694.0341517825636,702.6379629884483,706.6599135991831,706.2942680290269,709.4483657738058,708.3047718900539,711.4677635037997,716.6693795449461,716.1181189339467,718.6683151723349,722.1853196234256,722.4277524394614,726.706371203945,725.858565238785,722.2768236053447,715.1436945508478,714.4125327303984,715.7192133488852,724.5556743550638,724.5563653452012,731.8102139783023,727.4909884763869,727.8701444223576,721.2146674203685,724.1998223432715,720.3046383289147,727.0215847320937,727.7814873589576,728.2695896338382,728.3513707771976,728.1331764123207,734.2316743802257,730.4334299623522,733.201787959149,733.7046258419215,737.8690686613036,738.0157873548612,732.6303693699758,727.8072196711871,725.7721880853749,733.4123160829005,739.4837745272646,745.5451097157394,745.3721127708277,747.2462483368909,749.0421638943611,746.6624665490011,749.8765852284154,750.5784932144857,759.795587605237,764.048884576362,769.8593521226657,766.6785895509084,764.7405998210113,761.3725390580829,761.5758474600837,763.8122015548852,765.1400348897214,769.7816209663945,772.9548062797148,775.5069939876557,776.6730360431633,779.7501530514791,786.9625051038598,798.8480798764118,811.5832027623392,817.3225996131002,818.8351409115367,823.2754475422583,826.3700636468494,831.144201667665,841.3514345787514,859.2148151605653,868.8384912684537,879.3146521376146,877.6196727173026,887.2080293772951,893.3656825515019,904.8205523958479,911.5506652306279,910.7816951842859,920.7439779877415,930.4891292793077,938.8270963602341,936.2369473266144,936.7632913211833,938.7422110997095,947.7403005285986,947.3297897046369,944.2176506769604,939.2975054231154,947.3896813144461,957.3269522739637,958.7756203166431,952.1234821709747,947.6315284486886,949.1755543145815,956.3132037483994,964.9018425480663,972.0904613930384,968.2165190030292,972.9121672729925,974.5113018329052,978.7057647359254,976.4938610159345,984.1859283818278,990.631949375675,993.673894878906,988.1346947312383,995.9728808429402,999.6172742366325,1005.6611361660501,1008.5389551765063,1008.3289783501706,1012.6206770256855,1010.7499150420281,1014.1079930607197,1011.4594505413922,1013.4742648489084,1016.8412733307775,1025.5428303478711,1020.4232509927433,1017.2948732026015,1011.6835428033319,1015.1736462919183,1017.1512035402791,1017.0802700249602
394766,82,"Lakeland, FL",msa,FL,,,,,,,,,,,,,812.2685157117927,816.0237749367242,815.2984244044529,809.129167820013,824.6131070124246,841.360544229123,839.5440472827246,841.4275801608685,856.7680764419038,863.0793889404316,856.5476540605576,848.3599869066629,847.7855549239513,851.0359725161744,860.6763911992682,861.9165249068424,879.1419954081528,876.4645690547354,881.3001337539586,877.1715187732295,882.8062157885882,897.0399606837889,911.4176520473447,924.8168455653563,929.4507373448747,931.4915471110666,936.3989569498652,946.2006288378469,958.1772980027432,970.7230509484205,978.5163922646701,987.8530343575247,987.3094483887211,996.5216678457316,1006.8970729126959,1024.5387003783426,1024.4275579555062,1026.270245970251,1033.4604681019996,1042.175008067589,1036.3297220508773,1041.0168345795125,1049.1750947706262,1060.5931146318237,1071.4225684149394,1072.5812762173136,1075.6665778782237,1074.6124035817568,1090.0521118076854,1105.3648825209586,1120.0227431181042,1136.5081013673862,1133.4247269118189,1124.3988585085272,1108.6337522903868,1122.5593926920887,1148.5661434539036,1157.0318918414496,1170.0830049307513,1173.330210230461,1179.5543681628671,1190.2934688288778,1204.0898262190708,1217.8269097302618,1243.549097969252,1280.7533961756103,1334.9671108270059,1373.9196080450074,1403.4570662017443,1425.7618501601653,1447.154716151056,1473.7876440735567,1488.8897101251493,1497.2643739647933,1506.3833168055912,1521.2925216316821,1540.049054341552,1549.724333626608,1546.9925605217811,1529.6436362269415,1522.8120696536287,1525.491501824984,1535.1657048529578,1538.980831206349,1543.3804049274192,1550.7898601871282,1556.0902265985071,1554.227616977784,1554.3984436349426,1553.2837790996957,1550.8501442572158,1553.466136033353,1549.18774703952,1547.5355291532048,1539.8615969377583,1540.0736154448175,1545.7592476494349,1554.8090599866614,1555.7302379732994,1555.7063139562636,1552.9948743272812,1550.0904401129417,1547.5271924871106,1548.9685317361138,1549.104065891756,1553.51522073675,1556.4994279218936,1555.6527669634118,1552.864923253733,1547.425569492963,1548.9911451889886,1553.8085868893081,1558.885512591171,1566.4777457265027,1576.6822686810826,1585.3776388540591,1597.2189164489118,1603.416164108187
394304,83,"Akron, OH",msa,OH,,,,,560.4453095622213,564.2399334434666,574.3614812264487,566.7879976424406,575.3209576069859,577.1350624798876,580.859474142977,577.3913615321378,582.2884389970671,580.5972316444618,575.4652223968501,577.2293605779593,581.7511445225254,585.8628450105678,583.7832804304808,584.0642249093619,586.7934202046954,587.6203136559377,588.0678618288823,587.2244157553986,587.6589219271727,596.0436633177039,602.5274065467836,608.6562492040904,600.9692196438011,602.3385678913615,602.0725327644327,607.525387231377,600.9197155192915,600.792312294102,601.8360309142904,611.6925698384038,614.5583036996891,611.7399141382173,608.6126314462682,613.6109030791299,616.4159871778597,616.9030292667277,613.7543896833719,615.5620097261154,619.749039649669,623.9874523464672,628.1193215452054,626.8988531574197,627.4890878116362,630.2433169058106,634.9642395023957,632.2455890292674,637.2249535537281,639.8803208657333,647.2498531599446,647.8332462735272,651.5462016070386,652.7121113780428,653.543193014189,654.671852290817,657.4437823714294,659.9496152883759,661.0301689015993,663.2534585326548,671.0589305108189,672.200559967973,671.3679827611152,669.1909969609578,674.4608530871759,684.9158466415698,688.9309849904411,696.967109324933,697.6206555726478,703.2463737475252,700.3937712228267,707.4962245193499,716.0650966033646,727.7574179685004,738.8171755775649,751.1943727619209,754.6782005767301,752.0960801136147,755.8083215483205,758.3104712372461,768.7782482078542,781.6769869881456,798.0871934428424,804.5803628537005,803.6833802371082,812.7945807438609,817.3411721338538,820.9228702520207,823.7913904132712,831.1400629863626,841.9577736669638,852.1737511014701,854.4215672576931,852.6694068264571,846.7539587408659,859.5219779689825,865.2828579253861,869.362430725897,868.9393364385684,867.4949382610282,867.2683076737843,870.807742406366,872.0941357560013,876.5789404962369,883.5279479528971,892.7828327665184,902.9917265028168,901.509508645208,909.9103062853882,914.6975107247422,921.8862198394784,922.2365727548666,923.8015567919281,932.6848485822488,936.0142743690773,937.3225685898798,939.2038938451961,940.6133813095784,943.0487295853188,947.1193514870165,948.7533187977693,951.7927738169301,956.2187205915382,966.6113169525852,975.9211326862404,976.7648221343874
394531,84,"Des Moines, IA",msa,IA,,,,,,,,,,,,,,,,,868.1419148497301,867.2447032586306,877.403591779945,878.1681787359586,887.5253100168524,892.5992211225423,891.1113443605149,882.2177671590047,885.9163348397747,897.9398658958418,913.1829709239107,919.5573708297617,912.8596570280185,910.938361662368,905.1063027973647,907.5011863700493,913.2125770600445,909.8532695679172,912.4147308752181,909.5872986088517,906.4827491126636,907.3491835297187,906.4979833783008,911.9083726268867,911.5184915669507,921.5934745700421,919.7414124884308,923.7252443974635,911.6374666170951,916.3924612138583,912.9207893678087,926.4005222165334,927.4782627303721,930.4207031216795,927.9995996062819,926.067900686923,932.7287474991529,929.6219896277784,935.384164350055,934.9597149275049,943.2353142681067,943.6760885219437,948.6691771474996,944.5995705245365,947.5991436789421,945.6946503753028,946.956695612225,941.2109657638856,938.3227413915927,937.5710078520684,940.1708240806545,946.5647103300747,946.4811528235135,954.5492408537267,955.1555200308284,959.0210689692847,957.0779573590229,959.5132635504468,960.9628379719687,964.3395962583137,965.9483218430637,967.3432491028435,966.7110274799942,970.9512024345396,980.8629141652674,988.4923473544651,993.1978332246547,995.7103658425647,1000.6425020350641,1007.6086782440783,1014.440293641428,1021.5118376462231,1029.1517978377217,1037.5734722278673,1049.0736482674831,1052.028675041283,1055.237581418632,1052.829567430816,1059.9513403130743,1063.8394422118367,1068.8962447133667,1067.8859128055778,1071.3687660618568,1072.2442668471306,1073.8828103643284,1074.381307810336,1075.5792048120734,1078.6977481293245,1077.2376639793517,1079.3127500260764,1080.1838060246016,1085.3206168506567,1090.189973809021,1092.377343566814,1091.7325516756362,1092.9414654396974,1097.0974168042856,1101.3407102909064,1099.494378407378,1097.8647857971691,1097.4113669998678,1098.867673378404,1098.2117147408753,1096.0593077143394,1093.2026782658593,1094.593061434845,1095.9648571910495,1096.9047474782856,1095.115410729627,1093.6070599453765,1095.6900817773428,1098.2198609139843,1101.7162881907661,1103.3114808659232
395115,85,"Springfield, MA",msa,MA,,,,,,,,,,,,,,,,,,966.265074421297,983.9371825610165,989.0408987780093,998.5370311600896,995.2802365676447,998.0442289238352,989.5775891141321,989.1054858150349,994.5067328508025,1013.6629965488436,1019.5290794755298,1026.791907674356,1024.4013744706492,1019.1027285644876,1020.9905074783628,1014.252799325474,1031.021216443076,1030.8717611580996,1044.5258895320223,1040.342796819157,1045.6519058857662,1040.8063935300163,1049.0436524967552,1050.2663225500537,1058.9653229194566,1073.1781373472538,1081.7900619351792,1093.2407561349094,1089.8550571484234,1089.7967876485097,1097.089374556595,1105.919597686739,1106.5251199273987,1109.4402883499065,1110.0074003137086,1113.1451802032493,1117.45624833451,1116.0609279818154,1118.1840573840634,1122.145271882736,1128.0318269213312,1138.955515026453,1139.4949454374578,1146.7311919325139,1154.983421845199,1165.9864087400235,1163.5726665576526,1171.323013545366,1180.1061823616978,1196.9881587518153,1194.9209068370853,1201.4023273757489,1219.9047018666859,1222.2342484874366,1235.2591041499359,1231.4003772676333,1244.019848368508,1256.6219771930591,1265.6254674855172,1264.4569459327547,1261.0932940910557,1271.1068938713902,1292.5814065675913,1306.5460676549146,1308.1968876444853,1314.8329948698959,1321.0698484335464,1335.150632303563,1359.4563160426383,1368.109176097902,1394.5216527519403,1400.894128198992,1429.2738721627113,1430.5704846837823,1441.434903889895,1441.3647103419023,1469.7555439366076,1495.2185973061662,1530.9228205151894,1544.1431365817073,1526.1069817383116,1514.2477631625268,1520.8435057479705,1546.5547397756736,1559.1148850055731,1557.9331809089144,1565.5339620351604,1579.4351871526187,1577.0143340243267,1592.7399075672556,1594.5805014612552,1602.9364253145611,1612.402771877672,1631.8342000022703,1641.870381219287,1650.5702151577443,1646.9545910889321,1659.9523774670608,1663.537203134227,1685.6419239513825,1691.0035164605176,1687.4257147666133,1689.4372829728838,1696.7836274165627,1716.1145956163612,1728.2662530623898,1734.0378483989807,1735.7572906262233,1749.0273810348394,1762.099933565143,1775.372281277943,1773.4413758156497,1787.4724916660398
845159,86,"Poughkeepsie, NY",msa,NY,965.8819770927972,962.935317931138,977.4032104189125,983.0002675252757,994.2760617622159,990.8284685729195,997.4961143910267,1011.3512444388845,1022.0334403778314,1029.5385306058256,1028.4800409187155,1034.3915334634783,1040.7269073665486,1037.622508038367,1031.671392514136,1033.3436170267146,1045.6551345586006,1051.4854734668804,1054.7818445669761,1049.9336953173072,1054.775956966014,1057.0347340230583,1050.4456308873773,1061.021203772767,1068.7875487913989,1090.5507313804176,1096.538055371922,1107.1868276286323,1109.3273920667943,1117.5545717183709,1114.731845198599,1106.2064523211825,1111.8580085659287,1115.7938968044023,1142.0336368912438,1144.2708422482033,1158.8739700873966,1156.2788497136598,1153.863080241528,1152.9617072408082,1156.177341122211,1165.4597192676551,1173.8139370805848,1183.5684243034814,1193.5700377885314,1206.7689297841303,1214.9653869965043,1214.0010744971457,1210.3076701299083,1210.1988109321592,1224.0050128678554,1233.0044746592098,1240.7788363499305,1242.6055540400316,1251.2108774084434,1263.3512775982942,1265.9027971525597,1267.6539263098834,1264.3276337475215,1277.0418869585476,1286.6684833761922,1299.7422227676445,1313.2910838703629,1328.230487604371,1325.2204142185838,1337.7452723213914,1350.5269261519863,1366.8819613195615,1367.634604401624,1391.8103752742527,1427.5996085783847,1448.063620024947,1468.0137906170053,1447.8410890588916,1470.049375417175,1472.7907101391756,1518.9837917815348,1515.1469516807622,1547.7823832221327,1550.753179348529,1592.277187669348,1596.7850858724776,1618.2419006920184,1621.735491144872,1642.2964777144223,1668.1733022056733,1684.4600798749414,1690.6084757930357,1685.855445219536,1711.5486085250018,1713.945378227954,1725.3714655342917,1716.3215320431202,1726.4061339213906,1716.1268590797276,1741.4714464285237,1733.6590592634545,1753.5824999928548,1738.7000786278331,1771.6747431024373,1782.820616517012,1791.901758718812,1786.5119174989106,1790.1159887798474,1795.1694775982899,1799.708864223438,1818.0858896110576,1829.7331063730874,1839.9126038941693,1836.9032224948082,1849.812510385688,1850.4314955279967,1859.675041225758,1869.005109311551,1884.9782855878489,1905.7106450617302,1912.483060704461,1924.2790432513684,1930.730691497591,1927.8915400621001,1938.699866215567,1945.02421965287,1956.6543339499701,1955.3300492794979,1958.6129382181698,1956.9434047491209,1960.2418331415015,1953.1218665851918,1958.028066037197,1955.2885893091097
394931,87,"Ogden, UT",msa,UT,738.1022578260039,736.7808883381341,734.1610615042481,740.536544879726,746.2143747362443,751.9774577747726,754.78434995019,750.4954466879441,750.340357326654,751.135098727712,755.3876407595699,751.6118317730406,759.602370223443,770.50497105777,780.4077406763588,772.447656295793,768.2787394782102,776.9844431636253,792.0915642317301,808.2031516981244,816.5949257226181,825.6004738628488,828.7677036165077,832.5487562995163,841.8410062659058,850.5168195632602,850.3455219931923,850.9606296043066,846.0433608418226,854.0613301096157,856.7329799665891,863.5183281105268,865.4235306443285,863.8099546218176,873.0650671627184,886.3630450431223,890.3334269921348,891.0891154210354,898.1601620186492,913.9257561883568,925.2215304576523,924.4402006682808,927.5303710120302,927.8092291486473,936.7583778451742,942.7580880910801,948.5593163460151,953.5154848587702,962.8255681649449,963.2625270665891,969.6211147099485,972.5195954915592,981.2592325929866,989.7998270623049,996.8260941261498,1004.0731172527968,1008.7707807546344,1017.7723371538136,1022.4637237295991,1026.055616863071,1029.72984799593,1042.4939882507033,1036.562229727024,1033.0959662674381,1027.1519077523787,1027.0589099780236,1037.6163544012811,1041.8265103478645,1050.4194657493397,1055.9531773055833,1076.808251550333,1080.6194246303635,1090.9002811253745,1090.72712561205,1112.8946646679005,1134.0576328281913,1156.6810376369071,1179.3396151829982,1197.5816419612277,1225.9273499252954,1255.906320554782,1278.1359580071046,1281.9706974288445,1294.0719721189841,1308.5581102803883,1335.3009592431888,1339.5399300646463,1347.9171965039795,1355.9430534913345,1373.3055607330266,1380.8845513038266,1376.8937253384772,1367.7353702519306,1372.3931270957341,1379.6768521680501,1380.7694283533901,1378.7439363765802,1379.7054370245785,1394.7738599760912,1396.6974376168707,1394.6494961130254,1384.701118915234,1384.3365635061452,1385.0097036555649,1382.3562022102356,1382.4249195154575,1374.7810988670394,1383.6929286478794,1382.668430092239,1387.0384862549583,1380.2357440834917,1383.5161167066722,1389.4408242934915,1391.9472018180115,1390.3264508789096,1386.8043137844566,1396.563316165663,1398.797688813218,1406.6816136225655,1403.3306740286516,1407.9455374212137,1404.7204882233555,1406.8316026293487,1406.5285553650174,1405.8981952261367,1409.631566507386,1413.9161124119314,1420.7874691560655,1419.8206144326507,1420.6151011894697
394816,88,"Madison, WI",msa,WI,1058.2851832445172,1066.3639262587849,1072.148035494632,1087.2435474465833,1091.0531603871448,1088.861002225535,1079.834157643243,1085.680132140467,1086.4733666711413,1091.8299604586666,1095.1318949711479,1098.6632696353317,1103.8455249335802,1107.821212538105,1108.950083469346,1104.986878963024,1098.4388440860512,1099.1341573325517,1104.3405152576815,1113.6494521128052,1112.6309376469237,1114.1441811275602,1115.8913800314465,1120.7406594789625,1124.7289672133045,1123.9806771077215,1134.9780871708654,1136.5922153527936,1144.970520338383,1146.4008108088194,1151.4563343467232,1147.1467160165646,1149.2194440275364,1152.7961782419225,1153.3993322367571,1153.6175382538056,1149.4548870409458,1152.8676491364738,1153.4779870173015,1158.4578786486447,1165.0221355963772,1168.6299981927132,1170.1650721823532,1174.711617949856,1177.457174302176,1182.3439411559057,1187.9382439733004,1189.1947785543389,1195.4594301460086,1198.9730109749432,1199.67250413468,1202.747693469598,1202.3893901031777,1206.6208117151111,1210.1436071896062,1214.7352701774628,1220.1012653666164,1222.511183420465,1225.9970114620467,1232.5404496817341,1237.7345817041985,1242.567859369919,1244.8068155035755,1244.590978559812,1244.2846752881326,1243.5936786221982,1244.9630446492474,1248.9049934718564,1247.1639781575564,1247.3257349601433,1249.14231507737,1252.8794934842638,1256.0904739270761,1257.1444772666018,1270.6086457282897,1282.0529886796646,1288.6412975189862,1290.4879396600272,1298.572442143039,1309.791864521193,1323.4902826446973,1334.8266983264016,1342.029434525273,1348.6322271246802,1352.8617508586772,1358.6142220423799,1359.862119498172,1366.0920996229356,1380.9755290621038,1397.8821987841386,1413.745878631576,1422.65294443219,1432.1934237809728,1434.664922270669,1439.7053824506133,1450.3767597840174,1472.2568772688146,1494.4740944562884,1508.8421327820517,1520.629602208414,1532.1495124510127,1546.08123608874,1557.6551781995959,1568.7592588356601,1569.5342310799963,1569.9797234673151,1573.3073601244637,1576.5872844115274,1584.5258446954574,1588.4834721704879,1599.1473924222485,1605.9244035545616,1610.9057011644263,1614.4602676107966,1616.9882121297285,1619.9287661735027,1624.5014310607191,1638.2455606666374,1650.403789496124,1659.359748685259,1658.9683794303394,1661.0988957629186,1662.5363114681634,1667.2092299251703,1671.5836476057502,1675.526370170868,1681.4649895506172,1688.5990719207905,1699.0095331322964,1703.6814707053436
395235,89,"Winston, NC",msa,NC,721.113070677781,701.0644770224155,708.7999471896613,707.1336951775776,701.3624761418399,714.016101299522,717.5788583090396,725.2222985230164,730.1864432751839,741.3542306465527,753.2076150020071,745.7570298654211,734.946336961278,723.6893661920149,727.5162390885564,732.3091031056841,740.5457612243047,735.405794482666,737.7096008916923,745.0203817198499,752.5927856021386,754.3761612697343,753.8773720333696,755.4630239498922,761.2582697870056,758.6607141394835,764.3794690195758,768.3799601413886,778.2387476172103,778.9592249734052,784.2253616920916,781.3692419371745,777.156087279491,778.97135822482,788.3028292885118,804.0734755165902,807.9993279746778,814.9717180725465,811.0697457073094,818.8738407996973,810.8148436842164,822.1127508737902,821.3445996213596,834.9386886777836,838.5370852665583,841.6564810331537,837.9724941497118,841.5889604580317,848.2375129246093,846.548441338967,853.9190752403335,853.2252908297017,861.4223933064483,861.4872931030021,867.4468167353815,865.1256236726877,871.5822437454879,876.6884436500336,884.0248994786751,882.2285241519805,883.5619724973703,891.6102510532994,906.2440099713201,894.8248990799812,890.8754423314972,887.6571915839723,907.6543792470919,911.6599741109512,920.5612733705609,921.717817490879,935.3778765600695,943.5480130586916,959.5831174218525,964.7590914210076,968.1121568295209,984.8284231464083,1003.0310489603195,1035.698459424875,1048.4079339185212,1068.2358803797504,1073.285055720529,1088.7270599177716,1104.390069534153,1127.4336546737497,1134.21147516616,1146.3526615970939,1153.2459944729346,1168.998181968966,1176.6428034923788,1177.2650268071754,1178.9565560058347,1179.456465939606,1189.681899163083,1195.2011522345972,1188.0834673027193,1175.5221798093935,1171.884112674641,1172.9829887253873,1189.3147679829424,1195.0693695947543,1205.7900231526205,1199.2318949254668,1197.813807349827,1198.2311840777518,1202.7380808501389,1200.1408681820108,1196.1866849152223,1198.6621612815193,1213.218820943536,1217.076889560819,1218.653983852211,1215.4221263316583,1213.9726506913828,1221.426000928819,1230.5076963102138,1234.9909200730037,1234.8782949445133,1246.2650555360506,1259.6089899239892,1268.61541235017,1266.343246066699,1269.0028572094777,1266.55292734358,1270.4528666557144,1271.840146673873,1275.32350498193,1275.0832969357477,1276.8706857955758,1277.9508023520302,1273.4233788605882
394528,90,"Deltona, FL",msa,FL,796.6031389369385,791.1989658331064,814.987541764484,811.3205093712515,818.0740599637187,818.7088308406395,833.9192368899926,830.5963771911405,836.0887283705966,845.4453064184106,848.0739790756627,858.9389119056725,866.4149683354123,893.0506497886578,880.9911879022387,887.0558075789005,892.5035935637563,914.8542514334197,914.5838938616623,913.9075455109502,915.1869015503472,917.111731331886,927.6615783074905,928.6065346323824,931.9659027786217,921.4938227827499,931.5232945990377,939.2688801981715,950.681155283196,948.7343154468331,954.8082405141477,964.1572391145243,973.4130754184611,976.4266311321882,975.6202179942177,977.4618758892985,980.5259524903728,985.7501359211166,995.8747294127696,1015.7082717203067,1026.2008625890735,1034.7022495587312,1038.3851180116765,1043.3158519791905,1045.8122656608082,1047.4576674106802,1054.4663095374901,1067.003216421412,1075.7373047062372,1087.8887414859805,1090.4573111955044,1083.2673532059457,1081.8196147615226,1085.46036773798,1093.4263033447796,1099.4348893110432,1106.5540923722049,1117.0629560982156,1123.362026100332,1125.390171638339,1129.2308171701916,1131.5476725524334,1139.8772938816833,1133.8931680044689,1136.2651416754454,1130.8410473163751,1142.6502541103941,1139.689222765998,1143.405579401037,1150.8866555492402,1158.2700159655378,1161.8143028173993,1171.5895663048398,1185.7365883065493,1204.10724714521,1215.2775898257644,1223.4672253591987,1240.0381124174132,1272.009352808611,1310.078009260315,1340.8129479083516,1368.0756070360624,1392.8939093965414,1413.5623059264813,1421.0395894282108,1437.0002241409957,1443.6493801988345,1466.14960994684,1493.636349648814,1530.404240733179,1537.8885937476286,1535.8614155643875,1534.177821141234,1535.2784426183166,1544.2729336068662,1549.0016965727314,1557.145737970976,1552.9093759867264,1556.4394525966584,1563.5763272180654,1559.298891516556,1547.8601217544337,1530.662922487581,1532.0150195525093,1528.4319019868642,1528.204967800176,1515.5115658151356,1522.0739707000303,1523.1991133568706,1531.3730954152616,1523.964875650427,1520.3309152355841,1523.9002079054346,1526.0254840576024,1537.0123258685035,1538.1366015089352,1542.7534272670816,1544.0862269505815,1552.0402348192276,1547.6267321520993,1547.593892668084,1545.37792023955,1552.6372434725631,1551.828035314492,1549.4513465141922,1548.9022990288986,1549.095620818054,1549.085187155809,1548.3171639875575,1547.4315789473683
395143,91,"Syracuse, NY",msa,NY,,,,,,,,,,,,,,,,,948.4289145687635,931.6951287094572,911.8040797659728,906.1316955388556,910.1082106064179,917.5874168960161,921.6630999120238,926.2192223851627,928.0873157593593,944.365172428828,943.0672710281509,928.3983989669276,909.0143960684417,906.2094750213463,925.4114484566969,936.1107152170487,941.2417656470699,946.2168125972939,948.0792176343149,962.7192439004441,965.72976140299,963.7242444795003,958.061051638746,959.4291705611679,953.8460017355978,967.0863076521572,964.2404232041597,976.0686392834608,971.3838377539162,972.5112468597383,979.6398126549404,980.4380187601126,978.6670351738892,970.50751767432,976.2468414020215,983.532201323311,998.5612850156742,998.677703965844,1001.5956601421491,994.46655437445,1001.4143937957489,1003.3557171800226,1003.5419488947064,1003.0710194053532,1011.2912291504051,1024.2720220422377,1035.5654482998425,1029.4444137484872,1031.0066309109795,1038.6547985960503,1049.8033083446985,1057.0159905767373,1054.0497433845726,1050.324648745226,1053.0460545184458,1053.685393435661,1066.888038978119,1075.817173412883,1096.361637557316,1111.635221690686,1121.1532728140587,1137.1848164353657,1146.5817720572838,1153.396522966044,1168.406777947047,1179.3236531237071,1196.274709860622,1214.4802121334933,1213.7277319958393,1223.736208778322,1224.154302933438,1240.0290675589883,1256.9375039568506,1259.5373539714367,1267.0719585160334,1270.1395669208487,1278.160186449015,1289.9280680427212,1292.9023146271463,1287.1208184390855,1283.4144001048144,1280.7565723747998,1289.825039678645,1298.3302257679013,1310.7516895672861,1313.8820777495434,1317.9930652810497,1322.0424421587734,1327.9349388483163,1331.407772086972,1342.0403273404634,1344.8915563779701,1367.944963041657,1369.7376107585033,1379.331773794294,1377.3317396967957,1379.5112075551979,1393.080351417659,1398.9960299519523,1410.162337781026,1406.7082956378738,1422.2596132358076,1425.8790931570722,1439.7085059773228,1439.9235541424043,1454.123830977791,1457.5551966148794,1467.0232323388927,1471.0437878483967,1473.6885988120669,1480.8955872751899,1484.8162866448345,1497.681637723165,1495.7793199786786
395006,92,"Provo, UT",msa,UT,,,,,,,,,,,,,,,,,,,,,,,,,988.1914450928639,982.0876729847807,1007.5599257544884,1004.7487994886857,1019.9292522641636,1016.1429724851158,1018.0966165057018,1020.4946986482379,1025.384153838905,1012.7392159357092,1008.6229974203932,1022.4074745250887,1051.701688930751,1064.6308648289062,1063.8484407030355,1065.626338930038,1058.0609148912727,1058.95089303967,1059.1731960156399,1068.5031688756403,1070.0367699395192,1079.5447122295573,1077.9715198316467,1082.785930397797,1075.588985001347,1084.4581043691287,1084.2410474799242,1092.2786877867054,1096.7560808128467,1104.7960224138258,1112.659550678618,1113.9420405977453,1117.0156497676667,1119.1223526431586,1124.999053477663,1121.9066702509567,1117.6681283863716,1110.349185168555,1112.1180000569695,1117.1001609163325,1116.1144460765042,1121.952866230156,1129.56883327281,1136.7258863926222,1135.0271545277146,1147.3660945881927,1157.3304137406487,1173.4500522088001,1187.2180664596206,1191.0035004223944,1206.184854860421,1211.8883671061824,1233.2524913585053,1246.1301366994317,1266.9993724992635,1284.8511691064214,1313.5174478391527,1341.5164533813136,1360.9911801945602,1373.4874444950194,1386.0704479679302,1409.6312768106466,1424.1384367301878,1444.5346683563127,1452.6305709063072,1461.5393233895372,1453.8255057926551,1458.9825034435603,1470.3988923755544,1465.9919593358104,1462.4065860488795,1448.5272823620587,1444.8493292558137,1447.4790813623702,1453.2240593771826,1453.296299542984,1453.108240554752,1454.6530521956424,1464.0346068918252,1463.7031810201563,1459.4145518894707,1464.4509765099378,1470.7240216848859,1479.468479800649,1474.7035009563624,1467.270746437325,1462.4390564281828,1466.0511306614924,1469.8365820129115,1470.3000340849867,1467.0173381551758,1472.698382999561,1467.691957644127,1465.5809474127566,1464.255590802092,1466.5340293972367,1473.789245306716,1477.7872325849628,1479.5490684119657,1476.4769513606504,1475.0639449398564,1475.2895493597266,1477.4497386944515,1475.014536237493,1480.8707353982345,1483.2565863032844
395160,93,"Toledo, OH",msa,OH,,,,,,,,,,,,,,,,,593.1803922764431,594.551580557816,599.5423900099396,598.7666792686613,603.6927271703355,604.4457051381204,601.603005880239,599.0004438959515,593.8252637979712,595.2070746001133,597.3835950685102,608.2989421580061,609.3392406943304,607.6055681162755,601.1550073942883,597.3864514701298,603.8501914932285,607.8618905941901,609.8860660058743,608.4775697742313,612.3686280136195,619.660016919056,624.8887026530398,625.3224727035117,624.214037012171,625.9920400134282,626.2121810091737,631.3730554858316,631.1658118396534,635.2549251199556,642.2538849818823,645.1365445391596,647.0918864319871,642.6078909084792,642.9570557242342,641.1793178742276,644.9612220315204,649.4286464011108,656.9636558717613,660.6824209201952,662.0734708915724,661.9046496575562,661.2353758950446,665.744898168535,669.7454270795151,675.7223200773283,677.6978585222,676.4204809537138,676.3008177159352,677.8907511621251,678.0895459142292,676.9631161391922,677.5444810436752,690.4144700452428,692.1605455540769,706.1879924853105,707.8411170094788,722.0137895211651,727.476355797447,733.4233128013756,741.4432592644786,747.20803123329,764.4916207809697,779.9977919251451,804.4108459456828,809.7688810353204,818.749540080225,813.9008893532706,818.5412823523354,822.1135052772398,830.4774236866917,843.0470378704016,854.3141860682582,870.311964198354,876.4218625132597,875.459048936324,861.6343629377684,852.8820331035542,855.4064338146053,857.9852136675603,864.2668303413407,860.9498234430758,867.6747623401234,870.12865171745,870.3096560625389,864.5158452672337,863.5437991956373,866.0314033258531,871.852533682228,878.0435059953758,878.4510946456435,878.7630541281882,881.9743713603558,887.0593399864346,895.6642916938042,894.1508590119321,895.0251191210725,898.8658301440457,906.0978110171634,908.6961184889177,913.8661466565375,911.6753364280393,915.8539802519396,922.5302334386907,923.4871187242054,927.624124820394,923.3446241415509,928.3094982442065,932.9717353115517,937.608784814919,939.0821590626405,944.0387384706493,947.7979640799367,956.8553995915859
395224,94,"Wichita, KS",msa,KS,,,,,,,,,,,,,,,,,,,,,,,,,644.6253887770038,639.6549556882856,647.4236685117336,650.0322386788015,654.1354828764705,655.9644809356083,662.1146796843858,661.9240632017182,661.5182024892999,655.0029412717698,655.5901992675307,665.8412987655075,669.4833168634514,672.0104571504312,666.3140432064461,666.4432771566196,667.7188658190087,668.2564726805692,667.1632658488046,670.4822182002717,674.2845391674958,686.908291832028,681.7448567658159,677.5114857954558,668.7571744469461,676.7828747191187,680.7253252372528,683.7645905845085,685.159245352606,687.9276990246844,690.0536581432315,692.0516908684035,693.3132654296131,690.6140192691458,697.0568954333418,701.7334359294639,712.7839326451104,712.2474291214362,709.3649711944406,708.4379927476908,711.8106833869927,719.1924261957977,720.9717583106452,727.9229418524972,726.6741168963579,730.0157266198397,727.6259860501476,726.1651580982319,727.6336574895466,736.3203907667421,742.0642917490021,751.7817278776932,756.3924650030724,766.4652449285966,771.7425805266585,776.151627077855,781.9492112482797,787.899443277433,799.4068442779352,802.2402064154998,801.6435906804788,803.446489085289,815.856289936372,821.7747096326432,824.1545291475264,824.961528986167,833.3063325078707,841.0985925985296,842.4640254133669,842.6608673077324,849.9205054049547,859.9667333027688,872.9208630408143,873.6476200078195,874.8848853235542,879.3049865280562,883.6001450487519,883.0264996489507,881.0219916162035,883.7390143836415,892.8598926805284,898.677749675863,893.2359368062503,897.6567508898725,899.440805330232,911.4816949507482,914.9166713881356,918.633441837722,921.5272340736403,920.2748366279549,921.407982769428,919.6617402331134,922.7139013125309,922.0746041616294,927.8507828046284,926.8205758631377,927.4065916042929,925.6061403199353,928.3028707035006,930.8068271472167,935.198212582223,945.6370463714687,953.8491082003287,962.5509291165467,966.0248343674541,974.8834507652781
394549,95,"Durham, NC",msa,NC,,,,,,,,,,,,,1034.754338326281,1047.9859726581326,1039.6482293970078,1048.9352291497244,1042.2621313119878,1051.7054252444539,1047.7784276803504,1059.4941346464088,1075.3824898605412,1083.191395579746,1084.845763999413,1090.7012821619458,1083.8618143748083,1083.1687512620358,1071.104652186863,1077.4519045868092,1085.6230168636137,1087.2477097034396,1093.233359972176,1094.3619621070425,1099.0041835649552,1097.097376572699,1101.4757699811048,1098.7411225731544,1107.3848955211774,1108.387647785484,1117.1659755075475,1119.4956331109968,1117.675717107205,1118.4366354884667,1116.4307818399705,1119.9067982612999,1117.8402340251732,1125.0210507579272,1135.433983326,1145.534661003598,1154.0093370794407,1150.9817953841111,1160.9845127416384,1163.1283308938716,1170.6017345750124,1175.9421830000892,1183.5689919305223,1186.0763453025713,1189.6275296574272,1191.0502142527168,1187.8187947101446,1187.408228309228,1184.8726415237084,1193.3380474676312,1202.7021052490984,1197.6504199960266,1191.9731289661986,1173.8406212826537,1169.642570121032,1163.8237830545377,1164.294106930031,1166.9858908243075,1178.2077865034519,1192.1210917062974,1201.9938902067183,1203.0685564894377,1201.6035523666394,1223.0540876600878,1243.493560990464,1277.0381782742438,1299.9187663429989,1332.8084494376121,1363.6065177997807,1387.2718614762719,1398.741161914314,1411.3781091215267,1421.7111448971518,1437.4230667558008,1448.9819344953685,1458.1610913925579,1474.7794117170267,1494.110666649212,1519.010171890792,1522.4072350059919,1520.0637181047812,1510.6289706974994,1513.0388147247652,1511.4752922708087,1517.557692526153,1519.792436380649,1523.493446117948,1517.8681163850463,1513.8346036596458,1506.3402398345534,1495.3650265108924,1491.0413853256675,1481.6635960703954,1489.3278410512892,1490.070320498568,1497.1856543928457,1495.6860785552087,1496.2527149217728,1492.3182907138773,1496.3508871844601,1493.766800870354,1489.1328623838915,1486.893200599926,1489.7813362489605,1491.673974419728,1489.1634030582045,1488.1817057826956,1483.57760034359,1482.1541729625078,1479.8962072483662,1480.844803476295,1479.5569255275625,1480.8924516410839,1484.2540527630042,1486.6874655518304,1485.8505112495113,1489.1477337764084,1489.3414083619355
394352,96,"Augusta, GA",msa,GA,,,,,,,,,,,,,,758.2736007220276,758.1067347691863,,757.899484880751,780.2856239000408,785.9740965679265,778.6428520786137,777.5250496319912,799.1018450644136,817.5773067315589,815.3628542280866,797.8722655811555,795.0900446719597,793.3782795964221,791.9226759477442,791.8023101597812,788.9789107708123,798.640756522426,801.1444680577638,806.9746923740654,791.7846006627894,805.3680836036998,811.8916875094714,829.1652991786025,820.6950920357889,827.9811191798849,842.6179905327272,858.4141246871908,854.5643836362565,843.4547821892394,838.7984710067651,847.0738560838267,863.417621918246,870.2162855559515,872.1879274211187,874.4967497091924,880.4421251675122,884.854932239978,883.7694074297017,880.5978976444597,890.0203890392977,902.1658253255678,915.8936043293884,916.2360022985362,916.8557383831217,910.7941414146068,917.7419720801072,921.6477817383046,934.1373574682307,938.8701752689956,948.7633007318319,952.5226781342596,957.8992494092146,975.2619132591252,986.7791216177827,999.4548088151158,1001.4254554990237,1013.3336517827794,1022.9441614964928,1032.2013302820271,1022.3196540454425,1021.9917628113773,1027.1324181420143,1047.9019351378424,1064.2749031957906,1080.2700950256512,1095.2079834348715,1104.9205260049482,1121.1876813997571,1127.4824774172712,1134.8695867495142,1135.1812879909921,1151.672430797967,1162.6431415848626,1176.128713645949,1187.496713227182,1197.8217215924137,1197.7930205056493,1188.8500618327337,1186.4193883037651,1181.6198154602396,1185.0838460242853,1184.5525888952152,1191.020274317705,1198.6381057622357,1214.3651612058468,1215.1520961796011,1212.0157882207138,1206.9774304194032,1217.265059341268,1221.1063928081414,1221.9853277160278,1217.6973266428286,1218.6823880569032,1220.9372519562571,1221.0883298070198,1216.915488662647,1212.8512739168427,1213.0557144749566,1217.5385472821067,1219.711902170904,1222.2152710039304,1226.8093192310052,1241.9904960582899,1255.7818393559305,1262.6423304092737,1269.976203312485,1276.628107230411,1283.058267131398,1286.1706968310402,1292.624236059517,1297.519148479154,1305.4620876786855,1307.5360781718034,1312.6428616249273,1309.226372510251,1309.3977395066604
394957,97,"Palm Bay, FL",msa,FL,809.3723369801014,808.2904057823715,814.6969052277693,,853.7710747277946,871.2681438853747,858.8778286398972,861.6772725512913,858.0697997770998,873.2895126911893,878.6676409235658,883.6468156542174,880.2820275500369,884.549952614897,877.110380661262,882.6833083959785,888.2485031813059,899.8517583610818,912.0446812052668,922.4117509792133,,930.5178859808788,932.0170559538984,945.7513117889239,962.0829419620252,967.4930620365634,977.7883658799061,972.8200503611375,971.3570990663213,975.8417154758305,991.7552280814912,1003.5432313504866,1011.6556945391754,1012.4866199722599,1026.0855215999977,1029.6315472661372,1041.9330831778946,1049.6625534030093,1058.9426596626631,1073.437811878433,1080.3884193722865,1082.0195743066154,1076.443604589387,1087.1497721464002,1095.360086940585,1112.6646862449886,1111.568682199688,1113.712947900905,1110.0984227011816,1113.9103048472905,1118.1590042875187,1122.776874206406,1131.5635592246956,1140.0423865913608,1148.9094197765035,1146.9837526763056,1150.1362253394345,1150.8487700146761,1159.6806334678813,1168.5577406728994,1177.2247515704698,1184.8800872588427,1186.926644337789,1185.3781484257577,1172.223566651979,1166.0579610821608,1174.329589108188,1189.5117526171243,1195.5289299259885,1198.7407190529582,1203.8092756673675,1215.639130828038,1230.6051318137957,1246.7096631931838,1265.9572096002262,1287.8566215884257,1321.8384960431017,1352.7905646416411,1382.4075640721421,1416.7999580663738,1460.9030209166156,1494.7427313899511,1522.2136767667832,1536.871815087452,1558.0326836742804,1569.1275685934427,1579.7951043883345,1600.487827982628,1614.778797328124,1638.315360670851,1649.7003193713826,1650.5076070418777,1641.8293956187201,1642.8177882635873,1655.3838067715367,1672.2028501516945,1666.8094499220374,1658.910561803442,1659.5050209972424,1659.6941449615606,1657.5912860343435,1651.9230232146315,1648.0439045726837,1652.5295282219477,1643.4201959090642,1634.6777675428389,1617.7718295061513,1607.6232070088292,1618.5317535240733,1634.888968746016,1651.0856306650899,1652.0671956685,1654.102588723848,1651.3654721445446,1654.1577075019359,1648.9707963555181,1651.8855754187857,1659.5812131559842,1668.419603351085,1672.1474195305525,1667.8576197756934,1662.00712057598,1651.897607253752,1651.1221302285574,1651.131184366978,1654.497570857589,1655.0679642977063,1659.2485428985308,1664.5892823760228,1664.1335775335774
394711,98,"Jackson, MS",msa,MS,,,,,,,,,,,,,,,,,,,,,,,,,,,,,,,,,,,,,,1011.1331069645208,1041.0494124131537,1046.8930391128754,1027.9110541102305,1000.9750704625845,1014.6482246258373,1023.4081843679159,1021.7525865898383,1018.498635475333,1020.6051770285319,1040.9286885326521,1045.7090688766891,1053.1777177208846,1038.9021550789882,1037.3953112115853,1044.4594266127376,1063.3807262710432,1056.0420549437758,1049.4547965397642,1051.8467995645615,1054.147704407416,1063.9658482693478,1062.2239016960748,1070.3538588217975,1062.7807099268055,1113.2924939111285,1113.8712631855954,1119.2968093326751,1092.526899442644,1076.5013374667215,1080.1329186955702,1097.3576526204056,1120.8444799541862,1123.4169709768394,1105.2151987060572,1094.8803805801774,1093.7246267566543,1119.9682037986179,1144.668334922132,1175.2079412589542,1204.9564233764513,1234.360371532621,1250.3103947632067,1247.7106143156452,1237.4181196675795,1241.5695424235132,1260.3065888789736,1279.881241212049,1290.9168993542419,1283.7597394757956,1282.6825949809881,1280.4288122188514,1292.4769144792094,1306.5142487124288,1323.3008366333602,1337.5022581109067,1348.8179061013877,1354.4136154193382,1351.5743644462145,1334.5378346491595,1330.6692599672622,1337.724087736993,1349.968447099669,1347.5716543222645,1337.9629503595054,1329.7956358518322,1316.8116489433648,1313.8583775594363,1309.5371179849199,1310.1270538561475,1309.7830689141736,1320.2546407530053,1331.236921553003,1344.3447191768178,1345.7498646428762,1363.8059584567034,1371.6575167793364,1376.4741580470857,1376.4408480802729,1384.8610101095496,1381.5664255076408,1386.4051808269276,1393.346124828505,1398.0734912829569,1397.5712512848572,1393.209072473737,1394.313859674438,1389.7277339597536,1393.5410904761484,1398.8877606265448,1410.305679556877,1411.506571703593,1423.118181818182
394666,99,"Harrisburg, PA",msa,PA,723.0976458296665,719.150032615601,727.0066144929547,736.0687520535416,740.5011652669417,737.0921319385442,735.1931237651434,735.7612182366273,738.7466766519374,732.9074958968698,740.8410726196008,746.0990026718192,760.4326176140818,757.2691825057923,754.8546366330464,756.2342971546559,760.3582159172611,767.5975922224693,768.9531437908801,772.4246404335299,774.4349351987572,778.9843645166678,776.9730627189123,772.9317618651173,773.4925298379098,779.3013253975782,783.7591298508561,784.167331502229,782.9694316516773,784.1308268006748,782.7749620800032,784.427180598092,782.5957675278886,785.4771121180875,787.7476955678984,792.1730555505841,793.5984481902784,797.0403420947329,802.6644470629557,809.9838756115395,815.2358367190633,816.0682149803313,822.9428092491064,825.4946495966572,826.372830369081,829.901801314238,835.799237012526,847.4484654652404,849.976786343412,852.8228065621199,854.0768369470112,855.1548424456107,858.2273864184975,863.0731345963031,865.556193410155,869.1147459135415,875.8893710963841,877.5453795098883,878.3773552564296,873.7532242461978,876.3285679110211,876.7470607340321,886.0596862705726,882.8390800789095,884.8426890694051,888.7576337664049,898.0747154936018,903.1406331598514,904.4281720258895,915.4252128567755,926.084538449463,943.5832647997074,943.9363517323911,950.96022352079,952.1470238314064,965.0314043225674,977.2533291514817,997.079835477875,1011.5700829257556,1027.489580474985,1041.1603992289893,1052.3997228393168,1060.4189845193969,1067.375678354187,1074.6399997830722,1081.455295954792,1086.8022329435898,1097.9910278475209,1105.3130553040178,1108.8759426168376,1111.5454856043211,1110.93999693487,1112.7848076778803,1112.1329445147749,1115.437017996716,1109.2413926418849,1114.2685841932673,1121.0636953360208,1142.112719950141,1145.3088516683986,1150.8957187875046,1147.9252565597467,1150.446321675866,1152.1533516581826,1153.7468559900024,1154.1014272603181,1154.7003113079295,1158.2189462659169,1160.332804973742,1160.2630212980584,1154.7870957160428,1160.3804139979363,1166.4597967530722,1175.9853337023462,1179.6352782638605,1181.869504168928,1184.2398345667889,1190.3079885500263,1196.5689974905779,1205.0634795750382,1209.5548456859487,1214.791544418995,1217.7344634069466,1219.499963302037,1220.7712740104496,1224.3221395516523,1230.3477089347239,1238.6163135040285,1246.469469504407,1252.7686767412574
395113,100,"Spokane, WA",msa,WA,684.7640573434452,695.2777869507488,696.6864761238529,697.071668980196,686.8656025005153,691.4261970983405,693.344790456125,708.2996363210384,712.5824782959062,712.052582334668,717.0345519489815,721.1738698444751,734.7923905273099,735.5303706415543,746.8219777354666,746.7488856510922,756.2065742042143,757.7288840342345,760.6261649603903,764.8886451464502,769.8219469835371,784.5880953787704,788.2978768127225,794.8326256120084,794.254878751663,796.3421557828558,792.7140207358029,799.9571705243446,810.1390060680825,819.8194075616605,826.3708418169391,832.2830828517432,840.2063634143176,842.9856142950383,844.7525601406601,848.6088560288487,845.5093011272135,868.6022884283798,883.0410817904734,903.2491301903175,897.0757061841216,901.2025114301939,903.0414200295887,909.5772307069092,911.0733486122033,918.3783500412434,923.2977992703769,932.9620057712808,943.14410089247,941.5174413976274,943.2208718366337,937.1017932653397,948.2122579637486,952.8228715232431,960.5758659105791,963.9327138535474,970.1536970324735,972.0440180700039,978.378648360969,978.8892624846143,983.8110102196157,983.5503567273779,1002.7763146095541,1002.5348433004274,1000.2748814704298,991.6660818528247,999.1987932079938,1015.393740727552,1031.965319715902,1047.5686657408307,1057.8506536575117,1071.9630080314623,1085.0757128024009,1104.916490719264,1116.5924830078307,1148.704702333511,1187.051377241739,1237.8511730977393,1266.9722117260965,1279.5713884822378,1281.2218366165857,1276.33512684751,1280.8159739064808,1286.6432031254574,1299.9285031806176,1308.53053002602,1319.644277941379,1327.620405110533,1333.6107234486212,1335.2559949140384,1330.2191433797832,1335.5945010699138,1340.8484458174576,1348.4362859658352,1350.2001532684797,1350.2349198511006,1351.192313175866,1343.3333186737789,1341.3574582983204,1337.473032413154,1335.252363096451,1324.5065731624763,1327.2979721296158,1329.2512751646295,1335.3454536971772,1341.6727622439055,1341.708428831971,1346.7533859049704,1348.3082692112937,1354.5012296658424,1356.0075751729341,1351.5325733958455,1351.8559316782691,1357.0270343374577,1362.4333953794278,1364.7494292456079,1358.539276996457,1366.1639066323862,1371.3392535582366,1372.5954060479392,1374.1722709971757,1376.6493040054827,1379.3836945865348,1387.1757925288123,1390.366660917541,1394.103539162066,1392.8319356695795,1392.543360746995,1396.7718173019975,1389.736014324901
395075,101,"Scranton, PA",msa,PA,,,,,,,,,,,,,,,,,716.5288777676965,727.6302558100169,725.4902428476497,727.9700323113092,720.5606884298525,715.6174575031289,714.2454449393015,709.2407250849362,716.8528426378808,719.4461612451555,733.5008458452762,729.007866710658,732.1392100102041,728.8405021063492,734.8271957219212,742.3205233367584,742.4121120415415,743.4336069781489,734.4848678034238,748.2658802530522,754.4510251706294,761.3382644605706,755.1740769201866,761.1339202475119,767.5292319887122,772.3341766968076,772.7349548320074,772.3068402148288,774.1384962638506,780.5219074239701,784.9525462364779,787.3264157921269,782.6680769674014,787.5829098324502,793.6725274560943,795.2058279726942,796.3172153598688,798.747097857843,802.4251816228792,805.2512583171133,811.6418289600549,813.6414696250041,821.4130835511411,819.8853346171624,825.4004915611723,823.7039087698745,824.1749250416691,825.583034113603,843.5231058104129,844.0307114391574,857.21567281635,854.9056603694876,863.3031646406117,876.0253632715253,881.5164160929446,896.3813121704396,907.8054986940505,921.1603539181638,932.1652700125403,941.503137745744,949.9212807014623,970.9756634880058,983.1267954996154,999.5135156412111,998.2391925294645,1008.2161009631009,1016.9294229673621,1028.2886759913308,1037.4289702004885,1053.0501230883053,1065.8159867652373,1072.142698784797,1067.3297813605782,1064.4487214869691,1068.7510007092208,1082.440036037991,1094.8086107495935,1093.9708583510549,1089.5992696288001,1090.0883068147257,1096.6410975708845,1100.0382423130727,1095.7031232762185,1099.1112078943725,1108.2367859887866,1117.9747703474827,1119.3522798492156,1119.1112255654123,1123.1711116414342,1130.0521114174967,1134.1852320532923,1133.934426007109,1134.8403723241977,1144.0952528372782,1150.087133342709,1159.7283547933864,1160.6954162941481,1167.616190674379,1173.5493333058726,1173.6446038318022,1174.629145853216,1182.2662023964274,1190.782468449866,1198.9346489285115,1203.3458598236361,1200.7225178565868,1204.9492185475463,1203.3429514962777,1207.6818733119005,1205.757683735066,1207.210007605303,1211.2543285276454,1212.7463389990703,1209.520606828856
394460,102,"Chattanooga, TN",msa,TN,,,,,,,,,,,,,,,,,,,,,,,,,,,,,,,,,,,,858.9108414318564,868.328277978127,871.7741154812757,867.1749777601395,869.6199072882573,867.1694839810141,874.1663977148845,873.8583045300743,881.3202510427486,884.8701761271589,891.8381819303183,899.5715638398809,904.9836152414806,911.4092020739322,911.0586478710786,917.5332335583388,920.163239228041,929.2118424965643,933.6662639956156,941.9451064505881,941.4028086233918,941.2531018607556,939.6287500578001,935.5001942271272,931.651349406477,927.7783018748897,929.3668466906481,938.7933336061077,950.923235617212,949.0989511076975,949.9469459882012,955.0651672852064,959.0521728877046,974.9062553431827,980.8172130435556,995.1730773579569,1000.3276006159426,1007.4766580024038,1008.8644201654728,1015.4865072510954,1029.3277424436417,1051.1255029482352,1075.3288330803587,1086.4006612837964,1107.03417279803,1120.5958101678318,1145.212398940902,1156.74109970429,1182.235270846335,1188.8394112224094,1209.7741098216231,1217.896805170778,1230.9547092541561,1239.6737800361577,1244.0510423143176,1245.7028349012758,1246.7700997292943,1252.0574902353076,1251.296951783458,1253.8496333172561,1241.4449997959593,1254.4445974386288,1251.5360162508819,1265.6461068328863,1266.5266236813882,1268.223205482601,1271.4089544633532,1279.1647750974557,1286.9264307919955,1287.3719438443422,1291.8832508050739,1296.185212075405,1302.3526163163444,1299.4992300649806,1294.2933220792997,1291.9780195176445,1291.8766001253148,1298.7553290182607,1298.6081690913418,1302.552320365559,1301.5313008134992,1305.7091493119635,1296.4888305149457,1295.9260238995546,1297.734750912167,1297.2316598856266,1302.7935163795105,1299.7739971765377,1299.7120965951935,1293.9228473551193,1292.9795460144203,1287.2225202321433,1284.541538087998,1280.3970940123718,1284.5194662480378
394871,103,"Modesto, CA",msa,CA,,,,,,,,,,,,,,858.6703054751708,881.8577390693692,898.6100345645694,905.6032163029992,892.261057139278,890.2601567662513,901.2907079511218,908.8691452896329,927.6545466204493,945.8246638676326,963.3402068585369,975.624660401707,988.7038056466384,1002.460619588984,1013.8002230360395,1018.5922210223088,1030.9448529064784,1034.8552279448375,1035.412588107555,1048.659551750804,1042.0959037933983,1057.4335293763256,1059.1223002657334,1085.3700393571946,1090.8637770394305,1103.207798022613,1095.4709764720326,1107.299847370379,1107.8168930473435,1122.8686668797923,1138.084121143983,1150.5438009284744,1165.2859608247047,1155.6965941735666,1164.8987881861167,1154.02475735069,1159.8571950581904,1156.0395393741064,1170.8153218796917,1176.089470985621,1190.8450433598875,1195.832516717608,1199.0456916480393,1198.6802007544914,1204.526701200557,1218.3543489817996,1225.147765281533,1236.175632772883,1244.9526099171187,1263.6243973337475,1269.5279636651228,1281.965651320316,1280.7497213704685,1293.603314903834,1300.5174534864245,1309.868314822064,1320.176456149323,1338.2406944789946,1355.9833823669687,1368.1490080989522,1377.1641434375767,1388.696646754463,1394.0187703411784,1402.7374033713486,1416.4967114426765,1443.76229680558,1461.4202539261612,1480.5784889878075,1485.2080501457674,1503.9984299515668,1522.291806850907,1542.132792674805,1558.1350294071888,1574.677590920855,1594.0850053682263,1601.324948469576,1611.4206964827993,1608.59159798309,1614.747830895827,1606.1899796926277,1612.6885653829793,1603.1979812404163,1600.737265993326,1607.1012047804145,1615.733096017028,1620.398312381725,1611.8347571191991,1620.3569942987776,1628.9030432378581,1644.4949505912386,1653.464718455502,1666.3516626651517,1677.267580606099,1675.9546360069414,1683.1500498605617,1681.2959701329435,1687.398543968627,1694.711884735423,1699.7930255651029,1693.7426629840468,1691.0299030662486,1686.6639432263548,1698.6953311556488,1707.9516182043612,1723.461740786269,1740.0806001668075,1745.741467807607,1752.7663817131458,1752.2042124056754,1751.4617519315425,1757.4540396007762,1764.9159737534344,1767.8227824985056,1769.6910005588618,1759.1035809829268,1750.3714013154884,1733.6952516619183
394768,104,"Lancaster, PA",msa,PA,707.2270481397428,708.8148213433083,711.2605115208635,712.3307165151148,715.9960496726135,715.1105937043164,719.2288309221317,720.1827603431798,725.9627782365064,729.9101959968432,731.7549390180129,734.3414546469257,734.5264273496279,735.520435414288,734.6873794821391,738.5203864796098,747.710372358442,751.0255340490501,751.1782708989646,749.2408227467598,751.6863075908252,753.6509627867684,754.9170190105889,758.931702154095,768.3916954655406,776.4522619406431,777.0800060479469,778.7632794575397,775.8460531534814,781.9953990738139,788.9561265811002,793.9803256236544,796.671504255253,799.208834951739,807.088398127737,809.4039427899435,802.2591646389427,805.4618479572512,818.0537185919396,826.5356810679516,826.2815210464896,824.6661139437662,828.751395438747,838.5437448742072,842.9689716867887,847.2780718944634,847.3862465540731,852.0144099242201,857.8413679484062,859.2367419443844,857.2590427822038,857.1234323507983,864.9418178083879,870.6487002532534,871.9864419974812,870.4015333593454,873.1103943326335,876.1437854903119,879.8710955842861,882.3219274767076,887.4878908246216,891.1787180225676,889.2089633227812,889.9582912400864,892.3145789159967,900.1752707915418,908.596257229351,920.1373444987238,931.3054314885414,934.4274321874525,937.2479999157832,941.6878737328282,951.3557522487415,970.3840966629222,982.1236438757302,986.173849265735,986.8726323487012,989.821388868236,1002.4068320474482,1005.6874808949126,1014.6431813532402,1025.7880861304175,1040.279533188506,1053.9481478654072,1061.696015024585,1062.209485284842,1065.9940604010226,1076.6787707358694,1091.3182560844948,1110.0653753510696,1115.9708709357712,1128.8194368344098,1123.69826758826,1131.9468313813568,1131.0155527882007,1143.9172020542414,1143.89572447902,1155.2047168789768,1162.6267961346662,1175.4531550309553,1177.3002819308674,1176.8961581284652,1174.0622999367322,1180.728973302908,1191.7478893942327,1200.1456366116474,1203.8761479759464,1204.9523536150314,1209.170243032626,1209.8679015686166,1211.8608370668394,1215.5407957802045,1226.6549137645402,1232.669298582991,1243.7479705662413,1243.956729533469,1247.7347443838853,1251.3011210659395,1260.384180837471,1264.2757932084237,1273.336834678413,1280.487071237032,1287.9774082018303,1289.8616372364274,1290.4909911985158,1295.253216245096,1299.6817409174998,1306.454376847171,1311.735415306056,1315.3219416386085
394997,105,"Portland, ME",msa,ME,1120.0791823142722,1117.3101648464358,1102.3218054541205,1117.725333910252,1121.2669393083506,1146.1519680471824,1149.2111576725142,1155.1181790396497,1149.9138454937604,1159.3999471237346,1173.0232912337515,1180.0760230715803,1184.7481551915043,1199.4660446497444,1229.284227899352,1236.8710054727949,1229.694857368025,1219.347581490766,1218.6614211339552,1237.6203439304722,1243.0185328509788,1247.552821150687,1223.4013066272303,1232.1074190597599,1243.9609667568725,1251.8271001465384,1254.626345592809,1246.535205399221,1262.6881678331918,1268.9755619718132,1282.6411719683524,1282.8223617186402,1289.1307966896886,1300.2363729847755,1313.945060473319,1318.8486587894133,1308.2538268140536,1313.3039943054766,1309.7272694121568,1319.7740292955764,1318.0939094403097,1322.182878409341,1320.4409798630336,1336.3828740506733,1352.183165761568,1366.4446982578718,1366.2495525616478,1350.6848341226253,1360.2085008106726,1366.0102095279,1374.2732557999484,1381.551068175453,1389.5604532304596,1398.522700454502,1407.5320815976622,1405.4238728413068,1404.3934206459114,1402.5165115521902,1417.3254640618586,1442.410712013517,1455.8228869473994,1465.513438509872,1462.0635563259696,1460.1923621611309,1462.9882503133767,1469.336998672599,1477.4536739519167,1487.0095772119018,1498.71759939576,1522.2045610387606,1540.7110348616045,1549.8888782430133,1562.2723096985492,1570.0035817275339,1577.6084138446545,1587.3481420742487,1603.9242068870951,1628.1776913592519,1651.5260236694955,1668.7866454016294,1686.314995768339,1693.8516020212894,1717.8481130496043,1745.2544873631425,1768.4914449655366,1772.712706014157,1784.7300578147067,1790.3064031172078,1814.4569275272577,1821.2346918266583,1835.2105911435604,1846.3693854765258,1862.8629073934735,1888.1280974985614,1897.119239411818,1895.0245988712857,1880.5409554429564,1896.4170137739109,1908.5644612885776,1938.6258131334457,1943.7246211019626,1953.2207933091536,1963.0236770079878,1969.7985195650674,1981.487538828505,1978.1757323836046,1976.2973326781587,1972.998441682081,1979.1947788987102,1991.3460785544864,2010.1314575566205,2018.069080167137,2022.570193163468,2028.655547146543,2028.2296764396835,2044.3506125564525,2049.5761476910584,2053.3322099743896,2067.2178784437506,2086.802288543219,2105.348058879988,2107.385239565261,2103.7548608305583,2100.477323928584,2108.022018143321,2115.4490657233514,2126.016718079873,2125.61754859538,2129.666774453419,2140.1640419130617
395245,106,"Youngstown, OH",msa,OH,,,,,,,,,,,,,,,,,,,,,,,520.160460766169,520.4849484155131,512.747949455722,520.0579901107698,519.6132326467119,525.520152779161,523.5278878958089,520.6720031156336,517.1840080214434,526.179817410845,520.1903768343869,522.8078213038153,517.2860483522378,524.0891494999329,525.4853697444627,528.6626093953606,537.7675137093034,539.7083495997813,540.8870263200033,541.3678444194147,547.3851236206626,545.4518613848413,559.6602166431613,558.3936335124605,558.5141840102656,558.9783803216105,558.8234196626505,564.8242738738869,567.5156805858572,566.0584319267447,568.461104280392,572.4249318156246,573.1775327922103,572.7715614664452,568.7695180825546,570.3312156025715,576.9503991616816,576.3644806814692,580.6445081419358,576.3608694225117,584.5698216938023,599.8342251076843,600.2392340258516,607.9670760319142,607.4952979155177,609.8933834256732,618.0545148421766,614.2069475405656,621.314039869826,620.1850086209281,628.7518575992032,627.7096727451741,636.098507732152,637.4997490733116,647.587215813055,646.9224216888124,650.9288392886281,671.9201608221508,676.960157965807,695.0091029313892,682.4549816962297,693.7204489442427,693.4637132458113,697.9012948001092,704.7662389410716,702.0081209245669,708.9518739078503,712.2212844277036,715.873658601525,707.3263387170598,709.2526261544976,703.6819554123283,716.4811098220774,716.5377374503814,722.4162010871773,732.7145362310544,731.9787303317669,741.7440219831218,735.2370339696485,742.627523779323,744.7974360264272,747.1226728299702,751.7727023400453,756.9279944578926,762.2270087165795,765.3688319225741,772.4301888697357,768.6889898104064,762.2236916732097,762.7029091726905,768.730989502365,778.985399887774,779.8955432517624,787.7687749107308,784.9853955086203,793.7611918476786,794.5372954986698,798.7447797130521,799.1930651047272,805.0878776541144,818.1361125334107,822.8468812773401,829.038777064311,825.8754544753576,832.7151136385123,836.2102187186517,845.3942077262163,846.4423076923076
394770,107,"Lansing, MI",msa,MI,,,,,,,,,,,,,,,,,,,,,,,,,,,,,,,,,,,715.2942544614901,718.1638363450868,713.64404693831,719.3378126707756,714.245059138174,719.1969014640232,726.9766624485213,736.5319688622805,738.5792353358077,736.6146319394318,734.4326526787788,735.0727394635869,747.5406429094385,755.1494455514903,760.0779959134213,755.8787515667302,762.5206853246,763.6672013382221,759.5768527340999,757.588540928284,757.9898856419582,761.2287292571266,766.7880730291183,769.1611229038899,769.642042990945,770.6489825716031,777.7697113789482,788.2783913479491,794.0485220678099,800.0344074960005,800.0646402720673,797.7689607157752,795.2917575983182,797.7552958064681,803.9349786426192,806.4747421968356,811.1674927838355,817.9411400566626,822.0784248736124,830.7095247073265,826.7039788277094,831.1480283316625,834.0563401845492,845.9200012962402,852.3043789190908,857.3823752390999,866.4028395293733,872.0707153706157,876.0705352184242,876.3681770948085,892.7503103224236,901.3069168178318,918.212073070836,919.1995063984122,932.5332886822647,934.4255670721897,942.538818541051,947.1669015240329,948.1750846771505,956.1383642898915,957.7538109810564,973.8311032914489,968.9808169970995,971.0868229346153,964.8674788477107,970.8235048999104,970.4771793428679,972.6977311889317,973.1661877950819,979.4068539349527,979.9299136256222,980.6692468288588,991.4692707457937,990.2382383516882,996.2719029450118,999.5754664506992,1008.5458511307171,1010.228202015974,1012.3447344192558,1021.4942772736522,1031.7284502185778,1041.612302428201,1048.0763371333403,1054.4371796473538,1056.2526460734457,1060.7364837645948,1066.1246294867092,1071.4984588167465,1074.7363517344445,1080.377027441047,1085.7268758715463,1085.7860248009367,1084.135977469584,1080.0576444525902,1081.6794160372829,1081.2188200869077
394590,108,"Fayetteville, AR",msa,AR,,,,,,,,,,,,,,,754.5491981315222,760.9068128065594,781.114463330965,783.9526420660218,780.2876393905001,777.212154117498,775.270607999762,780.4467446057689,773.2680481147921,775.8343597673946,778.9679003909736,802.6509683464334,819.5678026059016,822.2407795183399,817.8540978750716,819.5037269119806,829.2360448701478,835.6270657371311,844.1393247461789,844.3144196397607,852.7689292479483,847.6207150866192,850.8455427483705,843.0691570245169,848.1001703859102,847.609272447026,854.238191848062,860.9948198880323,872.4016612022381,874.1746256225777,869.0721001059504,866.4488591450265,869.7542025275638,885.529744956412,888.2663698062381,892.2123458574291,887.8436620424362,892.9404551443804,893.5694492694424,894.5095039709856,889.5124821623214,892.97823309108,899.977406115465,907.7891974009183,909.1770792111861,905.4569091120011,907.037889811989,909.154374412912,919.366679852576,916.517594973482,914.4846423203516,910.2737719308201,913.8332182974727,912.3497631342125,923.8310723985461,926.7398060387628,933.7269707474638,936.1677529385677,945.7333145439762,952.9722498230541,952.9507788286751,957.945910165826,964.2833342331519,977.6915107353348,987.6843835026565,1000.8615024554175,1015.3971627202245,1031.1898744335513,1046.2665527727527,1054.4700699683974,1060.3759565347173,1066.5310762460622,1081.2677942470232,1101.3180061451965,1125.8762215577538,1147.400131576555,1173.0317507267637,1193.992929669735,1192.9890405700226,1196.4091781466823,1200.988377637558,1218.9738364827372,1226.3901763203562,1233.3797135522425,1243.581853354694,1245.0592780657466,1244.7078132732017,1242.1291786853217,1234.6892338717073,1234.7420737987798,1243.2090409417344,1251.3402955241766,1247.6474086523622,1241.9855851735595,1241.379887180645,1249.6581129469323,1255.092271825745,1256.3932060574464,1260.8732382129112,1264.6438597574881,1273.4004465416308,1279.534883321272,1288.2431131042938,1282.4579570553103,1293.8205243301456,1301.2953899921406,1310.0645358505317,1311.6916904867987,1311.9401557978713,1317.9591912368899,1321.154397887646,1326.2894857524175,1329.0704126672165,1330.9211215679504,1330.960944766449,1341.0433379592325
394589,109,"Fayetteville, NC",msa,NC,,,,,,,,,,,,,,,,,,,,,,,,,,,,,,,,,,,,,,,,,,,,,,,,,,,,,,,,,,,,,,,,,,,,,,935.6732762592347,952.2141293816584,957.5138135810595,949.7324089734608,962.0386359333781,976.9820683003161,1001.7237318308547,1033.879503451122,1050.262372560722,1074.5673983600523,1084.1827216718227,1107.5223671521103,1097.9520632841816,1108.7194071016627,1113.949360264215,1147.2783066444197,1167.9558564719075,1197.8409955625118,1217.0371909928447,1221.4662585290355,1229.8627207706636,1225.383093101593,1238.7768976286952,1239.2240536343184,1252.0138157607046,1247.2313442590655,1260.1675322819895,1264.580653218842,1265.4459568484162,1262.9960301070312,1256.6323495408967,1261.6400889432866,1254.7706046304559,1255.7377909299637,1251.3840438110847,1250.9964829969636,1255.7480758644872,1256.2443208757559,1254.4578067573364,1252.000141930806,1255.7179606124625,1259.0531261324684,1268.9037373091023,1273.116924502409,1279.6292620952968,1281.5532957231414,1287.956625672156,1296.0464582888028,1302.288135199729,1312.8367118182275,1317.5718463665069,1320.603706879051,1322.2963752045187,1323.3499742011422,1322.7367781440942,1323.33218730784,1327.1722227587095,1332.5533040585472,1332.9790293820904,1331.5464350303942,1326.8207243176623
394792,110,"Lexington, KY",msa,KY,,,,,,,764.9275477816743,777.5318887187725,781.8694569775793,767.2681151832068,772.0978587537887,785.9787818192578,796.2071963185502,796.5673049447768,,819.4918264623406,828.8077415776106,828.3301347299922,811.9625676703117,799.1492886612346,815.7334830374665,824.7420753889734,828.4967001273126,827.8168546707927,833.0754988405641,846.8159779455697,847.1110499174075,844.1416299107958,829.5014932995265,828.7358322908564,832.7905937917768,843.5980185303462,841.7475773916058,842.174340979396,847.3290221092387,842.0907204241349,847.9623415951717,846.8913966865492,853.046865549485,850.1884301161294,853.7245441325135,859.3918139542244,860.9047584509129,859.3405561570484,851.9180125112858,850.8125187839365,854.6226411642692,865.3575250778861,865.8331896396505,863.0490069273418,862.6940075521889,865.8136935262022,872.4065293682966,873.0074353739999,876.7485651641656,878.6665488057101,885.2245419738467,887.9813290277327,885.0640539033408,882.2735293455521,880.8370464554469,883.7867126541748,895.42758867618,892.8810140856104,889.5769657859714,886.0750670975755,884.8759209222834,887.1882670305456,893.3124683033517,897.4387871779273,908.7280655156641,914.5140164990999,920.859987237083,925.5024845048351,928.7450389333646,941.9015281228142,954.4813124690093,967.4539443284568,979.6953631684903,998.9949439993409,1016.265657300477,1029.33331943521,1033.3968544348684,1039.952929912012,1039.8233791198234,1046.8137879745561,1059.7596198906822,1073.083728919335,1086.8913250702215,1104.2987244293504,1123.8252811351358,1121.1466097055427,1112.7398892670883,1107.1672413238234,1112.3658515463137,1126.084964256686,1139.3708103705403,1149.933267269143,1153.3555375692185,1155.3109302226014,1158.4095778908531,1159.6848684339113,1155.1637662325893,1161.9715502071463,1167.766858048157,1175.449923064729,1178.6772717056508,1179.5412632694145,1186.714457916777,1186.047368451361,1192.446583183544,1196.2385955237326,1203.5412825102708,1207.898136248816,1212.0901951029919,1219.1047236888396,1220.4953731387816,1228.55052434366,1235.5019936026804,1239.3396076556091,1239.8371986502752,1246.2492108922402,1249.3326667376043,1254.7456024442886,1256.7411136282906,1261.1757938165308,1268.2106841993286,1271.7265842952374,1281.3140225111385,1284.1324646583191
394971,111,"Pensacola, FL",msa,FL,760.2439054354322,764.9158764667527,770.1992310827222,778.4032599387812,778.3821495541216,774.2327492050101,775.9290525365806,779.665692266953,780.8281352864841,789.9806058821198,783.1496241246496,800.1480980206456,801.0796287734559,818.3133384910396,809.4050708840264,811.1015335100406,804.6619720737447,826.4892921422687,838.241181107416,844.4258094964288,839.9364231462833,831.7019280463408,836.8983994338182,819.3487507140778,832.7907418551613,833.8622319613676,859.3333459523082,860.5875252099985,877.637372236436,882.5642563074713,889.0541263968025,890.9027967753373,896.3402235080328,908.0077228148918,910.853538359083,921.2236816749926,920.0674035243916,923.9619416127545,918.4222065514173,919.0521801270686,921.9134375295121,919.6892133071573,926.487271979147,932.0715265966638,939.7503370896048,950.7957482276252,968.5768789456719,974.0641597430359,971.4174355874785,964.7845875432188,968.6088277890856,978.2421383328152,980.4165518840686,987.1527455868129,988.4502607613019,994.6761740985141,1000.1878790918362,1000.6580096316419,998.3422769211637,1006.6291787628397,1021.0346446510733,1039.057009954613,1058.375253436244,1054.8923813231224,1062.8614728692799,1058.918793478133,1072.0604017060816,1067.622625925041,1093.1394772476428,1106.2117636937492,1119.0594003087426,1139.140311524176,1149.7477528486588,1179.102846651363,1185.078333909421,1231.540124415601,1273.1356512098316,1308.0989649211008,1334.5957171856512,1376.3845633754902,1410.835984489929,1430.185976966337,1427.7683228994917,1425.8015392739767,1434.522467845035,1436.3192531483471,1458.180269536879,1454.3177103757828,1460.3614985348447,1464.6122212661637,1466.849137305018,1463.7590627026664,1459.0654445066427,1457.2265256524008,1468.6352542605587,1461.5975032691674,1465.6179989685656,1457.46560926936,1463.3890443633375,1469.7201680966236,1457.5833284273394,1450.119663051519,1442.620660716069,1440.883381549543,1432.5811247501424,1437.1261832454372,1449.777733345324,1468.4255909696433,1475.9245566969187,1477.1112984227118,1477.15989798993,1464.9005179452183,1472.7951796835266,1480.0222032828308,1491.7217882847874,1496.9063372275255,1495.179523598214,1492.3938217541993,1483.1529655967108,1477.6852520665188,1473.77763211973,1480.991556450497,1479.232520937967,1490.1025401697846,1492.7434258166886,1494.0766188501716,1492.7798158690514,1494.1861801770285,1504.8460019423173,1510.236182031834
395068,112,"Santa Rosa, CA",msa,CA,,,,,,,,,,,,,1653.4562255014355,1645.9731438181516,1734.0596811206449,1749.3058146533324,1798.2824103222576,1774.5237794202526,1788.4223620403334,1786.440593424331,1771.4674602294829,1787.1417414413445,1784.9402523283495,1787.8387613678967,1784.5665161488255,1833.7470342041793,1824.1238390400072,1839.0493442089253,1817.3485782581033,1850.3102230015052,1856.3821886743299,1874.1338291904563,1883.2285729094006,1912.320639325856,1920.1426219213654,1936.3765852954923,1941.9881617082333,1945.6204442343928,1955.3612936598226,1953.6432505214473,1972.0780832300775,1985.3263466251897,1991.5303967906564,1994.2518152832608,1999.8364092221861,2007.765800940948,2009.413926029792,2011.5788958392598,1996.9582375525968,1997.0470324304363,1991.2083310637888,1997.1684677139554,1999.1514446473857,1992.4285101326839,1996.9821666387768,2001.0936806110615,2008.7344036714276,1999.3528475816638,2006.7924370563912,2009.6476268252143,2030.4278129002846,2031.9962700540332,2024.3583576291608,2005.010702477629,1986.6742390790978,1986.4546976462848,1978.1550777963103,1980.416538481571,1981.4623908167232,1992.7562385316382,2000.4950695728128,1997.4085732866654,2002.1810051411978,2008.7418018156068,2023.7212648460136,2030.906064363364,2051.3034731859816,2074.1045970137106,2118.405081045333,2156.775283398228,2185.1591965529865,2200.941060471668,2209.2301986604452,2225.8474726878976,2239.1771781214984,2264.9872433560317,2286.6858576956,2320.5248834692156,2339.315955219044,2350.2740808651974,2342.2082771732157,2331.7779969166963,2331.743945640892,2329.67449220174,2327.027692786637,2324.3346613752783,2317.55459643524,2321.540954514193,2328.2252790975303,2342.855843234315,2342.028585719402,2348.7439804037544,2347.952722725648,2360.735374256648,2363.262821527542,2370.3675908880964,2376.6499660626446,2369.8624986739,2374.780426222417,2376.6465943124817,2382.1276711506853,2381.4406015081,2378.7721789362176,2376.2082650358598,2373.539190217093,2377.907623163032,2383.43299464191,2394.881622243308,2401.046824936334,2414.7052952617014,2420.9989636004293,2420.8447039251596,2416.5161848533216,2410.231335971964,2414.9457147771996,2416.982781699121,2425.01748565125,2421.1053036022954,2418.511780069169,2408.984030197445
395019,113,"Reno, NV",msa,NV,826.2074166272466,840.4478244914657,857.9270306191606,851.2171120456784,855.4369676905638,847.0913001236311,857.2085007686114,856.5382548164174,859.2784067708601,870.6124180721363,891.4810046080496,894.1617364221047,895.4604580451163,897.7838109624719,915.5544252674484,947.1157344771188,953.4834632241021,965.0935676499572,962.0468058504681,974.4395432144498,982.1779235333674,987.6958928055376,993.7814152449763,1011.3820840426517,1024.7146494694412,1032.5945346534104,1028.1834918615623,1030.9024405119183,1054.5451158062515,1070.2145606658496,1093.4182129804726,1105.3538299915913,1126.4867213962466,1136.4116553787328,1152.224216610676,1163.1449666075846,1182.1316407455952,1189.53478839714,1212.0849636097696,1221.5942571212895,1238.3424868534769,1252.8594796387736,1274.9597647683288,1291.0244917428736,1301.6535872373504,1299.4493311756175,1302.9821272541556,1300.0360291640277,1312.0860619479674,1320.1765164732308,1323.9222537002627,1331.5724482740957,1327.0199053710896,1328.292252475508,1322.0800702339345,1323.5446863052402,1324.884070723018,1342.1375871173857,1350.9578062649016,1364.9247441294592,1363.5874165928763,1372.5316936422514,1375.1309403987052,1374.4035901658003,1364.5690755123671,1347.77599062558,1345.4668784895414,1359.4370348154107,1381.7136239995473,1409.9042709754845,1429.2270304150684,1446.7024431751643,1461.7585784355172,1477.8852003255722,1490.5180183436923,1502.2113756667663,1528.8665318778887,1563.1550938150835,1598.3514856502713,1615.6605605302668,1626.0581658731587,1622.755886530291,1625.616008946591,1616.1014766190274,1623.4286979482697,1618.649432614834,1629.4205438621343,1637.3178435156408,1646.9550286747979,1650.0288077724663,1648.5519934680242,1639.8917288600999,1628.7522012483946,1628.0966119292232,1631.8746557533968,1642.5417670159072,1635.3027125270737,1645.6035151548674,1642.2600708658338,1644.7855381321751,1626.344413045342,1618.2959682031278,1610.3718506329744,1608.4779579284375,1606.4461265827379,1604.0887209418697,1607.229164393754,1614.7301731172533,1623.425754176757,1621.9271745164044,1626.3304997728044,1639.8673433689812,1650.4426263806834,1662.2410192697266,1656.0407627440968,1664.373471168983,1665.8071730063639,1673.935834021379,1675.4809396173046,1673.4308812090167,1676.3332394895215,1681.9304038468097,1687.2571332683058,1683.9857450184265,1692.978998415305,1697.9661433659141,1718.4084735733754,1727.486617398296,1743.5196944099002,1753.7715870870609
394698,114,"Huntsville, AL",msa,AL,,,,,,,,,,,,,,,,,,,,,,,,,,,,,,,,,,,,,,,,,,,,,,,,,,,,,,,,,,,,,,,,,,,,,,,,1110.2648762951346,1117.9095044610867,1121.7478086883777,1134.8098478196239,1149.6606020179295,1164.2076609507815,1190.7110341679409,1212.189546640712,1230.094057305345,1242.204649194337,1249.8772391507046,1250.8041493490066,1262.2705141004576,1269.633074609236,1282.719578849631,1276.0692791570302,1285.9275233025487,1292.9986922968444,1306.788599753044,1307.31810052964,1305.1670573431472,1292.275732689558,1289.5637370716756,1288.226303672413,1293.7338858785317,1301.3691077756796,1303.2083917357581,1321.5942916067668,1322.3899005054798,1318.385815027551,1294.9869487421158,1281.4896797193626,1275.2943522924306,1276.5139123546114,1283.485230522392,1285.996168704043,1282.9826210825188,1279.8507216513835,1270.508244438287,1269.8320674066154,1265.5392773890642,1273.386772061833,1275.5291188628887,1281.3543428504247,1278.7081896437937,1277.504495393267,1268.5591855393966,1265.8521240125806,1262.2334346114446,1258.9085001044787,1261.9618973240324,1254.7451056777393,1255.0291529184356,1249.123702249624,1254.4246478506566,1255.4374759789816,1260.0796239527474,1262.5048160142571,1266.5895989974936
394995,115,"Port St. Lucie, FL",msa,FL,,,,,,,,,,,,,,,,,,,,,,,,,,,,,,,,,,,,,,,,,,,,,,,,,,,1188.6566897795085,1200.2244227724962,1198.803659218146,1201.5052021170225,1200.081346905974,1210.7609820287355,1221.581843080256,1233.7490114773302,1266.7630834311442,1268.0729435397202,1294.8792235659057,1310.7161095928802,1306.9041950573712,1313.389011157381,1281.9598296624642,1287.8417771660165,1275.246006972966,1294.102256897495,1304.2135106625813,1324.3873979753566,1321.9683716348984,1323.49180296565,1346.814998691187,1378.4684765312486,1425.1206982690176,1453.5619255070305,1494.3481210266975,1538.3419756286764,1585.797706237052,1611.879238731645,1640.894420846122,1681.6192196510772,1727.884652643356,1762.6567378172829,1753.0560188804532,1756.9888240871464,1752.3422941064919,1773.8520527794265,1804.410508705757,1816.2318965125232,1828.520884889874,1853.92039903941,1861.0005002795235,1863.0883169599706,1843.0866661915977,1853.8268993153106,1881.7719551663195,1892.4027025984717,1913.53345234229,1918.7457878556459,1917.9063402331765,1896.8375352405008,1871.5243454596377,1853.4012354477768,1855.437000974479,1853.5158958194922,1852.1616545764305,1832.9515068766457,1825.2491017704401,1823.459669171735,1838.90165328141,1840.2419286534578,1863.0583532942874,1868.4159235439063,1893.2572831536118,1893.8161011402296,1897.7648775552254,1898.1058079778268,1913.622173467342,1929.4969232982337,1936.137656262814,1942.7809336886055,1931.3630594213473,1933.5928991314038,1918.8081399747434,1930.667610060039,1928.7710300266533,1940.0222986022409,1941.7600514632277,1948.034435479618
394761,116,"Lafayette, LA",msa,LA,,,,,,,,,,,,,,,,,,,,,,,,,,,,,,,,,,,,,914.7096461118224,917.02863992389,906.4746108152689,908.3837102688699,905.2048142948712,908.052528128828,911.1345736339804,914.1727721400603,918.6392308261927,913.5087266180342,906.0249883493434,902.440033442249,906.5989390977337,911.3879591817928,916.6988972550326,918.3873674590864,921.9887221120355,917.3709243599917,909.3853015202292,899.4274519870954,899.6792047996317,899.17250161323,908.8337250147052,905.0927498603179,912.0553520275948,906.5959199750587,924.5224254540963,926.0348600850275,922.0328756359706,918.7228988177786,916.334096705728,925.5189483346643,936.7963759250379,951.622438087459,959.2710538820189,963.2188977427844,962.2517872083264,951.608365280885,949.0001967110393,952.0989306592833,973.8948317489618,992.8153266183084,1015.4140855215505,1033.4661567133485,1052.4997501154276,1069.1821927536876,1075.3383392692956,1083.8465871518981,1088.5084176619216,1096.7427477400454,1097.0196591346073,1099.3967551133549,1096.2148560284268,1095.6995887543667,1088.6662244875351,1083.0986999315521,1070.46307694483,1058.9375467678828,1050.7327641877782,1058.8895069517635,1068.4935496304677,1090.9640420615074,1094.8514577306219,1101.017447060147,1095.2145554040555,1101.4019124715394,1108.914483642799,1116.3303735756554,1124.0111759413955,1125.2358680652978,1124.5858996320715,1117.3076562353153,1117.0668424742632,1116.1642518348756,1111.2867094510098,1107.0943172387806,1112.9585355801535,1118.892690140826,1120.0449807175373,1123.877265053217,1122.8924699791387,1131.0253542191128,1141.3339543477075,1147.964177732722,1149.3809650151968,1144.3786154416157,1152.9938467556035,1159.3824101498162,1164.3238020124575,1162.9757243663155,1165.9528262531892,1166.8262545454845,1172.6656659224464,1174.311864061864
394898,117,"Myrtle Beach, SC",msa,SC,,,,,,,,,,,,,,,,,,984.8796104068776,976.544432143544,984.2906807534761,992.3815081709303,1000.2294844824411,990.111360774733,983.7584296402684,987.0505213242359,1005.2453870532589,1012.5753093228282,1021.9193452695168,1029.172034657389,1036.7578863356296,1047.9919530120374,1042.015721072214,1051.2920694268194,1052.4728700886383,1069.2893846604793,1058.1649539404605,1062.819255620255,1051.2391283149786,1060.1466940565922,1062.8452719801514,1067.8442611099301,1068.0205673935993,1071.6136079114558,1078.9255504518194,1086.1718856617204,1078.3712558967236,1088.169608078123,1098.5673087378157,1124.1831038919609,1125.8500924589928,1129.6355359864297,1133.8690729427808,1135.8263016243702,1142.1457392652057,1147.4682863718717,1155.4865768928432,1155.013217114738,1170.9236515146379,1168.5433089084177,1179.4425147809072,1167.1569833197827,1179.202956876406,1191.6320757383914,1189.2134709208196,1178.2195724492365,1166.6990551010658,1161.2483173066112,1162.3199162207898,1170.4981036405736,1186.5294723877453,1211.481844011729,1226.191298640707,1240.787442855071,1243.4380507957403,1243.634306477166,1256.4445311478241,1262.7625451988893,1284.8732876398817,1314.5456132392494,1359.0611004753766,1396.5320476888292,1443.0903966526678,1448.1848865854995,1480.620979153063,1473.7194167941648,1500.8860308182534,1514.1364554024442,1551.6160169871055,1594.3582012929378,1618.0850096948573,1632.8183920641982,1628.591824490021,1622.3050769795125,1602.1054776323551,1601.4945138797345,1604.2428977619961,1618.0571665560367,1618.5237612861636,1615.5981655505677,1615.0802794522824,1614.2917623008675,1613.278380769596,1607.0303610702085,1589.885540122087,1582.165165951056,1562.8034367829644,1577.2341017287781,1582.906882014048,1593.015013882378,1584.8105747010184,1585.056742858934,1589.845013203762,1588.4811016182496,1592.8102888856956,1603.098626675825,1619.0025133290806,1630.6892507698592,1628.3141533441708,1622.4536760443982,1615.2047078542878,1606.45833822396,1610.5006206387816,1611.8785087167944,1602.672175185696,1596.8283289649057,1589.2667869651516,1580.2502272540237,1574.1467930206068,1566.5213289291646,1575.6555330500285
395116,118,"Springfield, MO",msa,MO,557.187806832081,552.6169462648627,554.4476042619648,551.5285712120684,564.0463367019098,562.9242764931465,563.2735621981344,556.212908037697,556.8191414697741,559.2321150442586,560.3444982992193,563.4904296017548,565.2470784074345,575.8840444631043,576.5671878554825,,560.3509773669268,565.3259028122901,565.644600049591,586.9860215323799,583.6214877050357,587.7360410114812,582.1362781733798,593.4852391447586,597.4390444232511,603.8644672286583,606.0928017250446,607.2641494029391,607.6730167520665,611.0963989658579,614.3739927194666,620.2055817979281,623.3071242894146,624.0969014996587,626.1372707151029,620.286132999363,615.9504342268826,613.1763983642135,611.5024560235129,616.7769020586096,626.3125023876372,635.4599741931535,634.9219025373205,634.1424614486049,636.4711105382348,645.7131575505105,649.3682387717487,647.2382439294668,649.2777299206812,653.6663063431939,659.3545365037213,659.1341387785734,661.8668170821062,658.2926954939951,663.7549203434409,664.0770412818275,668.9052629304941,668.1228567863672,673.5503641959046,683.9560754889266,692.461449196552,697.8456318909688,694.2565472708914,694.9443808380777,698.0395918619893,712.6290431180722,716.4032906604117,722.3795467298137,714.6587491659118,716.2764973057593,718.4057028589115,722.9677794026354,731.0499009475976,744.8532630561964,755.0095441795521,765.6193235466927,777.7449492582672,791.9744807344443,804.8411506434941,802.9962330498092,803.3764512025318,803.1188300747197,818.1158052603791,833.199234158924,836.3736639956405,831.7482685983049,834.9066602346682,846.9206616101367,852.0866243554775,844.7350149540455,842.3952443899117,858.7384155624686,873.7239936749448,887.8036998360845,882.584262348385,881.4783764634392,879.2503565087393,882.7867033946885,880.8205721868025,887.2614995395303,887.6460785796195,894.8402735629197,896.3249521803315,898.1969687487775,904.4778957138716,908.6604254080279,919.2606953491706,922.8550641416393,925.903521505169,929.2228680048773,932.7132936596264,931.7817598492157,930.3112108953676,930.2049115790039,937.4230135941907,944.6351048554992,948.0712644173193,947.5544854884972,948.2107673842169,951.9847977241044,958.8510067800887,963.711096315478,969.3006291295197,971.7848308261129,978.8348574156955,983.718641962819,984.273321496835,980.7823260899888,977.9887371526546,979.4397583259652
395195,119,"Visalia, CA",msa,CA,,,,,,,,,,,,,,,,,,,,,,,,,,,,,,,,,,,,,,,,,,,,,,,,,,,,,,,,,,,,,,,,,,,,,,,,,,,,,,,,,,,,,,,,,,,,1214.0071703858057,1198.965527927649,1200.7819977036156,1191.6842426246978,1186.1469634657308,1190.6180231439018,1206.7160332291248,1224.957011932336,1237.9467774567759,1220.7770449135473,1210.67573062481,1203.1841711401764,1214.6635062042342,1222.4980102920024,1229.958963066874,1251.9450120647384,1256.043685630881,1259.3362939691206,1263.1584659009186,1271.774365118276,1268.182484527553,1271.4283005130903,1286.2149341917361,1311.6512569156973,1326.1029236785778,1317.6589572163437,1321.2307353979136,1319.9738616390641,1328.5565316493019,1334.6592448567903,1335.9107551931947,1342.2958438537587,1354.0972062580936,1362.8710814408357,1358.7076235979443,1355.8116707823976,1357.73081014126,1376.4484304590515,1382.9854302832246
394746,120,"Killeen, TX",msa,TX,650.936570052153,654.9522503056824,656.5241623148506,653.822340137508,652.2992814430708,654.2101589739055,656.5314696588081,655.7656500579146,653.5457221452598,652.9301263844935,655.1257055562767,658.516367944176,661.5861600441831,659.4245279512814,658.6140637022455,657.4084978982232,658.8444567494402,658.0096510545276,660.2411367257139,661.2533858687694,662.7142179575881,663.9877252180867,666.7975954918575,668.9217658124076,667.2914868625328,667.3710342066048,668.3404341418274,672.7421742523998,673.3446951897422,674.304711744869,669.9153367809673,671.3592878160304,673.5053529680539,676.6373112517085,676.2282366920184,676.8516952184599,679.0814000450137,681.2951356213608,681.0260240557851,682.5104038031564,681.9518565540645,683.0371447550388,683.9869600633194,688.5920406118988,696.3992120032138,702.172813058024,705.0864348742923,705.2489930919427,708.3502495646703,713.9891972083889,719.669034328935,722.448584528828,728.1781476972981,732.8068826876163,739.6043357520209,740.8504981286058,739.1335416879045,738.5871176973237,741.7481611862518,746.6531768929487,749.1920409354328,749.3929005893901,748.6943444806815,745.6434665784857,744.2653972391985,751.9436933293096,756.067161947326,764.4787458505263,773.1784812579244,787.9748170900172,798.0171983432924,801.807315034786,805.2046173522003,812.0723575019742,820.4053701378506,834.78685150863,851.258864363339,871.7073845446685,895.0494302396571,912.2675332499101,926.2249326205678,937.6718367093796,955.1200099165615,967.9906513770956,973.7154372063378,974.7695226857488,988.0345143103654,1005.2024309386503,1015.7783400942318,1013.9690706578106,1008.6785736803517,1011.2920738938489,1014.7585241431325,1013.755573126269,1006.9520115275076,1007.2405829610175,1013.4706612871847,1026.9094100685818,1033.1632121442974,1034.9612637082869,1034.02427710488,1035.0048525620202,1032.336095724066,1031.075796761913,1032.555679072901,1036.218967375905,1032.6755357137436,1032.5585248703837,1028.77884433889,1032.4396481937747,1028.0783129909144,1024.9570444234414,1018.9789282315172,1018.6316404865404,1022.1854212318655,1021.3261068389972,1021.1729433770257,1028.0618308856215,1035.269752452788,1037.4936686185213,1040.797997339625,1035.686260435076,1037.466356072273,1039.4585230758582,1046.1215789371922,1049.9175477965393,1052.9033629663784,1057.2283885345175,1059.5347639796666,1056.2059591642926
394338,121,"Asheville, NC",msa,NC,,,,,,,,,,,,,,,,,,898.859045631124,911.2716808031281,930.425575166475,927.299203581676,933.0338261536458,919.9611767158023,921.1931861098788,936.5652793794692,958.0917684449491,983.9112011148235,977.8428396217512,998.0058311043732,986.4331694415442,1000.3086723491298,,1005.2768512864284,995.0167121145702,999.9084044200879,1009.3955219270925,1013.0271812259037,1011.9042734389825,1022.2290985556396,1038.8003662111653,1035.0697234355728,1036.074981165679,1027.843240764623,1037.355247837048,1030.2315526534248,1030.0874313967113,1032.391820961415,1066.696669699919,1074.6537162214006,1063.9249964180203,1054.9592750585546,1054.8974635537506,1059.9511225598496,1067.523259787104,1072.9493157848099,1069.5870632318195,1078.7546521627087,1088.0850492664551,1092.2963388265985,1064.1702492623474,1056.1107714436337,1061.2945045377799,1120.6669424926736,1129.5039124538407,1126.5970106215027,1135.5063933328677,1137.455077791412,1142.6106789314085,1146.6870298335343,1157.5855082836622,1163.8049405015395,1187.3593222521793,1195.6672626660825,1208.3270472933696,1203.6755125959896,1221.6453954204055,1238.5754918266039,1260.5896198088474,1284.9718757198668,1318.3653962990625,1341.2878583030574,1370.978570088409,1389.1525255256402,1424.9101776333202,1444.6025105928777,1460.074377124154,1450.5219219414435,1452.5962185322016,1473.9319735558945,1500.5391911962429,1526.3157202688342,1532.3495797501157,1543.12530102705,1533.1477727884665,1545.259639608646,1546.6014201775924,1555.8355543902767,1546.9284479213827,1563.1930703925027,1568.8580233072094,1575.475064623556,1550.6104497770748,1544.7725140277723,1543.3574959463708,1551.485661049975,1557.6954077766968,1558.81902863399,1559.319643093879,1567.3751722177951,1577.3598317051587,1589.9559835823554,1592.5869539421703,1591.674719121603,1598.9606380177472,1602.077699074064,1607.6759703954747,1603.5792619137844,1606.6785640355915,1605.7598855453825,1604.8917890648995,1597.7519922504443,1597.6542827410688,1588.4411061210076,1587.2549742754445,1583.0406712093638,1585.119724024171,1580.422815023273,1574.3210692139373,1569.0255743655102,1562.0667545015374
395244,122,"York, PA",msa,PA,,,,,,,,,,,,,,,,,,,,,,,,,,,,,,,,,,,,,,,,,,,,,,,,,,,,,,,,,,,,,,,,,,,,,,845.6822300043077,871.4259839067587,879.4737280585008,896.9857080221367,886.8988788594025,891.5256856832099,897.2034892272472,912.548642584026,932.9187157142931,943.0094777038413,958.2654962505021,966.5742028445262,979.5819106500547,978.2408051349489,980.006245545198,976.8756632886574,991.0399160230161,999.348547826298,1009.4162427797698,1012.6519646979174,1020.2702060304669,1024.7055299368067,1030.1593582471876,1025.501565295213,1020.9843309293655,1013.845443829325,1017.9963734911138,1028.8730244166175,1035.0573443463522,1039.441706163791,1042.3500237637277,1051.8525152041796,1057.9994127586176,1060.0871327092214,1067.1107751000502,1077.638380338694,1088.8177470193416,1092.6030224734247,1095.446736447145,1094.1842172010472,1104.5904749315669,1105.1931626008159,1113.135273404885,1101.5915119161393,1099.1862558674295,1100.8927013957175,1114.9707178990661,1127.7411783349028,1126.510741636143,1138.9057589564202,1145.7780709904139,1152.581898639798,1149.2925792850924,1155.1531629923654,1155.3101466785517,1168.1490256074119,1174.254348174601,1179.8767262729023,1172.1490094580402,1165.7248744037101,1169.24
395183,123,"Vallejo, CA",msa,CA,,,,,,,,,,,,,,,,,1522.3154692216235,1531.0463718385681,1531.0452767488664,1511.635829504077,1524.6512095358523,1557.83832325069,1588.4470333342347,1618.3865595211191,1612.4924555434472,1633.1107948157678,1633.9496794572794,1647.1087604925087,1641.6585569045749,1663.2138423693025,1678.332962436645,1691.2736763203316,1705.5440237736814,1703.3996426297847,1711.2008424796945,1692.3294276825509,1693.7646159221888,1704.8019595392432,1724.7719783733767,1744.4495670052743,1747.7279711724304,1759.584283406297,1768.6624341795289,1773.0825047407166,1779.8352865921815,1783.1345751876804,1794.570211931696,1801.7533207390252,1809.862341314451,1817.6039690709324,1817.3436337246105,1815.3878778169026,1826.9217237584617,1825.128800177953,1831.0672187418027,1844.4576189767065,1849.6113038468538,1861.1548817803557,1862.3174646046489,1878.6974774951618,1890.9972613763532,1894.3220464429626,1898.5366930117443,1883.5832921800472,1859.859564602881,1852.569212949392,1863.6904478939387,1893.2842759070327,1923.9729840750515,1944.348005057471,1961.4963379878182,1978.203156550909,1985.6083822477126,1978.8084978329175,1980.8220749767656,1994.312790812763,2026.561115983017,2039.250121841426,2068.444193805711,2076.561780335476,2097.6113129715545,2104.674359563575,2127.4025930063754,2136.7145036845245,2149.033853566019,2149.900014371114,2148.5673164938585,2166.9279370023937,2183.1322213709277,2203.310156794725,2192.633886119267,2176.3627055219777,2162.70395794714,2155.3207980002558,2158.220815005107,2153.695131691934,2152.65045473351,2161.4546907225385,2176.0243851804157,2179.2059546475116,2166.9685530067864,2172.022896553193,2166.708325176964,2173.65146598043,2160.589254657637,2163.720182098711,2152.3125956870463,2154.2417880401717,2157.7872466103763,2176.1471726569935,2186.8893694878084,2190.5923171764125,2187.5256318721567,2181.559919339119,2191.894271364473,2208.8810046319472,2222.8890559897427,2226.4115551005925,2237.074093845353,2243.221601514245,2245.6916940412984,2234.2133415041963,2225.9662879986554,2224.2264823041633,2234.6298472318945,2238.6264759452656,2240.0739520945303,2231.5599915167286,2233.2702513340264,2233.375943278361
753917,124,"Santa Maria, CA",msa,CA,,,,,,,,,,,,,,,,,1659.1926679104367,1649.8075753544351,1634.1406528503994,1657.769689351824,1649.1841200572467,1658.9080570635,1667.7667908753813,1684.3062676395489,1700.1335431731327,1709.3721304848777,1713.8738844238712,1713.8077902397572,1725.096282399828,1732.761587398008,1746.6561383101398,1733.226829463604,1736.1485967693886,1735.324979389623,1739.4910710415306,1722.3322602589776,1739.67567746912,1743.6280303578478,1768.6568820633406,1775.687985400515,1789.599284952543,1805.5457885144729,1809.4006980623135,1825.3840890047818,1837.70062171459,1849.4813830320008,1842.0230322584403,1845.0515659151454,1845.515434742073,1866.505661262767,1860.9260192989682,1871.43012761036,1875.0335072677672,1879.7379624321363,1892.602299004457,1901.9184256050196,1912.8584251701789,1922.1789435768571,1944.4457772210185,1967.7060421961578,1977.7038352662937,1981.011321693714,1966.4477254310161,1954.340226955609,1937.5990727583244,1952.30671208989,1956.6681303114308,1970.155286300943,1953.2087869817844,1955.330896500378,1944.8848065022921,1972.4633979227344,2002.283575547909,2031.0429529619703,2060.825549974246,2093.7020317933693,2149.9446061926437,2171.667006982198,2226.121467712353,2259.606138908632,2350.718394680677,2397.7229097764543,2453.6228480576306,2483.4739731792497,2479.05952439179,2496.4944308388453,2520.337081648926,2576.420432031144,2601.101967077061,2619.667118538996,2614.4083337152642,2638.719820970336,2611.5344521406532,2598.057756734369,2626.9610675139074,2608.5678794164432,2657.352772697737,2633.5827833679045,2662.2298678206234,2640.223949909728,2633.6625813627934,2646.6742171457504,2657.208403361397,2663.4993349308247,2683.2255187245187,2714.46261485323,2710.188972819371,2739.017051548965,2709.8997993087355,2736.745180952789,2720.8961770548012,2749.830687329969,2766.2455408632427,2769.7571781652423,2775.290677948385,2773.9026369242565,2783.710125640923,2775.487360528612,2775.777197284343,2776.7861065902157,2794.588623241194,2799.1106781485014,2807.8971397851647,2798.7090393829844,2796.217975187047,2795.1268025465124,2796.175732139409,2798.2083792263375,2792.4549219036335,2792.3871794871793
395050,125,"Salinas, CA",msa,CA,,,,,,,,,,,,,,,,1373.0008195826151,1377.058472928471,1391.5268808727324,1417.6468071658933,1427.2850251761147,1469.180835324144,1468.286658035761,1462.792534349318,1457.4715500581062,1469.89721029226,1500.2353859699865,1511.3761691766417,1526.969529206089,1534.3211325204943,1542.4490796705988,1535.1893561785064,1547.309116109227,1550.5529174784049,1567.914783116402,1573.9211362032845,1581.88548551959,1585.83632966526,1592.9214114765923,1602.1354939142361,1612.4303973747938,1628.3242181693436,1634.8791651311471,1635.366202197805,1644.7314457504158,1652.79118290114,1669.965725069653,1662.8859060980774,1651.2563608850808,1655.97867477764,1682.8907208282376,1689.9088776054687,1693.5755206863348,1697.370445787417,1705.3704542888393,1723.499578409511,1727.9725862460384,1731.3462967612438,1728.1078942671313,1750.1703679271754,1774.864800533661,1785.5593420127452,1773.2872783897844,1740.4743627832042,1747.7789287393375,1748.849438666117,1747.04494782373,1749.650122037655,1753.9244402500353,1771.9625425560737,1791.576923613287,1821.143702479113,1830.274812685511,1833.689201645362,1833.1770387454558,1844.182952384803,1856.9393853725082,1871.637983183818,1878.4334465138281,1891.1377048549634,1925.3533639656582,1957.299106091594,1978.7604038991922,1982.5621885849996,1992.9637408427536,2029.3597770240135,2041.0768594577594,2057.6923761893377,2063.468852783176,2088.254512701399,2115.0202212612867,2123.5119616134502,2114.5948956826287,2108.1318330946037,2106.4734456760248,2103.8607591652785,2123.0479429649245,2126.6493715009096,2155.414351851401,2139.492472354013,2141.3234574780085,2139.805775567442,2161.814740835784,2192.553941007273,2200.755035277858,2189.1514063047525,2178.661960832904,2179.6171990192565,2173.7841315652304,2171.8737864140567,2182.6536603777868,2206.81852699216,2221.633235049687,2230.942866812009,2236.5222132784133,2248.0306162620977,2245.6580010366542,2262.7784298539623,2287.846568432093,2309.550625877122,2324.4308399337065,2338.140053167383,2333.8164242047787,2339.644978130184,2346.416571274604,2355.2228276777446,2354.910758002661,2349.1742372492295,2368.3087620844017,2381.0630494030993,2385.622448979592
395048,126,"Salem, OR",msa,OR,750.9247753316105,748.8965391692964,757.476175278623,758.8557511279067,779.9281219751001,781.005884434609,788.7067258279893,790.5799095670161,807.157700215078,816.2507484282888,824.4753285088161,829.920324055084,829.695496057827,855.8980472815391,867.7033398598328,885.2198916741365,872.1349831532029,883.7249708665342,894.10798666649,919.4901582650178,926.9153690760404,940.9468207951006,943.7353571011201,953.003498631718,964.7864623686795,965.4114349072117,979.3224565206199,982.1931997006376,998.2407314688846,997.5414305051875,1003.8379246558043,998.8443485156437,1003.5607716271664,1002.2215314268876,1015.4923578913385,1029.50702519646,1040.6716050157993,1042.7503162171863,1039.2401146671198,1037.6661913133537,1036.0234626245604,1039.7073286298814,1049.056455863611,1054.5359654163424,1061.4201228996974,1058.7706873850807,1062.7564403892661,1063.8126585894163,1066.9398229947808,1066.3480755288742,1072.125361502499,1080.6432069951832,1088.5446766721852,1095.5092745341517,1094.158596963824,1098.0624826629921,1099.3026221427185,1109.6552107780026,1109.7992650149556,1110.5962304676805,1110.901264832738,1119.987932166162,1133.9641829972495,1130.800790116284,1123.9568946673364,1116.944330013809,1125.989884778019,1130.096738562898,1134.025520452183,1141.871197006024,1151.8336686302168,1167.0832365249223,1183.5752313558203,1195.4132298725249,1206.6867499386926,1211.4686979839719,1235.3933261756124,1252.0772908018985,1268.8201480126684,1283.9028576468984,1297.350260240477,1304.0485750408914,1311.39380981294,1321.8412090615384,1334.2276085785372,1344.7952041249694,1357.7110675448284,1380.5266644051803,1396.7055341116932,1414.4561283690057,1433.6579851541283,1443.3290061871671,1465.8013589504742,1473.9278590564165,1479.4785839198805,1471.2054447823973,1466.7553182589133,1474.7091090037284,1479.3832534851715,1486.025887117089,1479.2621073089301,1477.5235536518799,1470.8751795645292,1474.7195525894638,1471.6339941479118,1480.601925197598,1486.3251629536664,1496.8089492465538,1495.2031366804233,1492.0891580084701,1490.3984062780935,1493.8105458598418,1496.4665508002922,1493.8404316522367,1492.6789961321556,1497.0035011803116,1495.119265861745,1497.1626969510394,1497.8981953166958,1500.185413647057,1508.7949381574163,1512.7936384262946,1516.3969930817268,1512.8234688500859,1516.6708981118238,1521.8067387103788,1527.8465383710477,1526.4165171927996,1530.4315314182659,1528.5039441063782
394870,127,"Mobile, AL",msa,AL,,,,,,,,,,,,,,,,,,,,,,,,,,,,,,,,,,,,,,,,,703.8140069212074,706.7117015514771,696.0132679586602,694.4969269306162,702.5450727927011,721.7017734414122,737.9009456067478,738.6846226511883,735.7894054273252,723.8782523625002,728.6248857907701,738.6431861246404,747.8211399134149,751.5408970988772,766.2584917715351,778.0632970106296,777.1238546020953,761.8388862759513,749.3853398568702,749.8029748761523,747.8373427688348,752.3198515988767,765.12180565566,761.6570255596724,753.2810852630979,742.5137988230814,747.4358269845065,753.8062130945838,756.6775321414402,758.6002088951514,775.0667354317461,785.892860519962,790.5018236716721,793.4795605174278,800.0017394840452,822.7985152790286,840.4311002674655,864.4327460505175,877.5046434024977,890.9848910641724,912.3695277079751,926.7657145122711,916.7230002028484,904.3439293328687,904.2356380076553,913.1270751610782,929.6629693151166,930.2232977954626,943.5756033346239,943.2848348382751,951.1549799571668,955.356063517442,961.4418601080303,966.055483803021,984.0494390853818,993.3619215284515,995.7536092469752,998.3171209696944,1003.3946260773565,1016.7068225848135,1011.1726683811547,1020.870326484136,1025.4732806761317,1046.4709770196268,1049.755495065285,1058.2912107123752,1056.861649710814,1061.7674857897066,1074.652191422743,1076.200382938349,1073.6293254071977,1059.3506295783156,1063.993224296675,1070.6947034939046,1081.81352412606,1077.2828233554915,1074.449060855186,1070.5440904783582,1075.187628151849,1080.0406179643082,1079.4805516591302,1085.1718637764957,1090.5153139657466,1103.4077599152922,1108.4737549487206,1106.9973506079714,1103.4129344524886,1104.6468837248945,1112.9549697078237,1120.2665326543374
395015,128,"Reading, PA",msa,PA,,,,,,,,,,,,,,,,,,,,,,,,,,,,,,,,,,,773.8980468937596,778.7529180261021,794.2860931365667,798.3574138411088,801.9014146308244,795.5000036601311,808.3117652771343,812.0556695492231,813.7645607901243,806.6685010079486,813.222159455297,810.1334867444817,809.8570878426542,807.3028149642937,802.2104295765837,808.4768378792322,820.4404255018301,827.766834345099,828.9964546256956,829.6936584987798,835.5108849712296,840.3601422564186,838.2737698210034,843.7759167524542,847.5539241922135,850.4803396189807,850.974186719034,849.054764260992,866.0106220520288,859.4245972146396,875.8257337910895,879.4098023027641,886.2496847422873,889.7064207627429,900.9084000122347,915.9541337382252,930.3918134263852,935.802179848413,944.3073447093556,942.6057897351626,937.2371578812161,961.1335207300692,974.070416453311,1001.9351949440792,1013.016358785104,1028.7494589933387,1035.0042880015646,1029.148202162124,1020.701161602443,1034.4544414072789,1044.8326413821014,1064.5077755874336,1073.6384279518147,1078.6547768556072,1078.4914730551902,1080.6108868999324,1090.410394921794,1105.4695244772677,1118.5150434282757,1135.9249056152357,1144.0777041239246,1140.6491975868307,1152.438723021607,1157.431987437699,1176.292428962541,1173.0378771787402,1186.444471025867,1183.0281037099035,1178.3228475276885,1176.5683440955283,1176.143923761519,1189.3120514384539,1195.619428603342,1200.8057717687418,1192.5297878043075,1202.7669168428292,1220.5242222682627,1244.7727443542879,1251.7462607137277,1254.7524424507142,1257.9556584735733,1257.3951829723285,1266.5494596550016,1269.8078553135917,1277.3757430640271,1286.6701555850793,1299.2489449133418,1298.2311342775965,1286.2829497288888,1280.3180685607704,1280.903388531966,1291.460455744586,1300.8513469245656,1309.7767610246867,1310.6512874822947,1307.8418253968255
394502,129,"Corpus Christi, TX",msa,TX,,,,,,,,,,,,,,,,,,,,,,,,914.3090411723881,939.6508306476894,944.4502299628,936.8992851817312,939.4925479140743,955.1182632037829,952.6950596834093,946.8552850785021,935.8865900804248,960.7248353915403,972.2232643023293,982.3957515768662,974.063793742898,970.9429630219333,969.0840915636255,974.5542602518785,974.0714331242303,980.476405937324,985.8735443565422,992.0372754436694,981.8408340427371,976.425709494373,984.2423689562748,994.6953729171602,994.610116105407,978.5990972499972,978.4935799957087,983.3737954497935,986.5750383265788,983.3741942481456,983.3389674327584,988.4903383066666,1003.0116559520027,1001.0275394670188,998.939710612635,995.6998818786207,1006.8821769831127,1024.3916308102064,1034.114219882221,1041.9751453711606,1030.8042871371526,1019.3718274179435,1017.8859588424001,1021.5673374579366,1036.3020250757613,1048.1321588149115,1056.27271162309,1056.4879046639574,1062.8783871815042,1058.8141349734587,1067.1709405660342,1080.6243599303364,1099.471308834761,1115.6380539646848,1122.2895038825898,1144.5566664628063,1167.3077886878532,1178.7807520879476,1181.9246422025485,1187.9916410530423,1200.7517121936319,1203.1199760436346,1196.7380076486395,1182.9735221473547,1186.1305689708936,1193.4371579807746,1210.6229439669314,1205.9885482140082,1199.3435843908092,1194.2908507377208,1196.6729950117822,1198.216802417256,1193.5141994731703,1193.5121364424633,1194.9263771169872,1204.4315354569958,1216.3441769900526,1229.882927656401,1228.8733473017296,1225.1127224521024,1214.1403023087141,1207.3443304675454,1209.9329953721146,1196.7852309047387,1197.4318019051311,1194.1608717311672,1204.3936388102559,1200.795077265463,1199.83614269341,1202.4454684303091,1208.0419962957099,1209.6266804444076,1210.3759370828855,1211.6687580606047,1208.4925469233845,1219.0430401248707,1220.38319273613,1224.602869529385,1218.86854352243,1221.1557179551353,1217.0028083994828,1208.9311014785108,1203.9449103590182,1207.052436089043,1214.4966816398025,1219.5461488178557,1222.1840912357513
394421,130,"Brownsville, TX",msa,TX,,,,,,,,,,,,,,,,,,,,,,,,,,,,,,,,,,,,,,,,,,,,,,,,,848.2028487764562,841.7619592551392,843.3157143211891,841.4099971463576,851.799172951739,855.8762008201513,855.2310752858807,851.992535265654,850.4413773149137,854.6234248316908,859.5808594683207,855.7144093040159,857.823957632464,856.0163484096836,867.5212264648259,861.4658749245948,859.9218595850425,862.7650956377285,871.1577269979178,881.7341320928572,879.0633692484918,874.8806282201983,877.1927196478839,888.3012444234978,890.0788829768952,895.1481875281514,899.7648880802834,912.272622780001,913.3965682017482,910.6158539808982,914.9863413009787,923.294137978512,937.1386939698789,953.9655267844688,961.1890060906686,970.6782835403246,971.377889589658,979.231144515157,977.7918210884487,986.3528240691174,1000.2096770310031,1022.2978283273795,1032.9552541345047,1037.1509305058555,1040.930792223965,1044.8529853316434,1059.4184607063057,1069.9541617722634,1078.1080807125427,1078.3062593210147,1073.2847474244943,1079.1058843942483,1081.3649217024463,1084.227340364327,1090.2140697690547,1100.1738336818223,1115.3051112088415,1115.6386946262598,1113.6396543541518,1108.1268207246972,1119.258275988215,1120.4725858677289,1138.5365592993357,1140.479721730992,1146.5410381536847,1139.532377762716,1130.322029095705,1124.0878548251753,1122.5556792208233,1136.1914404872414,1138.7422681571832,1145.162229381734,1142.0146948990478,1148.3899369114802,1146.1782691799833,1148.1264123953977,1147.7044504048727,1155.0969482858413,1164.943064266845,1171.8899989486047,1172.4399985344548,1168.1864379084966
394820,131,"Manchester, NH",msa,NH,1037.2701662652055,1049.3695379093508,1065.675368450891,1066.1903821389428,1062.673212979323,1053.3540872984456,1058.2811869647333,1057.9521696431939,1071.7893021262676,1074.9855274334927,1083.4629193436056,1089.8109474100997,1098.1267143326659,1106.6174671272095,1094.579850889169,1088.5514208563188,1087.5268578127996,1098.550557602643,1110.2722953820098,1128.5338126305255,1136.4024380528776,1143.698837564397,1136.2503365861876,1140.0257789041102,1136.6961202055468,1142.3965334785007,1155.0095128597256,1170.4319304450291,1168.5322790686614,1164.605484458542,1160.1459990386682,1166.209770444824,1167.6994022991576,1176.8607516509114,1186.0911717985832,1187.9627920770724,1203.0929253176198,1199.4945929185192,1218.5050898488707,1217.3526924391556,1244.5539383038802,1250.8226944020496,1264.3943596889583,1251.6479334140083,1258.1090900755937,1265.5867076985637,1280.8544188188926,1286.3965985035159,1284.113057330974,1295.4659493464185,1290.5800431620526,1300.15976694311,1295.5026712012157,1306.6058440453885,1312.1616315909807,1331.9826270585306,1341.6330849324395,1347.35492403215,1350.4972393881378,1363.498455509009,1377.9370331374862,1390.2963376025773,1374.380057510436,1380.0406904768333,1378.9675678057085,1380.3778331040994,1383.7786677451704,1384.0376538020178,1399.1994232155052,1421.5664768500214,1443.2290509905388,1459.1531412892548,1477.290519647544,1485.6499550135343,1494.258945243285,1507.3261725717234,1538.8753061976834,1575.4899222626257,1608.7578084721308,1651.22110350705,1676.1754110841835,1697.6527992558317,1708.31558510626,1716.4158516478826,1730.6982283278667,1749.8591434476655,1776.6560393601255,1791.4341708215538,1799.3259042710772,1802.056871961209,1809.3865958523857,1808.263360543512,1812.068888393548,1815.691035371996,1821.478401631544,1830.7927166545355,1852.3507681173883,1872.03730347939,1886.6344762189658,1892.3753847987882,1896.0549624952848,1898.9695853673245,1902.3980319427742,1903.3539244704305,1908.4602520125218,1908.3557129178591,1928.553288637214,1937.2509209518632,1948.7528032806126,1942.0262835268002,1936.6498673925043,1937.6125813430222,1948.7865384804934,1963.8776207601386,1977.8585825161508,1996.3849265914973,2003.2868058134234,2006.6373156817547,2005.0348491726804,2010.8222108902646,2006.2170474466373,2015.529687351914,2024.3584034346952,2034.6126717565369,2038.1618288068855,2039.2870127979845,2039.5111528014033,2038.223300206981,2042.8223338757757,2052.3331402276185
394612,132,"Fort Wayne, IN",msa,IN,,,,,,,,,,,,,,,,,,,,619.2890759458733,618.322115954807,619.4095557513359,624.2661928370638,630.6448110996698,635.1349353238246,637.9381698825773,634.785061238131,636.2251046536014,645.7893292063803,645.6171542955047,646.7837679726263,644.9255174032937,650.0375732329017,655.1923199333108,655.3358769434891,655.2600984829107,651.6029216842248,652.279877796905,654.1182281967419,656.9489481350198,658.2636905739669,664.7555300850626,669.1905576840088,668.9686271644903,670.0078139020968,669.4849773182675,676.1502914401949,677.4033518324233,685.6994071430482,683.7773727590529,689.7025247301375,688.4194980469961,687.6507858317863,687.7873551182752,690.6909717128472,698.4544243657584,700.8499627248552,704.2303077704037,703.7783166919035,706.9200882949489,707.3424567597207,714.0191405514406,714.3411387933253,714.9730822088461,703.7744815878655,696.7333876254653,705.3840329436581,719.0695767346716,728.1130128262745,736.9420885995955,744.674324373419,756.467786252593,762.0064280587005,761.047539545304,763.8040956320282,772.5936708230071,792.6348895756805,812.4975151910036,823.3421373605413,825.9862992024694,838.3972519012575,845.0103955078966,865.5057512440127,878.6167796570201,899.0823116810561,906.2064973930883,915.9088370602138,923.4327645058424,931.8556706633556,940.380732238973,943.2545821615917,947.5639131741699,941.5039762892884,942.9205070992568,940.2123362349677,939.4991021439682,935.4508578409688,935.0163418560071,938.7825527905236,941.6052991066031,948.3308684390323,946.9262240641426,946.0329291725311,937.7109689725194,945.9743671381456,951.2635683669884,957.8712411614705,955.8028551238349,956.8351567723829,958.4832622959934,965.7827693431434,970.3503328540562,977.2348326912331,978.4864600223036,982.6967495929337,994.7811223399984,998.7112191064072,1001.2023396294524,1001.5533556837072,1008.6784591105375,1013.0449940069279,1017.7422450987532,1014.5450456928486,1013.7281348882037,1007.9724301905322,1010.0241566802555,1010.3303447188952,1007.432780852131,1003.5468557391645,1000.0430107526881
394658,133,"Gulfport, MS",msa,MS,,,,,,,,,,,,,,,,,,,,,,,,,,,,,,,,,,,,,,,,,,,,,,,,,,,,,,,,,,,,,,,,,,,,,,,,,,,841.6301121848517,856.9642679179598,884.1261661158842,920.8997972705797,932.234892052405,923.2992325427688,933.004728737893,932.3541864001907,954.8265394525765,975.5136313085015,984.346460052679,986.7304053607004,994.5149887178881,994.2674449899605,992.9361026414028,978.4164707827427,986.5495222386791,1012.6278001495997,1038.2304097112014,1073.995399531283,1082.5595975800475,1094.082575703226,1097.0639563563689,1100.110481460811,1109.5267079288217,1109.2657473266877,1112.4522088603928,1106.1285461795997,1113.896861380534,1115.7829658473356,1123.595407732693,1112.8344262853248,1109.5293963591132,1113.206661559439,1124.2064110971453,1130.9132341890524,1135.0261812892913,1131.5057308524756,1150.6788307399138,1159.7446393463515,1164.0769145007703,1148.7792521306612,1152.459653265273,1153.5135251353374,1159.4514615656,1159.4513924569076,1160.5663920352586,1166.221183645697,1169.7255716652774,1185.2637503686135,1181.2292993016247,1192.8052959672204,1197.0143649290703,1216.3629822203054,1218.169704236457,1230.3905982905983
395051,134,"Salisbury, MD",msa,DE,,,,,,,,,,,,,,,,,,,,,,,,,,,,,,,,,,,,,,,,,,,,,,,,,,,,,,,,,,,,,,,,,,,,,1154.6818646772217,1167.1564252560731,1176.7822634128318,1190.9689811038572,1196.3001260614533,1236.2245332803307,1268.682212168341,1317.4259931311922,1324.3254881046416,1332.8453609627538,1345.9332461128556,1361.2454163095715,1375.2536415792376,1369.0134788061732,1373.986156120362,1386.2712048022947,1418.8209327015943,1439.4770825715186,1429.9981231822887,1418.3741788969492,1424.458982427638,1471.9831856033068,1481.1543378606962,1481.0874188326468,1444.4332503617632,1463.6155453214035,1478.9539550080583,1484.8557665653389,1484.5675080585816,1482.5031920602955,1511.8015386019551,1528.8149215909614,1540.4894242315988,1506.314082940162,1508.1372229514839,1507.287833599897,1523.9861073721493,1510.6992488196015,1510.119631136629,1508.461464260504,1516.43803601492,1523.709830862973,1535.6392435678886,1528.681405465366,1528.0679179890767,1540.5077990977654,1552.8908358177027,1558.7141246186955,1574.6238227209435,1587.2309751597518,1592.724765233595,1601.5722150858655,1601.2066943694624,1603.6207374459407,1592.935868886334,1603.2022306969552,1608.6052880652376,1616.7923191159982,1615.164079780951,1620.965579730392,1616.9325896783412,1618.5328282828284
394596,135,"Flint, MI",msa,MI,,,,,,,,,,,,,,,,,,,,,,,,,,,,,,,,,,,,,,,,,,,,,,,,,,,,,,,,,,,,,,,,,,,,,,856.0791906304869,867.8168715651017,878.3861315067177,884.9138642888586,887.2043676399873,887.6329193255203,892.0363726681645,904.0459828227962,913.4799047796166,924.6147749158097,935.5364086602978,950.6280332011418,962.5623779020121,972.8507675761333,974.322579000783,981.7415518188806,985.5767138210989,1005.7727576461282,1022.6297404567754,1030.4434892747338,1041.826927164678,1046.4188054570072,1048.9305025881495,1038.075396434014,1032.3343447760078,1030.212416448948,1030.2484000397917,1025.2306016450848,1023.4300395209831,1021.4647033762205,1016.1858135031014,1019.220945858472,1012.8873623287957,1010.8736882434697,1009.9549540507207,1012.0196252699524,1022.2114733027614,1029.9047996753247,1041.7234143645733,1050.7700296090861,1059.8998428484326,1064.7914795080403,1059.7186007326177,1056.5899540172456,1054.859894475376,1059.0016925358332,1058.8238163751182,1083.3763225760842,1095.105203874077,1097.2477365333668,1096.7819501728889,1099.3916522504508,1101.0121806837826,1102.2727141338241,1113.2447099202736,1119.6560197801405,1128.6043433730538,1131.2471149886637,1136.5086241017843,1122.1180915454624,1112.5666666666668
394972,136,"Peoria, IL",msa,IL,,,,,,,,,,,,,,,,,,,,,,,,,,,,,,,,,,,,,,,,,,,643.329042527226,646.3765814624041,638.3776345890586,636.9010937785791,640.7173641988546,642.9060176764184,647.3879464915109,636.4874892148988,640.1335212287019,641.379890209375,645.2833994584364,642.8716467836755,649.7448474998661,653.1590913026272,663.4787708589942,669.2479602768328,671.31611209347,680.5631654110513,681.5249550579089,697.0420917826589,683.6566912328277,691.3409146994946,684.5204342229771,681.4503524767838,679.0788935392965,681.907212419196,684.7416207838057,685.998766868316,687.8040853165479,698.0889956437263,707.5491302508967,706.05649366763,704.7834452111133,701.2214717653198,705.0710557746975,706.7973796671188,712.3463648897108,719.2763778484662,726.7301408001224,741.3428727062169,749.8179427237519,751.6309440384235,753.5920496798088,757.5559368467942,765.0829937530466,768.9963266937397,778.2321392287953,797.9430485311784,812.9178548758209,813.226407909879,803.7447860692082,794.1968885152648,801.4099420213189,811.4453741156173,819.4215903380765,818.5967090681911,822.0170399088789,834.1296433669326,850.0022146507606,855.3247802458122,852.6363308057214,859.1390919951772,873.8945659977683,884.8561057584593,881.5120815455322,880.4228814392428,889.4290344811184,904.6706947346069,911.1164915525763,914.4478863476246,905.8242692477211,907.4575070950937,918.4562242981003,917.426430079842,927.4402865167383,930.0897343185771,939.5097029030796,946.7002167458749,946.5918190762992,946.0245596365331,948.9790368767806,950.5602145880799,957.8180792712749,960.2552687193984,960.2188095949422,967.8488365542624,964.2385305453231,967.8703703703703
394439,137,"Canton, OH",msa,OH,,,,,,,,,,,,,,,,,,529.4859977581643,524.2717781825439,520.4728019790172,522.52190652153,521.0726798229966,521.6659564625761,523.7220593962836,527.2282705406946,529.3740497193771,529.0941101531755,534.2284361162912,540.2068010860191,546.7794847715655,548.0095190820404,548.9416164953732,548.1854041034935,552.6878705624492,555.7958227078077,557.5736706309337,556.1820309283753,555.5108551267301,554.8764478457945,555.633096825805,554.140288851024,559.1585017872891,561.3322495535199,566.2187918169855,565.5373603073966,568.7228954774612,574.2240838969025,574.9904134976211,579.5720448265625,577.0341827478253,582.1567440303465,582.684519560965,585.5462600930524,581.915131251409,585.0161644755543,585.9655264015147,590.8677772449034,591.0516176268368,589.8129863888446,592.7003152860892,593.9538124447944,600.4678551494865,605.9702375787977,614.9477424503826,616.96868315519,621.7964000257729,621.6001940436995,626.4517031265448,629.1458177689258,631.4940685817357,629.7969948199063,632.8657938582288,639.1263957408692,647.3762276713659,645.731125284263,646.519448263956,646.2024547304985,649.7989870999282,650.5190745547337,655.1075847868728,659.0120959902321,668.6949750661383,679.6550224085363,689.1817372699129,688.9542449099766,683.802081679594,698.3762487146366,710.3128049838006,728.4069407878069,732.7503211410437,743.4175819330303,746.2061706515764,753.3363352281754,753.5014860518264,755.8621604992351,751.6662942284776,757.6661959279304,763.0921306067441,765.6144821813394,765.1491960897542,768.2352018670305,776.3575005909174,781.5162758538022,782.7684000140293,783.5603496927985,786.8411073777754,792.5049584704469,806.3311270275175,815.0835303787637,819.1693408555947,810.2424288703983,814.4655645464843,819.8943588799484,821.3749096159362,821.109803347079,823.8763943573877,827.3878294759983,838.2532639655949,840.3457474083115,839.4539214919852,839.388275109117,844.2426256033073,856.2730161921562,860.2483542477197,859.9976204875851,863.2061797060394,867.8960501644375,873.7715123141516,878.2619223912302,876.9109649122807
395070,138,"Savannah, GA",msa,GA,897.829206867999,908.3894946242091,909.8317887067195,929.2755932799267,930.967731556903,939.4481574200724,943.3322274583486,953.0241848553,959.1585209526908,950.4048328500763,961.380941139042,955.7614877461941,968.3574154322661,965.7299493338796,959.3424679252995,958.3586642262438,958.7548667723083,982.7461169104769,983.334925206632,976.2566108478951,963.8686634146972,970.638120552887,964.2155144615701,968.3511796649423,976.6387091622895,993.7160739810226,1020.6786787281686,1028.649080674328,1045.4761086444578,1039.5069325638103,1061.4120734965259,1068.423996437371,1085.452712035916,1072.7201410462676,1086.3014459039766,1093.5920100956696,1093.5054468548192,1091.3653271026817,1095.6223581700683,1104.2455141160203,1099.4999588455107,1094.761035443435,1097.6414264228767,1108.9885255909348,1107.15647395762,1101.6648452932855,1101.027704185137,1109.869281862509,1124.7113183684532,1127.6839181894898,1122.0112242240834,1121.388464850897,1126.823222088154,1138.30475610247,1135.1582934793355,1134.5680891335123,1140.4003851639875,1159.796390383553,1164.4128418228033,1162.5954178428071,1158.0716999940178,1162.608808703866,1175.246492270759,1168.792771979329,1158.3142481039165,1138.638141281686,1139.2500402690864,1142.0750071870348,1148.7575950076564,1155.2600393802807,1170.9765242791,1176.3206368250076,1184.5985966287144,1191.7063791313792,1210.8289821396181,1231.6068777273026,1260.0113586860493,1297.4953315433843,1329.9914598260036,1367.048728911069,1394.09389610733,1426.9986420501216,1442.1504728481996,1464.3484905710636,1482.906907066158,1508.0307053704842,1515.6708045320543,1533.6204810940576,1552.1531277701813,1576.766701043423,1597.063375431518,1608.686747652135,1608.341656809602,1605.585356877802,1597.7010839670656,1616.413477739381,1618.3461735074663,1622.499203196909,1628.2454281758062,1639.2475166462489,1647.35131581237,1641.851214725561,1634.1810880098683,1628.028807090264,1637.5010821074845,1636.5278858817403,1651.4157376630242,1650.6294624602463,1661.9463164930578,1655.7481498232737,1649.7729468020425,1646.910833601043,1649.4611222458905,1654.732801729234,1657.8952663809764,1661.8845594736922,1663.882519776795,1668.2993832123484,1669.3552200598294,1667.3440992810395,1664.0731575264815,1670.865249949986,1679.3916620501352,1680.1400062370064,1677.1832502600823,1676.4570833483679,1679.0621184246818,1681.412795142294,1679.9076909964426,1681.3277389277391
394327,139,"Anchorage, AK",msa,AK,1156.8778851510647,1148.9159619685197,1152.7115747870032,1122.2903984825602,1123.2425637006754,1125.0433975504882,1131.918298559313,1122.8204967067395,1116.5180057680839,1117.1833692599569,1113.3448280311268,1123.6265947417353,1123.7476825839192,1126.9611429589686,1121.6799366502626,1129.0058958999014,1133.4018088537412,1122.7087054619499,1114.6231922250608,1114.4475999756048,1116.9021828881869,1110.3034443805548,1110.290076173591,1097.0500854570341,1091.8239125908049,1082.8646551045583,1095.0540029424305,1103.1693210263038,1101.6608581565602,1097.027861626737,1090.8464765941414,1089.7876337639998,1088.474734910362,1089.4602340076667,1085.3688203008942,1086.9268870664482,1087.2325469001885,1089.171097039137,1085.8102064304858,1083.2123724581436,1093.8148945306725,1103.3055415007557,1107.2610023895102,1102.2796789877402,1097.3903428099793,1104.04877453886,1108.9524068508917,1115.7993082686273,1111.426617774564,1115.5707143577818,1113.6918161141396,1112.2775645397237,1105.197585020337,1103.7595357467872,1106.6903128076801,1113.1517390002475,1119.2510711577888,1117.099390879127,1117.6922575964886,1116.2364850050767,1122.8797929906063,1123.0642489044767,1126.8745162178884,1123.843204360699,1124.472741372953,1125.6869445031214,1129.2300248801896,1130.5748258231533,1132.979751311624,1147.9832165652394,1158.4718313231601,1168.6817470757562,1162.374973173772,1153.7555509741906,1152.6342005657448,1160.5720703251475,1178.3493401182238,1196.8267886054045,1206.7933446949035,1222.5688517388078,1232.5406353058574,1244.282569709094,1248.4708167505948,1251.1744501611786,1265.7234446714683,1281.8854468835802,1305.8044474583419,1317.1117262415355,1323.2925017770592,1328.0252800447186,1345.5973842584146,1353.666533611649,1360.8557118089054,1362.4173054704372,1374.2148087811254,1385.0144238130936,1389.8243088613067,1404.7462752206352,1408.0688253799292,1415.1239340224527,1422.2612896510093,1430.8252659390375,1438.0902544272517,1436.4518623887202,1442.3796222888502,1446.074893359165,1458.9877785526148,1472.4824373506083,1472.792429662129,1468.5213251551131,1469.1202101493047,1483.434512505112,1490.2330945622612,1497.1816821301518,1498.0383763604966,1504.7058426218593,1512.2358221568932,1517.2129672105102,1516.0377007228003,1515.0398233437954,1524.9847573343457,1532.8241888217303,1540.648736659648,1538.1658419683115,1542.2682370715702,1545.6781531140132,1551.7561269040173,1559.4686542028264,1562.9508061119243,1570.689907478143
394372,140,"Beaumont, TX",msa,TX,,,,,,,,,,,,,,,,,,,,,,,,,,,,,,,,,,,,,,,,,,,,,,,,,,,,,,,,,,,,,,,,,,,,,,,,841.8161259593672,856.2252112862625,873.9419093157569,886.1938160060497,878.890906010759,870.223907508448,882.9377166658916,894.3045579551277,905.4454546230166,897.7891772394452,903.9652579492549,908.4706399470311,934.0886731594676,931.1839436586924,928.252836133784,916.9472970309774,922.7986976158379,929.7916802905249,933.082514119907,934.3723615932582,935.2412827292547,938.5690197992076,939.3451739943191,940.2214070936016,944.2923783115972,945.3114602499659,945.1434959427169,939.6270657191504,941.9987016166045,943.4620177091871,939.5118099134489,943.9179442940047,951.4751543885435,965.0790833201438,973.5739938503862,979.0125215956127,982.4381168235545,993.8946137136123,1009.7140227304378,1015.0105446494746,1004.0284619185287,1000.1936097094529,1007.0286052983033,1027.065437446513,1031.7945179472792,1036.3001123184702,1031.7854672659562,1037.0693560694715,1038.4052834917193,1040.2164192251769,1039.4333993750183,1051.6255353445983,1069.5287014840294,1082.3061441630323,1089.578538834698,1082.375930973569,1086.2279706735148,1087.5149565239115,1099.0577514273166
395096,141,"Shreveport, LA",msa,LA,,,,,,,,,,,,,,,,,,,,,,,,,,,,,,,,,,,,,,,,,,,,,,,,,,,,,,,,,,,,,,,,,,,,,,,960.4573949576072,967.3327318561497,971.9073951144001,970.5382728848161,967.2911158872802,984.4153556247857,996.9101171107724,1019.8782692182215,1034.586041218312,1046.872401652149,1056.7614340135751,1081.8078125723473,1088.1075838388267,1087.084087104889,1070.242891675577,1073.343793932802,1071.4039053052948,1073.7252399032309,1085.204230605832,1086.3773253508878,1092.159650761682,1088.9694034641043,1092.422489617629,1090.0985904287256,1088.2798769041042,1091.6901701403813,1099.8546086877454,1112.647030798833,1131.5103896277492,1144.6441580822604,1148.9881144064263,1149.7855540772364,1143.7738779562608,1135.1554956019063,1124.697814866573,1121.081023111154,1117.6775967172803,1117.7865850350222,1131.0358199422458,1143.751365370893,1153.1929021309656,1142.1028856223556,1138.9352366230353,1143.3239197738758,1154.2086976632445,1169.943764394789,1180.0257785721512,1187.9415627656447,1200.6604528983382,1208.8856976882616,1207.3979018652913,1200.022700617298,1193.7727492810789,1205.1709727233551,1213.350398796198,1219.25586846197,1222.6017477892667,1225.213361148555,1231.5444858793458,1236.5246270481782
395164,142,"Trenton, NJ",msa,NJ,,,,,,,,,,,,,,,,,,1585.6995800208174,1559.7817547312266,1562.080164940672,1592.9921388391397,1606.0974804507118,1637.5217128467682,1626.9934729647969,1624.0244444818654,1617.949217330941,1600.3779576419336,1587.9158317505955,1576.7983871501872,1616.0367311661687,1618.1248275617934,1635.4593826666262,1610.8114154801829,1625.7942554822732,1627.9428306828638,1640.7746626039147,1659.6445507665335,1660.944194885556,1684.5921241930123,1676.224396838143,1686.3063916032424,1683.9011467788887,1691.9398470404706,1690.341212889531,1670.5070364975334,1677.0667066814578,1682.2772719595396,1722.3313399257545,1703.6444343345438,1702.2275752565974,1704.4838576349468,1718.7484269481802,1722.6020127176,1715.2722440310738,1723.074040523532,1725.5559664439766,1755.7168606023254,1750.9795104625523,1749.2465045352737,1723.4884854186082,1737.5391992606194,1748.0906500316576,1772.773787410796,1770.174414834899,1764.8652260886804,1794.7576207569177,1799.5792380909709,1817.1154974129597,1806.1275976796223,1806.8613645754997,1821.0500569865267,1839.1908555566922,1847.7540495032301,1862.1979982539792,1871.1224925116446,1879.7565125350075,1896.9377386795113,1892.215750789478,1921.4331167162816,1938.5715251497263,1980.617083040349,2008.7632762886399,2024.3599962344558,2059.0184947957423,2080.006541255238,2114.9963706829753,2125.4478001160733,2144.8343911903107,2149.3799446130697,2167.6475812878543,2178.55247702001,2205.174183185606,2213.6995552061953,2191.3911819040773,2188.8808519944537,2186.280244001876,2227.519184871286,2232.728567806906,2236.740427426828,2261.3462551617004,2285.3366774858646,2323.461546989926,2333.1552300445587,2321.828788228097,2293.183904005196,2317.965608007789,2344.4928955308624,2374.6647345936763,2345.0152820299286,2325.6176134402876,2322.758763815916,2336.4797131108853,2355.1986061142693,2358.8465409670175,2356.9756005844984,2358.055100336715,2389.1106951833217,2404.316390814329,2404.4158468608643,2396.0025778006125,2413.3274942061794,2437.148889028212,2453.548770926123,2443.4112128950046,2431.903137465771,2422.4207652090395,2430.470658737378,2442.312404864179,2440.8809839492296,2431.1800000000003
394875,143,"Montgomery, AL",msa,AL,,,,,,,,,,,,,,,,,,,,,,,,,,,,,,,,,,,,,,,,,,,,,,,,,,,,,,,,,,,,,,,,,,,,,910.5802099820827,924.8756521762573,933.8658547884312,942.7525229608316,946.2389260407334,945.2366938637298,947.7249155894198,958.6594539485043,971.9904599941494,985.9324370311424,1007.052404643446,1032.7558303069875,1050.1103616079572,1064.300094840096,1082.8957035513897,1097.0657894091898,1103.3211483165594,1108.9291594576116,1121.260277086926,1139.6334176494051,1145.4037182500817,1146.1459647124755,1137.326417771888,1139.2498894478713,1144.7458149370796,1141.3759646408141,1126.8188972817252,1114.474153067949,1123.1856323373124,1134.7266395675126,1145.5816477697522,1150.757558961707,1150.5372462900825,1159.468350695804,1160.7789470308928,1162.3829973755965,1150.6386253265548,1147.0561710865945,1144.8460464874627,1157.108440591097,1158.4377498211834,1168.8353145970718,1170.754947047319,1178.5245231083443,1184.4007026489223,1186.2882926988702,1194.9523211694448,1197.4343598156727,1211.734726646581,1215.0679112246862,1229.9812528746697,1232.9721135271327,1235.4292071023522,1229.2124500801854,1228.5009564627264,1224.369637895711,1227.0133431744898,1228.9540719625365,1230.8512824689656,1234.5541331641448,1234.6890883486178,1240.4542328042328
394520,144,"Davenport, IA",msa,IL,606.9219297408131,617.2471027126949,615.1803798431267,610.3576726991722,609.8637393718408,610.9693826142437,612.3605700648095,617.7338125003555,624.3585789979862,626.6787648957065,622.9951275295476,624.2302587892206,628.8244331405707,627.5981344624411,626.484056438974,631.1956398330988,626.014273942986,628.9252382869743,631.7782136665048,641.7870453707887,640.0902736188804,637.3927496252721,632.9732284620972,632.7224494860387,630.7807478333785,633.8408052985836,640.879948076696,646.4035080482668,651.2255228954424,645.6712155689064,643.6139227397107,641.6422498964254,646.659210418446,649.6583877838134,655.8284560185833,658.781268327296,662.6724923616471,661.4779040068815,662.0940715929589,664.2169916583185,665.3829294637528,668.100109433506,667.5988715596275,667.5545432787663,668.1272712031105,668.6550120748966,673.1443527301126,674.2900114525046,675.490752289492,676.3512400103349,676.3764763711379,674.8290588322236,676.3563241045943,680.074321080187,684.652977924284,687.2938590343199,688.4405766841427,691.0399326661263,689.5692726474532,691.337789346736,692.9964512306138,696.7824589166862,700.7369137819264,700.137137151411,699.0471957840161,699.7321090499775,700.0007873722031,704.516499944378,703.2170014097418,706.3960864670552,706.8369204543693,710.5388663866675,713.4141887713064,720.2958234731315,723.5186303014416,729.8509432190879,732.7085358469812,738.4003286962757,744.3406403882832,749.0044998032718,757.1145555738037,762.2609007074443,766.3110950741774,769.0765760432704,771.3300967989361,773.0750264996628,775.9794693506296,779.6801828242883,784.3378487113689,791.5199851887098,799.6061515336745,806.826868628928,809.6134320299019,807.8805331780188,809.6248431060689,810.7632351997794,818.0266176213323,822.1803274832762,821.4938547080919,821.5009056464048,824.874416865156,821.8972962457386,820.8133679243334,816.2628219352148,816.6749133156792,821.7777880216426,831.6682856174835,839.5437760369084,843.9468579817011,840.5852995007539,844.3299818893388,844.3943991548027,854.2121380844517,862.2682166233791,866.8723006014095,868.7334401532675,869.5881298802859,872.504584248645,869.5150060891865,868.5322599920114,867.2257251546654,873.2668150767852,875.8667504542093,880.4439397335764,875.3465933827752,873.9286931172145,873.7501799699013,877.3120058597569,879.6951555643953,878.9596125730994
395146,145,"Tallahassee, FL",msa,FL,754.5136095332203,759.0855154766824,759.7879896960816,763.7908981887205,766.482273820954,774.8776068489061,776.7082472140933,774.571296960657,767.7870409568911,765.1014455213005,774.8234945647716,782.1160798621621,793.8201189276731,794.4614314012051,794.5532026613508,786.7452562855534,783.7232405174984,783.0100648205902,791.7169200981762,791.9173832427513,790.9409636156953,795.5286167192477,794.9766805041681,797.1361727129648,791.7608824009405,798.6139124136062,808.8999385996927,812.4347139818834,817.61191502294,818.4519825401709,826.6719114100175,830.5956576173384,837.1197374027339,838.9977315035645,836.9552981612229,840.0139345429004,842.2026391011899,850.3368153098456,846.7996279717522,855.0568401300548,857.6212131445037,868.5029505034864,862.7042912980112,864.8497887303694,871.2987828882395,872.7370279757025,876.3060639521967,884.5246507875065,906.9488044563543,908.5959627257467,917.1206353115163,921.160571581757,927.6697223301387,928.7810095710844,937.1578122089152,943.2902321083517,944.6163426748788,950.6465624403729,957.1008124983881,955.9515304620484,944.7440162782749,944.1064616475004,931.6971643804378,933.235330668516,914.030410297622,913.65727364133,903.4622052497019,901.7778140898095,901.4063468289019,913.6276412372102,920.8426853448145,925.0611520505081,928.5351731840558,938.2753413459642,941.5815490999618,950.0598831369934,964.3080496502039,985.7832703656557,1007.062330188779,1027.7867662406827,1046.8852085028634,1052.189766277814,1062.2264875929616,1090.7347168825222,1113.06182174188,1122.4554197822483,1130.6303653598216,1143.8524444987918,1168.1530473925043,1188.7477027256623,1199.9035208782893,1217.3280384262912,1221.6069527039683,1236.8871461194158,1227.9970374504949,1216.2797235802877,1214.8669955702644,1223.5844972024015,1233.639392332815,1247.6610967087217,1259.7492057220295,1253.9037653392952,1254.964005537377,1244.4771834832109,1258.81760116207,1256.3871848321592,1276.3899712399964,1281.3291571998625,1289.0631625576646,1291.7093307490072,1298.3030689773286,1297.7412546524267,1288.0465708223232,1285.5707771140062,1289.0315133039423,1303.512551367795,1302.3945922200062,1315.040939398786,1315.433635964556,1324.042609779336,1326.0275827165128,1328.9220904902845,1327.92475827251,1328.7235449520454,1334.2309804715,1343.2597675882,1345.5480116066155,1343.0414925270054,1342.3793864788572,1336.9047222222223
394576,146,"Eugene, OR",msa,OR,920.4971455386441,925.6253519823836,937.2719601295742,935.7163779799608,942.3332917208068,942.756232552388,941.6047889540442,942.0966598562485,947.0325381569965,951.7806792657248,950.2062930617813,956.3582856191254,952.5155156918358,962.882171165082,963.7997584544504,968.0492236656269,968.5814505880847,968.5633804867024,980.323621823059,985.7099858125848,993.8100122355644,1005.5845278269542,1015.4358567359719,1022.0046017251022,1016.9675003066042,1017.9055933152862,1022.4125448317852,1030.6822975225036,1033.8544752613413,1045.7386264203924,1054.8778292750414,1060.397805556429,1051.5737433263462,1055.8658539360865,1069.9824419464564,1085.0825397704803,1100.9180603578986,1098.128955107215,1103.8018174306865,1103.3837110803975,1107.564769251683,1116.8962635391301,1120.2389870985587,1132.5238649830865,1140.7861807347701,1151.2599004844174,1148.9844467798182,1155.3018965448834,1156.6345015671907,1160.491876570987,1167.042480777014,1176.0360421843216,1184.6530922756906,1184.8500964823152,1188.614703151448,1188.5374091211909,1198.4254426596706,1198.965466484035,1205.1525260192,1204.6774246193556,1210.808081726828,1222.6419058116412,1242.2706867661768,1245.3046108164815,1231.9933020522162,1231.6703458154707,1225.7486843530346,1234.9452245532455,1234.0681060077266,1247.4172306786193,1260.082772779119,1278.312842104953,1284.1015581747756,1290.6146713274252,1292.547529808342,1301.6836130160598,1308.4013529527322,1324.2496740415438,1340.3354261753677,1357.7280057482203,1386.7383555338222,1412.2149329883925,1428.7362124281615,1435.4854287331661,1446.4942974378057,1449.7526397330216,1462.9963143135217,1483.4481761464883,1529.7015955771994,1553.6168596061257,1578.0234337809773,1579.8325362402495,1568.721306595311,1565.4820795254336,1571.9492092308476,1582.6601010619138,1579.4080344303577,1581.0440003034996,1581.8133557924243,1578.7387733627536,1568.7288684407176,1571.8662857840752,1571.2402456519335,1572.4983829650664,1578.945946360815,1580.1249879143127,1585.4561104805298,1585.1244135560946,1585.898966970817,1596.8574756555072,1603.5126601874813,1617.693199221293,1625.0708343095712,1627.5770357417352,1630.6678110145058,1630.9551205448454,1632.9217294320777,1638.7938260767235,1641.1145009562704,1647.484216532041,1659.215897124881,1662.1665872457338,1666.8911732683835,1665.8755720164745,1668.3908856412336,1673.169759108701,1679.565359943288,1692.1049253786841,1703.2296887171974,1712.8980855855855
394901,147,"Naples, FL",msa,FL,,,,,,,,,,,,,,,,,,,,,,,,,1354.7690459859793,1370.2964034637964,1357.286636967035,1371.7608847424895,1369.667661980722,1373.1621186655152,1372.2842294564355,1373.8074068966575,1388.7473803337462,1399.1551120526965,1427.629224099557,1399.9842723347936,1391.0762079083383,1438.432054395906,1446.5071298202924,1435.7190345475865,1411.7540371946363,1417.504986453323,1439.024559191116,1446.925754737717,1454.3825398566626,1472.1480225319806,1485.4218410225155,1502.2697448778497,1508.3947932546857,1478.2205427390954,1486.718108844457,1497.135724071903,1529.1665380842676,1535.5086192765812,1539.2720633679398,1535.68481752181,1532.2091819809596,1518.8877093040367,1509.2351061804916,1507.848142642137,1505.944056126829,1507.875718453156,1514.7336372474833,1501.2343806381646,1504.7719043849022,1497.7501444665413,1497.0824727067888,1482.3369757561998,1478.7299168117809,1469.6374798890934,1469.1952891228495,1471.4430580423893,1488.8572049989848,1531.7751777541796,1565.1027508828568,1610.0622370322267,1647.2320562395878,1707.5704195667424,1788.1735859807964,1892.7568923211497,1984.2741256363142,2034.0647260855715,2086.9463333698577,2126.677787060168,2182.071344980275,2207.8284816242335,2246.197906845332,2283.3198759271513,2331.2010638494467,2361.9760788473764,2352.585454776536,2302.0377003460026,2279.032438631818,2294.411532428265,2330.9192430880544,2354.6516050762307,2366.965753730536,2363.1494814933294,2363.6917720321026,2358.2872055017006,2348.3679642383922,2328.572752334906,2300.1035167724513,2307.998376152986,2329.5964616193714,2358.922866661003,2341.896716099703,2319.839032686789,2302.827144896199,2317.5775669149134,2323.3738536592546,2320.406559707603,2293.4510769349686,2293.8557099317495,2308.035676583454,2323.1240402867243,2305.9763183463833,2293.2822725132014,2287.6689496708996,2293.197900396172,2295.174369056988,2284.4531137961035,2274.7044510452492,2272.4204206565173,2286.4965951419813,2285.709135689428,2283.7471595628126,2269.909956178709,2268.1137508620327,2252.7339826839825
394332,148,"Ann Arbor, MI",msa,MI,1272.3567302724452,1287.3376903902954,1303.023871223068,1308.756418979202,1312.1558499233035,1296.9614106373278,1281.3553244609782,1261.9324671428349,1270.5842315416862,1290.4898201338826,1313.3780473498093,1328.005776313637,1349.7152289567264,1349.2832162330722,1325.327936887557,1305.0837876164123,1312.2291791042069,1328.9787550914748,1351.070237319065,1383.9318174204263,1413.7515057404364,1418.222162396794,1406.1355181511803,1406.0793639717765,1395.7468209237531,1397.1105204725093,1399.9090358013334,1418.0376118974075,1427.5064008541476,1454.5535423288427,1472.413013858897,1464.2777668231156,1453.3929214656173,1448.2146748554167,1467.9293730264496,1469.6518076447678,1467.9421560357164,1473.2409241370226,1486.9048228887234,1502.5713175885617,1511.5207130950243,1509.4092781923507,1514.1743329553208,1512.3878883660327,1513.5826747401488,1515.472170323907,1519.7313718371443,1521.4009985884306,1555.1670147992486,1565.8158367885549,1573.018291579424,1569.8496995338826,1569.9266143481768,1567.6252328106634,1563.2386109894526,1574.3387014768837,1584.087333134188,1594.8845192044646,1593.5924293616074,1600.0028115056266,1583.7369137827625,1579.410933146409,1582.1327713548142,1586.2871720080132,1588.0197077362218,1596.0376037568083,1595.3989876458863,1576.4039327702596,1562.0342896634163,1560.9431049355774,1585.4911941098976,1588.9248530105633,1620.376958403681,1629.8812060076143,1647.2667055365418,1658.106890695478,1664.4684362785047,1679.489036251077,1688.410625022943,1720.4430163506995,1759.6518355128135,1780.5215389385987,1784.3843623637897,1788.874567354312,1794.4015929390919,1805.2932147561658,1822.1670065806718,1849.4264999503498,1879.0235570440102,1899.9775863260122,1928.8570550199938,1951.0697246412346,1951.0448379782108,1944.9881526943361,1929.614168185738,1944.752996612434,1949.3822304300536,1949.6859569333276,1944.6470766392054,1941.66100326515,1957.5179094825683,1961.6692828224232,1973.5754810695723,1969.9242311031344,1975.2765509487276,1972.3590613644901,1985.3209509097996,1995.7305870144808,2017.6920245363324,2040.0279015712943,2051.1370766062555,2048.7641847319505,2039.9458320283766,2048.1911098361793,2059.5241985386383,2073.4242427443587,2092.5209546682768,2101.8996981801465,2118.3924514395208,2120.969288570841,2116.940800927265,2113.344432691437,2118.445265240616,2129.97313607064,2135.6044093655387,2134.409519904098,2124.117745218019,2118.844425246096,2107.9346070930196,2108.668360422858
394927,149,"Ocala, FL",msa,FL,,,,,,,,,,,,,,,,,,,,,,,,,,,,,,,,,,,,,887.4896456773735,877.6547027158008,887.4892052632891,891.7800124744334,895.6709021734829,905.2906585862539,907.690454640019,918.3562347210369,911.0378338689686,911.7855735995877,892.5989217453856,910.2452001962721,913.7587437522894,936.4601031137519,944.9087321429963,957.1610167428558,966.6838960210796,961.1976595773489,962.5813722191907,956.020044897245,964.9160396397087,969.7384297246734,988.7404804088861,995.26265363279,1001.979715049347,1002.390606846862,997.1104230665775,1003.6256418620111,1010.0494332661219,1022.5808204482588,1034.8022623508584,1038.1242944359324,1049.191619986418,1058.2719479277177,1075.908913814804,1104.0722642803635,1120.7109856961288,1125.9252273272473,1111.3365059555188,1120.7460141046051,1131.944645737201,1165.185620630794,1196.8671216203281,1265.1577953082474,1301.0767440218615,1345.7678484640635,1361.5225226353402,1383.2235017926014,1400.2656974203828,1408.4466759367913,1429.4104929980717,1448.046691852305,1460.3298571226494,1468.566161191237,1467.5070074823966,1445.5857422871943,1424.4747926089053,1412.367634453055,1420.9439301345042,1423.2145992828844,1431.5025098843773,1436.8141118954215,1448.776931950562,1437.8965215253813,1443.8994929457103,1435.6543021451523,1429.3080507760342,1408.3664910692653,1402.3903494456663,1393.695841835012,1383.5143589740496,1374.0162515197335,1366.3027118806547,1370.0133523566512,1373.7606911725577,1386.2333638449584,1393.2529338176412,1398.7037986136788,1407.6423153778528,1412.3695229987727,1427.5335479584423,1427.5262304222597,1434.6492197700497,1442.2077750055496,1446.8820600581894,1445.959023799444,1440.1344962504518,1437.9118746598724,1433.525944224582,1437.1990454882437,1439.006036389805,1453.4631562991897,1453.609219798731,1464.6090972114796
394679,150,"Hickory, NC",msa,NC,,,,,,,,,,,,,,,,,,,,,,,,,,,,,,,,,,,,,,,,,,,,,,,,,,,,,,,,,,,,,,,,,,,,,,,,,,,,,,,,,,,,,1119.7068165199535,1146.7971391273284,1148.9030025949166,1159.002152490268,1169.20651797933,1188.8247102974294,1203.3791046525873,1206.355344129295,1201.4298220743726,1199.8614023816729,1194.2770445392532,1195.8411094724709,1202.4578169281258,1213.4966059648548,1220.2925913120807,1198.6376772212564,1206.1271908391952,1198.3522026832784,1211.6061202596811,1198.4575791245152,1201.8859651602256,1207.0577979225136,,1206.0180505903631,1201.354701856226,1192.9464729131125,1198.1023073942881,1216.8759296443013,1216.3459422841868,1215.7457158785562,1207.781839755082,1218.3347670041376,1222.4287025429437,1223.1888033978728,1233.9205302293653,1242.4186375187921,1249.44961304659,1256.6645573205358,1260.543935803399,1265.2279566830168,1271.8724860737946,1285.5779353576515,1296.6055494140637,1308.7352281987046,1319.6322959224551,1333.5623114630469
394697,151,"Huntington, WV",msa,OH,,,,,,,,,,,,,,,,,,,,,,,,,,,,,,,,,,,,,,,,,,,,,,,,,,,,,,,,,,,,,,,,,,,,,,,,,,,,,727.5353220360552,732.7208470843749,732.5655002107886,746.6632201657,,746.4526664643403,751.0338344754791,758.4253590693643,766.4866157004219,761.652745595823,765.1621049877537,768.1004866656285,775.8778102855194,776.4617112874893,782.9511944744931,783.7577026903324,784.0773308218298,799.239733982313,807.7497625591124,815.1108453929501,810.9051860499104,811.2809323546818,815.3722462606759,810.9232589233584,815.5111007852315,823.8803719629404,830.8256868928707,830.2556993778899,833.9027993814155,832.3152879904052,829.0509097845658,829.1991556395011,830.8006948602717,837.827721382637,840.7934644902822,850.8600036363023,854.7879979472558,855.358936194996,855.1354761038018,858.2658524666257,860.3844531935911,860.2856823095033,865.3666199149252,868.3354540712633,876.1066380244228,879.9250706884369,883.9376284011163,886.7551070946242,889.7132802405067,894.9797932222008,900.944612448402,909.360444835235,917.7280575996396,927.7380952380953
394602,152,"Fort Collins, CO",msa,CO,,,,,,,,,,,,,,,,,1148.6803204765504,1155.6891178268702,1155.5275149321812,1153.5274594100904,1160.983866117741,1156.8249442588537,1159.1592500020079,1147.720360275081,1154.7971825458162,1159.3852000690915,1171.139364016802,1184.9544003883811,1196.96369540584,1202.2263581758684,1205.0049794479926,1203.376947248303,1205.5063741335448,1200.3683977977335,1202.4894959299334,1202.3259359549222,1213.4819035749435,1224.2585141127852,1225.8900107722152,1223.3494837989354,1226.7570555961213,1232.93485351642,1243.4759176309124,1242.9516885117664,1242.0553997873667,1251.437213348893,1266.232879083365,1277.1744031685573,1265.8474576866217,1269.675055872664,1274.2642019734303,1280.094586299429,1279.908949413758,1280.0845655828261,1279.4624236524985,1290.032781016484,1297.5804944025772,1301.568238870515,1296.6837551821884,1297.6000861516084,1306.5545484160439,1304.644699741189,1314.330589381486,1309.9891317402216,1314.4828745942154,1308.5132858864656,1307.872335553382,1306.9401464828863,1311.169165568786,1311.7462382558492,1311.8181695309306,1320.0449001690188,1320.1613477639146,1333.7231811626805,1334.4548632343317,1351.7111619842804,1364.5276390925092,1394.3495487806704,1419.2462258116466,1447.904360802763,1463.1918660999827,1479.7820522143377,1489.4574460341291,1497.5712757555111,1504.3227118109949,1509.4235527627657,1516.6134877700156,1523.5536430323696,1536.5586682533994,1546.6552957692872,1560.3387367854268,1567.7475765148433,1574.2395770428684,1582.7026596193703,1594.165101860068,1603.3993009625274,1603.6112753240384,1608.4066584008854,1617.9496013772732,1621.5098740341698,1622.2014979995874,1619.9242375959013,1621.1941290709149,1621.316656798737,1628.8349001870104,1637.184889507377,1651.2986331069842,1657.2047277640604,1663.1872615492703,1664.4706462471852,1665.1466644246664,1665.793579023532,1663.0132874781518,1665.1188649620808,1667.339855021464,1665.9951280072623,1663.615775600869,1657.6245750845376,1647.9784249193324,1645.6613442388777,1648.0857134419807,1651.4081690269854,1652.63895771955,1656.0139345911232,1662.0871248848837,1665.8929255010037,1667.4165073067625,1673.4589632667523,1677.6592642548999,1684.2232203620526
395033,153,"Rockford, IL",msa,IL,,,,,,,,,,,,,,,,,,,,603.5436610615498,603.2604017420537,600.7713059319865,602.622117515887,600.5933002756697,602.5173792589299,597.0137373929952,603.7083042636692,604.3599712261864,613.046331705875,617.5305706777607,619.4867521866141,616.0745049017804,616.4743220829724,619.5104658797187,621.497437864164,625.8892422161747,626.104571905324,630.7462022237535,628.2569729740713,625.937241577347,627.067174892768,628.0015030457803,631.7437104695565,633.1199202727946,640.50548208689,642.5779642317564,648.4907390903606,645.7878079006381,649.668027703687,650.2044219135341,654.7423462134119,661.2679870992256,660.8612279785906,662.5116856857753,662.8617931532651,669.7973156601057,670.9612317079622,675.7409640884006,677.609750259585,686.4259547315106,691.7972494796418,699.5086463415637,691.8400190463041,689.1908794927825,689.449923525242,698.2507862263012,711.3178173028456,723.1687783715267,728.7425848201786,728.8652493349308,728.98046217127,731.5149369231269,743.3948272323308,756.4913816484752,760.8337675376641,757.5792803016805,762.197758646911,769.2920079668975,772.5453050553568,766.8866458685382,771.1057708525019,780.5006661920157,791.4381417318037,798.59745833225,796.9774359222815,794.4923823469205,804.0093096544963,822.7559947902486,834.8378028454404,836.2387518170284,836.6971146086686,841.4736625319347,847.8169591222475,850.7132549793868,852.4109073060131,855.5380165071385,860.6118214558516,871.7301243884282,882.8672595234775,888.8780678633004,889.5216842278035,889.5627214167861,892.687205958658,903.9025586516423,905.6080823450059,911.7358237249803,923.1806048183679,941.2597887042947,947.1067786136565,939.1801891183862,928.7279205065124,939.1858700699017,949.3650202858871,956.1384320920068,953.8780831465301,955.9530838214047,969.7896955132883,984.652367966797,986.6049794300014,983.2908950061759,990.2305172721168,1004.8165896736657,1018.9675694632646,1016.8941912051353,1019.1265170607531,1026.6123262202384,1039.7832923414917,1044.076363889268,1042.8447965516732,1038.8339018843405
394796,154,"Lincoln, NE",msa,NE,,,,,,,,,,,,,,,,,,,,,,,,,758.3293811129599,765.3569794651944,770.4401945533144,772.4382526855464,768.2329682614923,770.9703095964713,772.1649144801581,774.0165768083635,776.1255914262965,781.9918170263952,788.8184612983245,793.7805672143776,794.1180982187176,790.0989950589412,788.456277152368,795.0070016868956,802.2665537280944,802.6021461573785,805.024608112754,807.7683837869243,811.2254165564059,812.9552864288997,812.4102543412307,813.354607968207,816.7697128344561,821.4273385076489,823.5057280640357,821.1442599529283,822.2437382367857,827.4214987458737,830.4507190465463,832.171888542289,831.845561525058,831.5064216081116,832.8016656356253,833.1436772945459,834.2171112736041,835.6464548000075,844.9629259466008,850.6706457731518,850.2556848782687,850.6422657248318,851.11977932772,855.1146184084674,855.6546838458235,855.6345894543919,850.5976966255529,856.4988227898125,862.5128710872135,872.8605274365563,877.3998431978147,880.3083990439867,887.1785674867381,890.0536510950229,898.6443593406055,904.806397451533,917.0802615282906,926.2960970860272,933.5813715083565,939.2104992219048,943.436976026534,947.5854135620243,952.0956067677733,959.8525578792016,970.170453852126,982.8462901867241,988.2328066796923,991.6581493690893,992.601385764665,1000.3017718574954,1011.2929655355671,1017.2664913508497,1020.9027008081465,1024.1429922139455,1028.1999551369083,1034.6786897527911,1038.0550895623057,1044.5015037749688,1049.4484562067641,1056.2064494466238,1062.264590834936,1067.9174347078254,1071.7979664056668,1076.7488592594336,1078.418546192146,1080.926960302485,1082.3635818111325,1088.3469876848278,1094.0741477902195,1096.600326408716,1100.5137083871532,1100.8696308108558,1104.929744793775,1104.3323383042225,1105.4892492707402,1108.2490821128788,1114.869558120679,1120.7474506085628,1127.0179976226636,1127.7361037968099,1129.420056895603,1131.591488279405,1134.8559767399888,1140.4979180077135,1144.0203164866678,1150.0358070352677
394622,155,"Gainesville, FL",msa,FL,,,,,,,,,870.4855465718503,880.331240715472,884.1684007646148,893.4888080768665,897.6538598173983,898.7673921299415,883.4435973487344,888.7555646747405,887.3146199962719,899.0915244792498,896.3538241587946,891.8208229617693,888.0224604250078,878.4744231574654,886.3682863041505,893.2927215509006,909.4410012385607,928.7418044242024,939.7812729583075,947.6579244527094,944.8844071178622,953.4004786281945,962.5448677460871,971.2354855146394,975.2711233800754,999.8965620600397,1004.8339384869333,1009.0421242899872,993.2945457567416,996.4455525932913,996.5191996444595,1007.7072511331589,1012.1324086813471,,1006.3311674005648,1009.8497122103662,1020.2832268897457,1032.4178548594352,1046.6556472964419,1053.4158689716196,1063.851690857581,1065.6591438102164,1078.4284686086064,1079.305238885142,1092.1938186941927,1102.1940631486298,1115.6873410935577,1123.8087381250077,1128.1174311329032,1121.5886624757047,1120.0970630209943,1124.8484513193316,1134.7490284537873,1140.7297017724115,1147.0520304746697,1163.5910539028714,1166.4264426506622,1163.3798124383916,1160.0442831266207,1153.3722302007775,1137.4771822106095,1133.036827321305,1130.4114330567193,1145.4562157481523,1155.030486953029,1182.4129695938138,1188.8712279175847,1197.4284111678253,1208.0497506341796,1231.7556486271951,1257.9447110688905,1294.711883900103,1345.9576445063421,1398.3125326409142,1440.6192559267477,1453.386394017371,1454.8074492393732,1444.3619673825876,1450.8971110526704,1462.5139972468821,1479.307455202816,1489.3141001954093,1499.5331294185114,1504.5120837639395,1505.911386637256,1500.8882759483915,1495.337019995829,1494.5257675475084,1498.4795243368847,1508.008505992271,1516.8164494269383,1515.2403440014098,1521.5855401059462,1530.1140002419666,1536.4527147965637,1525.343728650371,1506.2494931192814,1494.3745427129743,1490.2127582945275,1494.8536138569382,1503.8634279663363,1513.3384433556448,1515.755676560787,1514.7103724306019,1505.0753783865707,1501.5167826034658,1499.6459294879348,1512.0703856615312,1517.4664345727647,1526.3283533992594,1531.8444259540445,1533.561143369901,1531.8012773293553,1528.5300923983061,1528.1573716436828,1534.2885038291465,1542.167349268038,1545.5011160517079,1548.543623870702,1549.3953718937998,1559.729282080339,1565.5029114676174
394405,156,"Boulder, CO",msa,CO,1274.2723781563004,1308.8032946957442,1331.3933372191768,1346.641669657645,1343.3485121741442,1356.0445415265326,1379.6185756851626,1414.3658989377252,1410.945735275297,1435.184725809904,1448.2954917329587,1478.354940795742,1467.286498780792,1453.1666389696256,1467.3830111488571,1472.8357946408896,1473.03085925326,1458.5769574751755,1458.1736522721112,1453.6756829515525,1476.1202435723615,1472.612336532765,1496.5614429159868,1486.4637750229294,1506.8692744827642,1511.356502217876,1528.008144779369,1525.4851468262714,1531.0336332157672,1540.2870642026533,1552.2247090648368,1558.2283190422738,1560.205312603013,1563.2972264362395,1558.4356648105154,1569.4035591671736,1571.3288764578838,1584.4296400518663,1579.2260309926007,1591.1802519720527,1598.549454679953,1621.0157551626428,1629.5092388832632,1640.5128738541403,1640.1170515607776,1640.088603809851,1635.9668796929038,1632.0185526924263,1647.0540973033708,1655.732901368241,1661.6767648306654,1666.2682305103122,1672.242366302666,1667.078187142041,1668.052963709015,1670.782144393928,1679.5300108532888,1692.402070666761,1706.838900635782,1720.095853604859,1717.7908707649922,1718.6048578664625,1715.9852270528434,1708.8285448999695,1695.1561573164365,1681.6149873721863,1683.96182091801,1682.8342424749478,1684.6742325748526,1696.3684946696878,1715.5274950571174,1713.8516639706909,1720.7509083793727,1721.9185054551326,1739.0370924341566,1756.5346257212907,1785.0825264215875,1817.7251656181613,1843.5682323614303,1872.1612481875545,1891.8536715187054,1900.0820070429495,1900.2059066050524,1916.1908984191168,1941.0429245221849,1973.6293958434742,1990.2941564017203,2004.1471466606317,2002.342995462005,2006.020852488353,2001.6054394638868,2010.235007364026,2025.8045725008697,2039.0082965277265,2038.2874762076747,2026.59125605354,2029.2612921980237,2042.7459027807324,2058.7586718038115,2070.1850832229457,2080.9713280245173,2079.6285190866583,2085.3765844204468,2081.3557884938264,2090.133421651741,2086.146808527558,2100.11263366485,2102.7966674813683,2115.3809482465326,2113.549415311972,2114.6076251537374,2118.086845358374,2122.8572452589715,2134.067740862977,2145.795613098011,2157.4700131875356,2149.9028266575397,2147.713611242383,2149.5618731422787,2161.812821522875,2156.4024961893933,2154.7626899756337,2151.947034359569,2149.4595710738045,2148.3867128327133,2146.313777483527,2141.5968604879063,2138.108975929707,2140.85584411494,2145.6147431986988
394646,157,"Green Bay, WI",msa,WI,,,,,,,,,,,,,,,,,,,,,,,,,,,,,,,,,,,,,,,,,,,,,,,,,,,,,,,,,,,,,,,,,,,,,,,,,,,,,714.3969852852945,,719.6369479352636,731.319906270492,750.6774687299853,763.2274961298948,775.3046867479667,792.4937980106172,805.5074017784847,805.2217304823303,801.1742679144463,799.807652309141,812.8901574633088,815.6460119731512,821.570490403367,815.3256165006183,820.064134474191,825.9140487635386,837.3271409634209,845.1231616727765,846.2375190597547,855.351365173667,861.0710363608354,866.9606515214529,863.3902272474719,864.9894624663513,866.8464565265763,876.3460454812671,880.8430003841291,890.4164860006962,893.4814493454215,901.0213834798052,895.42660520161,899.7893052802398,895.6411138516854,896.6749555695753,898.9343314440797,910.4624250889084,921.9537380360282,929.9281477796566,929.9577463513691,922.0134918239896,922.2765126119364,919.9712083330323,931.5694848384641,934.3411140769026,946.0747770402386,953.2644467639328,961.2984244938871,961.6646723582151,961.1545271956334,962.1674015629193,969.5461217403248,980.873778998779
394488,158,"Columbus, GA",msa,GA,,,,,,,,,,,,,,,,,,763.8631975541781,754.5719779107233,759.1887637667638,762.6733758706208,763.2947987007346,755.6336505255658,755.6290565194831,758.0735032866666,767.5288540014556,768.5719148925612,773.1106316283948,777.7969755972241,775.1598619448221,780.7992309622762,776.2362891369045,780.9915484913117,776.9758503009444,780.6769623331404,778.7080549585676,787.6191044470754,782.9308194846172,790.1242450267499,781.4486257942382,776.3109362174346,775.8996267420106,771.3051965088488,779.862128339243,777.9647687085062,785.8527300291131,790.6125651960502,798.3529004390197,793.8413152933897,803.7817821075558,803.2059143938104,811.4543599882845,818.6889166786392,828.1535160211835,837.6859699213368,839.090899548615,844.6064120390199,847.5845715932276,850.8870625097807,853.2677100924433,859.8059035411444,860.4231395773407,881.1702444086256,891.0366820281411,907.8353512784805,909.7952590738684,910.3305981192486,915.3074275956463,921.3098509893089,922.7873763934473,925.1489600312113,927.2492532854477,935.7021071615605,943.5112179008242,950.1954001462468,961.6164013190214,970.1877854580139,987.8671006984785,1002.6038366520844,1024.5800417684823,1036.6496188148142,1056.2907774510945,1067.3139115573547,1090.2320149701236,1101.5168140247274,1111.1022570911068,1115.383425927903,1114.1770429590667,1110.3922634190478,1113.4416497501752,1118.5777372437237,1128.9160973800235,1124.263155007598,1132.137117483834,1125.978497720748,1123.5401953945043,1123.535909428793,1130.9629239286535,1133.8483691059607,1126.3725138214033,1138.715791717515,1145.9187194666856,1159.3643933758333,1142.4901472261945,1143.2916573833536,1128.3136868700744,1134.4209078717392,1144.3694963036335,1157.7170505411586,1168.488779985989,1176.1150264640046,1186.5272643991123,1195.9507594457352,1193.3217974052895,1191.4751135558336,1194.1956500649956,1216.0348348833613,1224.2152221141512,1230.2662422303038,1228.4314627503923,1224.7341344723845,1219.3532430428354,1219.655442810936,1223.5233662787032,1218.6032277152276,1223.3325995825858,1223.4731822187036,1233.051401968949,1221.7550561667595,1225.4127734519836
395107,159,"South Bend, IN",msa,IN,,,,,,,,,,,,,,,,,,,,,,,,,,,,,,,,,,,,,,,,,,,,,,,,,,,,,,,,,,,,,,,,,,,,,,,,,,,939.6722820506232,956.1207319664794,990.3123362871842,989.1397016335753,990.7997039509557,1010.1685050979521,,1026.2319377106667,1040.648546099994,1051.825527079195,1061.3726471088037,1058.6303338723958,1056.800643905282,1059.5699462441592,1063.3136655402247,1101.4390888603423,1113.406720104199,1120.7643875649098,1116.9174836434063,1114.8445189390302,1120.215000788978,1123.8127028554297,1135.0308577983005,1136.1748719068014,1138.3725635228075,1145.3868620885964,1155.9002270720478,1163.582107278995,1173.1480896739747,1183.5332219856887,1188.5971580288929,1184.751287729339,1173.450359251223,1180.077187429248,1178.947487501244,1193.3092820683837,1186.3542925439901,1201.1338549388843,1201.0779406834615,1199.2056520163374,1192.2704770512605,1194.456858480513,1216.3240298479877,1242.8239941260986,1264.21537390781,1271.5885248469249,1280.6308830885032,1284.547149535078,1303.9479489418861,1301.7498335995087,1308.493209737608,1311.3338443032628,1323.0038383569567,1326.5729140441288,1318.3763693125331,1309.7920634920636
395109,160,"Spartanburg, SC",msa,SC,,,,,,,,,,,,,,,,,,,,,,,,,,,,,,,,,,,,,,,,,,,,,,,,,,,,,,,,,,,,,,,1024.9791447210976,1026.6659367481984,1021.4687253629468,1020.4344232053979,1022.1186018664198,1040.8114890756847,1043.5938574546246,1051.1961887395285,1049.9440050737785,1043.914649236384,1040.607852445208,1043.9289223325675,1059.0922971617952,1066.572446589441,1083.4161531298325,1095.607963502084,1106.7154057923942,1110.3758246525567,1124.3510120961698,1140.1612867787917,1152.9533280407595,1162.676852628578,1166.938167477724,1180.1253658141327,1184.040402588439,1190.7292943137722,1193.0579183325863,1204.8343157698937,1224.3419386796995,1217.443254387311,1218.220428458056,1206.000405149869,1218.3411735798231,1229.2402377259784,1245.1422707400118,1248.0374471495882,1247.6607421210326,1247.144342010711,1251.2808205573021,1248.949531749375,1225.9082468115516,1239.2092933012434,1246.2014252819645,1275.401249012537,1275.8619292332016,1263.1163261962367,1263.3057497976679,1263.0806061151943,1283.2882804879746,1290.7772577393862,1296.48485556984,1292.3305471702472,1303.1206018722023,1307.3959816735621,1314.1301103366432,1312.905526344579,1314.941415384416,1328.3928804759285,1330.1582417648985,1336.0192033132407,1328.3362162946758,1329.8812374069257,1330.437533905947,1339.1626239390928,1344.324603548233,1341.3682813403104,1337.0302576652882,1329.6448484848486
394645,161,"Greeley, CO",msa,CO,,,,,,,,,,,,,,,,,,,,,,,,,1015.1613851842965,1036.5583421662457,1041.1570259123523,1039.8183151654093,1045.3541902420952,1054.2040397675974,1068.1200828273784,1077.9710829370538,1072.5039374061128,1072.765139925544,1076.3943477638345,1084.7485026373859,1086.7241328758346,1094.5517882247027,1113.482977982282,1117.5974427264346,1122.616407835114,1109.4224724827334,1118.4475811711704,1136.5053072028409,1154.160778243262,1172.1340022612965,1172.1507697726963,1172.5102983059912,1171.8746754968736,1174.8000985920498,1174.573012243532,1181.9944930622737,1185.2648917009963,1199.547231009606,1202.7982717421094,1200.996786026462,1206.4567161402429,1205.533098654356,1219.9435498203263,1231.7157044460823,1248.6611397677723,1255.9798952657168,1225.5714960785492,1222.3868920672792,1240.2617660037329,1237.903768732301,1242.1546594595948,1223.567224478329,1211.2548412375504,1206.3258476237725,1200.90446170462,1212.8745556297347,1231.6263365859181,1251.7989959999186,1264.5927437972955,1263.3515337710246,1261.656117810304,1273.8817744208463,1286.8640092580758,1316.5638990114642,1333.4909087890321,1357.6028036988944,1370.0906142556655,1377.2882951199558,1370.0345771159195,1374.5879623748317,1377.585356341478,1397.2054927054066,1405.7072083612295,1416.2777357602242,1421.6596400502838,1411.315731247957,1406.4249378877978,1406.244620721863,1430.534780282154,1442.836862882125,1460.4759334882551,1454.9174564572015,1467.3258512215434,1462.2512798183038,1470.9772611511332,1462.3956041964304,1461.8727851045162,1462.2462431774743,1474.1610826192398,1476.5682827780406,1482.0312598565142,1475.2205583590226,1471.3469781859244,1462.8961161649577,1472.2040510814768,1478.4813493530232,1489.8948633974755,1492.8589851415406,1500.2707739643315,1504.010627126426,1513.7488741886764,1515.0869326486868,1506.2788253284484,1512.7468435702299,1516.5509782568324,1531.909554054728,1524.4881472650397,1524.0644364282302,1514.6229347431038,1518.095589908766,1514.4933602280926,1514.8295288316015,1503.489085101741,1501.0349801658856
394808,162,"Lubbock, TX",msa,TX,,,,,,,,,,,,,,696.2808319292777,687.6424457963965,692.969485078728,689.0730946760881,692.0694582294333,693.8795325485044,699.9481396147725,693.9888736486887,699.9457588504052,692.9801011519419,697.2328467334855,694.0061759505569,696.4512369814269,699.0454709475341,696.2028254090893,701.2311734476507,700.1434578184425,710.0082715884904,706.479181912585,702.7839100552306,700.9773551602498,705.5827634681533,712.284640993914,708.690530471168,714.071980897804,713.927355198815,718.6188660496421,719.7228443648502,717.559370848922,714.7936571145368,715.311222922036,725.0384264261675,727.184948151857,736.0553893728005,725.1157386315281,729.5379498103853,723.1067318276755,726.2240200288984,724.810028944903,724.8792386198794,728.9716405847583,729.1646459098062,732.6829493289009,731.1112189925717,732.7005821133122,728.2847389865847,736.1756548484882,739.1840325731603,745.3254770576585,739.0541430678163,740.0698724016257,746.0791959221236,753.7209727929496,762.137901986485,755.730020588504,749.4672764030275,747.3664095761379,767.0044709483695,772.509075545998,766.7874157220144,761.9951132043898,771.4274348201951,788.1527153259779,794.4351187310467,798.5858076634349,794.9877672495022,806.1617102547445,824.1037548682419,830.3182728580508,813.7134079627251,823.2144821778661,845.9943201818571,866.2824923536054,867.1165954241911,867.741870593292,876.0237154051415,877.6183640207684,881.5480056694166,882.4252862326911,877.8339146406227,881.987731270002,897.7310384959104,900.5599491175059,899.4663225942901,894.9167232089288,896.6957586908862,888.8538204454466,886.7027869268994,887.8470241672715,892.1561781701699,897.8199170303329,901.1458268739826,906.06352640919,902.213035522864,898.2041895284437,892.1353262249871,890.4205256287438,900.4436115773951,907.1072486150435,911.0613353542092,912.3627727299393,916.4983435028594,914.900487425459,915.4199622920407,916.1947608917934,919.6606050875621,924.2667972380065,929.4980898751236,933.3054538461424,927.9212012820186,929.2958365931846,928.4155731790914,928.9422791251507,925.1229619349939,924.7299675699151,924.3445259887125,921.1481212920238
394471,163,"Clarksville, TN",msa,TN,,,,,,,,,,,,,,,,,727.9809184407204,712.8898604495533,712.37558525747,722.7576983775078,733.3638382653858,735.3195956956811,735.1183353922174,736.6388544386898,736.9517364136689,735.4802239070731,737.6657254278656,740.7630286015293,740.877119739529,747.2037941526642,750.10260647968,752.7335875662264,750.2844644015443,755.8101218420549,761.1960949931992,774.7807545449564,779.1228328531415,784.5390530410237,784.3524252142921,781.5293164488694,785.2205357212093,789.091594573256,794.0208960424422,793.9672741736404,789.282847114863,794.108433121502,803.7309514236963,808.1264317140513,810.2973674805904,812.9795201098269,820.6434385419153,829.904650061143,837.8146866716259,843.7530718769092,847.8040604282686,853.9583807226153,866.5852172265157,869.2043090963878,868.7174117412551,867.9724069609548,874.5506394573295,880.2733807871296,876.5142940109276,873.3346000162807,872.1368711552007,876.988274727607,882.5280176372221,881.3965846788957,887.7307694575106,895.2037609259417,907.4368987150076,917.7075653558254,926.2927822236138,924.8479011354289,935.2246745470445,944.7207312085573,962.441407518103,973.7178378552838,992.4078490779167,1013.5179384016299,1028.1113939198492,1047.0046968289512,1059.449145693093,1077.0006521201562,1078.0741082230493,1093.2021649281974,1098.9572199749218,1116.1505665357254,1126.4780695819243,1136.5679656307298,1136.054867046812,1138.7576095020145,1134.9501477571687,1128.4469136953114,1119.062771239742,1112.9212454548979,1122.3225460396227,1129.0190668538478,1132.279364375852,1126.540697922953,1122.9349009016557,1122.2670520499037,1117.239424603725,1111.2819121413534,1110.5199814470498,1109.4314515565782,1117.2950417072504,1126.544822929766,1146.9328931361586,1149.316967926352,1149.352727343007,1151.1900786739632,1159.476729058705,1164.2768470099493,1170.7118278476246,1179.192732792339,1189.2034771811345,1203.277675428456,1207.3620394290328,1206.9363700889453,1192.6025216280193,1190.6323394780463,1192.865110079835,1194.8520790958082,1190.9547051109682,1187.4263954877965,1185.2904427057956,1179.8338107691964,1170.6600300627517,1157.665222101842
395028,164,"Roanoke, VA",msa,VA,,,,,,,,,,,,,,,,,,,,,,,,,705.9434413946836,700.7366443153292,695.776710677607,694.3060060332393,693.3073720386844,692.4962165760771,697.5706043573055,697.0354897305355,695.9580214312256,693.8922013650554,692.8056952290041,701.8130030842605,697.9441084458855,701.951588104895,697.631986696704,706.0489535810294,703.4948037691214,705.2727018232329,708.5783649428215,716.0286261025183,731.0536384656776,744.961736354669,753.0681584473365,751.3088375641611,746.7872498747104,747.640544699078,754.965964083308,755.4895780105576,763.0315878090055,771.4258732591011,773.2907530202987,776.7041214841531,771.5614221629385,771.5619740266724,774.623440280129,781.6624175433691,798.8376171475935,808.9500655302716,808.375169308707,797.9302215845297,786.8752468714827,782.6599348860005,787.0895548811873,797.9772132113062,812.7419559692169,814.7403346732667,813.5192354327635,815.8995862172675,812.8185921843356,817.2104788369659,822.2647755764273,835.2346015648593,848.5251999955742,850.0446054832468,858.608680689504,864.9976255357333,876.2348708853798,886.6456209021325,903.4466969943896,926.3636949412895,948.5876341831574,961.1733760722708,971.8626184655002,982.9668618071184,998.0354671817034,1020.1799454312687,1027.3818597641941,1033.9058985901565,1027.2230343198978,1041.6584639141483,1042.353970135965,1040.0069176851994,1028.903404498281,1024.9313500345045,1039.3338418042197,1049.5636246218703,1061.0073930471458,1068.8998659492222,1072.3072788734341,1078.9703649195671,1080.814565660884,1084.2607330330788,1091.9089478614546,1094.4034431432485,1101.733770923482,1099.297602763418,1098.4103525283956,1100.8530516182107,1109.9651393017823,1118.3853374567814,1120.214380898145,1129.5707246900167,1132.1042646033188,1136.9353326851751,1141.9005934188895,1150.3342276124613,1159.5533757462347,1174.4610163123575,1178.61837417416,1181.7279701711623,1177.8302269052137,1175.188655267359,1183.0641461049938,1183.4277272103043,1194.0656722898718,1197.135741652983
394579,165,"Evansville, IN",msa,IN,,,,,,,,,,,,,,,,,,,,,,,,,,,,,,,,,,,,,,,,,,,,,,,,,,,,,,,,,,,,,,,,,,,,599.4848820923595,611.0787997436994,616.4431261890794,629.8195897661051,632.8743837973452,627.4372491629092,,613.109159279847,629.8327141368982,655.7075171767555,673.7854576449541,684.5999424816894,697.2628993006617,703.7999717182071,704.843261933737,716.2726921261835,709.3108861379761,718.1411158780462,713.5308094346672,725.1076626809371,725.0162960561702,718.4900233988533,715.5826108884256,717.4028296602572,722.4141084814397,733.1477426735381,741.6690497736755,737.271035898499,749.5435819953868,755.9638313379613,783.3231786069061,780.0943991065777,780.4509400161273,780.5560718284873,789.7809096567664,797.8280318861259,796.5965668615519,795.5077833664416,798.9706656727084,800.0616940024719,804.7005328506923,809.8668193069443,810.0695609680809,823.4231518176938,834.4656260236325,840.7764863929052,850.5617819230504,859.6650129693755,847.1364162706673,848.9628586583283,853.3655475478571,864.0640918759466,868.4636186499006,873.0815266162614,874.6118064536121,878.5225642632832,885.3629816254274,898.3340657094376,904.2705868739267,911.7411660464828,941.6066766399668,960.6970754661118,977.3353535353535
394747,167,"Kingsport, TN",msa,TN,,,,,,,,,,,,,,,,,,,,,,,,,,,,,,,,,,,,,,,,,,,,,,,,,,,,,,,,,,,,,,,,,,,,,,,,,,,,,,,,,,,,,,,,,,888.1480590129918,885.2718981413528,,891.4254150849509,908.5811351325118,922.5161435513988,941.6098978896424,950.6474854510931,933.9742260416392,925.3948783180388,935.5240627699957,954.9517316164506,953.4355653302761,954.9402885751109,952.6214704579537,955.4911652343064,956.259785532573,972.168820667978,990.71622093135,999.0745764997297,1005.0036805467761,1004.9978100638133,1005.5773072112876,999.9783449891981,1007.2295698345298,1014.3864090276339,1025.0409266917106,1040.2894437521015,1046.3842696507593,1044.5320866869217,1036.2113629274227,1036.621963419229,1044.911742983616,1059.2617957607802,1063.2938459412674,1068.175922415728,1068.857427325335,1073.1831319953196,1073.7283841406772,1070.3373225865982,1071.3846153846155
394741,168,"Kennewick, WA",msa,WA,,,,,,,,,,,,,,,,,,,,,,,,,,,,,,,,,,,,1080.3194344762958,1080.6006989774971,1072.762145485335,1064.6917556070364,1060.51915941331,1080.3217940784446,1088.9433940895997,1091.8662448726284,1081.9673360522459,1077.8138396510287,1082.4873683942321,1079.9152277636867,1090.6256706886936,1081.079032311961,1103.7626484392524,1106.7615915634547,1120.8960553583756,1116.6360103558068,1126.2397417781287,1137.3106762057505,1147.5062772114657,1156.2074323114377,1152.466018867146,1159.7883462274876,1159.810329177108,1172.9785038458358,1168.3414635711517,1157.3759123990835,1143.368788123579,1139.5372537375472,1153.3966793195475,1160.1118268650387,1172.6166991271548,1168.9455481971283,1200.9933486266477,1210.2267833077033,1227.776252373596,1227.7731787645657,1242.02312636704,1264.83705847905,1293.9234882660853,1341.6287541076251,1350.1017699089493,1371.967713157201,1372.9863106310063,1398.9213992444757,1393.8198253021733,1403.3317733558997,1425.6491203131714,1448.129848264315,1461.3866645844673,1470.8226219328799,1486.819902337437,1495.840671805919,1506.360370019558,1510.3472308831456,1529.5519889767588,1522.8626897457548,1526.8897777973875,1527.018101506559,1533.042359291791,1543.6500680681138,1568.0916308805547,1585.3711669102913,1585.6845139393502,1572.5412800325491,1575.1657414354966,1578.7717608011085,1577.2153115711737,1586.1226982777266,1598.6294319190627,1603.5282623539706,1594.346969795659,1596.805978619914,1597.0660023290675,1604.7438527831507,1596.416930077507,1599.5090500430483,1602.6531121718494,1610.6463097210785,1611.4989994952905,1618.1616076777798,1620.6027558569724,1627.0605481772277,1637.7060829532843,1637.6066133810664,1633.4829276279886,1627.6753119216592,1640.3428227576412,1651.5523884346383,1655.78177290562,1656.2941832462227,1661.9314540813675,1662.04953221145,1662.3178025927352
395179,169,"Utica, NY",msa,NY,,,,,,,,,,,,,,,,,,,,,,,,,,,,,,,,,,,,,,,,,,,,,,,,,,,,,,,,,,,,,,,,,,,,,,,,,,,,,,,,,,,,,,,,,,,,,,,,,,,,,1104.2669231530774,1096.3177122047314,1105.1039546270513,1097.2214379361853,1118.8227600212942,1129.2807539382864,1140.0971278511786,1140.0600243751426,1149.1711455568823,1168.1045187321604,1182.228535653085,1187.6817825992482,1178.7779296663064,1183.7124749184104,1199.2980217522518,1194.1413282523788,1179.95075307612,1184.946613044425,1200.1935726733395,1215.5710471002478,1212.8372248290682,1200.2516975584033,1198.6024011175925,1212.1248511640563,1224.2083745184193,1237.7269576202598,1234.878163966503,1256.4336758933075,1273.231192277165,1281.2878787878788
394660,170,"Hagerstown, MD",msa,MD,,,,,,,,,,,,,,,,,,,,,,,,,,,,,,,,,,,,,,,,,,,,,,,,,,,,,,,,,,,,,,,,,,,,884.3194939162748,891.1759520895876,884.8593451198325,897.6432013464089,903.790883960801,916.7319986530204,920.7747035721407,926.23967832617,936.375349378143,956.1051161496904,965.9308118852681,982.8201339078577,977.9533125052526,994.6611356603803,1006.6266774025734,1019.4425974153568,1025.6117954533618,1033.2286240433912,1059.150091632195,1079.2391520316576,1089.19836132583,1083.2250840652364,1083.0237696271251,1087.7484217803194,1110.1305818878222,1116.5771569376402,1134.7922311929026,1143.6322279994956,1169.065157920379,1167.4284738346983,1165.0439638575142,1150.4814142919229,1156.161675991567,1155.6590274434002,1173.5528101113368,1173.839182129471,1185.7180550212513,1188.1454346483458,1185.1468171188415,1181.7554491145754,1172.6956284851835,1187.5791720698048,1193.462274495682,1211.2253342736108,1218.0614462305864,1229.6761881546981,1230.216367973966,1235.8056154648757,1239.5051029859942,1243.8717219534606,1242.3281902149795,1251.701401299214,1258.9973903021482,1260.1914600735865,1265.0904973995005,1267.8551562080092,1271.1527311808945,1276.8584112874335,1280.8734959323401,1288.6968242411122,1288.8716490733111,1296.240178696612,1308.5010297482838
394543,171,"Duluth, MN",msa,MN,,,,,,,,,,,,,,,,,,,,,,,,,,,,,,,,,,,,,,,,,,,,,,,,,,,,,,,,,,,,,,,,,,,,,,876.1715112448445,880.6266269971406,867.2106942539442,878.6862401257937,874.4174627143512,879.0484747506761,882.33900890791,895.2895613872697,906.0997088031216,913.1758043750797,919.1602211781674,917.1338433154328,923.1369829386889,924.5380950262696,940.8964279244308,950.066586937442,973.1922588312274,964.8001861027037,961.8541819066646,960.7441968640987,977.3602705708735,984.521117708987,994.409978928384,997.278361651731,1018.0631179838821,1034.5941578687855,1040.6818863253309,1041.7063651205344,1031.8692370273648,1056.8061146447683,1058.8507879970914,1066.7652123280654,1054.5238623801467,1055.46052044053,1057.0788262683748,1068.612222461666,1073.805214820905,1088.2716048271302,1071.9576654251916,1069.089415319894,1066.3465356434906,1087.5566241959325,1098.6556912398823,1102.4886582184115,1104.7958572668144,1111.7070477057923,1123.4102692266752,1124.659885518455,1125.8602133863262,1119.547236685418,1139.6084747870918,1152.8006468567783,1168.860629012849,1153.8942918408227,1157.9745833956165,1163.9070474821503,1177.1784833388165,1182.4031323047934,1182.7889218628604,1188.2244497761703,1192.438884644767
394937,172,"Olympia, WA",msa,WA,,,,,,,,,,,,,,,,,1054.5400770710464,1064.2233419293675,1086.0009139237022,1090.0247036163023,1091.4409313438007,1072.5323851404416,1070.7136360489806,1096.4608498835244,1115.4195687117501,1135.4855601462236,1138.4059613570266,1157.967536876332,1152.3167805046191,1156.1957460311867,1147.738817469859,1164.275292765527,1183.9883980456125,1199.9483589933407,1215.168489120443,1207.29951072954,1213.5527480296603,1210.4415446692071,1223.4023445997475,1227.2486072972213,1231.4383305046686,1237.4595805144806,1244.7758176488414,1257.3308490861732,1253.4999251507843,1260.390387614706,1253.522899773254,1264.3720803634353,1276.0517526651286,1288.9439915374032,1295.2468826169322,1301.3519201263487,1310.5161058860865,1318.884803858397,1329.5314954504797,1326.3355733332453,1335.2532212518947,1341.1522314785734,1355.1407400002754,1359.5665983612557,1358.2341964889633,1360.5270625349724,1388.5988850693436,1395.9149862536415,1389.7892473379634,1386.5654450015895,1401.821683463108,1421.972662946283,1441.6501651770218,1445.294072301094,1450.8570518808358,1453.2028492043796,1473.6198395082156,1490.5589152934256,1517.8843811717416,1530.9783516325278,1548.2847453955817,1562.5523697008978,1586.7060988749297,1618.0265193048992,1639.4751969575805,1660.5413562690735,1668.6453113691684,1694.147994226051,1706.6514270328446,1710.1784137675972,1702.1091707291662,1714.9262114095086,1737.1965573079115,1756.2943941021608,1759.8536264205309,1751.3075842969906,1739.2199909597623,1717.205255324232,1715.2712876564522,1709.5997293114056,1711.264572893171,1717.170129347911,1727.5600160949352,1737.1978584155236,1737.7462330599324,1741.6289484813997,1744.1911665339312,1743.4066700750031,1751.3391358408874,1765.8164914445529,1770.4639486267351,1768.326587051639,1768.8379901712253,1775.019829083933,1783.709347571525,1780.8196416711544,1773.6115387161344,1769.3636790683424,1765.9757028874271,1773.023725700863,1775.7695151358416,1782.0270189871856,1787.1398847085286,1795.5919664658409,1800.4939539736647,1801.0022110865264,1799.7129604411782,1804.1891752323147,1814.7416694832793,1822.726343493432,1834.0738829853956,1841.618883971011,1849.601288515506,1853.9608099851619
394803,173,"Longview, TX",msa,TX,,,,,,,,,,,,,,,,,,,,,,,,,,,,,,,,,,,,,,,,,,,,,,,,,,,,,,,,,,,,,,,,,,,,,,,,,,,785.0556179042568,,786.4872045313135,781.807813578946,794.7967375294835,786.1054863075504,793.7698341240936,,825.6492288795295,840.638873086555,838.886466492557,836.1561329555252,834.5339302031991,846.6875166048053,855.8229640029791,875.300197139125,887.5696850304411,908.5200170824498,912.4232941715273,914.9337991388322,906.3588251636154,897.9037088101313,898.6498739371841,902.6681160724121,921.1586660808644,930.7345957603673,918.4646682457367,914.4142129214348,916.4178644983958,926.0879504187064,932.8532678217377,927.6436577126893,921.5134480086118,912.9715012767757,921.1099412804658,937.8034645995822,938.5234236573928,933.0183892345957,937.3044237744331,939.5394668696356,935.6211947666875,931.4326749863292,936.3545423788835,947.4512361475649,960.7511862422401,976.6863826774311,978.1939194800696,971.3605267671793,969.3065515398476,973.8653593155718,981.5299879270618,985.1070239813057,991.4753474031991,993.0243858018304,991.53312232878,990.7518796992481
395229,174,"Wilmington, NC",msa,NC,,,,,,,,,,,,,,,,,,,,,,,,,,,,,,,,998.7920740017872,1007.6510081031337,981.0418443820494,980.047307523893,980.5184859114448,991.4476459663302,1000.368491578605,1011.3016265287571,1022.9763226777541,1021.6900122134189,1016.8154742073741,1021.478207386268,1009.9096605099065,1019.079331950317,1033.6788813482378,1068.4744168887694,1084.180667597654,1089.0173810456429,1097.2063591668018,1096.1933349258613,1098.293305134537,1101.1149078389374,1117.5003525790692,1122.6843364677263,1147.9843918482923,1153.1844334906543,1163.7077847288706,1150.3680100511733,1156.1223130380047,1166.7977526634597,1171.9480931234768,1170.7407862295372,1171.3272307008651,1177.1553761192972,1180.2890374733765,1190.6576063407606,1187.4835301743935,1177.8995565945818,1174.8526574572581,1181.049037848842,1197.3269884467206,1219.2586934133574,1231.4551930877246,1247.0441273196234,1246.2318532079146,1258.855350074013,1277.831954349509,1304.4391852076294,1331.7438084502212,1370.3044274613956,1403.0656918391708,1428.155297779076,1435.366380451282,1452.804270408492,1479.0084451814882,1514.69002323579,1549.8012722532962,1574.6012836235884,1591.3635276845325,1605.5288235968223,1618.57902010582,1616.4429709493827,1611.7592294903252,1605.1750899911174,1605.7724902547789,1597.2570382001607,1595.2401427656457,1587.384230566897,1588.5409993420571,1577.0274683140847,1572.829040406126,1563.155380424552,1573.1010462751196,1575.4787170597986,1572.540684753327,1564.1459732107278,1560.7301990938247,1559.4347083072375,1552.400100324953,1549.1080588581592,1552.9949524193848,1560.4118726973115,1565.8632455998559,1566.6659070135347,1558.5656099139512,1555.417955466353,1552.722779140116,1561.9936466208721,1567.0207863407722,1571.5221887055573,1575.2841641216687,1576.3143718658348,1567.9264804809752,1563.9992850176297,1559.2777030944512,1560.6982010134204,1559.531204121224,1560.254024560756,1563.2766581315627
395061,175,"San Luis Obispo, CA",msa,CA,,,,,,,,,,,,,,,,,,,,,,,,,,,,,,,,,,,,,,1519.797712558269,1504.8780331991697,1518.6450187521646,1547.0259445201536,1549.1925090796396,1541.6933762533185,1541.769830468907,1563.8055427174993,1581.5818223256738,1583.0665688832453,1581.6447807236407,1593.4353632276473,1610.7301400191188,1628.0150478935097,1634.089968432074,1637.942112807606,1638.2160596631832,1646.0864650296617,1646.792888702589,1638.767023902514,1626.7978393364967,1630.468729226786,1639.46131372071,1648.3764599865367,1656.6409321318692,1663.6914863574534,1664.0984543466602,1663.8602047772833,1668.3603149655276,1667.6153947642615,1671.5974623459774,1680.0287730270009,1662.3868454780218,1708.678030573577,1726.7958748528017,1757.3277689351146,1742.8913034480229,1744.7063719822686,1754.8568820285386,1752.0596278478636,1758.1473222511404,1801.2378820928768,1829.3064263268307,1873.5539844954617,1887.542307659798,1907.1105264614914,1893.1552767941985,1923.9879100410524,1952.0020610549313,1999.5213029708832,2022.8998002609444,2056.017198924636,2069.893083660211,2074.8510411342027,2080.4399700870713,2087.750991162105,2103.1830018077326,2080.863750031523,2128.6623498537256,2106.1990785700864,2157.755787977972,2138.200035517395,2159.844810480777,2162.919044851622,2184.2305557403374,2199.663312288114,2216.3360656680807,2224.4163342771667,2244.089112338043,2243.3183979677146,2249.075510288549,2276.532994543882,2278.297803921495,2284.660171116942,2274.2685532431583,2289.4826541288294,2283.2539004270793,2273.548597195897,2282.9885063727625,2298.247877482226,2327.172797792373,2360.980106306178,2360.8393809256204,2367.5954851777797,2356.7891039597653,2372.572658879885,2384.3297314307747,2382.4530747731064,2390.420706418271,2403.1880701251425,2398.719518546881,2391.139136309814,2363.891304347826
753875,176,"Crestview, FL",msa,FL,949.2723051704991,,964.8871604874505,971.3241063162696,973.5254062918052,974.5184741406832,974.2925783576204,977.813505728754,975.2364405122836,982.8857020870224,977.7013792270923,989.3004268353847,992.9422226113554,1000.2522712918768,997.5633044251565,992.7573195245583,992.9645431862776,999.6144849968452,1009.7673200960912,1020.1981779160784,1018.495964176063,1018.4475199181235,1024.03995529119,1027.761413969084,1037.467713571935,1035.4140152565865,1045.2034488508152,1038.2572371468011,1054.6581113742725,1056.0369379337496,1069.9098253691097,1070.4092845017985,1078.419290693056,1086.6561045212852,1099.072854426237,1112.2195015560092,1117.3633427966975,1119.8042344508012,1120.4085485121282,1132.7126490620685,1133.1659443361953,1142.6504556262369,1149.4735786012016,1154.8848115040814,1159.2987454895094,1173.637463193271,1191.4675408350938,1209.4236210309873,1217.5902431439383,1225.255802903188,1239.2383060803445,1252.9417696955616,1261.881103243664,1269.6594316727098,1271.2338284508476,1280.620697619356,1288.963364231445,1287.5055490709146,1279.2068204516384,1269.6782743357726,1270.1237192965302,1273.672025447171,1306.295976787442,1299.5798939719289,1265.197048434445,1245.7071413141732,1261.3532354117879,1295.2313772987002,1310.3669457972023,1335.5164197353513,1360.0868353006247,1371.6457626771635,1375.174534936439,1399.5988349854633,1443.8128084207633,1504.9623171817566,1573.3342871158527,1657.7093827702997,1721.427761071168,1756.1226462731352,1760.944306408996,1753.2576320921394,1758.632603306018,1786.402015823722,1826.611675092791,1841.4038056003083,1843.083295274477,1832.5448878633556,1835.9228787768698,1825.5700791352338,1803.789525051637,1795.2819237238996,1804.01884279964,1820.8940567297277,1814.2095720059258,1801.9980669178651,1784.3163295086179,1782.6208413581987,1789.347473489817,1793.517408925977,1788.5459329014625,1765.5346780066984,1748.2124138871536,1737.8746793447049,1743.683748740822,1748.4777000492165,1747.6006064763844,1748.3770532313574,1747.3868365732535,1741.127070730594,1733.8060665736693,1741.1372115242223,1761.1526114072187,1769.3270591913747,1783.630824946804,1777.6903912296993,1776.2953402456187,1769.8479486736442,1775.517676466945,1777.7489772197414,1781.2262293714955,1785.008406533376,1786.9820299248368,1779.9486946931734,1763.9852738076281,1767.028705908379,1765.3327930571327,1773.4157392680572,1767.3168405399076,1763.7487541528237
394851,177,"Merced, CA",msa,CA,,,,,,,,,,,,,,,,,,,,,,,,,,,,,,,,,,,,,,,,,,,,,,,,,,,,,,,,,,,,,,,,,,,,,,,,,,,,,,,,,,,,,,,,,,1256.5747378656474,1265.876881278085,1281.582848218791,1293.9299459288457,1307.765416656532,1274.8102615766525,1271.9128923060784,1272.9128514798483,1281.6974076165782,1281.879075208824,1299.0013422904422,1302.337186201091,1320.3475083304381,1326.4236886945207,1366.4775789923162,1361.6521679010243,1368.961508988435,1356.5017288662425,1358.4766638750834,1353.683959666306,1360.644728079874,1373.3588919805525,1372.153606411986,1380.204037650777,1376.757479642739,1408.018999366859,1416.7338844188398,1425.9563426892057,1409.3755320707553,1433.4123125767421,1450.2261754647118,1462.400588371168,1465.1973923986345,1461.2276904247503,1473.2540744177338,1474.493639701657,1486.6798295375484,1472.6164997010155,1458.8032064948634,1464.8532881715796,1484.1298701298701
395197,178,"Waco, TX",msa,TX,,,,,,,,,,,,,,,,,,,,,,,,,,870.225201569087,863.3658280394679,878.3098872761736,865.4862673252853,853.8734658256884,846.980372569662,866.2561597952986,898.2008096699522,907.8554473173806,913.5338945001903,890.2784753053677,909.2006159272229,913.9174296827993,927.2071661712603,919.6418787141507,922.4719734210444,913.0955626923833,909.7194874278737,899.8499415971665,907.8980160474531,917.6199812516317,922.5606369686723,936.4472036014348,926.9630696994128,938.0763170843986,940.9621352605108,948.3808169702443,955.3482200230799,975.1364345423291,988.3789853310449,996.5272188770103,983.5362992531699,,980.608267939994,984.6481326150075,989.6043521393359,979.6234386176975,991.0703981100219,1001.9956020204237,1013.5869956355821,1004.2493316247334,994.5349291709108,990.4269013198333,1001.541240713895,1021.2942188683053,1032.8104610692726,1031.9981729021652,1031.8745340143107,1028.2503804648306,1042.8488105395033,1056.4207750828718,1067.8786087256635,1078.4890239648398,1091.5887331348,1121.6606818863115,1138.926826900037,1152.781272142604,1159.6423521423205,1165.0122904168197,1175.246378799638,1193.6474305455654,1212.575217797484,1225.1214550312102,1229.7671737827052,1264.1469956506066,1275.7201549667866,1285.2682008653949,1276.897326279268,1276.7766934959652,1279.204798205512,1287.6959187315492,1309.8640818775418,1310.2922396019828,1310.0441955788879,1295.933193684423,1301.67749404281,1286.537822709822,1292.7240445021414,1287.3375453488245,1309.2644342697258,1304.2855944606415,1299.3279425686742,1295.1623556174814,1294.5142809920246,1310.4717013101824,1317.041394032372,1326.5942761815793,1330.0911200721184,1325.242141363316,1333.009285790631,1319.1887389122423,1314.1763265704428,1312.5396783823664,1318.7418707260067,1321.9212105632673,1314.7610866090001,1303.2914582370408,1298.4666152791208,1299.0219992254945,1296.3715700925866,1303.3150313491217,1295.4805596330402,1308.686461448376,1306.5156159265616,1312.910973084886
394447,179,"Cedar Rapids, IA",msa,IA,,,,,,,,,,,,,,,,,,,,,,,,,,,,,,,,,,,,,,,,,,,,,,,,,,,,,,,,,,,,,,,,,,,,,,,,674.3488667402208,662.4271094640584,658.3159842635713,663.6104607581627,681.4745911392089,687.0958615971772,695.2667788536934,689.5412724188698,692.3946714797719,687.6028601976827,692.6040953146535,681.7384382414475,687.5230426188544,692.6363090371809,700.903168079481,700.7386081442054,700.6316421508334,708.5440799020263,711.9861990646059,718.6869396932957,721.8656223587034,718.6220233130017,723.0482359457216,726.3537783966882,740.1714236606897,740.7587178811236,748.4998271909891,755.1412555587802,763.1453707514331,762.1155903606674,756.7582733740603,755.3169464061416,756.7668733532558,765.6262137862316,778.6627295283137,783.2714327268756,781.4861365497579,778.1757746427336,780.4225618643856,777.397527220938,773.1966134808171,775.2637598357944,784.9803786023233,792.8860403432773,788.8669344601014,793.7123592073368,779.9746936559518,783.5520149902806,784.0330593873009,793.2962788053349,794.5712484344858,802.6734312338955,811.3140800980793,819.0597884125953,824.6055187485769,830.3058744484392,845.4743880620775,852.7526208731858,872.1486938349008
394348,180,"Atlantic City, NJ",msa,NJ,812.3236169991964,835.5419160305331,844.7581080860533,845.864129287796,843.799132150764,860.5761194236419,876.6324769984901,889.3611191001797,874.1261887311582,863.8491771891453,879.7246021528381,888.3964136562505,886.5872367422154,878.712052745329,883.2199965173941,890.0721413992806,890.0545279912548,859.9303606306345,848.9123019621472,855.7099896294459,883.7044082354871,902.7568236607684,907.8909078600043,895.9236993130316,898.5121629504492,885.0337435825359,896.6968157177549,905.8834437065224,908.3623477690657,905.0792478766865,896.8450586643847,894.4531106203829,899.1334014192344,906.1166148720342,899.5247918328753,897.7312342285388,893.6286494218859,924.1020753104631,918.822142290878,932.204668989343,933.2544900690671,949.7432386162798,969.8021100745298,967.1094510605734,970.9954781900921,951.5938180363345,968.2322305206039,971.4409698023148,990.4748763430243,988.5210500328324,995.0025347790389,987.6932715855005,995.456722155042,999.6518622833714,999.4471916069647,1010.3279616672066,1008.4695650835869,1025.41670889103,1022.8516415736195,1032.3579366027834,1027.575874010093,1024.5829760773547,1024.6479746081895,1027.301385990914,1032.384248847964,1016.2602599379069,1027.5194814962524,1032.1799759706596,1063.8251717838461,1077.1884751652356,1095.4476024065098,1106.6153174207532,1116.9191011471812,1141.8590236891548,1170.7293020202349,1199.36640816102,1234.1423675880196,1254.0434570254604,1287.6630793812142,1313.4500867168065,1345.7027508611584,1363.7388016909647,1373.8457993360005,1382.518677857638,1394.6209374402104,1420.9866395743074,1436.3961464470563,1466.8428664272667,1470.8470152441284,1525.590715576588,1526.647348817467,1538.9302547377802,1512.6626486386372,1508.4462358104547,1504.4725556815301,1502.007609077125,1512.151513414656,1512.6953654001072,1519.4268046681025,1522.6029155341553,1552.3410722197698,1558.8447766464358,1571.8685865766727,1584.84530634069,1598.2918990278422,1629.8372040727966,1648.9794086980294,1659.1176954082441,1647.4772215700034,1633.9614441430651,1655.0336948563813,1664.632115625925,1678.9745370132375,1674.8840845075372,1678.5470788224911,1660.7186111074104,1681.6016040871823,1672.9444291573118,1681.4990011779266,1696.8400640881432,1721.3880486473868,1749.1697879974822,1749.1271462121415,1757.6992914486248,1755.1754534095248,1769.7885106463839,1788.0551680976303,1822.7231898671625,1836.1064579175338,1860.9214285714286
394412,181,"Bremerton, WA",msa,WA,,,,,,,,,,,,,,,,,,,,,,1112.7577677408963,1128.0788328587687,1145.451574579508,1163.0539010951195,1183.8302671063816,1165.8523244641601,1162.4752390606993,1164.9455277678956,1185.0061911423413,1189.1844902262428,1212.1921530464317,1214.0081419193573,1235.9634826855847,1235.6575346460772,1247.42194474392,1264.439216869481,1283.36719941199,1299.3310200828143,1304.529206603627,1301.1830549014028,1299.9273367392293,1286.5058779467033,1290.6327350688466,1299.349105691941,1322.0222504369306,1332.835161068197,1331.851575225994,1333.5481816156196,1347.5451304236592,1361.3892374417774,1378.2565493503844,1392.2940968270811,1405.936029874913,1426.8867796868585,1431.0586071412588,1437.4615672869506,1431.808270033537,1438.7187874195977,1446.7479646124107,1449.6331449307665,1440.3759001124608,1450.0190268382535,1441.5960260079266,1425.030129577783,1408.5959053542153,1406.9320086950609,1424.4036704069663,1439.464441866357,1440.7090387764588,1449.5939694709225,1470.9421346724039,1491.3332316168296,1525.9329260521004,1549.110763857703,1591.9394270370296,1622.244432003711,1659.6624196674013,1694.799484928488,1731.0348153219702,1759.6406305226794,1780.0856356647155,1790.1480775808934,1801.5902810577672,1807.040190622277,1797.3234221335838,1792.5367991429548,1790.4118952339059,1797.2539403176088,1802.270803457057,1804.993779684223,1802.6570114805625,1788.1800687566422,1767.623883464596,1752.3791271120506,1738.672684341374,1736.1078720230034,1727.8573007277262,1724.4275836740246,1705.7726153435171,1711.0855858499103,1720.80999950946,1734.4604001238838,1728.8072712853702,1733.2124426110206,1747.4130932053338,1755.7937355676704,1761.7612852725522,1754.6049113192503,1766.5683243798933,1783.6613928824318,1813.72862293816,1825.7611093286473,1822.6798710558892,1816.8354635961937,1823.4061788202905,1836.5097109769754,1845.6276667144193,1857.2568304507456,1868.7628848785714,1885.5970170920132,1891.575508858895,1889.6306285207136,1883.411495714947,1877.485510972556,1880.743791019584,1884.260177244611,1888.3592916596053,1883.9822534111822,1878.0075339002099
395103,182,"Sioux Falls, SD",msa,SD,,,,,,,,,,,,,,,,,,,779.7077714611329,801.1931681091019,802.2258186434451,793.1595451586364,792.6360108128256,793.7439010881586,795.6289535304086,801.2738296288406,809.9681858939656,812.3567815921606,825.848209178751,826.326670241255,839.5102945372536,831.8778396212494,831.653423418816,822.7645571980669,830.3765393671686,830.9120676786567,840.4512135972317,848.2127009160993,855.9745788773084,853.4207697384321,844.6841161694422,839.5970455197132,840.8444393636397,839.1339040331367,833.8912477612707,835.0382124563274,838.7658483098387,834.9293326189488,837.1996423147932,835.7065049732138,829.5236914172109,833.1031016195029,841.3260714624008,847.8193983462759,843.3786243067406,848.0515563449468,856.0262824162044,865.1725888912096,863.295760436912,870.3778127929438,868.6422674349312,870.5567040423322,860.4113737887377,866.1620089457076,864.4537139154711,865.1481740187536,862.6032984246146,862.7535335314403,869.3130911618721,875.130890365009,883.437041559578,883.6191292962867,894.3714722191147,895.001687598387,897.511949098962,901.4311643260228,910.4301007400445,921.8082412457497,931.0245566574702,941.4465478798287,950.6331791568238,962.3841164096204,971.7618629987375,984.1411979212457,998.8344356920479,1013.3500631222898,1022.5641396490096,1030.447723028221,1039.7323815433601,1054.2532468835586,1066.9393124676126,1083.673960952713,1087.8577140735426,1087.7881392807283,1088.7390420318575,1087.9311778227866,1083.1410221672973,1080.532013915402,1092.5939887802504,1099.9794044470461,1107.2116251054524,1102.8714008550949,1103.1743135323316,1098.8680635684977,1098.6407212580307,1097.3399452957335,1101.7555420018207,1107.5184563818889,1113.9416770665885,1110.4081431291456,1110.9468929601708,1111.9224105685207,1117.2944569742558,1118.4700084933224,1121.2349144903753,1118.0980768182947,1114.8517221478908,1121.8206351969054,1122.4197520522505,1122.1216392774525,1122.0285372203607,1128.578445791502,1125.7720032471357,1125.0396603099382,1120.4393755680248,1123.2615081037657,1123.0269766378249,1128.4485225573508,1134.4079615963205,1133.7071895424835
395065,183,"Santa Cruz, CA",msa,CA,,,,,,,,,,,,,,,,,,,,,,,,,,,,,,,,,,,,,,,,,2181.2854428317187,2219.056806191986,2232.6143452227943,2249.6827063350884,2250.757315925176,2241.1901441591403,2259.8130095747692,2262.213819523372,2270.8914828835655,2274.9784122903384,2263.6146502178003,2274.8299021514167,2263.871890512169,2266.5209791902034,2268.6441350051464,2268.070794879322,2279.2786542357417,2303.407151246621,2319.8607106345253,2335.2711241667103,2317.2008097664207,2328.8972955108898,2310.3075684329974,2296.490931043414,2281.7208668430535,2284.647067839154,2261.172168661389,2230.2236069979076,2221.6669273104762,2278.9872353693027,2308.587471218019,2364.9431403103895,2337.343564662256,2338.819205378624,2333.1440486749752,2376.4820899061824,2396.3903423723814,2409.6840884363646,2438.969911878835,2509.994673911283,2579.7490966183123,2572.5333651252563,2574.5923466646786,2603.95923257689,2676.269118011115,2719.043888509074,2739.5055769739433,2739.4249130690964,2754.147438350513,2774.187760355007,2807.078749884362,2829.649868806411,2825.342454036318,2856.165689550909,2860.5122761589387,2828.743215552911,2804.8714390503237,2797.1179760962295,2845.3847705863113,2866.198533762838,2909.931544213317,2917.4174492316615,2933.1017787563515,2919.1915342838156,2900.42469946967,2875.099859293528,2876.0584991902124,2893.491540108125,2882.281970168698,2876.951268862095,2881.7612732806815,2917.058572583145,2936.411025776976,2959.5883690070746,2949.1645849463207,2962.795572267165,2977.901626409386,2971.989031549946,2988.415981460687,3000.0599128917465,3021.7021955718583,3034.9393753617446,3015.387902541196,2987.3025777879834,2957.5709578437754,2940.9282467415214,2941.28514325584,2936.7473090497333,2936.8019227091404,2948.7919444444447
394572,184,"Erie, PA",msa,PA,,,,,,,,,,,,,,,,,,,,,,,,,,,,,,,,,,,,,,,,,,,,,,,,,,,,,,,,,,,,,,,,,,,,,,,,615.5104656480723,614.0500549872063,599.643067725752,603.8514163198392,606.840796872242,626.516986535995,641.5529018784958,647.5745575908985,646.641015443626,651.9376452077237,652.6709053246029,654.5873063614674,659.6804349113899,662.9275606368886,678.7770034501245,684.4537022155267,696.7999016680509,694.0575930569358,697.1056651242226,708.1317345102293,715.6363907451725,726.4350798693888,729.6024813597556,728.1559066157723,735.9531550536032,749.118286914258,778.6009383805792,774.3690644886865,768.2286558020893,755.0186998169994,763.5271654348708,765.6212517833044,775.6833122019223,774.0780563239715,780.4684435677846,781.0829667484797,789.2840228071614,794.2015419197476,786.9241610096844,798.0823270910483,800.8063419918842,816.928131713045,817.3859405827862,822.5145973988676,826.1726983137937,836.6214299638491,840.092638639936,852.9602065202004,854.695897438801,856.607514292008,857.305576350421,862.7046361578429,874.4352524434898,882.0394107013614,889.6959210269172,895.4740708436146,899.1239200148018,902.5661317251684,909.3353174603175
394924,185,"Norwich, CT",msa,CT,,,,865.6641916713307,850.9514953213678,873.6101393604563,887.4712903796238,908.5531303589432,911.6292934134636,909.588274240843,925.0168657250863,926.2389948224088,933.0611758724824,927.4820123783023,,930.8280375719942,938.7416107364003,920.8990913151301,920.7371113287919,917.3210378734718,929.5114033475792,927.8573963040066,930.5114645623296,924.767292742536,929.3924476868383,935.0293339203362,946.1404180350285,953.3930715504754,961.0093208619,977.3391089047194,974.8198003112791,971.6275200992998,973.7851459466881,975.3789824990515,968.913728042843,964.5059405728948,,976.0238898441212,974.7724754321927,975.6730404227847,984.842050679987,986.273771986793,998.5282877515551,999.4659173705122,997.7645774620204,1006.2026180349392,999.8672276128261,1007.0508983649935,999.0350516911797,1013.3953183168071,1015.9346632940689,1019.2666099598978,1015.8370409897632,1018.9753963348086,1020.3046571325585,1031.7760494580555,1040.580441458767,1045.563775770577,1065.3824290835196,1076.516570384781,1093.543754345671,1092.1866355895418,1077.85431829263,1062.3898745520107,1069.3354351861685,1084.2474276416604,1101.9372941474405,1102.2653029688668,1101.178491388107,1112.4818180375287,1117.0186855362917,1135.5632073758986,1144.7711885962528,1158.9096165037363,1167.274077297615,1179.1464870644215,1200.940842519625,1215.5903139924253,1229.0459002596303,1251.3230135831611,1270.3770084553776,1281.45611015909,1278.1255281552887,1278.9277269117138,1271.1704825382574,1297.1281815173777,1319.272086484969,1354.50438356868,1352.3043615595311,1360.7559736462422,1365.788524139292,1377.6699253859665,1391.9933366769146,1400.30486610438,1410.3181230587247,1412.746996350197,1429.9345091603695,1427.6902133549622,1437.152145228697,1441.546208966188,1456.8463189688364,1465.2357770446492,1474.2454156659485,1492.1399956384464,1506.4028809002532,1519.8208905701372,1526.391990790828,1541.1258463566508,1556.2225674453598,1574.0452930128251,1578.1769562526438,1589.1936691809678,1609.8189152238633,1626.6110188386604,1638.2312922530273,1631.6458376214525,1630.8661549446479,1637.914843274544,1652.8533871699374,1663.0905624657432,1666.9268130550795,1669.8351788811947,1677.9474655734496,1679.4464673514574,1675.5177323632365,1675.6964972274982,1679.8794420798433,1690.7229708309474,1697.8953250093748,1700.3474603174602
394323,186,"Amarillo, TX",msa,TX,,,,,,,,,,,,,,,,,,,,,,,,,,,,,,,,,,,,,,,,663.9167631036955,653.6895215871765,649.3117634670589,655.9031779818154,664.2657283228865,663.2496844738819,668.9333887092076,675.2165847408454,683.7422263537524,677.8025036500616,675.4241048029356,667.1694391124538,667.2577205147335,671.8330522126753,680.9878360018721,682.5320434098742,678.8944959091773,678.7218306222761,684.4292992099043,689.2414153128501,688.2023696287453,688.3369974583638,684.2433384987723,688.459180266229,692.2371421694667,711.8815370923036,717.1921720283622,714.1946833447435,697.4986978981359,705.507045598894,715.0270839683789,729.6160569640999,713.8864383349016,713.3962088679829,728.8633172005508,750.2573979428691,756.6983398452984,751.0516126377801,745.0108216232902,752.1479485038515,768.3340070026946,775.5707344660929,783.4360863245298,783.5819659706924,,819.9658363732276,820.3735413826299,810.165139472509,816.4853795996222,828.6280160235164,848.9474894579765,860.0286492115616,865.3052212589108,858.5838611042083,858.5102194358808,863.1122498367977,861.0703265338925,856.4260880155516,863.4579106061601,864.5769895289218,859.4844662710562,853.0122632249876,848.4891244061859,857.0619049842086,866.3629273374094,889.2267236733395,893.6863155704623,897.9996268920188,899.096674241995,914.5177226916619,900.6878438838361,895.6646827414465,893.9696843771742,908.2664078666893,922.6895598594778,923.8530675790175,928.9965562025345,919.9608700647908,914.7582257552851,917.457701029201,920.239513771634,917.3703912374563,931.4352802819595,943.6713075765704,952.9164337131793,948.9376030171638,941.9306456605575,939.9957180914037,935.5210330169925,937.8980299272934,945.3134615384615
394772,187,"Laredo, TX",msa,TX,,,,,,,,,,,,,,,,,,,,,,,,,,,,,850.7473795357546,,853.5349751339501,853.0205306833002,871.3161288159118,,927.3970236480961,912.7143569872877,887.4519652780552,897.0868072963935,900.4526708786289,892.302597649658,895.9301596346318,903.2415861476012,912.1826851750591,911.033079024948,907.1678223817676,895.2678392628785,892.375238740663,902.5980880730552,908.2465567142748,910.9457633834729,911.6014491086027,922.4730407445778,927.7091363917999,924.5606503428025,916.396824839031,916.6241595520717,912.6929486302829,902.9977033278476,906.298120939927,907.7967320605751,916.4751505932884,910.3763565703027,927.8786323961153,931.8232687158135,928.130070258259,925.5389516703625,933.4895361841895,936.7148938021355,945.9618821410537,942.2818857601465,924.5564645183852,919.3092594468139,921.6664351381135,929.4855290238974,933.4490742102637,931.9528597904422,942.4246821307072,952.2552746390808,973.5720776763458,991.0019096815498,998.8001088652617,1008.2186065482587,1030.1511803671033,1046.712595364143,1049.664590090935,1048.3326462536231,1055.6593204827577,1066.4753947678898,1077.584852486786,1083.3300136556736,1077.1800302203644,1071.093980410633,1068.7664861920553,1078.6839661901286,1083.237436554551,1094.1857610943125,1101.6697205579742,1101.0891795433356,1102.687139499476,1108.3061247310002,1114.4320185359409,1130.597418379094,1145.5332152013957,1158.1595230001076,1167.0797975892929,1168.8147082056835,1174.2230800969091,1171.469007061084,1174.9549500631006,1190.746359786259,,1184.4262251877615,1176.822260126529,1178.7885387746594,1194.8525139417623,1202.8639122150698,1215.1535143111869,1220.4484936937756,1223.78222400809,1229.887707761409,1234.657942162602,1233.4692947087096,1239.04876538939,1248.8122878285126,1256.2620416503046,1250.9237642225517,1236.1972474588888,1228.0329391725686,1216.7202055910293,1210.1666666666667
395171,188,"Tuscaloosa, AL",msa,AL,,,,,,,,,,,,,,,,,,,,,,,,,,,,,,,,,,,,,,,,,,,,,,,,,,,,,,,,,,,,,,,,,,,,,,,,,,,,,,,,,,,,,,,,,,,,,,990.3188109692669,971.5267249057038,973.2332590877143,985.5336506856693,1009.5454221970379,1029.852446426238,1046.467373561889,1060.6005203429697,1061.62210249395,1053.3109683087573,1062.616675426354,1056.3286523765435,1069.9691382129758,1064.256736007576,1077.7568970925338,1084.6756000126522,1090.834321320002,1107.2159360602077,1105.5168893128885,1111.9258658491833,1114.2318711230237,1119.5974092950319,1113.0625601099694,1128.8328553075457,1126.2781612103145,1150.716142552494,1150.4686769513878,1148.4422680482305,1141.4192475795817,1129.593392928129,1134.5601195536622,1140.0470810960508,1152.3315978725352,1164.0988695506203,1175.3110435208682,1178.6154905711342,1190.0030303030303
394483,189,"College Station, TX",msa,TX,,,,,,,,,849.4482111885117,842.704761718005,852.0026737459373,855.5650218469531,859.8752761094332,854.1117719366111,856.0873477068566,858.0690238225806,862.1928370577928,865.9369577353046,858.8513547666797,871.9503458245769,881.531541545813,896.3852382262246,887.5388307272648,874.8040265675949,880.7750594432734,887.5198290484948,903.3557466944848,910.1577765883849,917.0249118742192,920.1684570685894,916.1048388167491,894.41423236914,889.8534022532604,889.671848400946,906.5704642338667,907.8439802153658,909.1691761880155,910.8061690284419,909.681533057993,911.2167533786351,906.591696763121,906.479731941562,912.1327168249967,910.0478921859096,907.3636733056842,909.9118521472435,897.2811235844879,903.9735555182857,900.289117307566,920.2645783088276,918.4557224772707,918.5647729776142,923.0422874313897,925.5447082979703,929.0495631205813,942.6553650402041,949.6444209632697,949.3940083251811,956.7164202133788,957.6576706110635,962.8456344762543,949.1652186692507,949.1149282540915,957.1042041046113,962.8603327849689,954.3180345053827,939.2906626062644,933.09949724047,943.2331487828477,953.9587809254032,964.9533028937522,965.3195628639895,976.5214294343947,972.5974668003826,975.9581805412887,967.6072924937256,966.8019343084114,979.6629947670012,999.8023223075872,1021.0099917596308,1033.1511942926381,1044.003422020278,1046.4131179146573,1046.1280820690872,1042.7605245834886,1049.735127224753,1057.8413281667167,1072.3168652355912,1080.324400344168,1089.4505996260978,1097.3312709347715,1099.9853172504409,1101.673596278332,1104.1349780166906,1117.5485612327263,1124.6566301143062,1127.2062301355354,1137.5184521060091,1152.233115110095,1165.4590727923276,1172.9789900150606,1172.7675670670694,1170.0382280840024,1164.1962718088887,1172.403482698462,1180.4643604112025,1191.2420012826287,1201.5221801820185,1207.210663108617,1208.118739786442,1202.8508136580656,1203.4735607316823,1214.0940046425007,1218.30481661167,1228.4150841916553,1234.782229713374,1238.055460795591,1240.2056661703484,1236.8094668890812,1237.8263548987643,1244.9724099671425,1249.7928407079442,1256.6873592617494,1258.7418372448565,1256.9069803549135,1262.998521798539,1265.5919377190328,1273.645093433493,1277.520107032246,1282.146289146289
394732,190,"Kalamazoo, MI",msa,MI,,,,,,,,,,,,,,,,,,,,,,,,,,,,,,,,,,,,,,,,,,,,,,774.1739573705123,791.5102102439494,801.3833674327826,786.7969162790463,780.2466126242995,781.9322807781326,787.1077790283363,789.3684386896449,788.7773962707586,794.5340760148221,808.3158941422979,815.3840985193553,809.625890006538,798.5359870748043,796.4125664791961,805.163830233606,815.1629560931545,820.292632471447,819.6955480905971,823.5791459251022,825.7616491978641,826.5412817974141,824.9916292198387,822.9156294471467,823.4634153104071,829.5422512737869,844.1826899209183,853.3575298753053,862.6125530392194,867.0655652668511,876.4173700100318,877.90292978159,882.0225371023663,891.7756029860673,908.4934827046078,923.5969044059223,934.89880601311,939.7237512255606,948.8093295622045,951.9332286492973,959.7684058052797,966.6328611527102,975.187080213569,984.1561050640136,992.9142014489122,1001.5684289249053,1007.5654643148104,1014.3310859142373,1016.8277943385621,1020.49213343068,1016.813007693568,1012.3799249075,1008.2845970090202,1011.4043073012842,1018.6619455504432,1025.3270916873741,1026.7466536507961,1026.1573085368834,1015.7934794613248,1008.0805233100434,1007.888787985787,1015.4570179895283,1016.4615067360853,1018.2297646839831,1019.1176772826723,1031.8426042018873,1035.505576760687,1045.0433139381087,1049.2755073438684,1054.778926239127,1060.2052120498183,1065.9483323673676,1068.3250672927088,1068.2692224443135,1075.5510864208625,1084.001012654092,1091.8743110248097,1086.9288225185658,1086.6720755753515,1082.290143201774,1084.6172596092792,1086.7520733439785,1093.9462962873965,1099.4304979027384,1104.5611948790897
394811,191,"Lynchburg, VA",msa,VA,,,,,,,,,,,,,,,,,,,,,,,,,,,,,,,,,,,,,,,,,,,,,,,,,,,,,,,,,,,,,,,,,,,,,,,,,,,,,,,,,,,,,,,,,916.6556905651686,917.1405387424869,938.4079542513849,960.8257545357843,970.9032706578063,966.8967909633097,944.0020278467786,957.4280992445974,963.3416268141373,955.9383409549087,966.1700599577487,975.425754369535,983.8183660218347,985.5589227828766,980.4467945432297,973.5752232207667,970.6583070786362,967.8326325616172,966.9699763743614,965.0412485514979,975.0643875301339,989.5063366464913,997.8127275535373,981.1099726741737,985.8080353911764,986.3044292078253,995.688221667203,992.6001264238545,1002.5341644685204,1008.3217423339681,1024.2416857669764,1025.0989437143937,1024.6295684565669,1025.3237205539756,1021.6121416962746,1033.484660099512,1030.2571642336154,1038.8873375202359,1039.4577676889382,1050.637324447183,1052.171334136255,1059.4830687830688
394455,192,"Charleston, WV",msa,WV,,,,,,,,,,,,,,,,,,,,,,,,,,,,,,,,,,,,,,,,,,,,,,,,,,,,,,,,,,,,,,,,,,,,,,,,,,,,,,,,803.959811891852,795.3668442941025,795.5166521780785,791.5649621126636,803.0287058651647,805.1337751736811,810.8378324211495,814.8361485825558,815.3638886790353,820.0936867798656,829.8375081116022,837.261087342056,832.0845279338143,843.3886700480235,853.2549387254755,866.5584649709318,849.905178735842,842.5655008222762,848.6845056530651,861.8905686723294,870.0596469430031,871.5174201918884,871.5509776220033,871.8657854497376,880.6564615985758,883.905562859478,886.4273771862312,883.2104010374626,894.600757342804,899.7006145320885,901.0617581805969,916.1821285033072,921.2541855177359,925.4203950702386,911.12386276615,915.4072899779004,921.7976530633022,929.6517053035602,937.103895139041,944.2173476606952,951.4898156115586,961.3563266108553,966.6987562341752,957.8900814780025,960.3975664265395,966.9783545761582,987.4238304927529,994.2061683596745,996.9783186708981,998.627587313347,1001.1286181139122
395240,193,"Yakima, WA",msa,WA,,,,,,,,,,,,,,,,,,,,,,,,,,,,,,,,,,,,,,,,,,,,,,,,,,,,,,,,,,,,,,,,,,,,,,,,,,,,,,,,,,,,,,,,,1015.4020078060096,1011.3640559100096,1029.8061267294204,1033.5570108327292,1045.7333224630445,1036.8601928059818,1014.6895804799062,1016.9251710363404,1040.5543599986677,1026.6289609858434,1018.7506320980825,1022.6864067206461,1058.1106325073329,1070.1087474942408,1064.5872054252627,1052.5957941971037,1062.1696059553417,1062.235068745626,1086.471469789491,1071.9944578415104,1086.740853008404,1085.213527940104,1108.6677324281445,1115.3743688667605,1118.068597854019,,1121.9228434137742,1122.9590890210034,1124.7997624049594,1133.122248287355,1137.3947875111844,1153.0888301777202,1146.6168527779828,1150.3432241426278,1145.7966945605046,1147.298360732055,1139.725276952091,1140.4414257976225,1148.2428501552715,1160.8408496036773,1159.5919429116882,1161.935702614379
394585,194,"Fargo, ND",msa,ND,,,,,,,,,,,,,,,,,,,,,,,,,,,,,,,,,769.1303983778959,781.3419798904372,776.6266974037632,768.2518095740846,765.334395204515,765.309989850168,765.0922189225275,764.4085379979875,766.8624323174919,769.833763155411,770.8344378029146,773.8907200134228,774.8580132996676,770.7938598312775,764.5970363172985,763.9331666366535,773.0141874183502,779.3359862554709,778.5564744946785,779.5683018067833,781.4688497093972,781.9332440661012,788.5149706684484,788.0746825869682,787.6928867621979,788.0400362061058,796.9947462523062,804.0724549284138,800.1499143785624,795.5090378548084,791.0861999031,796.2783405905734,793.9335809558286,795.4348281783858,798.312902574623,801.0624477174149,807.6654817380617,811.0664235643376,808.0055175311554,803.2409133289519,811.0675399316932,815.6078546785085,817.5154686841686,812.8124154188956,822.1040444667877,829.5883927367132,829.2078461507658,827.8656706509648,828.863123188176,844.3499227234531,854.604588351775,859.0536503389258,854.4660649015019,850.1473922182995,861.0063562778199,876.1792104179974,885.4511216229083,883.3681717808671,884.8363437410981,887.483698648517,891.7331128826685,884.1646673863587,886.2543405115783,891.7871122847082,901.219724572563,915.47554033275,915.7825319927438,917.730448466889,912.4933749776868,919.3444112572273,927.5167556322465,939.1845085702897,946.0203089027486,950.0137634971885,953.1588421831971,956.9196152886491,971.6590790341771,970.9035727162038,980.3518353303995,976.1356813526122,984.2084644524826,985.0814931103947,987.3689289286256,983.4804156472145,985.9017734010114,998.4262139854895,1002.3231027985202,1005.2086951319066,998.7663232303909,1001.9084943792125,1000.8543451840908,1008.5837977819959,1011.1422263833804,1015.3243970947307,1016.9240101928756,1020.9658325576636,1021.8756044290359,1018.1311914908059
394387,195,"Binghamton, NY",msa,NY,,,,,,,,,,,,,,,,,,,,,,,,,,,,,,,,,,,,,,,745.4740875129995,734.6399917451474,724.6326485510542,739.0977315419175,759.7091163900661,771.1294663450313,762.6325352215438,765.0587273224808,769.3631931830193,778.9639444712424,761.9561262237364,766.9554423476065,760.766209441537,776.048448634618,788.7950549128257,795.6603091909118,786.30989146483,788.2414977496172,787.0112986881594,790.9170798828088,797.1633445342453,811.0404697023705,838.2574714342471,838.6919587157836,830.5756489982432,825.2859151058345,814.1984889130028,812.3319276026776,818.1414036207179,830.6458295635697,843.8364759261119,858.9054299087284,872.6880813236011,868.0260717281647,869.7877637599265,877.1408155481136,901.5457930137568,899.2100902702781,920.674548886729,930.9948391161588,948.1461879975238,956.3542692634956,974.384937695656,987.8141669774092,976.6833986291575,968.299002404685,976.9446116620381,997.9386638707578,1007.019866120909,1026.7556888020988,1035.0225048485388,1053.462288105739,1046.4765108825743,1056.3161451575174,1044.8697719815602,1052.430702817621,1069.460828490661,1097.058516395898,1127.0035060383655,1130.0346946578884,1122.4385641223196,1113.0477205227858,1101.6717191777946,1105.8458960999192,1130.575737950566,1156.590168415663,1178.327882532544,1171.4560656182987,1184.5260429129041,1200.34328990989,1200.506701054752,1191.3264528412333,1199.447989317682,1232.5365134332426,1254.5001679721186,1248.7010675416852,1239.001709452721,1234.573352655883,1251.5035012807941,1267.920760054591,1270.536375035377,1265.3241910503714,1267.2329001369742,1287.0151352236344,1300.543310523797,1292.520463916471,1296.4333368485666,1311.3233121903647,1323.573479483889,1327.3122877784058,1320.689340272748,1325.0870681605975
394609,196,"Fort Smith, AR",msa,AR,,,,,,,,,,,,,,,,,,,,,,,,,,,,,,,,,,,,,,,,,,,,,,,,,,,,,,,,,,,,,,,,,,,,,,,,,,,,,,,,,,,,,641.2781913290747,660.1806136023282,660.034389630476,669.8802905649824,668.6472347866443,680.9845878969908,691.5329143156479,693.1691268175715,704.061290148062,705.9943807913116,729.9807118366326,726.1014692778424,738.5760409289892,736.0313167002554,739.0513006939651,731.5773623490371,732.9425604880146,734.4360367818672,733.5844223865139,732.5667658309432,734.887877041411,741.1762846892483,741.0941586253509,745.0311789373001,742.9295137620072,746.5110459466721,753.0679956070205,762.0841372604152,770.4324782139332,775.6128661798099,777.7549854543847,778.0379535243682,769.3225288200787,770.7022199587717,767.9359137382583,770.1155108979054,771.4782631738217,772.666941504186,772.5902606974536,773.7927174630653,773.3061802821339,772.9979587972614,775.66261805593,781.8053319653999,791.2379479188713,793.4970760233919
394334,197,"Appleton, WI",msa,WI,,,,,,,,,,,,,,,,,,,,,,,,,,,,,,,,,,,,,,,,,,,,,,,,,,,,,,,,,,,,,,,,,,,,,,,,,,,,,,,,,,,,,785.6498555643601,788.9731720758537,805.7823119609686,816.3661314073887,816.8893152684592,815.3440768147516,814.4057895511756,819.4130318733689,832.2484000760745,844.7212008803515,852.6094268257007,852.5059583603115,843.2484329737521,841.725760125233,849.7172605879625,861.234410099401,867.8338539977441,865.5151944236259,875.2847577664819,883.1818876468574,894.0506176921102,892.0607851677732,893.8084084854257,897.748211097749,901.808119027194,904.9994799563781,901.7409951406778,908.6689986182298,909.6695669533145,916.4651345948944,916.358286962768,919.3097998425507,920.6806645064175,925.56580115569,929.8904223057423,936.6481561186232,946.8240315091376,955.6811834228503,962.7426633241756,960.9634744363195,968.0707437092406,975.7565852136992,983.2313764928264,988.6687629525945,992.3584411796608,999.7037037037038
845160,198,"Prescott Valley, AZ",msa,AZ,819.6135414584836,820.8024225663465,823.5847097927461,827.886714942313,825.9133726589126,833.1003067188437,841.6525718637625,850.4786480663589,848.4750785774656,851.4870074803157,840.2920032489815,850.7948919929369,855.1888256593821,857.6868195810353,859.5759863373553,864.6424854595534,880.7339980087735,890.02523621585,888.1532205884905,894.0059463185413,902.2409049042847,916.0387694279993,925.1754519144467,926.5187781259373,934.4311698156414,940.6053427474761,932.4767827871356,938.53888764998,941.234138376142,951.1544176258398,962.4926083178967,968.3246291714388,976.6247445345531,979.3567205972381,992.9837127972348,999.9113673983016,1006.5450147708394,1013.0051303287778,1032.3875326818606,1035.6389238812017,1042.5052752507615,1040.1325918788498,1052.3390047753546,1059.1394471264414,1065.7584626265286,1071.1393396644855,1073.018294478343,1071.6693800429061,1079.0099365342674,1091.1557648131886,1096.2400416537862,1106.0431516244346,1112.5821511892802,1124.113147131223,1126.110085612381,1133.8377714308476,1140.5185222215048,1150.0439080384174,1158.5275404924937,1174.6729679723899,1182.8786990364965,1188.0398107803562,1183.0085815725222,1174.156333360471,1169.8213818736044,1172.0027147068072,1181.6025766302894,1193.6225535172973,1201.4693273010128,1218.3339382532756,1238.0727708319496,1252.6006227859416,1270.697956417432,1299.5059297969908,1322.3021786024274,1343.373462863735,1343.3637742366705,1360.8190311789454,1394.0943876282502,1407.9133354822995,1440.375067149298,1450.4712134435715,1481.8645152931276,1492.9702742399572,1502.3216633046734,1489.3258572473947,1501.8657893342488,1539.200240181144,1594.340092153852,1613.714443692746,1597.97994453711,1598.527614942086,1591.6507094330875,1594.876661267025,1582.4022379182343,1582.818559880005,1577.3733454403393,1580.0810862448138,1580.2575798868831,1576.8924290444181,1576.911603027487,1582.8557980356852,1599.7121414249489,1610.4224562946924,1612.4320748479129,1616.353683676344,1609.816095540928,1615.0906053744957,1617.5090224818523,1625.979118930579,1629.3077926997423,1615.6049632463971,1609.7625902853433,1587.3564074093513,1590.391807815623,1590.1123529257627,1604.3444192674033,1615.1264847758428,1629.8879943534503,1633.592281717021,1641.644365407716,1644.816454688666,1647.6503613653895,1659.9172780777587,1661.929297102071,1680.756790884377,1681.0286818781187,1684.296510666326,1681.0390948422948,1678.0868686868687
395161,199,"Topeka, KS",msa,KS,,,,,,,,,,,,,,,,,,,,,,,,,,,,,,,,,,,,,,,,,,,,,,,,,,,,,,,,,,,,,,,,,,,,,,,,,,,,,,,,,,,,884.6068056125132,895.7452101292122,900.810907890811,906.5358185221666,907.5150180570154,900.2711108325892,904.1429189878287,904.5205879393559,918.8895403362507,923.9481053535608,942.6264090246906,943.5930142553117,946.5629571058279,949.3784054308358,962.0182114430057,976.8820816328071,975.9424772222,990.174870852469,987.2060960358592,992.156243905155,965.5498620301545,967.733356703253,961.9762912362626,989.3479687601161,993.5369428013898,1002.1793060134121,997.9962752732582,991.1231157675229,998.3847994483182,1000.3998719179649,1019.916750122175,1023.353430779914,1042.198335824914,1046.1633223506303,1053.9522344439606,1041.0903758090085,1046.3886552415036,1047.5791666261844,1055.2722212309143,1063.7805859897576,1069.2916048269644,1072.7833766359493,1067.8512071405196,1072.432145186517,1077.0516557339365,1080.8208065162507,1082.6600529100529
394813,200,"Macon, GA",msa,GA,,,,,,,,,,,,,,,,,,,,,,,,,,,,,,,,,,,,,,,,,,,,,,,,,,,,864.4329858830733,850.0552035217039,832.6173134021484,831.2212320950161,847.006850021299,834.1470716855415,827.7971050668566,813.2859005862399,807.4197691969948,816.547051632131,829.545445058877,845.3049307655073,858.5701574146608,850.191210096237,853.8539226871303,853.5052502241705,875.9477182788161,895.1638121595006,901.1914305593388,915.280496510702,911.952206970225,937.1159368042081,937.6253477424505,940.2554935375249,950.5347855012618,984.9753499321673,1023.2840982600804,1044.442269384433,1057.2310285802164,1081.8019284088816,1103.631258641466,1092.2132262504729,1087.073113165451,1080.9668694248503,1099.6473755580541,1094.398932455348,1089.5279186063733,1082.667364512933,1082.9236856315174,1088.468684404726,1082.5377515418347,1080.602087722015,1087.297908520615,1097.6639490167183,1103.4116116754765,1093.4677497959328,1103.700734668063,1117.2773222746036,1141.2958449374516,1144.4781261708918,1133.6944391358545,1125.264110120736,1113.6799479582232,1107.6005564576424,1091.493517234688,1094.5846870079022,1096.6225964729397,1105.895889551291,1108.4624156278207,1107.7497238393037,1097.5507928103082,1093.9178071154274,1102.863471002727,1113.0693461046508,1120.8825584249814,1129.6520136563415,1131.3240144700112,1129.8492055672427,1130.3639850948684,1131.5183873819115,1123.9250302838948,1121.7703268650407,1121.808706067384,1126.0126429403354,1125.3264532136595,1121.684499123652,1123.528699330875,1120.6884055226103,1125.7269963369963
395174,201,"Tyler, TX",msa,TX,,,,,,,,,,,,,,,,,,,,957.2626437848122,958.554991626178,962.9137696446024,962.1376861756211,953.621526736708,947.6999071631489,939.3450941555035,956.0162532950991,961.0887668060309,977.2320088576923,976.8299259044094,978.1780351559319,973.9360726559673,965.7336244513266,961.7485351162194,956.4930657969402,951.5586695694738,943.429716901917,941.4844558886007,946.1384504407758,954.267229883291,957.3592729940736,958.796006703376,955.8198740934668,956.6530224441074,958.720488541449,948.5588793594254,947.8235394326491,957.7119172036677,973.672625586402,977.8428180774647,967.7920382124759,962.9719455987195,954.9699738859063,956.7070781625068,958.4775650754005,961.7483555066435,966.7330794323195,978.1586720567644,984.2704379942338,983.2993803235404,979.1673137809405,982.0509089280309,976.4050687326263,972.6537241757959,967.8694796813483,963.0017536559725,956.930104909245,955.2809802795542,950.6973760085892,952.5709799510041,961.2237809999132,972.2902307729421,984.3384305348554,983.571246675646,1001.2191380328459,1025.6622485172431,1050.5374015192772,1069.3448909648162,1083.4850215663869,1091.9262409080764,1102.975790822909,1114.9060787062283,1126.544758843899,1141.1928080823589,1147.012496776473,1154.691098611423,1150.597596896233,1138.4258479304247,1135.7452855119254,1131.1329747723018,1145.8454023579552,1164.7288990958614,1185.7329040762736,1182.6051029319838,1187.2183101271755,1180.2001053450595,1198.0076233186892,1196.0720700875884,1209.7183944460448,1206.941493033623,1206.0872855603284,1208.5504698426573,1214.112453361108,1214.7526095564167,1195.1174149463475,1188.3522698294548,1165.6572082187529,1163.1288130747498,1156.6196184467742,1182.9330136898511,1191.2153419012834,1199.0519710366734,1198.069342837228,1202.9192581919647,1201.0125513919152,1198.8351938515978,1198.2905551077479,1207.9938909684006,1226.151799133126,1233.554950683716,1233.6078891190614,1216.8136997435142,1208.762104290292,1209.937924971269,1214.9336775406232,1214.4211917005437,1213.684166166993,1214.5098687789537,1222.5463646786527,1220.9935897435898
394361,202,"Barnstable Town, MA",msa,MA,,,,,,,,,,,,,,,,,,,,,,,,,,,,,,,,,,,,,,,,,,,,,,,,,,,,,,,,,,,,,,,,,,,,,,,,,,,,,,,,,,,,,,,,,,,,,,,,,,2230.512664383694,2226.9214482909674,,2203.720477109528,2218.1741858690843,2243.7730962913856,2290.6519301100857,2324.119839506983,2310.3382093275072,2319.3379053040258,2296.327029541703,2325.760479629056,2313.262641129453,2342.6556033935985,2357.264024077164,2359.6874350821417,2360.361421885966,2333.648614236811,2308.8484400198645,2301.7989533028776,2405.167973847585,2424.2665708860873,2458.7659384131753,2449.2122381592585,2477.5092752478813,2471.6880820516876,2489.0514046657886,2498.7356883688153,2499.682922938486,2508.9368603225976,2501.8783698193315,2491.295815567528,2409.9841269841268
394519,203,"Daphne, AL",msa,AL,,,,,,,,,,,,,,,,,,,,,,,,,,,,,,,,,,,,,,,,,,,,,,,,,,,1085.4740113315177,1084.6027706538875,1070.4354950236227,1074.5179891385333,1072.1835668967196,1078.0982987260902,1079.2730939422518,1086.0477821902452,1102.107643753638,1112.4033525890916,1119.986454972044,1109.39194809141,1109.3459128547738,1100.646681925583,1100.4170691348354,1096.70061033909,1087.601256688293,1089.8992118047488,1087.225072593885,1102.3752620425655,1127.5580064818355,1154.1531664948536,1168.7495042043129,1176.2581894391078,1194.5316373090661,1233.4477908149347,1241.8597126337552,1270.4982854945922,1311.419359618528,1372.5646236901543,1426.949291212765,1451.3184509720297,1445.9905882685057,1448.967340963209,1436.2661315950152,1460.132822876058,1446.1551705557426,1442.9046603708794,1463.1638921532133,1479.1427582726167,1492.1139423745333,1475.6048484473188,1465.9425184492595,1464.5249142758782,1485.6882794770459,1493.3219817816498,1505.195238491093,1497.0860216805395,1516.2558288681914,1518.0962434935427,1528.4398319522136,1524.6938041577305,1517.5957129384399,1507.7086277264887,1489.579511888332,1476.7534181033498,1452.4602261119505,1456.091113494168,1470.1104424308007,1486.2186216800906,1486.2391735237472,1484.6716308411294,1488.9870963360956,1486.8368480845365,1486.2681582581579,1495.7448229182248,1499.4958604967755,1496.7712945251992,1509.5489551267601,1505.4905818173272,1494.64377713541,1484.4581118276963,1481.0168359125912,1484.1804526512349,1475.8145844972855,1479.0670173471224,1483.031539456756,1485.7992046939673,1495.5243911530474,1507.075
394378,205,"Bellingham, WA",msa,WA,,,,,,,,,,,,,,889.3660791456616,889.5000893084967,903.5278929458581,914.3599634321389,924.8441478263459,930.9529908414099,937.6692832289825,937.1980234325904,946.5660844342304,957.3551175607151,977.7037162151134,980.6399947636648,988.5749108933223,990.6776604955293,997.4674676643551,1008.3438075529028,1009.5911639308592,1026.8047213902585,1036.248975440941,1056.0920509156804,1058.381595264153,1059.9542908275848,1058.2211232948862,1069.110120720987,1083.2142653680737,1090.2592964256642,1093.631083130582,1093.9519261233154,1101.2770126800297,1101.9500978026163,1113.9199973213294,1129.7588766014785,1149.1559746613,1164.4920126980437,1163.8404691688195,1159.5243186137327,1154.4890884401088,1164.8552031316522,1172.3866376261776,1181.016359948821,1189.242328295308,1195.5525963725327,1197.226505231356,1191.6448483708741,1190.8027455260228,1193.3934197005522,1207.9987680539543,1222.9650299135,1236.1013290492274,1259.4888422846839,1258.2608245681515,1259.9469338641122,1256.7312079827705,1266.687549084908,1267.8507091933075,1247.9372379576603,1238.5540638507857,1261.4751027144832,1284.7843842241273,1312.5659093876345,1305.4411239165515,1324.0393548410702,1333.5596568704354,1356.4750945519795,1374.1631338807417,1392.8718902315275,1411.1324986814889,1450.0165754043762,1466.9816459869612,1489.7148907720405,1493.3394588673266,1494.6621469914328,1500.4819623537885,1506.9887668611088,1541.6184324318424,1556.0997374179854,1575.261675927426,1573.5087891416872,1586.952610622745,1602.1109958794373,1618.468608796274,1618.0813852547933,1609.6130174378504,1618.5245385589785,1635.6874115026703,1654.654589558803,1648.0005513770002,1654.4447330679636,1649.015912729425,1663.377509379571,1667.0720496125584,1670.224312401683,1680.3249726504555,1678.2732939294601,1686.749080150168,1691.5871736237807,1698.8083641583091,1696.0149909108025,1689.8550491498363,1683.8671550429171,1691.3334043696018,1699.0775288689745,1711.8458151379684,1717.930916547117,1716.664474631137,1729.2749456718293,1741.076783430813,1746.4750170901104,1745.1142477334188,1748.7105285467035,1760.7602887311805,1769.4818013775064,1771.8358769170204,1767.8004266556138,1761.1221320540883,1758.0042816570808,1756.6550671550674
394429,206,"Burlington, VT",msa,VT,,,,,,,,,,,,,,,,,,,,,,,,,,1581.7887217554176,1594.6913958432801,1606.5569941468782,1650.0954017425584,1626.1397712782293,1663.7472465479664,1650.6079081186426,1661.065329407714,1618.5862864257094,1615.701000805727,1632.7905964096092,1651.6996583266048,1661.471112534952,1668.8477631205142,1679.7215434946406,1685.1704311577162,1694.057915832748,1685.243111997811,1685.0360880163694,1681.6138325204,1686.631245732956,1696.7058650058962,1700.4084933281156,1701.8738440750176,1700.1346623742718,1696.990816710873,1686.4806747550922,1659.3528811321523,1689.305313438088,1710.9193225783408,1750.9367993380706,1746.154738054335,1751.6636359719168,1748.0911317714554,1740.0828581522314,1737.4822575767062,1744.2311868246672,1742.6082935004843,1735.3633242702947,1736.8583840876686,1739.226203931012,1759.323094281978,1752.8725007614762,1762.0656381295594,1772.2011923443977,1778.0500042104495,1783.7099741676143,1787.1629506650866,1799.1163464696074,1805.7471581708808,1821.2169500030839,1833.0648574742124,1851.0779813913357,1870.1231958557528,1904.6662462289573,1918.9661014835478,1923.7931363989244,1926.017446991329,1939.8064844352007,1956.207390867897,1976.3920850297843,1995.2524445553117,2020.1035248131552,2067.510386582678,2083.943783224384,2109.4866403762917,2111.66890053974,2133.2316359402303,2145.7625733845107,2164.7668504218454,2187.2449363854694,2205.1228293932495,2220.4166714960274,2237.106705504591,2240.83627986025,2233.2354054950224,2250.3388639741916,2257.962313518671,2267.0260777311737,2258.71816989133,2280.683877534766,2300.3518549137007,2298.4268072751065,2309.7778235309374,2306.9567561153444,2331.8883989623046,2337.1736851658643,2356.959374192226,2363.7035319665233,2364.589715658506,2373.2059740220548,2389.3651244823204,2385.9049547459103,2385.230732312913,2396.102820063433,2397.709246571864,2409.7397982662815,2399.1476796797915,2407.8924367901354,2405.549160062014,2406.848486868588,2414.604186198983,2419.152685228895,2422.1963055101032,2426.4775765650634
395030,207,"Rochester, MN",msa,MN,,,,,,,,,,,,,,,,,,,,,,,,,1196.3924304472068,1217.4123547989707,1223.8054833196506,1225.5469601003497,1223.0999153930275,1201.855052011388,1186.8426952461346,1191.1573508879562,1189.6275459763674,1172.4505295689617,1175.3288910570589,1185.566877788401,1188.910900765199,1153.227096302682,1164.2495975481038,1177.8555356008094,1199.2011455319332,1204.6507680281595,1230.2850789110696,1249.2501591870998,1266.6296805662669,1280.5443838856859,1294.4173164465049,1294.1945749146212,1279.4703987651694,1284.5804357069158,1282.5604461535345,1282.0622439233443,1275.5793427956794,1283.5196592489103,1278.5082056919698,1273.8241874751773,1272.3566169485948,1278.426264587444,,1279.437963677403,1296.6275256190668,1318.205967770494,1319.9927505956666,1315.3406956088784,1298.4466606001745,1270.500426849825,1258.4486620676682,1258.0412860951772,1258.3325282389987,1258.2184494922355,1271.5484787465855,1294.6738863248793,1301.3637846103443,1297.0285467543215,1297.3623666958947,1305.2611966512652,1316.9406327009458,1321.7880610127595,1325.8451583279468,1331.1072188338392,1344.1332884265616,1357.7732976283985,1364.5163514913513,1376.5636631002028,1380.508607298445,1394.8816093788407,1404.4358891248592,1420.402739204151,1435.4835189431108,1453.0003506907733,1474.4426772857291,1475.9906595801522,1471.7950889589372,1461.816451992059,1471.910409912752,1471.0183438483946,1482.1447003188407,1481.6595221644823,1478.6326553432727,1480.8731819815505,1481.4213195545603,1501.1380885422525,1497.5546227010716,1499.9268286530544,1492.8675988982225,1505.548401334037,1496.6125926063175,1495.1387465728012,1495.3192980481208,1501.8272445694554,1517.9510238035275,1516.006765021229,1530.3544724217656,1523.0511533735446,1521.2560514027045,1513.955712227806,1521.8750686517271,1541.6469438671234,1552.5064235225211,1561.2820388670657,1564.7142652959017,1566.4452495524015,1562.4797488019199,1568.041535131574,1561.6893523298972,1562.0369277584782,1568.560026181519,1579.9641718319995,1584.440412527447,1570.381411862991
753895,208,"Lafayette, IN",msa,IN,,,,,,,,,,,,,,,,,757.2743398291695,763.9386473744986,775.8763726313096,782.380941897351,783.2984101263401,792.1875677492494,794.4635726084971,802.6271643547926,801.6023771381505,808.8632903938973,804.2560061686771,810.4737737372723,810.504980706166,814.7914180941148,816.4378806929291,813.6896101030926,812.4248354436813,807.8109203134292,810.7352188641731,808.0314176515112,817.0404883376265,816.6249362885268,826.181325560227,821.0510601755017,822.5545474448262,824.7671843165328,831.4866619316205,843.3405344573606,848.4305721918186,852.7585895512221,863.8660122045068,876.2994055617255,881.8436763931653,868.6818414599495,870.8680934622962,880.8473648126875,887.3563214360803,889.331360665179,887.7886606969937,885.0869646670596,888.3202311333501,892.555754391159,889.114748076761,885.9325351710104,883.8687830359986,898.6181435801709,902.4120205285665,911.9400176239387,904.5995847571264,903.341346446915,891.3272281346725,893.2845420143375,898.1628553357157,906.8088128928234,919.7042821897093,932.7809415288191,944.2188002543116,943.2987939357569,930.2565642395244,916.4577051590702,920.2494543471305,927.3596981604134,951.7331853291925,955.2633512472466,967.5339743530463,966.2533650174756,974.3628315293602,973.1082618864173,987.1733436531348,1000.4363766286993,1035.4776153830512,1058.8556425333718,1077.3326470387294,1073.075385295579,1080.984969010016,1105.7373182457152,1119.5518376706432,1136.5308769034093,1129.1493132994253,1144.9217990247296,1141.8917568056572,1154.9071269880778,1147.7438624968547,1154.6986478765718,1162.9398015993788,1188.7108867995119,1200.4375738405806,1206.332285399595,1198.4115939156775,1201.9362801145185,1225.134204191512,1244.256041356938,1248.850911405599,1245.9832138470827,1248.2269499268198,1247.1753785749183,1244.0474818842933,1246.0115937905925,1252.4344457497136,1261.7475947080363,1271.6529792306528,1277.2555477147691,1277.4825684578582,1270.611800263527,1280.3812304113414,1287.6256664773746,1295.8291569872679,1301.4968400843757,1307.9731328255316,1305.8118903888728,1303.4652419046888,1298.118593747009,1300.7714352020641,1300.1045047717944
394454,209,"Champaign, IL",msa,IL,,,,,,,,,,,,,,,,,,,,,,,,,,,,,,,,,,,,,,,,,,,,,,,,,,,,,,,,,,,,,,,,,,,,,,,,,868.5275904236889,872.4982173850094,874.4245846063873,881.6167996990567,889.6672231849254,896.8943439726312,911.6453048193156,915.6544928681658,915.1027713388964,915.2192781252178,922.4788586834193,934.1985935768995,945.9437191891092,955.1373595978359,977.4653222279192,988.1720331784026,1001.1597578609742,999.367873843444,999.7969942745792,1011.2275594568954,1019.4254070832078,1029.3047802126746,1032.4718593850555,1045.7006463206908,1057.0572940483894,1061.7955615143155,1064.3216366415763,1066.2363378433201,1055.4154843537285,1055.206253459821,1059.7281663206168,1069.3720295800215,1071.6551799012404,1065.1771693823996,1060.050074260451,1064.5706301508349,1073.9720060229943,1083.5521713184394,1083.9041581637948,1095.7326906515386,1108.8116923860632,1126.3506111972672,1126.584377802417,1123.0335708441105,1130.307055777959,1142.8579714155176,1157.4520600600224,1158.594112555635,1156.987902057783,1159.2101288060057,1167.1545923338113,1168.7077638152086,1175.306833880334,1176.4429655384035,1188.0529765082922,1197.8967577568867,1203.7510038345436,1209.5421648068707
394848,210,"Medford, OR",msa,OR,,,,,,,,,,,,,,,,,,,,,,,,,,,,,,,,,,,,,,,,,,,,,,,,,,,,,,,,,,,,,,,,,,,,,,,,,,,,,,,,,,,,,,,,,,,1305.36190880538,1319.2762013554254,1290.0356232984689,1304.3146428519974,1264.5526443755768,1285.2920356676602,1279.1163241031627,1316.1761400772796,1312.8279635095844,1317.7719957250881,1329.7883318405673,1339.5888653531254,1341.7087691783563,1334.8982673351425,1355.8142951745642,1374.6857071066252,1399.331897702968,1376.9377043790066,1362.7308152597916,1351.2234948521932,1372.8925656497545,1387.9559744706703,1379.0554501270976,1380.3841003808618,1393.6931125143055,1412.9124887145963,1406.1268568871412,1407.2625053112195,1418.0109770454803,1444.4500290177207,1464.4619949985379,1468.11136251499,1454.0569826981282,1451.7559326973033,1463.2993940757397,1467.692811736833,1469.4697320788016,1467.4561018590744,1479.639233167376,1478.5416666666667
845164,211,"Lebanon, NH",msa,NH,,,,,,,,,,,,,,,,,,,,,,,,,,,,,,,,,,,,,,,,,,,,,,,,,,,,,,,,,,,,,1022.4406762749171,1011.0851917838273,1042.9567348853093,1059.1785844493163,1050.728876220021,1063.7469243675114,1064.8652486623166,1089.457943225449,1089.4805412157377,1091.9014336079274,1101.147299266692,1110.500990976192,1118.1832528016746,1106.747631866967,1095.8789255763186,1080.7209537417593,1110.9844869859655,1143.6390772445918,1172.867108223309,1169.1477754830732,1170.3603229816215,1180.1269891185639,1190.493290335666,1205.9877403022822,1225.6979138132442,1261.7537314178112,1280.5183256161927,1290.6414417853548,1289.9843978184483,1294.4508834182805,1298.4089495431583,1293.8065720199515,1309.1542194693413,1321.7967549370844,1347.4656118637965,1343.600843999874,1349.8296835430153,1351.036686237176,1371.4125406486123,1393.4390536307576,1399.3039304573467,1378.9831329175984,1383.7707573676971,1432.634878508918,1471.2998955444814,1488.2705342121951,1457.2455006358548,1434.1598743829056,1430.043802198378,1440.3810352742,1457.876069408952,1460.7313042636881,1468.1026914559484,1477.5694123691483,1489.733288482967,1496.4641288520475,1460.4818414234485,1471.3540516341739,1499.9870730078057,1537.1952498694293,1554.00550089639,1558.2277620124694,1550.5678666987023,1555.790210374535,1566.5063576012788,1588.1738578785737,1595.1457538494403,1586.4815721931368,1613.0324089277442,1613.7592592592591
394459,212,"Charlottesville, VA",msa,VA,1055.3570440802616,1049.2207411531233,1045.9818758858278,1049.9919306086717,1058.1556895658382,1062.2698105040427,1064.5080386940665,1092.491353048565,1102.5505833306474,1125.7020731249943,1102.8423690176267,1103.2185019848316,1107.0104420859461,1126.963294551107,1121.0636904550618,1110.5942383707293,1113.9981986538596,1128.866234485679,1132.9736209804314,1121.6992030469944,1115.328793113384,1117.703547968278,1128.7635875016247,1143.2776708396798,1146.4256815276335,1149.0690480470973,1153.7022495843662,1160.0522407349313,1167.7564594066805,1169.9058219389672,1174.2125986636986,1176.9638475749284,1182.4802202073254,1184.7222307891045,1204.2642114221594,1210.349123587007,1207.8685782888233,1196.8159707442283,1198.3873555439204,1221.9975039575058,1228.5514983389992,1236.6984832439562,1245.1375867610514,1261.7830444167864,1274.2385636827983,1262.2319990000028,1243.5477902616963,1240.3237393683291,1253.8474337044556,1273.4791568267674,1282.1276517958092,1273.7506369915116,1275.7094105111696,1277.5137971454853,1280.7333920038282,1281.4027205969085,1284.0470642706446,1305.3146570714723,1323.4322877280488,1335.8069341953203,1341.9254356001525,1347.8630412664527,1341.7516119442355,1331.6979214577375,1317.8713649936276,1311.8818318326573,1309.2941494984227,1303.4759543925297,1319.8498007677704,1340.8639117371401,1363.9283602463802,1368.5520154201977,1370.2987994431373,1364.5557393261997,1366.1295495194977,1383.0694355508776,1403.806554064034,1426.254284051607,1450.971002729537,1482.0065243652787,1493.9313248067356,1484.2393731035481,1484.8252052898115,1511.4003756484458,1533.4185930101935,1544.4572001993845,1538.2823967540112,1551.6278814525656,1567.3483506465786,1582.4917470803557,1590.38231513469,1592.6200263813632,1587.0849907414665,1593.451790108946,1600.0585890810496,1616.7475470406591,1628.5163000286334,1641.118720374495,1641.4434771250576,1636.8422700305246,1630.2903022018832,1621.5182153162716,1614.2294509175858,1622.0384992540542,1639.9022529010936,1659.3419358649996,1666.7631351161563,1661.3482364416977,1666.5101632398762,1668.178340587146,1688.7876395918306,1701.0703237605435,1717.9343983882884,1729.5660683894687,1741.9502906463454,1743.3631865377206,1741.3710791672777,1737.0617679880647,1743.2168325698974,1749.2723472036823,1750.828811494245,1757.3826730538424,1758.5451682440787,1763.850399168298,1765.754790584045,1772.8682374625969,1780.1048113159654,1789.082993925281,1797.9341326757024,1806.0692592592593
394763,213,"Lake Charles, LA",msa,LA,,,,,,,,,,,,,,,,,,,,,,,,,,,,,,,,,,,,,,,,,1004.977024206459,981.8623710289735,965.6195086908558,943.0713719080449,953.7089361238613,956.3047282302012,959.3122869741751,963.0288380413335,958.1070474004418,946.387590850179,929.9774514553593,915.35697731973,905.5383901956544,907.5760277456905,912.6645982585769,915.3021905570349,914.0191363889584,897.2782608858704,885.3595404718444,868.8050553173613,865.9118376082622,861.1473451283936,844.4177529038177,836.0227570299138,839.745320060703,851.2844744762385,860.582063810135,867.5321862949316,879.6327005864117,870.875757045562,868.7658428085019,893.3722556550964,942.4666810222051,994.2907269133842,1027.9851150074662,1064.677651258479,1083.7068137763645,1080.5075395475815,1084.8148301162275,1080.7270894121016,1085.2520806336988,1078.4579091939795,1080.0012984189705,1061.708074502785,1049.268524465813,1030.1539086875139,1009.2868831458451,977.7817402700607,949.9202441342595,942.5656901849286,929.8250088890118,924.9005523319868,907.8072848937113,909.8977525043437,921.7852234992883,926.2725021260662,919.1425537800734,893.5492254746626,888.2544672322142,888.4842445914486,901.4208789077314,910.1143177386454,918.3943690297747,929.5115219362831,939.3452582411953,950.1173833842809,950.3290715916145,942.7381489252397,936.6247867969628,940.3444406593621,942.4550179003936,955.4360914799728,964.9035399806169,974.2905381680083,971.1444744882386,964.200854844687,966.3192303552349,965.6932073181155,963.2666012450865,972.9915816541659,985.7368707375161,1001.1213829939833,1008.5556145507379,1006.2655488964416,1000.0798274481192,993.0174842252287,996.9359966605247,1001.2839055672023,1001.8951601258142,1000.5231481481482
394773,214,"Las Cruces, NM",msa,NM,,,,,,,,,,,,,,,,,,,,,,,,,,,,,,,,,,,,,,,,,,,,,,,,,,,,,,,,,,,,,,,,,,,,,,,,,,,,,,,,,,686.8183592136958,694.7282335176656,711.707509186234,718.9266425930099,734.0520610618801,738.289268105139,759.8893528420468,764.073604758113,771.8865746328928,766.372236777959,767.7985286443304,775.2586682617358,790.887020080822,796.3601310430594,805.0240493760394,816.527439184534,813.7791591383506,821.2061504394666,810.8738781551992,828.7227334989558,834.8459262557278,854.6213240066593,865.179533534799,872.1948388979181,868.2341677116929,878.1894670201536,875.6723928583501,874.9423533953718,882.6026548664586,886.7834556731924,896.3799602806978,884.9099494116084,892.0120290825306,890.9992307051364,898.4857159213988,908.0545164767456,907.6086948903619,906.7680167278709,911.3848695790787,914.755162962583,916.6438624252963,917.8240050322928,919.4994485610716,926.1110780159592,922.9629370556038,921.755789473561,916.9130215159245,910.6595989130387,914.6924603174602
394464,215,"Chico, CA",msa,CA,,,,,,,,,908.5705904690341,907.1359696408755,924.3132064317275,931.7930115903671,927.2079181001924,917.6492940775385,916.548096284194,937.9570336943356,944.32971473729,956.8689820704586,960.0899109118973,968.971586783101,971.7973180519209,979.8861218365704,987.775105220268,987.3288252595424,994.235977448601,991.5422056934478,1003.0034515202716,1006.2780419561085,1007.7381669645355,996.8229360085196,990.0978396349061,994.7183154192302,1009.2386323966972,1021.5613273759594,1018.6162704176897,1020.357798279086,1030.1620351220386,1041.3009293502241,1051.5141991280166,1051.254285362599,1051.4950236927464,1045.529776248829,1046.3587360168656,1046.750406056888,1059.9523810402013,1063.5945976491407,1067.435838285296,,1101.8553889720527,1120.6772562124054,1123.921079795304,1133.5645562385168,1145.8044904892258,1167.6248291384577,1182.7217029693943,1190.1551932869363,1181.3143771992984,1179.5781624475196,1183.9109840455124,1170.3145656140534,1160.1063758973253,1143.8774040331552,1185.356840407413,1193.762966081541,1197.271133901499,1183.4382880912526,1181.1783076921117,1168.987130268022,1188.5188651149997,1188.9976102471153,1220.2508998351216,1225.9732115580814,1244.4525266946378,1229.6517654556103,1227.6269009414832,1227.778952908875,1248.0226646825963,1276.005030155409,1279.532955725944,1302.5105610668436,1298.671709632072,1313.8408235213942,1299.1527311286816,1307.3333310045703,1314.9303694984992,1341.823355070437,1345.0788163963675,1355.664852060269,1354.9927250375592,1359.7124034911087,1378.5865279808108,1379.6187495344043,1387.7503119859134,1395.0316681098077,1403.946884161827,1407.2354097821558,1391.996748758599,1390.9011368842955,1399.699424636744,1406.1150829768744,1408.0184305605499,1396.8394435935847,1393.727338369328,1387.92961694331,1400.8385115589044,1397.0705658215954,1407.4149336814728,1407.6652568675188,1419.1568326397503,1420.0423033712514,1417.5095872255108,1417.458808642108,1418.6009056488595,1425.243393290788,1431.8019600360467,1445.0871565262635,1453.5212163960737,1448.9156139013799,1447.732194038556,1452.4987674041429,1456.81248689042,1459.1206761350786,1463.5476418877179,1465.1511816378877,1469.20083985263,1473.3347256442946,1471.027054936563,1467.3933308289556,1457.4588813893781,1464.5343765711411
394681,216,"Hilton Head Island, SC",msa,SC,,,,,,,,,,,,,,,,,,,,,,,,,,,,,,,,,,,,,,,1329.3301872324412,1325.9488654600955,,1316.9593381177701,1322.6699871222334,1297.0055372160148,1287.3571678994224,1285.6118879445198,1294.7484500906708,1294.148429848966,1301.8095479841643,1304.0046792927483,1325.19570668202,1340.526452540565,1335.985484637977,1337.0167053140449,1342.0342985667025,1360.9967582907134,1370.6445654396177,1367.3209769365424,1351.721151385189,1338.7262806756644,1323.7034069841764,1329.7970824148927,1326.8651222485596,1333.4393351663666,1321.2345126077166,1326.7068116954842,1321.378701742175,1344.0104762836497,1349.60658924013,1365.030374032228,1362.7633804314032,1379.2649759159078,1386.5590290963144,1398.5219447231796,1403.3582325905438,1411.8221044345319,1430.3671676757203,1474.2091430569092,1521.0438754503896,1568.190642151028,1617.6968588981254,1691.1216283280507,1763.5735191403512,1801.5765307469737,1830.7089271162838,1841.152683184889,1867.5562088514193,1898.8395154261427,1932.0305809935094,1934.3003451040374,1944.3117222101532,1933.9360896564876,1945.179448406409,1897.9804976382566,1868.3021529288947,1847.2631165684697,1863.8247397210696,1885.5320138297186,1915.8772587136218,1916.0969702465582,1925.1911471080107,1924.1853604265734,1930.528426853313,1939.4941010692676,1934.7205122977184,1925.5886844707516,1897.5472083521147,1897.026483856033,1897.6549357515846,1927.1569426150725,1921.9552825190601,1929.4869774083966,1914.2404658249488,1909.1153146983024,1894.2507612203162,1886.0180968435127,1880.5454884566068,1894.5943061711307,1918.9604831007562,1925.0239404187123,1913.2900166695679,1880.254513918763,1865.8919392680425,1854.8641115866205,1855.2758315019835,1857.6394337601012,1861.7993321321771,1863.1143490030195,1863.501692341111,1860.1970378411909
394346,217,"Athens, GA",msa,GA,,,,,,,,,,,,,,,,,,,,,,,,,,,,,,,,,,,,,,,,,,,,,,,,,,,,,,,,,993.3041645746814,999.9240546237469,991.8446030169459,992.0644057681303,989.9567173602802,983.6601261221251,1001.7146020706496,1015.8560484269001,1038.3642028716977,1049.660855889991,1041.783902322879,1035.8607692551057,1036.1199626462699,1043.2122011028944,1050.5750939187822,1044.1771695852174,1056.8211539664317,1081.7171385588601,1112.451126973503,1126.1521949198495,1114.8467846788674,1119.572180391248,1121.0101151083709,1152.5898938203716,1179.20017735324,1208.8404053142813,1234.059213661413,1252.776922731882,1257.6756602362989,1236.885035718347,1238.5944025428644,1244.6382401711442,1273.1002286602416,1289.9563534304784,1327.4947764089957,1339.6280981110983,1353.7046717614705,1348.3026713476693,1330.6334393411291,1349.5980330028317,1355.34483172544,1394.6906068661358,1388.5738986558338,1407.6369346077943,1397.4649442703599,1410.6967519944262,1418.8197785098605,1436.2066722103718,1432.3524112167959,1431.4546092241198,1449.065617092215,1451.8217170221085,1451.002919845839,1444.9637395737966,1450.178013188756,1453.9563624281357,1463.1011682931935,1473.351901413984,1481.942494138076,1466.9020800284368,1459.981490018842,1456.6260211333229,1459.35308999408,1456.7080737553583,1465.6628449449695,1466.742618416535,1476.6340207405487,1474.8776964562412,1479.2406479778235,1473.7270493759672,1468.090030341367,1480.6553961325028,1497.9337522945036,1515.818727818728
394765,218,"Lake Havasu City, AZ",msa,AZ,,,,,,,,,,,,,,,,,,,,,,,,,,,,,,,,,,,,,,,,,,,,,,,,,,,,,,,,,,,,,,,,,,,,,,,,,,,,,,,,,,,,,,,,,,,,1153.4466980442976,1146.966111953551,1136.0414636275013,1145.9995239948464,1149.4303060800364,,1174.7264095872117,1194.286959429467,1207.4775491901448,1195.4227932268163,1188.4173652592397,1198.4749712424787,1216.4629367373839,1225.7979025179513,1229.9687911244484,1224.1165258446133,1230.2538841338521,1237.1805269031463,1238.4319236510657,1240.9348865781187,1238.608672134502,1244.216115174116,1246.0191188543522,1248.4187349605154,1249.8328521560734,1274.6460765946126,1284.052519877168,1292.306107584661,1292.8414483377226,1289.0427303598851,1296.6384342194158,1292.5931475089205,1297.2534185757359,1300.3780138986222,1311.367488929676,1311.057023136899,1309.1012078708225,1292.430182096032,1289.5588624338625
394485,219,"Columbia, MO",msa,MO,,,,,,,,,,,,612.3175255508223,603.8304839755625,594.1666572756893,,603.4662659890685,609.6141545411888,606.7190968770883,606.8928975827353,604.3292720293844,605.1272775323557,605.2711904340764,608.5604724887769,601.3106906444642,609.1139735948126,612.7773238290625,620.8066962685236,617.0004605260579,618.3147645475524,617.9422768043366,618.2961608692218,615.4568334493443,615.9768670515211,616.2185257235518,614.6420961702781,620.8825912954316,620.7486982099932,623.9559633578957,618.4189786888849,620.7348592016626,623.6424375296298,631.702810964288,630.133834554085,634.1076416483901,634.7448781742949,642.123668736453,644.8932961385467,644.4965709781002,639.3097407250931,638.6406404561693,641.0919352766458,642.3872475872228,641.3701698755416,638.9436451075062,643.1239744391945,644.9947100964444,647.5499742356953,645.4477893829317,647.4782480375768,650.1104252968524,657.1530877729659,660.2596893508112,668.089475207322,663.021307057251,662.6735385417771,657.5426541727547,665.2235408156558,670.9028280493178,673.6126375457166,668.6996688636276,659.8878297067987,662.6750007957731,664.1287828821032,671.0435186638828,675.2775539650152,683.6176093950687,692.6240342199641,706.0355927439072,717.1778246743787,727.857340032493,728.6170750051278,737.2388531018316,749.2029998099995,768.225107043349,781.7610252727551,787.2752655216008,788.2847217694014,795.6033604161048,801.3612030054237,811.6987583973107,813.523593564792,824.6208687370284,846.5188247913262,866.2204554122004,876.167328338971,864.0630369578652,858.6055064690572,863.1909545779467,873.7786834227549,883.0254000752441,894.5721098732289,899.8946840805208,905.455432758251,903.7676492935421,905.9541818436879,906.9089935265894,916.2386246769985,928.9861758661888,932.2274248785696,930.8595791931929,937.7102446410325,944.016414358485,958.3047124982781,965.6032024828012,979.3170432460596,996.1798519120015,993.6893452803533,984.5606341926481,985.12423904406,991.7788651905756,1003.8196870966182,1015.5451457018897,1018.1473823193193,1019.7758388437603,1013.7368280259558,1015.0891042445619,1013.1297418836164,1010.1827238763734,1017.6782229248732,1030.8841520798042
395114,220,"Springfield, IL",msa,IL,,,,,,,,,,,,,,,,,,,,,,,,,,,,,,,,,,,,,,,,,,,,,,,,,,,,,,,,,,,,,,,,,,,,,,684.1550494352908,689.1364268115384,691.1922671942287,692.956706682842,694.9044116215122,696.4192895339527,699.612308243942,703.9490397274465,711.3016187267034,712.7460804389457,714.9327642279816,717.9615480947607,729.1460613231145,740.3695595335715,758.4001526970895,769.2938156265151,770.274071420472,768.948456773553,769.497351579361,776.281334885775,776.9351296072555,782.2363920990133,789.5641513844542,799.7773853921199,799.9829403593928,794.7614464068768,801.7318745321445,810.1420898817241,822.3955183504299,825.9847577477561,838.963830659229,844.6017230320663,852.0062530703306,848.1876870944786,850.5222586357074,852.839733390236,857.7859063272916,873.9344882713908,873.0171215120341,880.0458153472399,866.913227060224,874.6337554785252,882.7894264774901,897.2314798137782,902.0034255849826,903.7860112999603,909.9652056437761,912.1224739348486,915.6107524533232,914.4267007676783,918.8357537078027,918.0421816353429,933.3147442075547,937.3462426106701,935.5808563526632,931.2221551894762,934.901259597179,945.8043069473938,949.6268247499229,955.9457777550838,961.880006703536
394691,221,"Houma, LA",msa,LA,,,,,,,,,,,,,,,,,,,,,,,,,,,,,,,,,,,,,,,,,,,,,,,,,,,,,,,,,,,,,,,,,,,,,,,,,,,,,,,,,,,,,,,,,1044.6325402267107,1031.2942045853965,1007.0990889850103,1009.8074225188232,1028.7005756318886,1081.2766336970094,1113.5363777386017,1136.2651831858861,1110.8067909178012,1105.8318945188535,1113.7499892425876,1144.1982486597617,1155.8545031582098,1161.9455857510084,1178.9262422917363,1156.1946277037473,,1088.8431516045432,1082.7259269054252,1072.3963756938008,1084.6587510910717,1081.4389523008203,1093.889166545955,1095.7496083187868,1105.4002055110982,1099.6075534245942,1087.2963282713765,1097.910568002467,1111.8946941588913,1127.407602549125,1126.7848047225712,1130.3256990208017,1134.2713115847368,1142.2217229734392,1134.328873004305,1129.4763445785882,1127.1754120218989,1143.4431581851784,1162.1162707782266,1176.1462699398032,1184.296395267549,1198.2314814814815
394872,222,"Monroe, LA",msa,LA,,,,,,,,,,,,,,,,,,,,,,,,,,,,,,,,,,,,,,,,,,,,,,,,,,,,,,,,,,,,,,,,,,,,,,,,,,,,,,,,,,,,,,,,,,,,,,,,,,,,,,,815.4838313022075,833.0927474359197,824.6755750918841,818.0863167672478,811.7531414167169,821.6305940767803,824.9410709102671,832.276495853397,835.7977386047965,836.0629665878142,837.2951431844467,840.0416075751854,851.3366845416641,852.4410687018469,850.9856320898988,845.1180813034913,870.310506827806,867.3790242116587,866.653468957093,863.6135313420168,858.079310528406,862.131364901189,865.2230144000043,872.2978761919417,870.2459722476927,868.6653682150375,885.3089211509191,906.5277777777778
394565,223,"Elkhart, IN",msa,IN,,,,,,,,,,,,,,,,,,,,,,,,,,,,,,,,,,,,,,,,,,,,,,,,,,,,,,,,,,,,,,,,,,,,,,,,,,,,,,,,,,,,,,,,,,,804.224590270055,802.1229052863366,,782.1067904019444,784.2138877252529,792.2954356950931,813.4311330961889,820.4644557816373,828.0099712438197,803.6473364547787,790.4764940465824,768.2168834055585,769.4108850475284,772.0313518741826,795.8760778280453,802.7997358003308,803.6341544424279,793.5609549015463,783.2926155239297,792.5178601099108,808.0090063790203,815.2877845249349,806.2359566822674,806.9155562594203,813.1930350975647,824.0505273438348,821.01129994875,820.6275920914453,823.3517647500045,829.3939513247033,833.9024900692015,831.4850638700631,826.1505341233051,837.8310305355933,855.1177835660247,869.5348725669343,868.6549313975269,867.1289412217384,868.8977022978603,874.204761904762
394726,224,"Johnson City, TN",msa,TN,,,,,,,,,,,,,,,,,,,,,,,,,,,,,,,,,,645.4106506581754,641.8984262823054,641.8300554341403,648.7947228087518,656.9630812610718,661.3202759218595,656.959213194458,,663.0857490415638,674.8674734717547,670.6135340862179,674.6840102981315,666.9516447604814,665.3300631737969,669.620448949044,681.0464366482747,692.3280283907629,693.1190969628223,698.9349924006613,709.8252733843153,708.7159767737892,711.301656360815,718.6694714050806,725.0628358313448,733.008734185157,741.6037484130146,746.8876015666189,743.0392011165662,735.563420389247,,734.5134967669886,728.1624031507715,726.8280563245479,745.9713266698002,748.8007967883203,760.583914032379,755.4876095394367,757.6117916157236,761.7637235315025,768.8229670408151,790.1017257936143,802.8037531906272,795.4168766199674,804.8566944938058,825.8233804045384,841.1421404337624,849.3798827868676,851.9571001460018,877.0461697839523,909.9009198844956,930.8095522963064,942.4174196426911,928.0500221749425,928.7064029214936,966.4553384068735,992.5871432244032,1003.852924377414,995.6918852772718,1013.5601019141524,1020.3859126848353,1026.7166394067995,1013.1480838983863,1020.2521672331782,1024.5361130423582,1037.654671978238,1049.523997186306,1045.8193384015965,1052.082579206581,1058.7406454652903,1064.7372167137437,1065.9506346958192,1084.909279186623,1090.3276125086145,1094.2240684125954,1088.5862488290768,1100.4076099341714,1113.5220802247798,1124.646671033567,1121.0016212598664,1126.0643380325932,1130.9442676800984,1147.3273453568972,1152.3050283535183,1138.140176459884,1150.6502633504006,1164.710964070384,1178.436146237825,1181.5948510847024,1184.4063584560863,1186.3056764757089,1199.9793049910431,1203.8813868956386,1210.9198799017379,1213.9432070097232,1222.9097882410229,1240.5274221797097,1243.2289377289378
395247,225,"Yuma, AZ",msa,AZ,,,,,,,,,,,,,,,,,,,,,,,,,,,,,,,,,,,,,,,,,,,,,,,,,,,,,,,,,,,,,,,,,,,,,,,,,,,,,,,,,,,,,,,898.4799317884972,919.708891100969,952.8931964693107,968.558338559524,983.9800227111787,968.2472193013474,978.9911219449098,,953.9369739111701,961.2037910644893,978.6216543233187,1002.1373201795507,1006.0457069544475,1010.0987411010574,1008.4135590205847,999.7086884577241,1004.0584408147322,993.5201820996878,1005.3959619882361,1003.7415175489102,1018.2403911599358,1013.4715892028648,1012.8811047753853,999.8470618665751,1014.3628640445386,1015.4141553600946,1022.0237948305863,1027.539496749137,1031.1721270157548,1041.9664431666,1035.8450234683455,1046.1725932371078,1046.333598354747,1052.8420251197779,1053.1798941359034,1060.263107854718,1054.1373344504434,1055.3846650184894,1052.8894424426685,1057.8454962389944,1058.5912812684962,1064.693261813356,1068.296304453608,1070.6172735760972
394623,226,"Gainesville, GA",msa,GA,,,,,,,,,,,,,,,,,,,,,,,,,,,,,,,,,,,,,,,,,,,,,,,,,,,,,,,,,,,,,,,,,,,,,,,,,1266.7032551993495,1268.6816938210638,1283.9126351192306,1306.955880278977,1365.1484380982956,1415.09349647343,1464.5265791643944,1482.2687973736113,1501.6118159901557,1511.238404840215,1529.7733336440863,1540.9811930782655,1551.2755166512482,1564.9112535334339,1572.9688057354936,1571.3437287078261,1555.1111524364712,1553.8694524429775,1553.367000678662,1554.6634162903765,1566.8218266919964,1577.560166170987,1572.8500197531405,1564.8179661458933,1574.674224404385,1590.4399109265173,1603.5240660918264,1609.7884054398914,1602.6922631888342,1584.9626664977743,1560.4403211839776,1557.2567923247507,1550.9654704878158,1555.6006500486117,1562.2064666937608,1575.6013975964665,1578.2033556520705,1576.2915125310024,1558.1598367360261,1547.7058955468062,1546.050922292238,1558.5489201892053,1572.9468024148553,1573.9355419636734,1571.632599110454,1560.8940754265225,1554.6742107887562,1546.5060908227151,1537.824493312982,1529.660938345135,1535.0245751774298,1539.0000153095389,1543.9927800705855,1539.9102753381728,1537.168082629561,1534.4115323810577,1533.3248277795462,1533.969515988553
394716,227,"Jacksonville, NC",msa,NC,,,,,,,,,,,,,,,,,,,,,,,,,,,,,,,,,,,,,,,,,,,,,,,,,,,,,,,,,,,,,,,,,,,,,,,,,,,,,,,,,,,968.5064522245491,998.9885260080622,1012.9108301150161,1061.3245310058105,1092.867294733665,1130.6275004600873,1167.0300429426138,1213.4592523324634,1265.294277610233,1259.6288459064058,1234.6089013128521,1180.805165905173,1167.0617757773766,1152.1110978961983,1170.6459967859169,1175.9075212267799,1183.2457569422525,1173.4243159105424,1162.7573918351686,1165.3605154784077,1161.335256348885,1175.6093136902045,1193.8718402613486,1210.4479221613776,1213.2858041180916,1205.1250669700746,1203.348828727923,1202.8823998857827,1195.2411084145024,1193.2194051608406,1188.365723935946,1182.846060399193,1184.9569237896599,1194.388005682724,1195.6030949133208,1206.5369108483578,1216.01447175041,1233.077159554138,1232.4537569307624,1229.632012625198,1233.7562876309225,1240.0506654158592,1249.2395021528064,1251.1361594169696,1249.37324125411,1242.7730282184318,1243.3475542665476,1241.4796296296297
394597,228,"Florence, SC",msa,SC,,,,,,,,,,,,,,,,,,,,,,,,,,,,,,,,,,,,,,,,,,,,,,,,,,,,,,,,,,,,,,,,,,,,,,,,,,,897.9483221214772,905.0250935624329,909.5327369562035,911.6864862179283,917.7811272804416,924.0282167363546,936.230387312089,944.6250464512532,954.8378111123035,956.4205552056638,949.9977354307168,956.7433856161746,961.1639541876347,969.4610119848984,972.4337871594312,987.0608531553617,995.5035653758814,1011.336597409534,1023.966899833299,1044.401053743685,1043.8922128124302,1038.8661390486686,1033.018482228053,1042.9444939980046,1043.7031475555882,1049.7874909081163,1039.1831281083428,1031.3263308968803,1019.9989764855146,1025.472987659049,1022.6451342312787,1020.1883671410064,1022.0824136419103,1036.3592169945632,1046.242461585457,1045.9522962699627,1050.1259519245175,1050.612545120329,1067.3186788905089,1088.3315510067703,1111.9187918971284,1100.5741452475172,1101.523105169423,1090.8509366656633,1096.3283331900082,1095.6856527144798,1101.0837469698536,1104.306165515113,1108.740973543319,1112.226619428105,1112.3517822594997,1105.349300689547,1099.7082507993662,1110.261564757725,1116.5457085745177,1130.1296296296296
394680,229,"Hilo, HI",msa,HI,,,,,,,,,,,,,,,,,,,,,,,,,,,,,,,,,,,,,,,,,,,,,,,,,,,,,,,,,,,,,,,,,,,,,,,,,,,,,,,,,,,,,,,,,,,,,,,,,,,,,,,,,,,,,,,,,,,,,,,,,2055.696434516716,2057.4272799581754,2027.7072382823017,2033.1948006673226,2050.6744519556555,2077.6771977376216,2063.612283150132,2098.523130091446,2113.4881579202834,2146.972222222222
395118,230,"St. Cloud, MN",msa,MN,,,,,,,,,,,,,,,,,,,,,,,,,,,,,,,,,,,,,,,,,,,,827.529456008166,840.4615767422642,852.1572527947669,843.3247873153787,854.5757422113057,840.8344002804652,851.8985700177753,853.7515283761279,858.2969067045476,868.6039084375869,860.8965393934502,862.7740978856583,854.6196325722456,856.8374277989942,856.5361570764508,859.3577837592868,857.2602545121849,863.9255115273887,859.14409013737,855.5219760572022,855.9179883435113,856.5213116916847,866.7573677211345,870.5859919104564,875.5747896503359,,908.1321336756271,914.8833057557003,908.1286233747054,905.6154285762783,907.4691714766599,898.5620032186533,901.637973210865,908.4467382275385,921.2202760088577,932.3626314085154,938.3395229862351,936.9816132306131,952.4009252046656,967.2435877481836,985.7031337106314,1003.1656648485593,1010.2804735546242,1035.0745098680582,1035.7826479300745,1046.783398406439,1036.5449940274582,1043.1776350621103,1046.887810187957,1051.3885523833985,1050.0047881983767,1049.110696568144,1044.883979852264,1043.7311781915434,1043.7359062447283,1048.9459956109367,1065.098568121542,1071.452509996583,1085.527396955072,1078.6474533951257,1076.9802872148734,1072.2482981964306,1074.3406158244777,1083.3874501456457,1075.478184289574,1064.7704646686693,1063.5879163800753,1063.4876892329848,1070.8007289966401,1072.344393120146,1085.8001381996428,1096.7748818183304,1100.0822264231176,1100.1223552694396,1100.3134332494367,1099.1095771757755,1111.578089899603,1124.814159658233,1131.9467184325495,1132.1365769922575,1125.610325868671,1126.369668638543,1118.1768899895926,1118.7034134265514,1123.3213979360357,1131.954464018458,1137.4579710144928
395011,231,"Racine, WI",msa,WI,,,,,,,,,,,,,,,,,,,,,,,,,,,,,,,,,,,,,,,,,,,,,,,,,,,,,,,,,,,,,,,,,,,,,,,,,,,881.7363199740564,892.0111461132805,900.1144821363207,903.657487136156,908.5046527554315,917.739039344624,934.7611644541379,932.8373987062167,,935.7404277423143,951.4381539555357,978.2288148174299,977.8715096377624,985.9880242730333,979.2038534333653,990.6958244691631,1013.2081922846737,1025.4585713337701,1028.8550038462843,1025.6130208716754,1037.8501622002516,1033.917306957043,1037.218872950049,1027.9460318091958,1047.5731332332718,1055.027871634251,1069.2775132739796,1073.2370459395695,1074.12482039056,1069.7610244092828,1066.7539104952598,1082.784833798012,1081.1800714290714,1102.8326517451226,1098.8124291916263,1120.4501821481722,1102.9394081461417,1105.341822094397,1101.1455697881242,1104.6732332625036,1105.7601803301636,1120.1230799922955,1139.5713229373368,1132.2295813066844,1141.0959106423784,1137.897659335002,1149.406847129203,1144.4922832242733,1160.7385844105702,1166.3985045137304,1177.5434214453937,1183.860396980365,1191.319955110056,1192.9569782159817,1191.8712641082075,1204.4405594405596
394380,232,"Bend, OR",msa,OR,,,,,,,,,,,,,,,,,,,,,,,,,,,,,,,,,,,,,,,,,,,,,,,,,,,,,,,,,,,,,,,,,,,,,,,,1559.937395126077,1591.3453171823473,1633.5956221616977,1659.0718688145914,1697.2963846290943,1736.2115906142214,1775.146438872715,1809.3392318533251,1826.711123718185,1820.862173877221,1787.0984601608136,1774.3456417584143,1791.3015979409272,1811.1776681345448,1810.5364178014313,1815.5076937641675,1808.7135599488204,1810.1351126665948,1800.1109320645965,1799.5700581074072,1806.6191504644885,1822.4074008275288,1836.7225161437677,1831.8386290812368,1831.7098986802164,1816.7335675695208,1821.3831414871659,1811.5574395359852,1818.840936126031,1811.3693330616807,1828.3571394022113,1830.6469972792943,1837.8448815899287,1827.5859678937722,1840.3853319870507,1859.1608161569454,1871.0439111209594,1872.2320761793985,1863.9498128867353,1876.7623169530443,1870.8083687938367,1870.6483535678772,1847.0848655312113,1855.055511560608,1858.852925058118,1867.5109886471987,1856.565202078221,1851.7583569349106,1844.297004784044,1850.636151343156,1858.1508926713004,1856.2489069497215,1861.86593211695,1868.8973624483547,1883.9488271144412,1880.9808346030818,1877.9802956533251,1879.0495116534098,1885.4091001197385
395047,233,"Saginaw, MI",msa,MI,,,,,,,,,,,,,,,,,,,,,,,,,,,,,,,,,,,,,,,,,,,,,,,,,,,,,,,,,,,,,,,,,,,,,,,,,,,,,,,,,,,,,,,,,876.1880610859447,889.8926002575096,894.2124250216523,884.1261350735064,,886.6626125826033,890.2666116133398,889.9720532097843,885.5655361518836,883.3381117651397,884.3948184263119,882.4330654651689,898.8602998687918,904.2013161192782,909.3064280441698,911.2748232089998,914.4813264758898,915.028144056781,915.9996092451613,917.7255558889584,913.3096773143602,930.5782318360584,934.5106050214696,941.4749226380416,925.0149519949225,927.2597260239104,928.1319811701819,933.9170063814523,944.0099936860829,945.642873063494,951.7454799481276,957.2338441495555,968.6140366729383,962.1311552721168,963.5285988045639,965.3864845331215,975.7337154695126,975.4111697512005,977.6117322745112,979.8258833352692,977.6369114621473,979.6957671957672
395202,234,"Warner Robins, GA",msa,GA,,,,,,,,,,,,,,,,,,,,,,,,,,,,,,,,,,,,,,,,,,,,,,,,,,,,,,,,,,,,,,,,,,,,,,,,,,,,,,,,,,,,,,,,,,,,,,,,,,,,,,,,,,,,,,,1240.9653374573818,1274.430510079378,1258.7729993201976,,1243.0678772578378,1227.7015125799312,1232.7678290964475,1218.840825427228,1243.28460067386,1245.9761137768967,1281.0109336017128,1293.4343730438986,1288.4263015692907,1274.7398378191026,1291.7910586798232,1299.075874923699,1292.1136705094648,1278.1529074623106,1274.8576512136353,1270.4321428571427
395151,235,"Terre Haute, IN",msa,IN,,,,,,,,,,,,,,,,,,,,,,,,,,,,,,,,,,,,,,,,,,,,,,,,,,,,,,,,,,,,,,,,,,,,,,,,,,,,629.7819608056712,647.2715581032596,665.4330458225427,679.2369250202368,687.6825608429276,686.5187170542696,687.5607782429975,694.116967194833,681.1706133127839,685.7866145235187,703.2411041282115,721.9368406692254,738.673149657332,739.6985699449125,732.1229848547732,732.1339816132453,731.3316425728501,738.327524089576,744.0311044948174,747.5337753011784,764.8238302446248,762.086145380729,760.9073958508529,760.2032809774088,762.969375750853,771.0919367408802,764.1642403509137,757.4910867901816,757.0780998577328,764.4903933325639,775.3064921837545,781.9170999095469,786.9642382677586,789.9376554940608,791.0115463020775,789.5648110810325,795.7580406376312,805.538192270858,814.6837682583978,821.5287330810023,816.1863922356638,816.547753293513,820.9773108627038,820.862022215029,819.8287778325797,826.5230722608326,832.4239877402185,839.403120807559,839.1048781191932,836.2060349061245,843.3337061614618,850.8471562909332,865.0992332114315,869.7061611959102,869.577964519141
395162,236,"Torrington, CT",msa,CT,,,,,,,,,,,,,,,,,,,,,,,,,,,,,,,,,,,,,,,,,,,,,,,,,,,,,,,,,,,,,,,,,,,,,,,,,,,,,,,,,,,1134.4177746183345,1170.5281325504147,1183.1483522450596,1186.3864007831298,1203.3951314454498,1225.2400188255713,1256.0804401129888,1263.5242885940881,1262.8797692136504,1263.1253113707746,1263.9439945561044,1266.3978691316406,1287.6619381000319,1287.0190748029554,1300.1169354272602,1309.2029906272915,1323.9298324821716,1327.5179778266054,1333.28248248105,1343.0409006330117,1372.891455547417,1383.8181462615582,1409.2428894556936,1400.3174074096453,1416.1482939323785,1424.874835643465,1417.0237294509127,1419.711622553442,1431.5664046952918,1465.0605486045472,1485.911697428923,1488.9793123152156,1480.9848823397817,1484.5813244477145,1488.8650257433596,1510.9333473970687,1507.9131406632275,1516.9603232672519,1537.0195302129598,1552.4472441368828,1554.1317160798003,1543.6789554523848,1540.557685439183,1553.8689168325204,1567.0695473172389,1581.114613774689,1587.0608928039828,1595.0005411255413
395009,237,"Punta Gorda, FL",msa,FL,,,,,,,,,,,,,,,,,,,,,,,,,,,,,,,,,,,,,,,,,,,,,,,,,,,,,,,,,,,,,,,,,,,,,,,,,,,,,,,,,,,,,1574.3105923222238,1565.2343774286578,1551.953800148913,,1592.3550439093358,1639.0130940563665,1618.3632798824199,1638.2884640782077,1624.1670621927135,1702.5708129699137,1737.8182533359932,1784.0566543543541,1750.5110362794642,1746.7629855036246,1730.742573409901,1701.4150296185308,1666.9205694178945,1665.7395221685374,1689.7019544455218,1704.1538213256526,1694.6045070025573,1660.03005062392,1615.7645047885576,1592.7501970404599,1602.0305033059033,1635.6277356754554,1652.1906783752077,1656.1378831301945,1661.0927090623297,1654.404463844376,1640.16337736975,1620.6682966663611,1626.4683153266947,1634.459497131374,1639.378497335529,1632.9368595405665,1629.1388240302058,1610.8156421900715,1608.997365151033,1616.300433154464,1621.880774153235,1617.785183986322,1617.5331224720076,1618.7081978657252,1616.2592783621417,1606.6531746031744
394386,239,"Billings, MT",msa,MT,,716.6074299473036,720.4632297365058,722.4063125590146,727.5904164298151,729.0294457179863,728.7023274602631,721.7782894355944,718.8302952329041,719.7021179982187,721.8771973553052,723.7250449432256,728.1537003300342,735.4274181474428,743.6648706793925,740.2154306628682,741.0115369555261,739.6095648878099,743.0792532088078,744.9425745240068,745.4603022816364,743.3276121148701,739.703886815794,735.2606503097113,738.831857825454,743.5972773681843,748.7698147342155,747.9120677117431,742.0361945143694,738.2656447629361,740.7542504573447,742.7953273255295,749.496736327753,746.9890794971867,749.5564234654569,744.0101705015907,744.2153172344418,743.1923171344216,748.6637049891492,752.3497229410856,755.1850901606599,757.8453312178469,760.2624368731277,761.9920263765694,765.94941056011,770.3312038520804,773.1713417477523,776.9869625522616,781.373082469261,778.8504773100459,773.8809302322969,775.9123588177924,780.2355275412307,784.4666126208829,785.0634298665746,787.0986631745689,785.3519337155623,788.3256253543428,790.3631133241357,796.0338497206438,797.0462805247379,803.8749366182199,812.1457013630917,807.6050148192958,797.3650212242649,795.7444096842617,812.3381966202655,827.6132699647928,842.8419078864463,852.7446829882615,861.4462568511851,862.432103855333,855.9384237902125,864.0569031241937,868.6826922256039,894.9335858698313,907.8697091084224,926.509018592332,917.1706546745672,919.6259966564581,928.7525244691359,955.2192779193949,969.7866825477851,980.0093985444046,994.8971484194144,1004.4935096953328,1024.504568547913,1034.524029500088,1061.569421145213,1076.1867091539293,1095.6106765987604,1111.4227400749778,1114.3057641504897,1105.9473497869099,1092.0376552178861,1094.9087979016103,1102.179467800396,1110.7439956015642,1118.7649244943623,1116.603509424208,1123.832420751309,1116.0378386142331,1128.4260516935144,1124.4059553253376,1136.0566804083164,1132.6577633845925,1144.791229620381,1152.5199209249565,1158.496432947003,1162.3862571622226,1156.0390461713678,1162.0606800494152,1152.8483317892142,1159.3340766615613,1154.191044747107,1162.49723323277,1160.0547524617375,1171.0851221274322,1176.5937652579764,1178.3978010418334,1178.381224878002,1180.0430321635858,1187.6320101560207,1192.4218353770343,1201.2193602335403,1208.1946052630299,1214.4382199531133,1218.984939353501,1226.8231942378309,1233.5630665630665
395018,240,"Redding, CA",msa,CA,,,,,,,,,,,,,,,,,,691.4814443199674,696.2157046157911,716.0193981141383,,730.683658785451,722.9672648420834,726.3954222781709,726.952215796863,735.2573981948633,732.3819683017057,733.4225772656946,743.343435799663,746.2568685744716,744.6651828153401,746.5433110188305,753.958187907519,761.620626943135,766.2498515899357,766.3789208038381,771.5176178508874,772.2599244044509,773.354984729214,772.2613678256288,780.7081238333881,791.849904980029,797.0226095685729,800.4352685091841,794.9181711543469,791.400382528549,800.0958158897542,814.4331651906808,823.9675950453584,828.364913562923,835.107184891293,845.9562209643916,849.0769963318857,850.0281406140516,856.4599390923205,859.5228785183575,868.2624696308786,876.9923878099231,879.1523007218333,877.2736523731932,876.8011636883695,880.9198863483315,903.2556485990965,903.8900783258816,909.1332952232901,909.0207997579588,904.8488505763686,915.2984069747109,908.4455141290262,911.9327260717548,914.0783521654379,935.7171636738211,957.9277925126079,961.6500566027572,982.4197566894842,981.4856003682884,993.7595992750244,1008.9536129807805,1032.9977559315714,1042.9296025513145,1050.5098134596742,1073.1749111264894,1093.5860168034487,1103.8094184719664,1096.4469458797257,1099.7973497326338,1091.7841473019491,1116.7962701547747,1129.7750903338613,1128.309236632843,1115.4406107648072,1122.5161244065707,1142.220287399867,1145.2058032353343,1144.7776108580235,1141.0490969621476,1147.692900206133,1163.8799708264419,1165.515639220539,1168.235395422968,1166.516801718599,1179.7839256543896,1194.6969563193927,1196.8202808235017,1194.9146809813326,1191.3445836958908,1193.8970973194582,1188.0399820275604,1181.854067709595,1179.0753340058104,1196.625809901847,1212.3856617721403,1204.3630773696616,1212.6424016130493,1226.0349996814582,1239.562792075681,1240.0573695628016,1241.0207539380685,1249.0760044672593,1266.4578678593123,1282.5028830540243,1289.0672074075771,1288.310772808599,1281.7393743712994,1298.6605304529012,1297.9170439057293,1294.4501484204718,1293.6836110983943,1302.226115717273,1314.2227106227106
394748,241,"Kingston, NY",msa,NY,,,,,,,,,,,,,,,,,,,,,,,,,,,,,,,,,,,,,,,,,,,,,,,,,,,,,,,,,,,,,,,,,,,,,,,,,1467.625578707331,1469.8539754801918,1448.494977669937,1441.058769396365,1482.180080680277,1528.8871020868594,1565.9349578235206,1563.6240271172132,1575.4133600395653,1584.853699052797,1611.375214012804,1607.6441365242172,1588.765365168732,1605.8211956706348,1664.3693124801785,1716.3610126668548,1698.2780210526334,1681.2684323447322,1676.3802200894124,1716.9853293232122,1739.0642257830414,1770.786786868369,1775.1444051575206,1763.5164437700055,1740.547087604109,1718.8242980166017,1737.0374335215745,1765.7801305217677,1783.4067613727543,1771.0566930211392,1752.5876713526513,1764.6553727501896,1772.479836187919,1742.5644340797974,1742.245361002268,1756.3777516908542,1832.1406541234553,1858.2806194249827,1857.9272881466602,1828.314454622067,1862.7255988015957,1889.5839419352176,1903.0420844774442,1876.2594117849976,1874.3733351570427,1893.0710214341868,1902.2244892920714,1912.5099977322454,1883.8270488985772,1888.4046773400003,1884.8607984708215,1900.3837086202002,1886.0164399853043,1892.6876159190522,1910.8755490549013,1935.9080723246966,1948.2687848841326,1962.5984848484848
394960,242,"Panama City, FL",msa,FL,,,,,,,,,,,,,,,,,,,,,,,,,,,,,,,,,,,,,,,,,,,,,,,,,,,,,1303.3148289376238,1317.002526957912,1353.0502675606645,1357.0115399816693,1390.8517059588169,1385.32708563225,1346.3101978182676,1319.9685338892925,1295.6209077808496,1281.9936256007295,1288.8028792136702,1274.2018839081902,1254.081343057283,1235.7217747501004,1237.493613594721,1269.4221162455494,1276.96803254377,1288.6785090385026,1299.6290244853185,1305.136399792688,1318.8418280899382,1326.538759377918,1357.6989331420446,1382.4311194922116,1409.0853205711549,1424.4732714739605,1431.357047361332,1466.1857467636944,1504.8428438629057,1541.4415283685512,1549.6964997798307,1565.657881880529,1585.0424123785701,1598.0526871827246,1587.7268679522438,1590.2350977388905,1602.2599524847283,1624.2993622577626,1637.5137489566382,1622.79544522845,1615.68404224427,1593.3001196271318,1591.8144388639205,1582.1653799972057,1582.9950701563607,1599.7738281657805,1614.5807710538559,1625.2187552362307,1614.2721852105956,1600.7851950882084,1576.2999946375776,1560.3206318167145,1552.0631385438292,1572.2368317610023,1579.6961687174146,1576.404431991944,1565.923455364417,1558.3758145509444,1574.585798191886,1576.0463327758991,1581.071542114893,1569.218228818118,1571.7157388427788,1578.3980443964329,1581.9057177009472,1574.4463319996034,1567.4456399943963,1570.6585959198255,1573.4458073211526,1568.042403074059,1549.3311884663774,1541.360689971482,1538.301435705735,1546.82749711565,1551.2991051351275,1553.0500154086103,1551.6388936566532,1547.688679245283
394729,243,"Joplin, MO",msa,MO,,,,,,,,,,,,,,,,,,,,,,,,,,,,,,,,,,,,,,,,,,,,,,,,,,,,,,,,,,,,,,,,,,,,,,,,,,,,,,,,,,,,,,,,,,,,,,,,,,,,851.6875651512514,858.480469079294,886.1088875531739,899.116779534771,911.9016836070184,911.3360802959796,909.247264271217,905.7749675432107,920.4520367051281,924.4104177886328,912.5186427516284,908.9907215086284,899.6184364424143,919.2980401596658,927.9677249577957,933.774403950396,931.380973437665,930.4837459541122,940.734187201023,956.4082531655462,952.3047063258398,956.9410088215993,964.4969638334805,983.2415488131111,997.8520828017184,998.5905445024002,998.3679968493275,1000.3513774850055,1009.4303273443942,1024.4369943257088,1037.3846560846562
394539,244,"Dover, DE",msa,DE,,,,,,,,,,,,,,,,,,,,,,,,,,,,,,,,,,,,,,,,,,,,,,,,,,,,,,,,,,,,,,,,,,,,,,,,,,,,,,,,,,,1436.4725183859455,1436.6937615878874,1414.6327424322637,1405.2086962899582,1401.2289003325766,1423.807128659762,1444.307243219833,1451.7822139139446,1436.4940026491408,1422.944451911687,1429.469709400908,1431.5249769929906,1439.446087963617,1451.545618965005,1463.395069128978,1464.5323105468217,1448.820194533518,1430.872395786057,1427.8733763465134,1443.2772227374587,1469.2679219212077,1488.829592684673,1486.6612912055923,1488.6493882015116,1496.5957295140256,1502.0195145774064,1519.356662947967,1516.6649268403312,1529.8376931967678,1530.584684257899,1532.3917672343462,1514.4380700694146,1501.9386330948544,1491.9377144407963,1495.4314555313888,1506.4035757240413,1503.6408687515943,1501.5900032206478,1495.5523949287085,1507.2816820836642,1514.7093757098264,1527.473326099471,1532.921793457053,1547.7095425439006,1558.3820234237382,1571.4740473133684,1581.6418040367698,1586.5357142857144
394559,245,"El Centro, CA",msa,CA,,,,,,,,,,,,,,,,,,,,,,,,,,,,,,,,,,,,,,,,,,,,,,,,,,,,,,,,,,,,,,,,,,,,,,,,,,,,,,,,,,,,,,,,,,,,,,,,,,,,,,,,,,,,,,,,,,,,,,,,,,,,,1250.8711016519396,1294.5417994822942,1312.0668472414466,1330.689400943594,1335.5801390637316,1325.0
394712,246,"Jackson, TN",msa,TN,,,,,,,,,,,,,,,,,,,,,,,,,,,,,,,,,,,,,,,,,,,,,,,,,,,,,,,,,,,,,,,,,,,,,,,,,,,,,,,,,,,,,,,,,,,,,,,,,,,,,,,,,,1155.936292729562,1169.5356113208563,1159.5800127083814,1144.968400616922,1135.5302617206883,1161.3047138125237,1168.394831853313,1203.463635970042,1191.884437698458,1218.265686063529,1215.472214194128,1220.2042140171202,1225.487018583107,1228.660227240687,1245.3735114792887,1245.1762822476924,1260.1818845536657,1269.6125836835597,1283.8432311498434,1276.1488415149888,1273.9569698112987,1259.106074270299,1264.611036998315,1264.769780310908,1264.1360089186176
395246,247,"Yuba City, CA",msa,CA,,,,,,,,,,,,,,,,,,,,,,,,,,,,,,,,,,,,,,,,,,,,,,,,,,,,,,,,,,,,,,,,,,,,,,,,,,,,,,,,,,,,,,,,,,,,,,,,,,,,1220.1612354951321,1252.6860374106102,1246.7549511456596,1260.7875076159783,1244.3311246518574,1265.3055142482626,1279.5479180620853,1285.735612235434,1286.4723889554828,1296.91356103758,1316.684029792153,1311.6805850230464,1296.1771219735463,1296.5372995943533,1318.497083568806,1321.2098031481823,1321.2877658867626,1320.6109463798775,1337.4350786575715,1365.129999579895,1364.7612394019195,1362.0589216649998,1353.606422598991,1374.9411216063052,1394.5432663837682,1388.0436828907968,1377.5124910413765,1378.1023415705488,1384.5361410761316,1374.1987564244848,1351.357142857143
394406,248,"Bowling Green, KY",msa,KY,,,,,,,,,,,,,,,,,,,,,,,,,,,,,,,,,,,,,,,,,,,,,,,,,,,,,,,,,,,,,,,,,,,,,,,,,,,,,,,,,,,,,,,,,,,,,945.7575565192246,946.2127003590213,941.305621114161,946.701465346827,956.7801483731723,,950.2262765606613,945.8406907133642,964.5753903973713,977.2443561379571,984.5126958462619,991.9141971637086,995.5792129256909,1004.7296175359158,1005.519640929221,1004.2910612221107,993.0715439301631,988.3588210216287,993.2828193593905,1009.2440536290103,1016.4857090779221,1015.3852019127469,1015.1615138046441,1009.7184859522104,1005.6547478678665,1004.15242919081,1014.6955049136725,1020.6128024444274,1030.5055077617765,1038.416410641412,1039.8068073704433,1035.1469189583395,1027.0447172607007,1030.8766337790103,1031.667062716501,1036.4306135154177,1042.881271637914,1046.0722222222223
395119,249,"St. George, UT",msa,UT,,,,,,,,,,,,,,,,,,,,,,,,,969.5880709404152,,966.6704801951842,957.3206262722979,964.9990639460428,978.0826653658302,985.9238992545178,992.5373848067157,1000.0739932404431,1010.2971846290925,1014.6948142953669,1017.1595166078463,1024.7532236790412,1024.2651940645214,1033.8367640511888,1040.0712549682821,1046.0648697058432,1053.6252207105063,1061.7949972075264,1067.4276215208495,1070.9561888284138,1066.474342437819,1077.7886015026427,1084.5980409341955,1096.0776816875152,1102.6540631082485,1105.3103361522733,1115.6508532631647,1116.214889068472,1114.9668229349707,1110.3131574057186,1112.7084698591757,1112.2471299016797,1116.9295524671968,1111.2996395821306,1107.7310339158216,1096.4940174529493,1092.5914718357174,1113.6016525418768,1123.4885980608906,1123.9293626044498,1136.4587660935574,1149.6137995753002,1176.1877154185781,1205.3502332707033,1217.254287605528,1227.0071426589832,1231.1343153123323,1247.7541577544773,1263.1808324737142,1263.5583437779749,1275.2570096743739,1291.2690816484096,1313.703486709021,1334.3987679839488,1335.6847119260647,1348.7200689616122,1355.599521942456,1373.5199985443294,1378.2382250102762,1400.6546603361044,1414.6107683255984,1453.89608708169,1450.1872569197058,1463.7656131747008,1468.0674250678774,1481.2827494064506,1485.8368163156676,1483.4624483010089,1494.5552480831154,1500.079962515809,1514.3418492710948,1508.6384764093582,1517.545776221151,1521.2521692083094,1543.3999446405671,1543.063431300243,1530.6863401263001,1518.2348136659461,1512.72473383093,1514.7900629506798,1509.9291094164855,1510.4412025213594,1505.690265733143,1494.0903984949468,1499.7117110019678,1498.3899042689204,1504.541288565721,1503.9131863117407,1512.5111168133371,1525.5488182228746,1534.0964008498484,1537.4695955579189,1543.1566111009702,1546.2958646658572,1551.8770941368673,1567.8426208489402,1565.3277689945166,1566.0014008111505,1560.5472086583165,1567.300346273223,1574.1294167169287,1575.6796003840523,1579.5223420242214,1584.4932966604902,1588.021693121693
394896,250,"Muskegon, MI",msa,MI,,,,,,,,,,,,,,,,,,,,,,,,,,,,,,,,,,,,,,,,,,,,,,,,,,,,,,,,,,,,,,,,,,,,,,,,,,,,,,,,,,,,,,,959.2058397607066,971.0085449978878,978.0331460475186,978.6023415348992,980.5651206272497,980.6695056041993,980.903899958869,981.847665047972,980.3852417649978,985.1087012389862,995.8256205379174,997.5918126859309,1001.7178188053177,1009.1614948282325,1023.4976953250474,1020.9219940767402,1006.5101225606819,997.4842841004073,1019.8896675379615,1049.8189739935917,1057.39669593212,1022.1502990662941,1019.1552307127545,1028.7798880309965,1052.7771255048183,1049.360867869062,1059.679085364183,1075.1461458361935,1088.6522991457857,1096.5565255599624,1089.7489691143817,1091.0735131256279,1098.3486302705903,1133.797135328112,1142.8353629144444,1145.512275704493,1134.3529435279781,1144.5830161316542,1140.439592997462,1141.9457940561856,1150.3308912177986,1161.3298245477145,1166.495761781043,1161.0119047619048
394299,251,"Abilene, TX",msa,TX,,,,,,,,,,,,,,,,,821.8488283585307,828.8864521082014,826.7587555972611,823.5979729416188,830.4966278279531,826.496365627633,823.3567839546181,821.4493023153074,829.28139277042,834.6632247766863,849.1015136899505,854.6465909093132,,863.6040372825872,860.7899607925305,860.7233642028992,856.0558072211462,859.1277104390542,849.6089621957669,867.4742711562761,883.7635705480866,898.6974391814476,887.41396858782,865.4562433884809,869.9862503615927,881.7279318564174,897.4784791620991,903.6764947631166,902.1136506359649,907.1386875137481,917.7234760594202,919.8144604990225,913.4086276493312,910.6363154416006,921.0606520494039,940.811952438522,940.4166673415941,939.2659511700997,937.0418504347849,940.7359047992131,950.7878612252107,953.7500738775507,958.4450310803069,955.849030700843,958.968190800636,960.522571514375,970.5386218819054,982.8334183167283,997.9944113162344,1008.5338627847133,1017.1532687963692,1008.1351756113227,1031.0074173887422,1035.5764353642426,1053.5562353921125,1055.5939930176016,1073.009024816641,1076.3934654518005,1074.5176765396584,1067.0264435154106,1071.4313609628512,1073.8315611075252,1086.0357169747808,1108.938819433666,1118.9248908319264,1133.2001531479882,1130.0824575381203,1130.2771226304862,1130.3536546851078,1144.0668906693913,1161.2495626242205,1177.058882096578,1187.2065607523484,1197.3287869474607,1196.8431388879033,1204.7152220974347,1205.6527293656075,1209.5039846079646,1211.727159411063,1215.6566091979003,1210.752019272886,1215.5822637040224,1237.615776150719,1256.9936522539701,1256.9211271189665,1254.68294179235,1262.7221723104997,1257.7432258711824,1251.9049195070995,1250.07316375191,1252.7965103509603,1261.0506581583898,1266.879512983819,1272.1147532427015,1256.183838476193,1247.3411728441813,1236.843255850875,1246.5342554395208,1248.3155052154018,1252.7741745401888,1266.584904203436,1274.7550530232822,1287.6709660063018,1297.2576477108219,1314.8380190795951,1328.1022182607478,1351.4118259444435,1374.5075650934236,1413.4546944833432,1440.7515341277383,1475.5300743994574,1517.0709397671824,1558.0337692461717,1606.4123376623377
394707,252,"Iowa City, IA",msa,IA,,,,,,,,,,,,,,,,,,,,,,,,,,,,,,,,,,927.4987321270314,928.3077469508225,927.9338169880747,916.555117671386,919.3940692140561,914.94133726497,917.1903504951035,917.7060960017816,918.1214843530455,922.5116869921924,907.2856288534861,908.0922628289907,908.4984282106767,922.5611551739939,918.9628995545894,913.4391146448355,916.0590183402228,925.1979776439423,927.7660210799284,925.3659820579064,921.4208860877125,922.3118139755168,931.4789597181519,937.5387972107013,929.1629735567693,917.2379735669488,913.176854537874,923.7086520835425,923.8133711177531,923.5945314871075,919.0375592142676,924.9770170119955,930.7215371582789,938.7947504887608,934.8788007728658,927.3291540184396,930.1354811115534,935.0825384332536,948.2192283431674,946.738619216784,956.0867033197849,960.8226822549129,967.3569025185463,967.1921131978748,965.1806769726044,966.8171540577871,971.0763503306617,985.4307542366498,988.0082183616519,991.6234680267467,992.6095819291104,1002.4173399990757,1004.4584760951387,997.1675197910423,992.3053728796293,1002.9109620919155,1016.0689701613055,1022.7423443267257,1028.3450738488575,1026.4790962585837,1032.7498562901487,1033.173981872715,1037.7636859612223,1042.0484189304193,1042.9419467096845,1050.177609100228,1062.2884541566123,1062.3199861849396,1062.6455735391803,1066.916496141819,1068.8142437823014,1080.7293592366825,1076.8010484541112,1085.7227793623506,1087.3649648864027,1085.4945553070272,1090.4574731927707,1098.6087929724083,1102.9696446880203,1106.2204607346475,1108.4303676084687,1135.1856307647436,1137.3012966954172,1137.5774667991304,1123.7056011662924,1125.3685327674445,1131.142537423558,1138.7453732799424,1144.3514008449856,1146.6835913048146,1149.3006235174928,1156.1879810319008,1163.7197489261055,1151.8448551835202,1161.0844859190722,1168.6669752078337,1194.428725236865
394351,253,"Auburn, AL",msa,AL,,,,,,,,,,,,,,,,,,,,,,,,,,,,,,,,,,,,,,,,,,,,,,,,,,,,,,,,,,,,,,,,,,,,,,,,,,,,,,,,,,,,,,,,,,,,,,,,,,,,,,,,,976.3509941736125,975.4426275728574,1000.0599545510263,1015.5424739675476,1032.2849987728896,1065.8131247975725,1096.4757740309014,1106.2181204776086,1093.3558382362685,1147.1222895485762,1169.5426109965024,1219.526895538278,1186.9238521715295,1185.4874925889478,1182.7963144672174,1206.4255691382377,1233.5808329333204,1235.4903329499668,1219.0001331583871,1223.3920228526542,1239.9107016203864,1225.7027214307582,1218.9954515565958,1207.0608281434036,1236.8410391216,1248.4259259259259
394860,254,"Midland, TX",msa,TX,,,,,,,,,,,,,,,,,,,,,,,,,,,,,,,,1159.843367196823,1184.1110679023855,1216.36418093569,1228.5415863263293,1283.6998084642264,1323.2620748238703,1332.431326101709,1277.7995653986964,1274.4474887208773,1312.8771652860416,1404.1137933284203,1492.9973957456118,1522.2952570002167,1506.177754024979,1493.915809699204,1504.0732735027343,1498.1666995142532,1530.7896474455515,1514.5858586715678,1584.9365948793686,1575.408865113205,1549.6506936865985,1481.6403127080691,1448.1017313845975,1433.9411239243993,1449.6603419250305,1457.3059337618943,1463.5323901622835,1467.4755110650672,1449.9475521585746,1466.8554669821249,1424.89574181991,1384.4106919350286,1273.4377860259272,1193.0183826229195,1139.1807168464495,1117.8082316381756,1102.2027582724522,1089.1724021346236,1088.9138917533242,1100.444924067427,1103.6994495049237,1088.990575725394,1070.5983153775107,1076.8213232779642,1093.2566771894324,1115.366412443304,1118.6367467205116,1116.498182431042,1111.3725521411882,1108.5391417486214,1101.1322371829283,1098.4848151642068,1099.3574632612754,1107.5716421908771,1120.8759301639668,1144.6467188307122,1176.0000971050727,1199.6723231045432,1223.9988218314365,1241.7036416349374,1265.5928624710784,1290.9544828218106,1311.4423599878514,1326.2597403490852,1338.6878602075121,1346.7519603480844,1353.3580801792177,1349.6340338815749,1361.7502562421325,1373.548963742136,1401.9399707330708,1423.707906627558,1438.3942188600768,1434.8788276201997,1436.8383865660005,1439.997900144248,1450.7698075014582,1462.3427839963158,1476.710811993304,1475.640415082121,1467.6085383139812,1463.6840897133088,1465.762028487465,1476.1834212743313,1470.6674918925023,1483.2847220761657,1493.876849483541,1503.8550739700604,1506.9964834221626,1509.3387337872832,1507.3497285753756,1517.838239143153,1521.8312322906945,1523.8389678110289,1512.2621370067868,1498.6619583027718,1498.3349313735516,1491.1712018140588
394671,255,"Hattiesburg, MS",msa,MS,,,,,,,,,,,,,,,,,,,,,,,,,,,,,,,,,,,,,,,,,,,,,,,,,,,,,,,,,,,,,,,,,,,,,,,,,,,,,,,,,,,,,988.6067349460013,1009.2971466107329,1016.554343036185,1035.1150521362467,1052.305502344816,1077.3777364791504,,1109.392958188436,1122.8548124802278,1128.241126592677,1139.2999933787942,1144.2810137408335,1127.5662823172506,1124.0297202713298,1118.8911542848534,1130.5147478107583,1135.3818890715233,1143.6243157388178,1146.5372925705392,1149.0084289318606,1124.7682039528515,1118.2260350724762,1109.177098845416,1117.9797936642149,1128.94221173499,1143.4716461919493,1152.569683858441,1156.0998253178318,1164.5476453843444,1171.580098214687,1184.2652905112573,1185.3270708745706,1195.17073326354,1205.846703982985,1219.3088600015656,1218.1231433695016,1226.0339806150232,1222.6228774768654,1227.5450790886407,1226.207140224635,1224.4320606873246,1219.7516624326954,1213.2918675113883,1218.9232569935955,1229.1098572028645,1230.5343374064603
753869,255,"Bloomington, IL",msa,IL,,,,,,,,,,,,,,,,,,,,,,,,,,,,,,,,,,,,,608.7362256949255,617.106322674106,630.5892803733702,641.2950653549708,633.7144872622687,633.7981151940303,630.6395541782233,627.0842317938425,634.521757957166,637.1737274894147,650.627464049057,651.6522753982678,644.9488923909167,646.0986911043273,638.179703469599,632.3331899346193,641.9566517802787,647.2770520542838,654.3975866698744,668.306349997201,668.812482867104,668.6157125319406,662.2580667816261,669.9390877676329,689.2428443436229,691.8364378962779,695.4946751019886,678.5086064286735,686.5519257541777,684.606713521664,703.3269996248816,686.5288644600432,690.5115563035629,678.8123577348638,694.5590480011222,699.1477898995719,691.9949212473884,694.9329642594289,701.5865396747374,720.4641892954617,739.1124499476873,745.8618690412177,751.2414124246493,754.6680536699672,769.490700350659,786.900770884859,796.2954299515501,796.620740710909,808.2413679710352,821.609721018793,837.0207407211589,842.8474316518129,844.9027532333994,863.1034072659924,866.3648127105567,877.5309995744356,868.0830043262293,878.8325659031198,886.8953855156789,897.0147543112956,900.9958509727452,910.8814907746862,917.4854458654395,926.1064277749539,900.5059895118414,899.4017473227781,901.407027683975,935.4827511854127,959.5006563120206,968.2968140859572,979.1765509761369,988.6342346426393,997.8354800222368,1005.2957461117423,1002.7533279592001,1011.2071403326718,1037.775562190458,1041.1670163222864,1046.9453971468404,1031.4429794461798,1045.6569992057105,1055.8067905847242,1058.3494542523306,1063.4053939302496,1069.2529390785285,1071.574839391221,1082.2693724476987,1083.6737177358675,1089.044670638731,1095.1405678972324,1100.385582023037,1101.1100680843138,1088.0972896645126,1080.9395604395604
394944,257,"Oshkosh, WI",msa,WI,,,,,,,,,,,,,,,,,,,,,,,,,,,,,,,,,,,,,,,,,,,,,,,,,,,,,,,,,,,,,,,,,,,,,,,,,,,,,,,,,,,,,849.321767650589,860.6730800471325,875.7371530890199,879.9568395647567,884.5282343791756,893.9573516180416,907.7378755205093,915.6686441172656,918.5516778969372,918.4751922217202,929.2208358749967,925.7589415805937,937.9347469425376,943.4082080539733,949.6193158461605,951.3842707413419,950.4621027838693,959.037169453201,972.8742907840893,978.7183039400993,991.4550704079361,987.3678602871018,990.6900393490635,981.7878795233721,995.9574646319068,997.3228295223948,1009.9104426160707,1012.4469544086681,1020.6724293428717,1020.6253416460623,1029.4483415883828,1043.6016167486225,1040.283495253243,1050.4272603524382,1056.4295887837745,1077.004796655726,1072.406994818349,1080.100458733717,1077.811785135667,1087.7185062366052,1094.264312839064,1101.2107178830227,1097.4172772889854,1094.5356537387079,1102.8342370213497,1109.3098290598289
394555,258,"Eau Claire, WI",msa,WI,,,,,,,,,,,,,,,,,,,,,,,,,,,,,,,,,,,,,,,,,,,,,,,,,,,,,,,,,,,,,,,,,,,,,,,,,,,,,,,,,,,,,775.7398654768356,784.9742737942568,782.1783565408149,806.0684996304368,814.1994193531403,819.4868672311055,824.7368495561668,829.06876378178,854.8469999862745,864.1343800900711,875.1467623154376,872.9253568081136,877.6940475612265,876.4936357875841,870.0716014838699,873.2291682415456,879.8994976504991,887.4437638111082,891.0332707836727,894.1057743969883,892.9268831056421,899.7004156487701,895.5557443442664,889.4264682865265,890.9448938050787,899.160259033817,915.521795944315,914.5537902192737,914.4793818118449,917.425169939663,918.0769889319009,922.455706145791,924.657321204302,922.583937370911,929.1547268675981,939.25428774236,945.1231938524445,945.1292778955263,943.0998421276261,943.8583821183892,945.3451776226387,944.0423231325381,945.8132307726155,944.4924805140183,942.2095031975025,942.2232062528116
394651,259,"Greenville, NC",msa,NC,,,,,,,,,,,,,,,,,,,,,,,,,,,,,,,,,,,,,,,,,,,,,,,,,,,,,,,,,,833.0863133823499,840.6698485739084,849.8056079353954,854.7114917453778,866.8924893017843,867.7013986832603,877.6895853358794,870.1456430653755,875.0867951262918,879.6362281457215,876.4106047748368,879.3609106024827,885.7603448720957,890.0711973806106,900.8671440014422,906.8200825016424,912.0644046421456,915.1914889381234,919.5228413272603,927.0910356610232,933.3107599948972,930.5303897722961,948.1814537725865,956.0870275052379,,972.5988992531263,,991.3210331724401,1016.908686736253,1031.4108289503436,1050.73079793383,1061.850852510104,1067.3930134831105,1073.4009266582905,1082.4202702390653,1099.9781306840518,1114.6009574058826,1136.7288598711668,1122.8005365753008,1130.5971973866672,1117.5284788049194,1138.865091350633,1130.345129794103,1151.344875729634,1166.147259331605,1190.6290162031112,1190.192639999775,1192.4909868262519,1176.310435136623,1179.0347678428166,1185.9289789440454,1212.346078062932,1225.4508378722394,1229.8981072949307,1232.966178635641,1231.1582385721279,1228.0215663286801,1236.7304013321627,1243.120891384403,1244.1911308183564,1253.148865325175,1257.0548868464641,1271.4479312910048,1260.733106065323,1266.985816901822,1264.749344237493,1278.2032936571145,1282.017512279182,1291.8559931535399,1287.9255736301498,1297.331600511234,1308.167740816398,1322.6226639969489
394428,260,"Burlington, NC",msa,NC,,,,,,,,,,,,,,,,,,,,,,,,,,,,,,,,,,,,,,,,,,,,,,,,,,,,,,,,,,,,,,,,,,,,,,,,,,,,,,,,,,,,,,,,,,1148.990818326831,1150.9010072345004,1144.827796519893,1160.320337291966,1168.636746874979,1200.6982318749406,1211.3530122249745,1203.8294639064186,1182.046580441499,1189.9333653654471,1186.2097736991252,1194.4941159394782,1184.4579883977535,1192.5394785527287,1196.5133269008675,1207.8994912497694,1199.8959372128977,1202.944664964362,1201.3465193818417,1212.6814362495788,1220.2657838399534,1229.2162239384645,1234.1133899765036,1247.2305583986895,1253.9505147428104,1256.018904787082,1266.5739094641465,1275.1948356665239,1286.3106336592832,1281.7869451040922,1287.6017837752918,1289.2357284045186,1297.502191937407,1296.8249504514058,1296.545909037674,1287.672523976552,1293.3858880224586,1292.2974288077128,1286.6364116739524,1273.3995728227294,1268.5984848484848
395210,261,"Waterloo, IA",msa,IA,,,,,,,,,,,,,,,,,,,,,,,,,,,,,,,,,,,,,,,,,,,,,,,,,,,,,,,,,,,,,,,,,,,,,,,,674.9806758458352,,695.4538432062267,703.1760712182266,707.2424277835587,717.7110997033166,725.59841940503,740.9317596458768,737.9488157072923,730.0383015456533,731.0895919007005,749.3968819391266,760.5556361837085,763.1918203608303,757.7381419341224,756.336635731761,750.2903032579478,750.4426222584838,750.1546513816647,754.3849200726812,765.4233399171084,774.9406181171047,769.946456421144,765.7465689126423,772.5448613079001,780.3843155742069,788.1324268807822,787.8096053806283,799.2611301200956,792.4061618979996,799.6270395248724,795.1103988378494,806.5988544912236,807.3555870724631,821.6527719945863,826.0621260658314,824.2178997654773,823.0663087155438,819.6021846206389,830.6533106117536,830.3884278557722,843.1080507835452,843.2097631710345,847.8520061382263,844.8395600872308,846.9622821655493,846.9833840118831,849.6836798919643,852.8395782739595,856.405323929115,863.0684258253483,861.6492194604979,863.8783749247575,863.3611461857273,865.5071450521804,868.6939573563463,868.5452503810338,870.2215413227095,869.3583333333332
394480,262,"Coeur d'Alene, ID",msa,ID,,,,,,,,,,,,,,,,,,,,,,,,,,,,,,,,,,,,,,,,,,,,,,,,,,,,,,,,,,,,,,,,,,,,,,,,,,1227.3031754637068,1253.9532412815686,1305.1624866754732,1353.4182587377,1422.4625948062096,1443.744572455082,1459.692766370208,1473.5939923805045,1479.6200420319626,1488.839657443365,1479.746289407916,1485.3035793780168,1499.6054070491996,1523.6561688261447,1544.4191111368186,1565.9221340561426,1556.0530408353904,1542.1608760883616,1524.8628281507563,1507.9234989596814,1500.623686479559,1480.811630188301,1479.6140743960655,1476.8493474223978,1489.7768284456952,1483.9842933880311,1465.5146452462855,1445.33872454102,1439.1106758735907,1443.1413690862964,1449.8055220916933,1460.7062739076523,1474.876605285404,1483.042518382366,1495.9078813967305,1497.4532555160347,1497.3597160985423,1494.0847022474816,1494.7652558801328,1492.5659469875607,1489.002677379856,1499.5220347833208,1507.0684384560655,1513.045073166153,1508.0394718947018,1514.7599003111734,1511.5893916487512,1515.3185374689126,1511.0394457322586,1516.2587107092475,1524.3658049604908,1535.8220701486996,1546.7754520436197,1543.8052978796013,1542.609892478327,1540.3075467430358,1543.4253968253968
394553,263,"East Stroudsburg, PA",msa,PA,,,,,,,,,,,,,,,,,,,,,,,,,,,,,,,,,,,,,,,,,,,,,,,,,,,,,,,,,,,,,,,,,,,,,,,,,,,,,,,,,,,,,,,,,,,,,,,,,,,1432.649481782276,1452.6668649358028,1446.669766704536,1478.1763575106088,1479.2355699669542,1491.0476125196917,1481.240259134197,1478.4469780964798,1464.5084084394846,1470.8653248871358,1495.1568654197888,1501.1472188955854,1520.5869906292346,1502.780481867533,1529.0867288990871,1524.4388280844546,1531.385716421731,1501.7919338286536,1508.7194048559684,1530.2336446354736,1555.2486339744512,1555.8148458332194,1554.5063720390747,1564.5245024581864,1571.4681154183484,1585.8735070722823,1581.6481259578209,1583.8233944206188,1593.4744255129294,1619.6649305278283,1631.580228297462,1631.642857142857
395007,264,"Pueblo, CO",msa,CO,,,,,,,,,,,,,,,,,,,,,,,,,,,,,,,,,,,,,,,,,,,,,,,,,,,,,,,,,,,,,,,,,,,,,,,,,,,,,,,,,,,971.209470278232,976.485784201709,978.7053007707716,980.6267515762444,993.6973202681824,1011.7998275123807,1026.7582543704011,1020.847049970852,1031.2677458585374,1034.232487202885,1032.4818291435217,1030.0654330608036,1027.3618914672877,1039.2392593925013,1054.9497381991569,1057.6332009993848,1043.7659466812047,1034.4404843054576,1039.0261960576179,1050.797256943541,1046.617671811517,1042.5451668827375,1054.2207518788177,1070.6093786438614,1071.7663136225142,1062.5730828488804,1062.7336986112396,1069.251275527309,1069.2789353639337,1070.6202809407962,1075.7196530088427,1080.6258255471787,1079.2976203700737,1075.9807062106397,1065.5182962072356,1071.6407717592563,1076.3299461929876,1084.1829413534238,1083.0974799237135,1083.7155547743198,1093.5998022079564,1100.5159154781122,1097.7036241632543,1095.9979100875735,1103.4004552523663,1114.0257682214346,1123.9301578166996,1119.1102564102566
394392,265,"Blacksburg, VA",msa,VA,,,,,,,,,,,,,,,,,,,,,,,,,,,,,,,,,,,,,,,,,,,,,,,,,,,,,,,,,,,,,,,,,,,,,,,,,,,,,,,,,,,,,,,,,,,,,,1105.7366469056335,1114.2162466789734,1125.1468084107835,1162.6945872015572,1142.7446210797818,1154.3329390321044,1157.7586705142767,1208.560138437947,1231.1043176274663,1249.3838937242501,1226.711185599404,1222.7857164738186,1256.8384426502535,1268.725103069491,1272.910019518315,1251.7171789354688,1256.7233863245,1264.5906715653225,1274.4137545786032,1307.9447538338493,1294.9071051052308,1301.8470447986012,1268.7263003695728,1295.6983921369322,1312.876118117969,1317.950389022227,1321.9221786009605,1336.2555165846675,1358.41571124267,1363.4755563699532,1367.2862821088474,1339.8801120586284,1359.5353739411107,1371.6516707755607,1424.1612904873375,1425.8349152414828,1420.4642857142856
395215,266,"Wausau, WI",msa,WI,,,,,,,,,,,,,,,,,,,,,,,,,,,,,,,,,,,,,,,,,,,,,,,,,,,,,,,,,,,,,,,,,,,,,,,,,,,,,,,,,,,,,,,,,,,,,,,,,,802.0548342015752,789.1786184364851,789.1557105841229,786.0970130986666,785.403230621708,789.0407472290977,796.9099834544564,799.6702765184848,804.9568883764814,811.4095109095629,804.5231863477065,780.5429784342098,778.6186998094954,787.8713201596787,806.2692428449202,810.963584992007,809.0877634109542,815.065589696398,823.0244372886577,823.6434268963321,819.2396889531922,818.1763073583952,826.1556791303624,845.849416939184,849.3075892132186,847.6119320190642,840.2444669508146,845.1951194046001,850.8357934669411,847.4844250053638,839.1478961917434,842.1624275480468,848.1666666666666
394731,267,"Kahului, HI",msa,HI,,,,,,,,,,,,,,,,,,,,,,,,,,,,,,,,,,,,,,,,,,,,,,,,,,,,,,,,,,,,,,,,,,,,,,,,,,,,,,,,,,,,,,,,,,,,,,,,,,,,,,,,,,,,,,,2418.7183349491534,2325.1490052985273,2349.793299466297,2381.222448164165,2444.404009258094,2459.370382024531,2409.6648260034062,2436.3817862114556,2438.6138125532534,2434.1756129048426,2432.520737206707,2459.9866846757027,2455.922487676281,2525.0159185639327,2571.3526827211945,2608.027053531165,2595.2238373013115,2579.3157856061976,2623.5293349907247,2630.555555555555
394720,268,"Janesville, WI",msa,WI,,,,,,,,,,,,,,,,,,,,,,,,,,,,,,,,,,,,,,,,,,,,,,,,,,,,,,,,,,,,,,,,,,,,,,,,,,,,,,,,,,,,,819.7231295907453,822.6601601902178,824.244166369478,824.692810395238,838.0216251220396,840.4492941121857,839.5707335858064,839.2547163644394,853.5080063526682,865.8407508268425,864.8553967933999,863.0425590890374,857.2684738601466,860.0751399203673,866.2462546746469,885.7593401324285,903.7970897562996,917.7257396546622,921.5845470144887,916.9421871127129,919.0147766066841,922.3097557523566,941.1561435979949,945.1566648539975,939.3927312545333,947.7636726614994,945.8803718016195,951.6860416557029,946.199211436003,941.3471336683047,962.8150930842986,976.5112584364829,998.8369158292827,986.1298758290911,985.5637856724102,989.9765309367103,1008.9073386826544,1014.5274881793649,1026.002984556821,1025.0816913600029,1031.8020396724216,1042.6072547664041,1038.3608770404785,1044.5473907354333,1038.226270027052,1058.0985449735451
395170,269,"Tupelo, MS",msa,MS,,,,,,,,,,,,,,,,,,,,,,,,,,,,,,,,,,,,,,,,,,,,,,,,,,,,,,,,,,,,,,,,,,,,,,,,,,,,,,,,,,,,,,,,,,,,,,,,,,,1026.0408844297835,1009.2868560873393,1026.6216775934217,1031.3848177582663,1021.1259383579018,1032.670106292571,1037.9020207553085,1052.454361748374,1056.6568481801064,1066.0984282438476,1066.914974016575,1064.9303609252784,1053.739373564009,1059.337178075095,1059.3780937127904,1072.290128037851,1073.3153001315836,1085.8284715328778,1091.014518814139,,1107.1842943300283,1101.8297277992433,1091.5722762831049,1104.6731870902267,1127.3955683346528,1149.2905623097763,1154.2455253354053,1157.0891005777557,1171.5482176288876,1172.0983361264075,1179.8152087000124,1181.111111111111
394393,270,"Bloomington, IN",msa,IN,,,,,,,,,,,,,,,,,,,,,962.3278319112546,957.7066299129157,955.0917939594167,965.0930025357608,977.6571701093231,984.460532157607,996.5329129963018,993.5846937484497,996.7245396736113,991.2903013370192,1002.8473081944692,997.0925319195244,1004.6564782096872,1011.1750141570097,1024.196022672875,1023.3708525350838,1030.2155215257358,1033.2178884088632,1020.4212890317921,1020.0822680485096,1018.8092640861042,1042.4187125288915,1053.7545050458755,1069.7233563672087,1073.3327096566481,1077.0828322499708,1073.4033869615066,1087.5579001364604,1081.1266956487527,1092.039896647947,1107.7368974683473,1115.5651034136986,1124.5875198195079,1121.9797598150433,1120.3883305609695,1120.5467335475014,1120.6103174275884,1126.3926376396967,1134.208467901296,1132.2789794878206,1142.1600566216437,1140.743692906829,1147.762045786,1146.730393594692,1150.41010883884,1165.0946027649045,1161.2963057591182,1159.4655415851919,1155.9309345845804,1176.1916068169508,1187.1141968546592,1204.7205075290021,1208.5015736513224,1195.8069600257693,1200.5301121871928,1195.8504878832136,1209.0413821882428,1201.1356202434972,1206.667774782573,1224.6902411443948,1256.8261022801134,1294.0508089794735,1308.97003465897,1303.4049746017977,1307.470439475166,1329.4749686145256,1361.3220494464365,1388.5268809330369,1405.190478711168,1420.8153055110688,1453.5762068236427,1470.2968398628127,1460.2017261160315,1432.7799311506335,1421.9632096338091,1457.4329247195833,1465.627871508511,1489.3113861624877,1469.2768240483442,1480.2807136651718,1467.6306836029544,1473.5508180366717,1464.7286861694006,1462.7467836949534,1466.9646923099224,1463.3050660505992,1462.3120688705555,1470.4596666349212,1490.9709870485447,1503.7855119642668,1504.495043635833,1516.1152955742011,1518.3547832970103,1524.9980995196004,1524.1295789712024,1525.1599452539451,1538.1519552951768,1558.389069349149,1576.5020785947286,1568.2594947637654,1562.9624222906407,1552.9809065389265,1571.549050260035,1568.28253342669,1586.1313910716426,1592.7760965275465,1608.7585259305072,1623.0554556892462,1629.8337557098407,1638.8080719702068
394930,271,"Odessa, TX",msa,TX,,,,,,,,,,,,,,,,,,,,,,,,,,,,,,,,,,,,,,,,,,,,,,,,,,,,,,,,,,,,,,,,,,,,,,,,,,,,,,,,,969.9896473836178,978.7319878637592,985.0429982191766,992.475259505708,1006.733189545864,1018.5386448874938,1022.4167763149852,1041.0315058878816,1071.0574041998018,1105.2600651564508,1135.2303636828424,1155.7028161990659,1176.3307815970245,1195.886354204164,1217.3972051223989,1233.2677909881081,1246.047976815196,1256.5530576362721,1260.392247030653,1267.5649036965442,1286.1786850410717,1306.6179071345073,1332.9644117200219,1348.0583291500502,1358.549056072234,1352.099978708999,1355.373602958407,1364.0592894005717,1378.150945372511,1383.5499549004055,1393.3728104521253,1381.6112243420935,1369.3621719163325,1350.9831473042868,1355.1904107430098,1372.8914236064913,1391.727051764518,1404.9008806697861,1411.9103054228171,1416.3394573974003,1414.427503946295,1420.2058679561806,1426.7459938840038,1441.6126369050398,1446.762574283224,1452.7834160567613,1439.019775794159,1421.0281859993688,1402.3836248610303,1394.6873737373737
394710,272,"Jackson, MI",msa,MI,,,,,,,,,,,,,,,,,,,,,,,,,,,,,,,,,,,,,,,,,,,,,,,,,,,,,,,,,,,,,,,,,,,,,,,,,,,,,,,,,,,,,,,,,,,689.9358564109017,710.3615933307909,716.4248031127338,722.3417971133184,716.3578943020177,724.1358089468584,747.7464672959529,778.5800379268538,781.216604462969,770.1959439258166,764.4411939871638,793.1055699035815,803.1155801714998,793.6868843449909,763.1774745550708,803.2396593773678,814.7677260496238,831.0627736465098,800.9616187357474,811.9130297234244,819.6918471623693,826.4618273839925,845.4634559333381,,839.308921438012,839.3006170041324,887.4933713556845,872.0546133461904,880.3802184786576,880.1073497776714,902.7996317949874,897.7529623435186,900.6525755763379,911.270873441651,911.3354008219774,928.6438691708331,926.5570627238274,939.6293183797554,926.9244636537691,926.936507936508
395125,273,"State College, PA",msa,PA,,,,,,,,,,,,,,,,,,,,,,,,,,,,,,,,,,,,,,,,,,,,,,,,,,,,,,,,,,,,,,,,,,,,,,,,,,,,,,,,,,,,,,,,,,,,,1478.6214051589234,1471.7539286280858,1459.6517879340834,1470.4276849094776,1486.4338164621906,1502.2068052272589,1535.8354971087756,1542.5635362360956,1554.1039732677348,1536.752459526683,1539.0414831622832,1549.5213611777676,1556.950877334432,1570.5674564098595,1582.6686366029971,1592.4750750162252,1583.1080022684,1586.3389088739818,1561.7124419348222,1574.278959506105,1575.9692912736957,1605.7408907594336,1598.7547588029036,1598.4485817208397,1588.4035521481148,1606.7881610945772,1614.1174035858373,1614.6419344784686,1625.613505078407,1632.364893259071,1654.0785597713596,1655.633138953655,1661.73690616453,1660.5272422468106,1675.9936909136777,1686.133636873872,1707.3736020037793,1706.2651515151513
395079,274,"Sebastian, FL",msa,FL,,,,,,,,,,,,,,,,,,,,,,,,,,,,,,,,,,,,,,,,,,,,,,,,,,,,,,,,,,,,,,,,,,,,,,,,,,,,,,,,,,,,,,,,,,,,,,,,,,,,,,,,,,,,,1650.6260289037757,1639.4152574181173,1662.05427731502,1674.8714564226275,1666.505992007444,1648.1866812182188,1672.4459635127325,1714.7790262533615,1723.0552811976765,1717.814803946958,1675.084698040139,1709.8521674296335,1706.8524993772014,1739.704790346626,1745.3938846288706,1767.7577757888164,1778.181690981825,1799.0352319046717,1814.1991761660177,1827.4787658207165,1826.8485186963405,1842.9333333333334
394814,275,"Madera, CA",msa,CA,,,,,,,,,,,,,,,,,,,,,,,,,,,,,,,,,,,,,,,,,,,,,,,,,,,,,,,,,,,,,,,,,,,,,,,,,,,,,,,,,,,,,,,,,,,,,,,,,,,,,,,,,,,,,,,,,,,,,,,,,,,,,1655.3784265957856,1677.5284604861815,1704.7415273539405,1711.186275762374,1739.2749904351356,1745.0
394523,276,"Decatur, AL",msa,AL,,,,,,,,,,,,,,,,,,,,,,,,,,,,,,,,,,,,,,,,,,,,,,,,,,,,,,,,,,,,,,,,,,,,,,,,,,,,,,,,,,,,,,,,,,,,,,,,,,,,,,,,,,,,,,,,,,,,,,,,,891.2734036075833,901.1650988537868,889.1845432315763,885.4662552868126,881.4867487277456,883.8994178798611,883.250555444603,886.1828231961271,891.2189516631391,888.0555555555555
394453,277,"Chambersburg, PA",msa,PA,,,,,,,,,,,,,,,,,,,,,,,,,,,,,,,,,,,,,,,,,,,,,,,,,,,,,,,,,,,,,,,,,,,,,,,,,,,,,,,,,,,,,,,,,,826.7287328087008,843.2515638006338,854.4071503166297,853.7359372714396,854.3412845894798,871.7587860568517,873.3095063438815,877.9366285456772,871.9467780134744,884.5662222086858,888.4824744553764,896.1192899861123,908.2070502127305,906.8167431635385,913.5882966332568,911.5873805122633,920.84440754332,923.69214409514,930.5345462951321,,944.461855599587,948.0145897186978,944.4490000150283,956.6476990962856,957.5109916809623,977.8824221013958,990.532888119887,990.1723286356587,995.9920613602123,1000.2090482599853,1008.0838716624296,1007.8614315094927,1015.0864379925497,1021.1786933234905,1035.0473594735324,1036.4043725631286,1036.3665665602728,1028.4068400895226,1023.0245233212996,1034.2607575637637,1034.126984126984
395193,278,"Vineland, NJ",msa,NJ,,,,,,,,,,,,,,,,,,,,,,,,,,,,,,,,,,,,,,,,,,,,,,,,,,,,,,,,,,,,,,,,,,,,,,,,,,,,,,,,,,,,,,,,,,,,,,,,,,,,,,,,,,,1563.8946914860978,1580.4825561317778,1560.3961692375797,1535.4534966831877,1524.2462124208084,1530.9080374680614,1538.3663845114854,1556.5912572110285,1573.4211905976551,1571.2497341267429,1579.5527038464354,1576.4872228967213,1587.8377471793306,1599.998551916575,1627.3390346793144,1612.5964659551046,1633.7772734520574,1645.936813689655,1688.1963374460222,1683.9755487543516,1665.9956750956997,1653.348888096662,1629.3261178645546,1612.5
394703,279,"Idaho Falls, ID",msa,ID,,,,,,,,,,,,,,,,,530.806521221825,531.7919982832765,546.6599212279864,556.7994410534004,552.9032226593457,553.584217181502,552.6634584822965,560.6811754750228,565.0140418911606,574.3959090489798,575.0666052990769,577.0322335384391,577.7364122263375,584.0338198921551,586.4637758969983,591.3576809139648,605.0640172384685,614.2234945149203,618.9590721587621,616.4808328183856,621.2477773723288,624.7794053563227,628.1776819152217,630.0668709868003,628.0063456284553,629.2206427950523,631.0567117703027,638.0807335362491,645.4257366394729,650.1946778044895,659.9997523927435,665.0713428210048,667.5846831319085,662.1520772920222,666.8455332880328,675.4608742791911,685.97791068277,691.8851687537041,695.9810003380552,695.9866421212954,693.8033787605445,695.8762018413819,697.2539999023218,704.5229361548511,710.9170178306521,722.9441873466757,723.8202144518107,723.3348983187666,726.2186293268759,728.9810554937908,735.8185377587038,749.094941972729,757.1862419353935,779.5940988020177,787.2432882134311,,796.7792588078737,816.4490096878155,832.1451456608345,843.1016236835401,846.1796060168793,860.5391046911911,877.9316496719273,903.825197839708,926.0053439857772,944.1315672523598,955.2234087216818,955.1964781110056,972.1531750430713,972.7675062862171,985.9523747050581,1006.242857018075,1020.5707023598201,1029.8720896588231,1017.6116930235609,1016.3019829210351,1018.1231493657264,1016.3231147916656,1021.4623953738966,1026.420780452759,1020.9673058149657,1023.0847952943368,1024.278429672239,1026.699375844132,1034.7453103148591,1031.7680427893754,1041.0220410693507,1030.1394458477748,1029.8568166040886,1024.730433756955,1023.4995759256515,1032.9128201471292,1041.101520975472,1048.0619244894838,1043.9706187793715,1038.948212168314,1039.5896431173846,1047.4775836666124,1051.5305835696538,1059.787157836562,1057.9676599356992,1062.6769647955757,1065.313322378903,1061.5804241676615,1060.346812348539,1058.9362159477532,1063.680507229926,1067.1520539903586,1064.9118713408961,1062.8748735591978,1061.8055504372442,1064.5588551968792,1069.091151252971,1071.6966490299822
394639,280,"Grand Junction, CO",msa,CO,,,,,,,,,,,,,,,,,,,,,,,,,,,,,,,,,,,,,,,,,,,,,,,,,,,,,,,,,,,,,,,,,,,,,,,,,,,,,,,,,,,,,,,1105.1221700824663,1173.431502426518,1174.422160459434,1179.8475191795128,1176.267796639802,1202.2890825978589,1206.952129828379,1196.350338960764,1194.320484380072,1207.563553334432,1224.1112148276025,1227.9338773460588,1243.7579697352685,1237.366454175196,1244.5418629156393,1220.9831081962752,1218.5769065650695,1211.3688957943546,1225.5670799511772,1241.13743274138,1252.444606234574,1254.3958475560041,1256.1934154580292,1265.6204727111412,1282.7491658467482,1296.8229075483355,1310.7441921819286,1319.9126426524545,1332.296704996601,1329.7667476589543,1341.5622617291435,1341.1820360376748,1341.8767205367694,1346.7130772682688,1354.3918999285743,1360.4624876882376,1351.5190844580989,1345.3955581707169,1345.9748639096565,1363.3555825203348,1368.5451571321723,1381.7276248707708,1376.8930817001303,1383.6373663101604
394563,281,"Elizabethtown, KY",msa,KY,,,,,,,,,,,,,,,,,,,,,,,,,,,,,,,,,,,,,,,,,,,,,,,,,,,,,,,,,,,,,,,,,,,,,,,,,,,,,,,,,,,,,,,,,,,,,,,,,,,,,914.127033927528,943.3470114261024,941.7884312773032,,949.5583790956263,965.1740184857374,977.4983099314791,987.6973250215575,993.8628035762151,1006.9403697539102,1024.1196544335696,1041.7787000744197,1036.9464788978078,1027.6775563510403,1044.573835315843,1061.3582776526675,1051.7684087906723,1035.5696786525702,1027.4199730410114,1032.8059433133712,1037.6563813053208,1038.1496900460136,1039.900481555771,1029.350248384393,1029.7901569652277,1034.1832661148217,1029.888659181811,1025.1392129351334,1029.4904839464584,1041.722222222222
394917,282,"Niles, MI",msa,MI,,,,,,,,,,,,,,,,,,,,,,,,,,,,,,,,,,,,,,,,,,,,,,,,,,,,,,,,,,,,,,,,,,,,,,,,,,,,,,,,,,,,,,,,,,,,,,,,,1085.356249149582,1112.7401004469323,1101.2245128822196,,1098.662236664677,1127.1199529829519,1140.0640975788754,1131.7473157658096,1140.4058773807067,1145.259184368289,1157.8206256748033,1148.7621088656556,1134.5834980538775,1136.4031904727885,1134.4534411319112,1169.053927042518,1168.356350110587,1172.596140032075,1171.9234278343056,1156.3568220389043,1165.4433799801432,1161.1965859330805,1163.7973227247521,1184.8119978490497,1205.7165948174195,1206.6308780047655,1218.9018618881116,1200.0600191433052,1212.9681697598676,1212.3270263347947,1221.5355926981292,1249.1262003197633,1259.2102126237899,1279.8412698412699
394873,283,"Monroe, MI",msa,MI,,,,,,,,,,,,,,,,,,,,,,,,,,,,,,,,,,,,,,,,,,,,,,,,,,,,,,,,,,,,,,,,,,,,,,,,,,,,,,,,,,,,,,,,,,,,,,,,,,,,,,,,,,,,,1008.1870645631781,998.8596665252498,1002.7351468869972,982.4520907993061,987.4075628950222,991.4157609574066,1003.6501360459541,1007.9038540986802,1007.7305956322443,1016.8038383474735,1022.2103990552395,1020.190375973324,1017.8402651056679,1027.392806885095,1026.6789627079768,1032.7940401669234,1032.3647870153825,1028.189292263899,1019.2982077035605,1006.2921008611538,1003.511862605223,991.111111111111
395066,284,"Santa Fe, NM",msa,NM,,,,,,,,,,,,,,,,,,,,,,,,,,,,,,,,,,,,,,,,,,,,,,,,,1194.3858298567643,1205.4221346219717,1185.7087034564693,1201.7425975763626,1233.3735855274585,1258.1833583553107,1281.6983428346125,1298.2678450079222,1335.219521901901,1346.9085310950722,1332.9858653035865,1332.5930538789698,1337.9977027645862,1339.922410449015,1322.381430043357,1306.8600231563623,1293.7069972866302,1300.5638568283275,1280.8995255711163,1281.8421125618722,1274.4984903249651,1300.0759486886445,1305.817069675967,1307.7966681594187,1309.2867748081342,1316.4670398519022,1332.5221283773176,1342.15012610031,1367.3299366714189,1382.5396462025694,1422.8640927897009,1454.5337545057873,1496.7310760435544,1493.7970677057638,1540.8051708300206,1552.648563274864,1585.091716908519,1576.9302577681335,1605.7219998878952,1631.4867252374297,1641.129069815198,1640.6536698871464,1635.8137207511445,1644.89136086911,1635.491962615757,1649.8192219613818,1652.1985813196077,1685.8276819248872,1703.4747354738793,1726.8302238071433,1740.2685921085774,1763.6906025681976,1785.8518250217562,1805.8311376889635,1811.1126171825888,1800.5197364694675,1797.5410882071028,1799.6014249832533,1805.7856584434403,1793.410852711514,1780.9586892046777,1788.137632018166,1801.7241908834246,1795.4436354053623,1800.9449400033145,1808.1700959542036,1831.8257045105327,1828.414536730352,1824.4450853820877,1814.0016120299085,1809.5142945332238,1810.2764011905597,1814.2372267610772,1808.6374621427647,1794.3477176370689,1790.8076243668988,1781.6110804766483,1774.2642726992622,1760.977608187753,1771.5767158629953,1781.8402609963746,1790.6077750598386
394493,285,"Concord, NH",msa,NH,,,,,,,,,,,,,,,,,,,,,,,,,,,,,,,,,,,,,,,,,,,,,,,,,,,,,,,,,,,,,,,,,,,,,,,,,,,,,,,,,,,,,,1485.690112424113,1502.1069671968046,1541.9260325899531,1562.7164459419841,1585.8622727040051,1579.0222722070573,1601.4554503141785,1577.6833496118245,1608.5757165306075,1601.0872155919594,1647.9824248786167,1664.1284566819265,1700.6388280752624,1715.1130781259576,1708.4046259958316,1687.618913641841,1678.6010267881468,1674.5950280269954,1709.6020677295146,1728.3531355402397,1737.089669421226,1738.0836401030392,1740.042054009882,1748.7154976189254,1738.6307809090063,1731.2738465762602,1754.2586179494551,1765.975413137223,1787.4457851536085,1790.070293264577,1813.996770883033,1818.4966186295605,1834.9533838409811,1853.6727954202277,1852.1169103255188,1862.3414531817673,1873.4361010400655,1891.8964170633994,1890.6307335682884,1908.1851891556955,1910.4000976586092,1930.7158713259244,1907.1650544540958,1915.891952959214,1906.8565323565324
394314,286,"Alexandria, LA",msa,LA,,,,,,,,,,,,,,,,,,,,,,,,,,,,,,,,,,,,,,,,,,,,,,,,,,,,,,,,,,,,,,,,,,,,,,,,,,,,,,,,,,,,,,,,,,,,,,,,,,,,,,,,,,,,,,,,,,,,,,,,,,,750.4037127916018,749.8996333398526,756.275642499934,769.8201814063437,761.3804417363881,766.0554943545291,,775.5833333333334
395163,287,"Traverse City, MI",msa,MI,,,,,,,,,,,,,,,,,,,,,,,,,,,,,,,,,,,,,,,,,,,,,,,,,,,,,,,,,,,,,,,,,,,,,,,,,,,,,,,,,,,,,,,,,,,,,,,,,,,,,,,,,,,,,,,,,,,,,,,,,,,1644.3512140701762,1668.5448299709528,1699.1660175964053,1702.885965400994,1705.7862239167912,1715.542947417252,1703.433069609177,1696.0833333333333
394359,288,"Bangor, ME",msa,ME,,,,,,,,,,,,,,,,,,,,,,,,,,,,,,,,,,,,,887.1315210149082,894.9438040206719,903.3860501120096,901.0875257131385,906.1343457839511,909.8388790496207,907.6424303492363,906.6093964890583,901.2901530613406,903.230665891889,908.0515308797363,910.5199140797441,908.9680829283067,913.1151388486492,911.4936823318718,919.0495780993216,916.4609669845165,922.7133823006837,927.4130716856424,937.4482628063749,949.5395525282051,952.7087563331373,960.6331105006449,968.6531514014476,975.8319583941543,977.9343585759317,962.8882899069957,964.8660394019176,970.6762099468219,975.7015368093691,986.9507183341844,989.6339284785053,999.2533743858843,1007.9515375850298,1013.545695726088,1017.7214961437484,1017.2073947767623,1035.5784925221897,1048.7509159217695,1059.300800484269,1058.0481809447217,1067.7702175194693,1089.6677216453136,1113.3803058527512,1121.355767643157,1123.4155815030504,1128.4429973662814,1142.5875996992393,1155.8489910864537,1155.030048482565,1161.8066148528276,1171.8999438855622,1204.4060753728272,1212.7273323573452,1217.0426980140626,1213.4430487778097,1231.4224890927867,1249.4952549583713,1259.5981843905322,1246.5833549419347,1248.2575311672126,1248.9942592437671,1261.9762770538402,1266.9577734430009,1276.9443864657571,1299.9510097025654,1299.731112613231,1299.7695377388213,1278.9831769169728,1286.5958380430457,1300.1107102913186,1321.8976102142249,1338.8824796966621,1355.8324482228854,1360.1758727077456,1355.3541490169127,1339.2378651258232,1334.3367024012769,1348.8814771399307,1372.0991132009742,1381.1114891563486,1379.7230689097407,1377.8373537845316,1378.9697002616815,1376.9246562500762,1377.9380702548415,1380.9580458481264,1394.5685838964635,1410.0628335488173,1415.5613102148168,1418.0393754481074,1415.189133559414,1429.930124688354,1438.7680137844611
394685,289,"Homosassa Springs, FL",msa,FL,,,,,,,,,,,,,,,,,,,,,,,,,,,,,,,,,,,,,,,,,,,,,,,,,,,,,,,,,,,,,,,,,,,,,,,,,,,,,,,,,,,,,,,,,,,,,,,,,,,,,,,,,,,,,1223.188421668264,1205.3509668206586,1206.2710076952062,1214.8718961277407,1221.1966505384469,1213.6280510924485,1213.267012788894,1215.578098680302,1221.202130890161,1227.163430554876,1248.3682080843967,1264.3362815391888,1244.0936719834365,1241.8591966915956,1234.7001486155364,1241.862303436888,1247.212672116472,1261.6889844001419,1261.9281284256097,1269.708251056911,1264.9276646471776,1270.5
394662,290,"Hanford, CA",msa,CA,,,,,,,,,,,,,,,,,,,,,,,,,,,,,,,,,,,,,,,,,,,,,,,,,,,,,,,,,,,,,,,,,,,,,,,,,,,,,,,,,,,,,,,,,,,,,,,,,,,,,,,,,,,,,1180.7617200828447,1193.4950898485858,1202.5387025541902,1218.2938568736574,1212.8822967497492,1236.6659638994784,1237.6417505872162,1250.0796798002339,1233.1250264835273,1243.218190622725,1238.1919546458055,1255.8797827695028,1258.9246363401985,,1252.284524547508,1251.3211205859486,1252.7826794452376,1253.2861158213811,1265.2800671529992,1274.722070751655,1295.2246441500013,1300.5555555555557
394723,291,"Jefferson City, MO",msa,MO,,,,,,,,,,,,,,,,,,,,,,,,,,,,,,,,,,,,,,,,,,,,,,,,,,,,,,,,,,,,,,,,,,,,,,,,,,,,,,,,,,,,,,,,,,,,,,,,,,,,656.9321544342694,,612.840094048462,625.8639016225093,633.8824814425318,639.4492558734493,649.920050221693,654.9196092475537,670.9636644161335,677.3483151930787,682.556365084269,676.1973259776319,675.1306270432365,688.0269569881785,705.3851734013367,725.4263137094109,729.3595723652504,739.5769958980858,726.0296467801271,735.31519411819,736.6277610800418,742.2164356966666,745.4805179531371,751.2130502506392,764.4704443719528,769.0537449694774,778.3058324300638,775.7012297974347,781.6385944427769,785.4917151461639,798.1527777777778
394598,292,"Florence, AL",msa,AL,,,,,,,,,,,,,,,,,,,,,,,,,,,,,,,,,,,,,,,,,,,,,,,,,,,,,,,,,,,,,,,,,,,,,,,,,,,,,,,,,,,,,,,,,,,,,,,,,,,,,,,,811.4597056560884,801.7879966251487,798.0747867718702,,781.1613252010078,791.3158726381834,806.6407993389162,802.1005523776101,796.7991648320548,802.9148295797353,804.4701968088002,810.4738445809719,818.2455399068531,823.9834756746253,826.2077161950044,838.9457378242445,843.7738266369774,837.0266399145819,829.1628716360227,836.0164122986245,842.13997802458,841.0714171946911,834.3726606203102,830.9122742411898,828.4457193614032,829.130905318469,833.75
394537,293,"Dothan, AL",msa,AL,,,,,,,,,,,,,,,,,,,,,,,,,,,,,,,,,,,,,,,,,,,,,,,,,,,,,,,,,,,,,,,,,,,,,,,,,,,,,,,,,,,,,,,,,,,,,,,,,,,,,,,,,,,,,,,,,,,,,,,,,,,,,,,876.5961862109368,874.72012628168,863.4749792324428,859.1666666666666
394306,295,"Albany, GA",msa,GA,,,,,,,,,,,,,,,,,,,,,,,,,,,,,,,,,,,,,,,,,,,,,,,,,,,,,,,,,,,,,,,,,,,,,,,,,,,,,,,,,,,,,,,,,,,,,,,,,,,,,,,,,,816.22989203093,839.1466000712887,854.6441783015318,856.3712739186554,841.0549464918729,846.4007927505133,858.3194678922835,864.290945217921,861.990457672809,836.3923372353041,852.9223518462583,854.1221318040041,866.1443429492413,854.1759382546102,851.0676576431916,850.9099963077259,872.3751507336654,868.1196142542403,853.7484534380169,849.6642328573835,851.3137058130969,881.1043799067879,865.6689449639675,871.4904253005511,851.25
395102,297,"Sioux City, IA",msa,IA,,,,,,,,,,,,,,,,,,,,,,,,,,,,,,,,,,,,,,,,,,,,,,,,,,,,,,,,,,,,,,,,,,,,,,,,,,,,,,,,,,,,,,,,,,,,,,,,963.2884156661993,957.5016973588878,957.9559868852893,977.0366348388866,984.1894036676035,1015.8225579652251,1024.9466184115408,1038.2279277087848,1038.2770629750055,1050.2578474942954,1035.1284322590166,1018.750575387939,1019.1078652020285,1037.9076332703921,1050.6611681971178,1051.3613077113523,1054.2933253276956,1046.0973167076802,1044.1258006315338,1058.6902251681786,1061.3642717431126,1078.7130554999494,1073.3591018921827,1095.8216205479926,1108.4306243636618,1108.3767792585588,1109.3401304006763,1110.4249250519076,1113.7441771847618,1115.9347271758174,1126.5713897759529,1123.8069372263947,1134.349566817029,1127.9221870586255,1148.4166666666667
395223,298,"Wichita Falls, TX",msa,TX,,,,,,,,,,,,,,,,,,,,,,,,,,,,,,,,,,,,,,,,,,,,,,,,,,,,,,,,,,,,,,,,,,,,,,,,,,,,,,,,,,,,,,,,,,,,,,,,,,,,,,,,,,,,,,,872.755114962909,871.0582141272702,874.0291297505053,882.2091702229628,891.3068976037724,897.4555981816792,889.6414105487381,875.3960365405079,884.9813875480116,894.0229883521516,909.7818257150002,906.8764395854922,921.2960055478487,912.1387915024945,915.0654052593051,906.2702111147527,907.7400385548019,913.5277063015964,921.3469062022427,940.4814814814814
395152,299,"Texarkana, TX",msa,TX,,,,,,,,,,,,,,,,,,,,,,,,,,,,,,,,,,,,,,,,,,,,,,,,,,,,,,,,,,,,,,,,,,,,,,,,,,,,,,,,,,,,,,,,,,,,,,,,,,,,,,,,,,,,,,,,,,,,,,,,,,,,,1188.7700624487677,1182.427297301668,1198.7311507860238,1205.6709409880182,1232.5104101644495,1218.4664224664223
395182,300,"Valdosta, GA",msa,GA,,,,,,,,,,,,,,,,,,,,,,,,,,,,,,,,,,,,,,,,,,,,,,,,,,,,,,,,,,,,,,,,,,,,,,,,,,,,,,,,,,,,,,,,,,,,,,,,,1041.0541986931578,1048.9194955279338,1051.4053095713477,1049.0782976311664,1041.6144114299786,1043.7986879048676,1072.2304350067493,1079.227036773264,1097.5672918223988,1087.2683349741937,1092.2328820163866,1086.520233197652,1102.0399746591925,1107.48855515181,1104.3289165268832,1098.6702334476415,1107.3426554010773,1131.568574505238,1131.0655566965231,1129.126987741888,1129.265493638264,1139.1871785485766,1150.9762594255205,1165.840449299288,1173.3257198899285,1178.146804736564,1192.2963222890344,1207.846645266658,1216.8882800753797,1210.2963367185025,1211.890614877732,1227.2044329829118,1237.775795899355,1254.7662393162393
394800,301,"Logan, UT",msa,UT,,,,,,,,,,,,,,,,,,,,,,,,,,,,,,,,,,,,,,,,,,,,,,,,,,,,,,,,,,,,,,,,,,,,,,,,,,,,,,,,,,,,,,,,,,,,,,,,,,,,,,,,,,,,,,,,,,,,,,,,,,1156.835388581306,1170.9479504617123,1184.9564310721464,1186.0328156170876,1177.70354665885,1177.3133939474387,1169.7908813614547,1165.0236457163726,1159.476851851852
394595,302,"Flagstaff, AZ",msa,AZ,,,,,,,,,,,,,,,,,,,,,,,,,,,,,,,,,,,,,,,,,,,,,,,,,,,,,,,,,,,,,,,,,,,,,,,,,,,,,,,,,,,,,,,1758.8056903939225,1756.1866478446038,1764.0315520370555,1766.5297847400495,1775.0385428024626,1770.807367534542,1789.6443694107268,1789.559459201664,1814.5760626170031,1802.4314194090314,1802.3051852997603,1789.02854300428,1809.9310202090614,1841.8146100310385,1852.6179097050685,1863.669869464706,1871.987348666621,1886.7095468389798,1876.1663983127407,1851.1610465610124,1859.3271468875496,1844.1558222903598,1857.061559159642,1873.1520482258134,1889.8379258831876,1898.7572332728816,1877.9459811201039,1883.3586762813893,1871.6131219738095,1876.9236735610596,1868.86823163823,1882.1295953219621,1870.9663109069022,1892.743601083884,1889.4076227973762,1892.2822963415167,1882.4739554907785,1870.8497134642773,1889.6027972901468,1890.421836130792,1904.0930484092626,1904.6704997236106,1922.481102309799,1936.0981481481479
395036,303,"Rocky Mount, NC",msa,NC,,,,,,,,,,,,,,,,,,,,,,,,,,,,,,,,,,,,,,,,,,,,,,,,,,,,,,,,,,,,,,,,,,,,,,,,,,,,,,,,,,,,,,,,,,,,,,,,,,,,,,,,,,,759.9931825582617,752.5491322651151,750.7500260757437,769.6771674160743,777.0319695552259,781.4593783754773,784.2092862732197,787.7675135564749,791.9660063214345,793.418688451684,806.3685032158693,820.4424011207227,816.8378704915524,822.3754701573114,827.2179969178766,825.4069862575386,822.9997237035141,831.0448753357199,835.2632022371313,838.196069957484,832.5088801741769,838.6408938155582,835.6441796059872,832.1428571428572
395000,304,"Pottsville, PA",msa,PA,,,,,,,,,,,,,,,,,,,,,,,,,,,,,,,,,,,,,,,,,,,,,,,,,,,,,,,,,,,,,,,,,,,,,,,,,,,,,,,,,,,,,,,,,,,,,,,,,,,,,,,,,,,838.6001646055574,850.4924684992995,877.5050025066982,870.8343347982002,870.8665163763341,887.4649343861296,,880.109757252981,889.746302564662,908.0059929652285,920.9468466185359,949.9516054703483,957.4304033744193,964.8570275434315,953.3828702871052,967.424359275294,975.8557256572086,971.1674672954266,975.4980416030653,985.6376948374918,996.2240722993022,990.6906671964919,984.8954641801316,967.0833333333334
394515,305,"Dalton, GA",msa,GA,,,,,,,,,,,,,,,,,,,,,,,,,,,,,,,,,,,,,,,,,,,,,,,,,,,,,,,,,,,,,,,,,,,,,,,,,,,,,,,,,,,,,,,,,,,,,,,,,,,,,,,,,,,,,,,,,,,,,,,,,,1328.3400362694272,1314.2253877719777,1313.549052556527,1356.0413514751315,1383.3081250518758,1428.2882704283231,1443.355040630268,1433.2913455605471,1438.7428571428572
394783,306,"Lebanon, PA",msa,PA,,,,,,,,,,,,,,,,,,,,,,,,,,,,,,,,,,,,,,,,,,,,,,,,,,,,,,,,,,,,,,,,,,,,,,,,,,,,,,,,,,,,,,,881.1715650574633,892.8075859295927,929.0684004665264,937.315555342799,940.4676482545455,936.9365535783578,940.1557271703572,935.1491555715544,942.5784150118282,944.6428806799119,970.1811864029823,982.9023839170421,980.1875296485679,984.4633287170699,968.0811474047548,981.9686659437536,993.5287881519449,1007.4812419272853,1007.467610449815,995.3567170129583,997.814433916584,1008.6804022081384,1020.0963746061382,1034.8966715756192,1030.5391446370948,1038.789739843573,1038.4127910139123,1038.4454711649967,1017.2544496456974,1015.186921905787,1027.6849905944152,1073.7490893344523,1078.7379230905187,1082.2421526842984,1073.625933725432,1073.409701066208,1089.2849811070773,1091.8129571446025,1105.9651490317622,1111.0142760517003,1134.369446355669,1142.836302808518,1143.5699374581075,1124.6349206349207
394880,307,"Morristown, TN",msa,TN,,,,,,,,,,,,,,,,,,,,,,,,,,,,,,,,,,,,,,,,,,,,,,,,,,,,,,,,,,,,,,,,,,,,,,,,,,,,,,,,,,,,,,,,,,,,,,,,,,,,,,,,,,,,,,,,,,,,,,,,,,,,,,1068.951021114313,1065.2067779867998,1085.1716083458984,1134.8864072871506,1153.3333333333333
395232,308,"Winchester, VA",msa,VA,,,,,,,,,,,,,,,,,,,,,,,,,,,,,,,,,,,,,,,,,,,,,,,,,,,,,,,,,,,,,,,,,,,,,,,,,,,,,,,,,,,,,,,,,,,,,,,,,,,1355.695220571723,1357.118694347443,1336.524843062747,1326.8136735848145,1330.9043858984573,1349.461287077752,1346.032057072412,1334.9232836807862,1335.3231905797484,1345.4123637944383,1380.605787421745,1389.6913188816523,1404.6057278105561,1404.1300249439173,1418.2951769561348,1419.7510728292964,1430.7734866039157,1438.7994281171718,1449.9789881496204,1457.5652441542995,1461.7308541295606,1476.5619558078756,1461.4361256024995,1448.0652504244242,1448.039529622795,1467.8283140786782,1491.5258639467838,1502.513779384027,1507.6337416451906,1510.973192308937,1522.3583462629026,1536.621164021164
395221,309,"Wheeling, WV",msa,OH,,,,,,,,,,,,,,,,,,,,,,,,,,,,,,,,,,,,,,,,,,,,,,,,,,,,,,,,,,,,,,,,,,,,,,,,,,,,,661.4385019525041,,654.9571656506154,665.5155154401077,667.0317780346993,,673.6438677405088,679.0545512385042,686.9073920150785,666.1410040243883,674.576034435688,680.0972980289231,688.1870154876389,685.2775687223636,690.4970806721863,695.6220118573998,700.3703577117974,704.9726129641764,702.0036731268639,712.2489369043857,721.1601487138927,732.0598129507769,732.5729507324148,724.4580315109052,742.8278605109717,737.4034317796113,740.8990754988254,725.75206431409,733.7954929043021,747.6502586942456,763.2439825768497,,779.1111745472783,775.3221990794482,758.7836993283598,763.1438566582439,762.4185677429426,783.3348430855209,783.6450540703149,796.8511505661464,782.3537949118617,795.1633968176312,790.785243804579,782.2135569825624,783.2415132599539,793.1603594423756,812.1363006256528,819.4476115471965,817.1391991731205,811.3000191619394,815.8596242124304,819.0672918333456,832.0694820477048,820.8809523809523
394879,310,"Morgantown, WV",msa,WV,,,,,,,,,,,,,,,,,,,,,,,,,,,,,,,,,,,,,,,,,,,,,,,,,,,,,,,,,,,,,,,,,,,,,,,,,866.7240051821492,891.304409258826,881.9260440598043,,889.339514573896,890.7486996052763,889.1889935999236,878.8184708882477,879.7520168823012,883.9054710521239,911.6537499748971,908.5164994766739,918.1502135738101,911.2645860732846,928.760945035598,928.4792258010549,931.5985039389207,940.9539046884034,951.2776239004471,966.5016121629826,975.3739331900498,984.102478592415,977.4590365205659,962.1920651847977,948.3768694933171,957.7780987508514,960.5040518657993,969.3467355288685,974.5570010411277,979.0710291463215,982.3579390034538,980.3048917985253,991.2814540454265,989.0904648563433,995.5598833374237,995.5135981427286,1003.4669236909397,1001.369042710659,997.413814241686,1000.6102296145655,999.1610721763365,1009.0327303228253,1008.0025402342136,1020.7801011973443,1018.8580633934067,1019.8095602411107,1021.1197284633852,1036.3414410293901,1042.3126971914035,1046.6554762412215,1051.0582724846654,1049.792783794278,1052.760848990941,1045.4710587116824,1046.8701535442335,1039.0941992503642,1036.8216860778036,1038.148148148148
394756,311,"La Crosse, WI",msa,WI,,,,,,,,,,,,,,,,,,,,,,,,,,,,,,,,,,,,,,,,,,,,,,,,,,,,,,,,,,,,,,,,,,,,,,,,,,,,,,,,,,,,,807.692357660475,827.4435683615023,843.3188184891522,869.0924651741968,874.2000336099401,876.0286549962003,889.8881824586615,900.1485242230402,915.4765519237166,904.3784582954559,908.1177512088354,915.6241189817805,936.6535681179788,952.5825591227014,952.4890451883945,955.989994896653,958.3117608161034,965.0497304488117,964.2012315933491,962.9509527751404,966.2926830343487,965.7025016167013,972.5473487404586,968.0297021577722,977.3055194911301,976.7128641688583,986.2402474410704,989.4475297398967,990.9013979205974,995.7471073810347,992.6016743455492,1003.7455066102724,1011.8962196271733,1018.2230076739178,1019.8353200159576,1025.3364148812084,1026.0210230140176,1024.6681384191534,1023.3693178859,1022.945567804161,1028.0566324269657,1028.7196490301292,1036.1087741069787,1032.9751057191047,1028.8330994239575,1031.364522417154
394900,312,"Napa, CA",msa,CA,,,,,,,,,,,,,,,,,,,,,,,,,,,,,,,,,,,,,,,,,,,,,,,,,,,,,,,,,,,,,,,,,,,,,,2129.9243656294834,2165.3202389603844,2185.0379897974362,2178.9114446019726,2172.8153244651057,2163.470279651507,2166.9110003289816,2179.107386532811,2212.9224063581664,2268.479668963147,2324.0834096663957,2357.363212853353,2376.119022583914,2391.4544732191916,2408.5449492808957,2426.3590804017185,2427.941826536471,2444.241837199153,2481.8355030466055,2515.400871657958,2543.074272971211,2546.925593185939,2537.734645403645,2527.5370979327663,2487.383566935013,2467.0402722695912,2479.795134173775,2493.676900934799,2532.034767369281,2544.468245741077,2578.5628016228197,2557.5916727660997,2531.025654420867,2499.45409184132,2507.535312692136,2506.0970518797317,2531.7940373530596,2526.4128558997136,2548.7829997540534,2561.1613847507033,2582.597496775886,2584.714100363792,2570.849845929687,2572.565153950716,2571.6201390540978,2588.127223186233,2588.29969078965,2596.3531378251178,2600.5587517287317,2620.1939033126714,2602.040973878035,2591.7531416226566,2566.073225971306,2565.1506322764367,2561.163133487021,2571.898905055176,2587.280738139595,2595.686015233933,2599.1445130672178,2601.4856805101044,2599.3407268170427
395013,313,"Rapid City, SD",msa,SD,,,,,,,,,,,,,,,,,,,,,,,,,,,,,,,,,,,,,,,,,,,,,,,,,,,,,,,,,,,,,,,,,,,,,,,906.0699340444623,909.913863432124,930.1696942888262,929.4944608825958,945.4920640342565,947.9288853071567,950.1405590608035,954.0479950747978,970.5953427448053,984.673277551444,985.5652649033518,1017.0538371322375,1040.139091910265,1065.2900839941815,1092.927329135398,1118.3168955971914,1152.285242311946,1168.275956102365,1191.0726769292867,1221.0509449054264,1227.4115071273745,1242.510295964805,1244.3448950455847,1238.4020509491372,1220.2052968750415,1206.1268240386248,1187.368583469038,1178.1057839930693,1165.939928627771,1165.2642245105892,1173.8683297526252,1173.0149299979823,1177.5640186790479,1172.9850753400228,1188.3461788093323,1188.9006435004776,1198.9617725675953,1202.8206689300848,1208.6741726541516,1208.0374602021025,1198.7021301522457,1203.7357997714173,1208.0411249458136,1212.9121098589444,1212.8781311170821,1213.1006494948376,1211.1663800978988,1211.4015788380448,1214.892265131131,1220.9121210944136,1225.9054469299404,1232.1860763731934,1243.6423142441934,1242.3797855924668,1235.448185031898,1231.1345918956588,1231.914635540078,1235.2221189058087,1233.0707971183067,1236.5765919428202
395139,314,"Sumter, SC",msa,SC,,,,,,,,,,,,,,,,,,,,,,,,,,,,,,,,,,,,,,,,,,,,,,,,,,,,,,,,,,,,,,,,,,,,,,,,,,,,,,,,,,,,,,,,,,,,,,,,,,,815.9845466713454,830.5905646907158,843.3446713587563,850.1929822666312,853.782020386904,858.6961019017776,857.74917861121,855.9015420566212,857.3669172353179,867.0196702464699,871.4136778388126,881.7466816619292,880.0924753379891,895.498852609818,891.9569352344034,912.0140913927478,910.8787226693058,930.1461901000362,919.9034037660477,934.6315382248523,937.4148403479692,939.6027653480612,942.374773437703,946.6500902426747,952.9049986317518,944.8250339820536,950.8769723639548,942.6235435861078,950.4926661072449,941.779655015816,957.9706243313166,955.1388888888888
394577,315,"Eureka, CA",msa,CA,,,,,,,,,,,,,,,,,,,,,,,,,,,,,,,,,,,,,,,,,,,,,,,,,,,,,,,,,,,,,,,,,,,,,,,,,,,,,,,,,,,,,,,,,,,,,,,,,,,1291.1825506711257,1290.215696195146,1289.1987329298172,1305.810333071778,1312.3555676416456,1332.8895963714701,1330.8258169550916,1333.861206182458,1323.4729327774176,1329.3801671539736,1334.024102884226,1342.9423968001831,1368.488471207546,1379.962842773228,1380.2209501612845,1368.3949856159343,1383.9755813787988,1377.3601857286105,1387.588494812761,1384.8065716014532,1405.2902524478409,1401.8179059384306,1385.9689697471028,1382.1902145225072,1379.9054325169975,1387.7669347501949,1399.5432391720083,1411.8257267700226,1409.641157180709,1416.4260339281177,1427.3878500151984,1442.840909090909
395117,316,"Springfield, OH",msa,OH,,,,,,,,,,,,,,,,,,,,,,,,,,,,,,,,,,,,,,,,,,,,,,,,,,,,,,,,,,,,,,,,,,,,,,,,,,,,,,,,,,,,,,,,,,,,,,,,,,,,,,,,,,,,,,,,,,,,,,,811.2674074002082,814.318627185836,849.0125127223972,851.8130995706015,857.4973315299163,869.1077684954413,897.7572365091371,912.2242285862576,888.8669781807571,876.7837456082787,881.9396505435326,897.6388888888888
394668,317,"Harrisonburg, VA",msa,VA,,,,,,,,,,,,,,,,,,,,,,,,,,,,,,,,,,,,,,,,,,,,,,,,,,,,,,,,,,,,,,,,,,,,,,,,,,,,,,,,,,,1117.6095322205276,1135.1932867209161,1133.4260022408293,1146.034249926155,1158.1376420865358,1183.4037286011676,1203.9511110124674,1211.8172733712724,1214.6508538434052,1226.757965833054,1232.3758117566538,1248.3643910710166,1257.1782049273288,1251.6632373947994,1264.5397520752676,1288.9195716547952,1314.4496381864385,1319.5243497455322,1318.468240497825,1324.4196212187323,1313.3055967207379,1320.3931442219614,1324.9329652584972,1338.9769001368334,1304.435619603435,1313.6117243770516,1331.43737118532,1366.8780524103026,1376.6211595224509,1369.7457732725086,1391.6155400017744,1396.088360544769,1420.34688299824,1419.5973944683683,1433.0123621312869,1441.3207714936768,1486.0556926375502,1498.5859826751393,1497.5970912277028,1473.2587069509034,1469.071867973047,1485.5110407471984,1482.1933211269234,1491.1109266363567,1493.0923535309278,1502.6935159328623,1503.2995297273321,1498.5277777777776
394368,318,"Battle Creek, MI",msa,MI,,,,,,,,,,,,,,,,,,,,,,,,,,,,,,,,,,,,,,,,,,,,,,,,,,,,,,,,,,,,,,,,,,,,,,,,,,,,,,,,,,,,,,,,840.221834860208,848.4896274590158,849.5844517406625,825.9506402982943,823.3566855421943,806.739297182606,819.5102048504892,818.7495653671606,833.3435872551216,833.3190497077655,850.1145559910715,855.4970085145176,863.5747910922,851.3647615292164,853.6787469440629,857.2407757694099,863.505905512136,859.0177090215818,854.7883160270404,844.9021543388573,838.9930017723163,847.0187664077862,855.8756706896677,866.7309749288246,865.2154422039368,863.6075143884711,858.9617909628092,855.1911011807489,858.2926263528897,867.5109296117724,882.1417213090072,893.6494292272417,901.5772765201694,903.8866216392391,900.3752098262211,896.9437709679332,900.7722927755176,915.1320622591179,926.8235870322833,943.801636328244,949.3993425045533,958.072226136196,956.6900432900433
395094,319,"Sherman, TX",msa,TX,,,,,,,,,,,,,,,,,,,,,,,,,,,,,,,,,,,,,,,,,,,,,,,,,,,,,,,,,,,,,,,,,,,,,,,,,,,,,,,,,,,,,,,,,,,,,1266.796534148064,1295.9500724359837,1292.0330737978811,1300.6641779559827,1282.6863728453434,1274.9311017918915,1245.3636742995768,1249.0895477858448,1286.1285927207778,1315.4492180345273,1318.231251069943,1327.738234138794,1330.8173885833617,1330.9522375094646,1298.0675815418942,1297.6043622204832,1310.647063346742,1333.3009589222456,1343.8432546170015,1342.1444285670077,1332.83121652486,1331.0317546901013,1324.0399016591311,1338.1624438259546,1312.3281933121689,1325.8150332676707,1357.152133523889,1361.4460729684142,1362.2694057464114,1348.6912209566021,1356.0060703904849,1355.538097924281,1349.6915112294444,1337.3206380083263,1342.834374207009,1325.1844575067273,1336.413270587465,1320.0579717132757
394821,320,"Manhattan, KS",msa,KS,,,,,,,,,,,752.9218655911978,752.202028240109,744.2364202662172,748.9103617702741,747.7020858756086,751.3609078068645,752.6232065426883,759.246492593651,760.7150049311368,769.3396255188411,775.3455974341281,768.2175656079514,762.4158736923921,747.3892897302798,748.0835237850333,747.8751136179252,761.5565452762756,762.5710633457173,762.566290804096,753.7137360281152,751.0233221650813,748.688675561962,747.5403767619966,747.3111761784157,743.8753351202495,750.8398375823595,753.2779210326654,758.4904096222126,755.6085719757903,756.5337380632702,757.890223424633,763.743570476374,759.0482718436286,758.2379732488725,750.2374611867755,758.9099997785514,760.9942274090355,768.3435308149269,763.3209910190232,758.8950420007033,754.4948463424545,752.3743999883101,750.6870168403337,748.7990702353331,752.6131341030231,752.3307451965933,756.902428571999,750.565003170264,750.557979436082,743.3405114164547,744.5028493738666,743.7624386858356,753.9522408249343,753.9334113606831,758.4728616176275,753.5831096639921,756.6094410646679,752.560502978774,760.3272472329917,765.6575815485926,767.6329225562873,763.530758210027,759.2734361466838,765.4210415399843,771.4763532889322,776.6613691249418,776.3612540369536,782.355590887921,782.2648449632177,787.4907563315566,777.0131851946596,776.0147567160354,775.059471120949,783.9536225544782,791.152987606118,798.5602194726682,803.2925929046398,805.6792178718529,806.599035542384,806.4438428282454,809.142849729915,817.2338846812497,825.6798737693607,830.986559302217,825.935818975266,826.5239159094343,825.9011120220118,830.1111499032877,828.210681478265,828.1714855067107,832.4641791647429,840.4057564087668,848.2376541452275,839.9595942245081,839.956640360407,841.4994531744844,855.2363272921936,866.1926113279305,869.0185819045533,869.5992323714217,870.6536020347139,880.1914876305818,883.6987775963948,880.6918596359511,880.4629887369882,890.2312421793694,911.7288533395902,914.9077175209271,916.7408904282904,915.873393796165,922.429143919486,927.7593379031848,936.4006548354328,937.6509962192251,941.7995887776898,948.9766413366128,953.2813435179689,956.123025150489,945.3352217362715,948.5066208301502
394442,321,"Carbondale, IL",msa,IL,,,,,,,,,,,,,,,,,,,,,,,,,,,,,,,,,,,,,,,,,,,,,,,,,,,,,,,,,,,,,,,,,,,,,,,,,,,,,,,,,,,,,,,,,,,,,,,668.0538585093639,665.8926363361228,659.2430435423098,649.0047304815341,651.3497361583871,663.9822720064183,673.7746674528707,681.3482196969935,694.5839197250224,695.6291149253094,697.6224769544535,696.7230266643098,694.8908975142546,693.8704229651423,687.834072016722,697.0229774084812,696.4642278505589,705.7363774732522,704.2132819396696,712.6172249095183,717.0135880037906,724.0878144544181,714.6348288257828,713.6131318407637,715.94496681945,722.6850984199053,730.6286308271661,730.6018482782641,736.3538321432679,733.9662541258685,738.162455400457,735.7933438879454,734.6189052947977,733.4872818485455,740.9804987914011,744.3392255892255
394727,322,"Johnstown, PA",msa,PA,,,,,,,,,,,,,,,,,,,,,,,,,,,,,,,,,,,,,,,,,,,,,,,,,,,,,,,,,,,,,,,,,,,,,,,,,,,,,,,,,,,,,,,,,,,,,,,,,,,,,,,,,,,,,,,,,,,,,,,,,,731.128096749087,730.8352483521805,751.3738198037892,757.1438772552685,757.5408345063606,753.860101290167,755.6053208983614,770.0994972141932,759.7222222222223
394728,323,"Jonesboro, AR",msa,AR,,,,,,,,,,,,,,,,,,,,,,,,,,,,,,,,,,,,,,,,,,,,,,,,,,,,,,,,,,,,,,,,,,,,,,,,,,,,,,,,,,,,,,,,,,,,,,,,,822.6504740034495,820.6095405923611,828.0068170225524,822.4743398709063,817.6086311826946,824.6229084920758,831.4574044791229,832.2435049471534,825.7392214969868,821.3830442256055,824.6533570467661,829.908420801598,830.7493495441037,848.0306149811638,853.7574395399067,864.1156733981554,856.6960762891133,856.192492339049,860.069575165424,867.1143960199914,872.5546586550473,875.298617115774,874.2662924597125,874.7116273552854,877.4489176100813,871.9300614343625,871.9066224765697,874.4693515591281,890.4135002011456,897.3611517354843,901.0633004995295,903.6267622403121,911.1147515614977,918.7250712250712
394390,324,"Bismarck, ND",msa,ND,,,,,,,,,,,,,,,,,,,,,,,,,,,,,,,,,,,,,,,,,,,,,,,,,,,,,,,,,,,,,,,,,,,,,,,,,,,,,,,,,,,,,,,,,,,,,,956.1796376843183,968.9144391747449,988.606417260504,998.6945865877531,1019.143959637469,1027.5031772982366,1026.004108843093,1023.0697271700778,1025.5253799978852,1045.5253430508894,1058.076720364813,1058.0825224632226,1059.4452662668061,1061.6615035176649,1064.6465456393096,1061.6941678111964,1068.528233722883,1081.9130382424607,1091.8137338502042,1097.9464761747104,1109.7315302219665,1116.3365206853334,1132.643726947476,1145.5681346903505,1145.9761830323941,1153.948664767813,1157.801209350357,1173.278017994806,1174.5878597037668,1179.875782386733,1186.8777279060346,1197.4395798259784,1199.0645993973708,1198.8644839027434,1199.2757955273505,1205.3427934052813,1217.9560185185185
394661,325,"Hammond, LA",msa,LA,,,,,,,,,,,,,,,,,,,,,,,,,,,,,,,,,,,,,,,,,,,,,,,,,,,,,,,,,,,,,,,,,,,,,,,,,,,,,,,,,,,,,,,,,,1075.5360693577386,1079.332739089573,1072.577233750289,1062.0497203858015,1063.0795351566928,1052.1404817576756,1044.2505644942626,1024.7134276153822,1017.7257745745103,1019.1902568610697,1032.835943406303,1034.6740562134712,1047.8448427218627,1046.6250063900661,1059.5666321535798,1060.0831145018878,1054.8470272075153,1047.3851667183264,1041.0280195297269,1050.8040136205764,1058.6204617900357,1054.4581562703368,1049.520172878832,1038.5750138579463,1037.4872386189847,1042.7346537515223,1054.4695405155019,1064.8559663353965,1066.4598623732907,1080.7301664132074,1087.4544799472014,1092.304242810039,1092.2495534286804,1104.3601709726108,1106.6712865714592,1115.6911647841707,1114.772861098118,1117.184439170469,1109.6924678415508,1109.5135514989638,1116.5673400673402
394983,326,"Pittsfield, MA",msa,MA,,,,,,,,,,,,,,,,,,,,,,,,,,,,,,,,,,,,,,,,,,,,,,,,,,,,,,,,,,,,,,,,,,,,,,,,,,,,,,,,,,,,,,,,,,,1110.003761670348,1143.5575054935855,1151.767947731543,1169.4563547876728,1172.7952257537693,,1192.3634594740363,1202.3580898886316,1232.553609107155,1226.8281895608757,1237.9375801695942,1221.3719203896205,1217.55708416338,1206.480773888157,1216.1076143127193,1252.001064600024,1264.7722513209626,1273.9249020964476,1281.9695769505777,1288.7396217850617,1290.0404047490115,1269.1567364593375,1288.2415760664799,1293.2794518264225,1331.3069437569789,1315.03762536961,1322.042969565559,1305.640139652728,1311.2321328579706,1320.7947740246398,1325.4017904793318,1334.3422321252249,1335.379183310836,1372.5119094649567,1375.9349233497298,1398.448888429393,1392.571177647843,1428.4848910350913,1443.6136769658845,1463.2142857142856
394890,327,"Mount Vernon, WA",msa,WA,,,,,,,,,,,,,,,,,,,,,,,,,,,,,,,,,,,,,,,,,,,,,,,,,,,,,,,,,,,,,,,,,,,,,,,,,,,,,,,,,,,,,,,,,,,,,,,,,1667.3754414865589,1660.5887532691434,1669.0043269947219,1661.3549798255845,1660.7786573902897,1660.8437928905162,1680.568546235828,1685.3532517065987,1670.5014996937161,1681.543972850111,1669.6078404353693,1683.6579613460153,1707.6340981194198,1767.7529963399006,1799.9721110444384,1807.2929261885738,1781.9547405845756,1778.400967201362,1767.3198390625041,1789.7982315334523,1794.7142725563208,1794.9819197696565,1795.6493187717037,1794.7378594688814,1783.5969780273842,1755.5333014873845,1736.3328675403502,1745.541719506835,1768.1488832429525,1775.8355999752282,1782.991139859171,1774.6061838602884,1786.2329467111642,1790.861952861953
394719,328,"Jamestown, NY",msa,NY,,,,,,,,,,,,,,,,,,,,,,,,,,,,,,,,,,,,,,,,,,,,,,,,,,,,,,,,,,,,,,,,,,,,,,,,,,,,,,,,,,,,,,,,,,,,,,,,,,,,,,,,,,,,,,,,,,,,,,,829.4339393692985,865.8553944310249,912.2495143043903,921.1206826948288,907.3332587741749,927.5865886916305,923.2315712677234,958.3054448497318,929.1428211822977,947.0232043905081,941.1404128525575,951.6666666666666
395153,329,"The Villages, FL",msa,FL,,,,,,,,,,,,,,,,,,,,,,,,,,,,,,,,,,,,,,,,,,,,,,,,,,,,,,,,,,,,,,,,,,,,,,,,,,,,,,,,,,,,,,,,,,,,,,,,,,,,,,,,,1405.5882568186116,1399.8754104414652,1419.5256467298104,1425.985475587979,1476.921493566788,1500.4820363109018,1484.166818399183,1483.174437817756,1475.6804234894066,1512.6320340159257,1507.7806202224597,1517.395889439808,1505.259772814225,1520.9165338593662,1507.4743140919627,1503.9936989228559,1473.149271339073,1452.9499038769193,1455.9098062716137,1443.9754393291296,1452.5341778968254,1441.7631224047839,1457.9097677477823,1470.5365966991624,1494.01351594962,1499.8160233918127
394307,330,"Albany, OR",msa,OR,,,,,,,,,,,,,,,,,,,,,,,,,,,,,,,,,,,,,,,,,,,,,,,,,,,,,,,,,,,,,,,,,,,,,,,,,,,,,,,,,,,,,,,,,,,1350.097031599929,1378.4042031964393,1391.5242206777923,1404.8802593230446,1408.9033384309796,1404.3730213391368,1419.1125120323175,1436.2944046996781,1439.1909272746161,1442.476567210138,1440.6997395923754,1441.104885557677,1436.4547902090476,1436.5755135313316,1443.042374843956,1447.3696399801024,1440.6580964271357,1439.9905437150753,1440.5113609125924,1455.701231859105,1457.0022095821369,1464.0086178124816,1459.526245369332,1462.2514364357423,1461.1937865144948,1469.7117477011834,1476.3920740709573,1488.2004186050733,1496.7053252675287,1510.9549326877936,1507.017422399314,1495.031052797684,1497.6583954724567,1495.386629494932,1506.636156072036,1505.4567796702725,1510.7621072431677,1501.7556424970358,1491.5733386298978,1478.2619047619046
394633,331,"Glens Falls, NY",msa,NY,,,,,,,,,,,,,,,,,,,,,,,,,,,,,,,,,,,,,,,,,,,,,,,,,,,,,,,,,,,,,,,,,,,,,,,,,,,,,,,,,,,,,,,,,,,,,,,,,,,,,,,,,,,,,,,,,,,,,,,,,1218.1749709769633,1239.1901609733168,1242.2328111657648,1251.9430860878688,1259.9943114717682,1272.0809988279805,1269.8080846506898,1271.8320919591567,1279.524844858555,1295.8333333333333
394780,332,"Lawton, OK",msa,OK,,,,,,,,,,,,,,,,,,,,,,,,,,,,,,,,,,,,,,,,,,,,,,,,,,,,,,,,,,,,,,,,,,,,,,,,,,,,,,,,,,,,,,,,852.6956917989519,,878.9680207037007,870.1912369610101,850.2676567378285,834.6937736425713,846.6238155141964,836.7911056607405,860.996436911264,863.069740136973,865.7985836730701,847.4113475095453,841.3365011121264,843.7924278764635,854.1461411726599,863.6430935379599,881.6307504993396,890.1343813345927,883.7975147112234,892.1622183525167,895.2418054776531,899.3423518247785,884.4933431338087,870.2827437025101,871.6741822056011,876.8847284836628,887.5173873279482,888.2113316085113,888.0265127590284,892.0661688887325,898.0964309027644,905.4884878532955,900.3484752535177,902.1351961334949,904.4619942272363,919.6299344175396,917.626694095473,917.2065285409469,904.4346863720984,904.9578145357076,903.4526275121503,902.1631360602668,900.2314982859448
394474,334,"Cleveland, TN",msa,TN,,,,,,,,,,,,,,,,,,,,,,,,,,,,,,,,,,,,,,,,,,,,,,,,,,,,,,,,,,,,,,,,,,,,,,,,,,,,,,,,,,1077.9217470965868,1087.6881308000961,1081.9121189374978,1096.8452416652567,1125.7768184045142,1148.9982413679154,1159.6720010614279,1172.0069312389624,1182.1199976393473,1195.6415232623694,1194.6259145136944,1180.2747805373194,1176.333288985374,1189.424587389891,1218.3803261863432,1221.038259417841,1223.7214959302767,1222.8846612180807,1237.4905719933563,1231.9547962771308,1228.0048374519392,1218.1849509464907,1224.250020917132,1222.2849122207126,1230.990074006281,1226.547795678301,1226.6187103855927,1230.3215494744015,1224.6369313665962,1223.8684500158508,1215.2542836494779,1224.2233054412964,1233.8673785334565,1253.3521859811676,1259.7587898399586,1268.1621295362559,1263.289553109144,1268.195965906153,1264.5777572531763,1266.4364975527506,1271.8785490143616,1275.7315098020817,1279.7733146326343,1278.8228604273402,1276.2009909866588,1267.8510607729327,1264.1968069387606,1264.5951176192382,1267.2747252747254
395098,335,"Sierra Vista, AZ",msa,AZ,,,,,,,,,,,,,,,,,,,,,,,,,,,,,,,,,,,,,,,,,,,,,,,,,,,,,,,,,,,,,,,,,,,,,,,,,,,,,,,,,,,,,,,,,,,,,,,,,,,,,,,,,,,,843.2660996580747,843.451870140158,854.069363189206,879.264823171328,890.8464213782645,880.4860379658055,876.4989470636953,883.6874310839389,899.1398845203112,897.0395782433726,898.4266379759761,908.4092894567061,916.7342549976247,923.9787502104236,911.3024448618677,917.7184703089431,912.3407760447093,928.7981541806656,923.857600654172,939.3338471868896,941.7420314431572,946.7674349779893,948.0285714285714
394325,336,"Ames, IA",msa,IA,,,,,,,,,,,,,,,,,,,,,,,,,,,,,,,,,,,,,,,,,,,,,,,,,,,,,,,,,,,,,,,,,,,,,,,,,,803.0510730674705,773.6046984967845,779.03862861362,784.3816401621424,791.6881660317823,793.7124493781035,796.2083748882887,791.8517089776207,796.8936867803291,797.3243087717458,794.6992127579834,799.3348116414544,803.5825661238848,826.3624998416436,827.4778310411949,836.7587605126093,832.877111685225,839.1364424051695,840.6360349964668,845.711753777529,842.7603449631182,842.792895578401,839.1421126543353,846.4140504870967,849.3210924192723,860.4819502519123,857.4079094712309,851.1339946215725,846.642985095685,842.3652146238991,841.939694371079,856.2204176345322,867.7263980091889,882.3840978712279,887.1208358748682,890.7504918712975,894.7042114651009,888.2558326731764,897.648023141759,891.9226145096966,900.3849516419374,908.7929801476049,924.1521800499565,920.6853732951406,916.4666394624574,912.6401660101453,918.6544726766633,919.5547720374005,922.2618248756621,925.7670013603287,927.6967567840873,941.0028435722057,944.9468494164597,946.6578362328407,942.0251012793142,943.7503376511837,949.1187943262412
394824,337,"Mansfield, OH",msa,OH,,,,,,,,,,,,,,,,,,,,,,,,,,,,,,,,,,,,,,,,,,,,,,,,,,,,,,,,,,,,,,,,,,,,,,,,,,,,,,,,,,,,,,,,,,,,,,,,,,,,,,,,,,,,,,,741.9533869571034,763.0656846779989,778.1347757903827,787.9203079987873,809.5103708645563,816.8934813227045,817.585375399147,802.7647418757638,829.2453498644395,816.7461335576477,818.3539981341748,807.8682073252052,824.2096919781737,822.6320363022744,831.5789332367839,835.9855459596865,831.715831040227,830.6987186834778,832.5771619239661,852.5
395128,338,"Staunton, VA",msa,VA,,,,,,,,,,,,,,,,,,,,,,,,,,,,,,,,,,,,,,,,,,,,,,,,,,,,,,,,,,,,,,,,,,,,,,,,,,,,,,,,,,,,,,,,,,1061.0270152843907,,1048.003788703118,1060.760823347251,1068.4711407733098,1053.8766382942229,1049.8532771666828,1062.0317187564926,1068.9139147336564,1092.6441734775203,1098.513388782002,1112.9977073236494,1096.6053999534133,1109.7997912312148,1119.0646513104941,1135.8584758430236,1129.6843517389707,1153.469432710663,1156.2364311679084,1170.30695199841,1177.2369047660943,1174.4768155087959,1185.659298139369,1177.8713051663838,1189.8750893469496,1181.682383197366,1200.1975870786669,1194.727197397428,1199.0709436773143,1198.8205121047192,1207.7048317410658,1200.470357583376,1198.4899683407964,1202.2116186056926,1200.2962163980005,1208.9035823516153,1215.0517114131098,1227.1810695037173,1221.1764665244964,1226.4071426532048,1236.9027777777776
394353,339,"Augusta, ME",msa,ME,,,,,,,,,,,,,,,,,,,,,,,,,,,,,,,,,,,,,742.9739459463273,739.3887010707849,739.3036881100908,744.3689790582956,749.8569269846786,751.2903836059828,755.7444209572923,761.4227241232163,771.1026573125366,766.568023534455,768.0183477242986,764.0990646406949,778.8504454682849,790.2551166149937,793.5991381587925,788.9513664117953,794.1386184163085,800.2819543982605,807.110570270157,809.0928895154093,812.5928210513499,820.7433461400491,826.1324839146048,837.8280884207076,836.4097866274161,838.3044345553553,838.6242076078695,846.6948307262672,851.645335191684,863.3473000790885,876.7495175582696,894.9113822760035,902.0663138911758,907.9131897517348,926.7597897547206,922.112185428067,,930.12179128416,955.2329268191017,978.1394329195183,991.613294839416,991.0638570072498,1005.592145080794,1023.9921405905069,1033.4421413014488,1030.2624550332398,1026.5860552862298,1058.9795468223952,1076.8484683304773,1094.0607487444809,1090.2907644987984,1095.1270519194288,1103.6977451840994,1112.7022029302368,1121.689261612098,1107.511243745726,1122.1452284639608,1126.2056871556526,1152.842253455381,1148.8706094467764,1173.2378297093956,1181.5202492762128,1197.9075135806766,1191.2286779013639,1192.8128915314046,1196.8028657603077,1192.6277703137678,1198.4340874213992,1208.5006041388197,1233.0337797718462,1244.9206397534272,1248.4104093127871,1251.4274801102301,1254.8470248903757,1245.7659746235722,1251.5932359615983,1249.4633093706823,1264.4605486854668,1271.2816289825928,1299.097006869495,1300.2679368341499,1308.4028576530663,1303.6190639836461,1313.556030141596,1311.4367670514696,1317.0168481002406,1331.5452165819545,1343.5728587957838,1356.0030501249557,1352.3906178641244,1357.9181219177278,1345.345987072621,1344.3843621476647,1332.2901069518716
394321,340,"Altoona, PA",msa,PA,,,,,,,,,,,,,,,,,,,,,,,,,,,,,,,,,,,,,,,,,,,,,,,,,,,,,,,,,,,,,,,,,,,,,,,,,,,,,,,,,,,,,,,,,,,,,,,,,,,,,,,,,,,,,,,,,,,,,,,,807.5577381408202,803.091318320045,812.6229805260487,817.7641823586387,837.4042104213693,837.2373506589727,839.1148101615798,834.606395410123,846.3979877893141,869.4438112202107,875.3809523809523
394905,341,"New Bern, NC",msa,NC,,,,,,,,,,,,,,,,,,,,,,,,,,,,,,,,,,,,,,,,,,,,,,,,,,,,,,,,,,,,,,,,,,,,,,,,,,,,,,,,,,,,,,,,,,,,,,,,1282.1630548573482,1296.4102654592048,1285.531284795579,1251.4591293867934,1218.2275997398847,1225.6168896828601,1246.8839216459985,1263.1730980153488,1274.2179841744385,1276.1969194039573,1271.1398916230137,1271.185502659717,1254.7543326666273,1242.9704736873252,1252.4498814811031,1285.9486958920602,1310.7541482780084,1309.1180900297811,1299.4535098995075,1303.8493038441545,1310.6099284102336,1301.268994158703,1305.9600794558528,1325.072606243906,1351.6111539215683,1367.4129662231321,1375.9321074728787,1376.8898429607611,1382.3433300032325,1387.451268793567,1393.0332548478102,1389.2068426161022,1385.779701783616,1402.22415295291,1415.8333333333333
394588,342,"Farmington, NM",msa,NM,,,,,,,,,,,,,,,,,,,,,,,,,,,,,,,,,,,,,,,,,,,,,,,,,,,,,,,,,,,,,,,,,,,,,,,,,,,,,,,,,,,,,,,,,,,,,,,,,,,,,,,,,,,,,,,,,,,,,795.8385097786442,798.1691191993277,812.6127637580505,812.8048589317112,818.4532882362423,831.566129488614,837.7078530163551,851.2735823465555,862.9393863996014,873.7300789526175,868.3518414241984,879.2499644340159,895.485247241486,913.4722222222222
395120,343,"St. Joseph, MO",msa,MO,,,,,,,,,,,,,,,,,,,,,,,,,,,,,,,,,,,,,,,,,,,,,,,,,,,,,,,,,,,,,,,,,,,,,,,,,,,,,,,,,,,,,,,,,,,,624.0970995461182,629.77650718862,646.0734583988767,625.3758064090357,630.6784418830333,636.7683181141039,663.0974021140372,664.9765952460153,668.1762262591602,659.7251424285806,672.0609039476968,687.2024090152355,,691.6262014872076,682.7429365116674,687.8754271846566,691.8348522765922,709.3095088590575,702.4607881917492,704.0345949607954,709.8128329943119,710.1741445250076,714.8363352173124,720.3016929018645,727.1365926198268,730.6807365186056,740.0141840894275,757.1453999573341,769.2101085861669,762.1753447128928,767.1694665025256,773.9183857451486,777.8153746870418,793.1439401035877,793.766741780989,796.2665283706556,795.6850814107387,804.3290401544257,811.8055555555555
395054,344,"San Angelo, TX",msa,TX,,,,,,,,,,,,,,,,,,,,,,,,,,,,,,,,,,,,,,,,,,,,,,,,,,,,,,,,,,,,,,,,,,,,,,,,,,,,,,,,,,,,,,,,,,,,,,,,,,,,,,,,,,,1075.952717684571,1081.5857966716057,1068.341199023045,1085.7598332149846,1086.1566737454564,1085.285079358245,1067.1783171112734,,1103.6398673975918,1124.040332108607,1115.3385616614364,1100.7294566538267,1113.4226190068598,1118.044554188365,1143.7203963658828,1142.1129912263227,1154.1486935054622,,1181.9144855241884,1185.2160824207517,1184.8157406990335,1182.2283460378617,1204.349690855439,1226.0136363636364
395218,345,"Wenatchee, WA",msa,WA,,,,,,,,,,,,,,,,,,,,,,,,,,,,,,,,,,,,,,,,,,,,,,,,,,,,,,,,,,,,,,,,,,,,,,,,,,,,1343.2163494244205,1351.931891490419,1391.2006679964454,1414.7473711017522,1440.4850359868522,1439.69504181761,1471.1084279216082,1494.6579602449033,1507.074766934827,1508.5919729369155,1514.0829720048994,1547.993048428237,1566.048152189346,1590.6059577489507,1583.7564000732618,1589.267616364992,1592.3095132861924,1597.299640944414,1592.0178711811425,1587.4650642409802,1592.2952408685787,1598.2993229241372,1603.0022274093317,1595.3910984572337,1591.9174564992627,1580.9964000206016,1580.1414083260684,1579.5164048460122,1580.6570840123957,1585.745986231682,1572.6221860619598,1573.9579181733768,1574.9863204243236,1584.5714865961488,1583.5775177323671,1587.6288641664896,1595.5177932885865,1621.6376534032484,1633.4972907112067,1645.9487865088342,1640.7489620813167,1632.3722235123505,1629.4410550988582,1633.557873255311,1634.6746800488959,1631.0741939222435,1634.979894049525,1636.3374059230152,1635.420397744156,1623.0681954156564,1622.1260211505605,1618.9459138573322,1628.5313166683295,1639.1884157518136,1655.6859991859992
753890,347,"Holland, MI",msa,MI,,,,,,,,,,,,,,,,,,,,,,,,,,,,,,,,,,,,,,,,,,,,,,,,,,,,,,,,,,,,,,,,,,,,,,,,,,,,,,,,,,,,,,,,,,,,,,,,,,,,,,,,,,,,,,,,,,,,,,,,,,,,,,,,1225.8171480049953,1272.2806968835594,1263.0
394810,348,"Lumberton, NC",msa,NC,,,,,,,,,,,,,,,,,,,,,,,,,,,,,,,,,,,,,,,,,,,,,,,,,,,,,,,,,,,,,,,,,,,,,,,,,,,,,,,,,,,,,,,,,,,,,,,,,,,,,,,,,,,,,,,,,,,,,,,,,,,,,,,,,,837.5
394778,349,"Lawrence, KS",msa,KS,,,,,,,,,,,,,,,,,,,,,,,,,,,,,,,,,,,,,,,,,,,,,,,,,,,,,,,,,,,,,,,,,,,,,,,,902.3519877662845,896.3101205968014,883.0556185024167,888.8138017828944,896.6141987125466,910.3666308790692,924.6657741081517,936.5919737147647,942.4148803525699,934.6429365192962,932.9616927908245,929.2563638784447,955.1379556276594,965.3557563640952,979.7830273086731,976.4447882702642,983.4341036980073,990.003689534302,993.9237633476891,994.7693904051239,1006.5479202520293,1020.3467544363165,1034.919334685864,1032.3294480046181,1034.010738263817,1041.2879797281482,1051.2869961731963,1060.2877066683295,1066.0595865946545,1078.4181443693858,1081.2258393138898,1096.3622906106755,1103.1789009027634,1115.6342661890424,1111.380587107866,1112.0419616637926,1108.519292462026,1116.9712055120312,1123.1342080324878,1144.0227491904714,1148.1525520005425,1152.495998861474,1159.0726360066951,1172.3230760854033,1175.4869171087885,1176.7535427806217,1176.3880433609665,1194.2847300719964,1207.8112880186952,1212.2796355100038,1216.6029460730813,1213.3048103637184,1223.0746196128375,1229.5553663311455,1240.3017632057283,1240.4337981601025,1251.1059607025422,1260.8599425109599,1280.6190476190477
394635,350,"Goldsboro, NC",msa,NC,,,,,,,,,,,,,,,,,,,,,,,,,,,,,,,,,,,,,,,,,,,,,,,,,,,,,,,,,,,,,,,,,,,,,,,,,,,,,,,,,,,,,,,,,,,,,,,,,,,,,,,,,,,,,,,,,,,,,1061.482979658929,1071.818402033247,1107.5112777077798,1118.356655322109,1086.0638477285145,1072.159341042474,1096.7873107158064,1096.1893382315088,1118.3595589338804,1131.9954107567044,1140.664371945786,1136.4133663048076,1140.9287512068443,1179.888888888889
395213,351,"Watertown, NY",msa,NY,,,,,,,,,,,,,,,,,,,,,,,,,,,,,,,,,,,,,,,,,,,,,,,,,,,,,,,,,,,,,,,,,,,,,,,,,,,,,,,,,,,,,,,1001.8941124829635,1005.4671324964199,991.5506085448822,988.4362802011765,1006.0181653813706,1021.0409047327223,1032.5878845783989,1009.578587442226,1016.9528632205607,1031.0304810250598,1054.1650396218402,1045.0445590748134,1040.6496604271424,1054.4159315615118,1075.7209302854897,1084.5733128571235,1074.204933234275,1075.9048661061754,1079.947168913157,1090.2876731486958,1075.4112250375088,1083.1966226011216,1091.7754397321346,1090.1529926429748,1094.2058118030268,1103.440406464311,1130.2154440791112,1126.02473434841,1119.7680182290353,1113.929574761263,1121.5957177352277,1125.0942330491225,1141.852737489846,1140.1396061064654,1135.1387410443383,1149.4427800172923,1158.2121954528836,1155.5297092001756,1139.7275255857471,1152.4564137027687,1172.4415929484007,1187.873149206296,1193.2157836512963,1206.5592592592593
395089,352,"Sheboygan, WI",msa,WI,,,,,,,,,,,,,,,,,,,,,,,,,,,,,,,,,,,,,,,,,,,,,,,,,,,,,,,,,,,,,,,,,,,,,,,,,,,,,,,,,,,,,,,,,,,,,,,,,,,,,,,,,,,,,,,973.0227199313276,976.1313416352098,999.6153269057229,1009.8449118068437,1020.8095062201575,983.8435596747048,967.7969769769396,986.8175163333267,1018.384565258536,1035.544582546183,1030.5312953545792,1027.1523976860888,1039.7710813036258,1047.4472038848755,1053.1987556447557,1059.3443552353021,1078.5699101766434,1099.9570390410358,1126.3244603286446,1129.2388888888888
394867,354,"Missoula, MT",msa,MT,,,,,,,,,,,,,,,,756.9649324990903,753.393883495642,750.8613774199247,757.0672605675552,763.8248686557524,764.9565914985081,765.7288790310047,767.6495435016406,773.7200143256109,772.2712852557804,771.9280784506188,771.690388213259,777.040865474714,782.9532843601262,786.264540967807,785.3345515374411,783.2019535644823,784.3259741789825,786.4359648066644,792.298556862846,789.4030704235623,789.0270301235015,791.9314888445651,795.4637684059187,799.4382386547607,795.0524159793979,801.4611847901601,801.3629680064024,804.2386093598818,797.0870801876293,798.6255519955047,798.738082632585,808.2946319911321,819.153497198833,819.2821031792066,821.6313620443094,822.5834959943561,829.32126876825,829.0161287383364,833.8904456096973,836.898913813949,847.2110397862856,850.2960460735399,852.5279621004294,850.6605753969842,848.1450822146472,852.1951162081622,857.049876015601,865.3465555399897,860.4400825922552,860.9519191224799,870.4520833263208,888.8517621482827,928.874741836766,952.136894137878,963.1299411930081,960.7814774929362,975.7478744478252,1000.0527972504669,1013.0257178284696,1037.8932860670468,1062.902251536171,1113.8433575693286,1147.443456850749,1158.3246399444185,1140.0244233060737,1120.3585247179703,1140.6888602575043,1162.5245064685669,1197.865849703416,1211.0464169113693,1224.68919130232,1222.2534219270326,1225.2759049163983,1214.483289028718,1201.9381574076401,1207.286451856678,1220.6220568377476,1254.616565510302,1257.9630141288683,1276.784003982162,1280.5892690372887,1259.5381699237728,1253.939502122031,1257.526304408348,1284.6636979761277,1289.5290779872928,1292.9795634175937,1292.1095474214105,1288.465702160245,1286.3335442808284,1291.623414576002,1292.6251662295817,1278.9864011969348,1286.2298062944271,1304.5368596163048,1313.698436301461,1308.2358952986356,1304.2697544119367,1313.4756331332903,1322.4377165699761,1333.106783159368,1333.1188609815194,1334.2535508689723,1330.6669307234943,1341.6723729836003,1352.589864441046,1347.098228415371,1346.8149536128144,1344.3576119093373,1353.3953096019718,1353.309639499209,1351.8983501975347,1349.2157001157348,1349.0452107279696
395237,355,"Wooster, OH",msa,OH,,,,,,,,,,,,,,,,,,,,,,,,,,,,,,,,,,,,,,,,,,,,,,,,,,,,,,,,,,,,,,,,,,,,,,,,,,,,,,,,,,,,,,,,,,788.818779704533,795.9213015114719,807.4650242779181,841.6678532432959,836.195000688616,830.6063673162965,818.2366951319059,830.1819094506508,844.4778567100512,857.2322930281789,859.4431748168697,861.3417426689532,858.7639628454468,868.9081703042193,873.8018983823491,876.8581083874581,888.4358104430308,885.5599886405502,885.4349445561747,883.585302845544,885.4373479500395,891.3140809889974,895.3277849800957,910.1695317628728,926.5129866685546,938.2903796274866,918.2853153984817,914.3637834832725,900.4179669224905,910.4769503598151,924.389154270186,930.9750047241539,934.9781956463434,933.1163997703081,939.2106943414951,938.3021175210523,942.2323430725784,941.8289355632344,968.5734566357145,980.5757152039806,1005.5555555555557
394407,356,"Bozeman, MT",msa,MT,,,,,,,,,,,,,,,,,,,,,,,,,,,,,,,,,,,,,,,,,,,,,,,,,,,,,,,,,,,,,,,,,,,,,,1399.859936846663,1453.4724553682895,,,1539.8282037924102,1540.900571981096,1556.561952601946,1596.4339932612781,1627.6706763817594,1653.4408429627097,1672.983656995611,1685.2947914706444,1740.66561073854,1762.3711004789218,1789.4944797314902,1772.2403783943382,1799.877127287513,1822.4546360465297,1849.6015499382258,1865.4631370215009,1894.2044869190295,1947.9557565302325,1977.801115093661,1998.6627167164472,1957.422676536511,1916.963456225665,1896.6122780517223,1913.8957926686153,1949.6589568909515,1974.9873467506357,1967.482208932055,1968.4346846289136,1960.5285474471716,1951.845867786111,1949.4077496948144,1939.118560174278,1937.8100736399367,1930.3412212032838,1948.2112311280514,1942.8014350912972,1953.4091773210037,1963.5173604151653,1975.16863839232,1970.6257030555944,1957.3149596910596,1959.9641899390738,1968.487827426148,1974.8415366965523,1984.56129979975,2012.0516799720895,2007.6927904900522,2009.6019708200595,1980.4981535205716,1956.2889794941927,1943.2534786170152,1938.085975814702,1939.3132488859346,1922.4262867199236,1900.9566240243882,1883.9837484645232,1867.478412698413
394333,357,"Anniston, AL",msa,AL,,,,,,,,,,,,,,,,,,,,,,,,,,,,,,,,,,,,,,,,,,,,,,,,,,,,,,,,,,,,,,,,,,,,,,,,,,,,,,,,,,,,,,,,,,,,,,,,,,,,,,,,,,,,,,715.0162590516142,704.1837125396838,714.3227865276408,726.2220238675902,745.0258979396814,751.1338148971919,748.1213042993079,747.2155170665375,747.1833164428559,750.6737492561958,,763.3529804537956,768.1324176666673,778.8971212847734,779.2775349965484,781.5821267820023,763.5982826272619,754.0542234773098,755.2183923415905,757.2676335323195,761.1111111111112
394374,358,"Beckley, WV",msa,WV,,,,,,,,,,,,,,,,,,,,,,,,,,,,,,,,,,,,,,,,,,,,,,,,,,,,,,,,,,,,,,,,,,,,,,,,,,,,,,,,,,,,,,,,,,,,,,,,,,,,,,,,,,,,,,,,,,,,,,,,,,,,,,,,,,795.0
395225,359,"Williamsport, PA",msa,PA,,,,,,,,,,,,,,,,,,,,,,,,,,,,,,,,,,,,,,,,,,,,,,,,,,,,,,,,,,,,,,,,,,,,,,,,,,,,,,,,,,,,,,,,,,,,,,,,,,,,,,,,,,790.3221407316698,805.8656179212168,804.8204606090413,821.8583340556556,835.0759894408856,851.6555460030007,844.6791367466445,835.0504623071317,829.4312527765942,833.8313296641792,858.0421955354865,859.3348935930399,843.3348852054136,839.7522786550562,854.6255680972587,862.1180779576047,868.5862697568182,863.9224093099454,865.5614565921843,860.2237501538525,865.7525534415427,863.0346817018444,862.3957345856234,863.5541478929695,880.1388888888888
394423,360,"Brunswick, GA",msa,GA,,,,,,,,,,,,,,,,,,,,,,,,,,,,,,,,,,,,,,,,,,,,,,,,,,,,,,,,,,,,,,,,,,,,,,,,,,,,,,,,,,,,,,,,,,,,,,,,,,,,1438.4503546669557,1390.0262075490823,1394.4629331306244,1385.1005279667577,1382.2467308915918,1373.774409838772,1363.3364135037555,1381.2429651871132,1399.9908103619268,1402.7787397164864,1388.5487079584705,1394.6608258499448,1413.5133183834416,1434.750878249843,1414.6781363752195,1408.6095260959617,1390.0242974092073,1400.1585766609317,1408.5779471838994,1414.0135423062713,1414.0882159588302,1426.4735711217993,1428.5718045109472,1421.7884535524474,1412.0607220261693,1417.2813320764806,1429.1725892092738,1435.2790140109141,1452.8135398719228,1455.7956790233834,1460.5783882783883
395173,361,"Twin Falls, ID",msa,ID,,,,,,,,,,,,,,,,,,,,,,,,,,,,,,,,,,,,,,,,,,,,,,,,,,,,,,,,,,,,,,,,,,,,,,,,,,,,,,,,,,,,,,,,,,,,,,,,,,,,,,,,,,,,1153.0306127188983,1168.6505160209435,1170.4054544505752,1170.9462463842847,1156.7390133180847,1153.743885909726,1167.8771868955491,1186.1048023347614,1197.4736440581707,1201.191852848805,1204.7343101012627,1207.809262025775,1207.090791426421,1197.4510972527212,1201.7300901549104,1205.3049350719364,1222.438623079242,1223.7409766967266,1224.7078779029275,1222.1912622683249,1223.482862202427,1236.3359395224768,1254.138888888889
753872,361,"California, MD",msa,MD,,,,,,,,,,,,,,,,,,,,,,,,,,,,,,,,,,,,,,,,,,,,,,,,,,,,,,,,,,,,,1214.3434713893425,1236.8915930141789,1286.1000715588161,1259.8823503603824,1226.769881442261,1223.4512034304182,1221.4897105063317,1226.4807389722364,1229.332377805868,1234.8969458149666,1251.23974301524,1263.8905484366041,1279.594169370125,1287.141824416163,1306.4257640410656,1326.4708132422827,1370.9956043922207,1398.021447552123,1416.229240455238,1419.8684899597147,1417.7587298191645,1434.1457714695237,1438.7405864559928,1446.9446552612744,1419.5109309007269,1402.6591831722344,1389.2037940933942,1412.2665821002756,1416.29145215956,1418.1440796878157,1426.3588463237334,1428.3261538736826,1442.0170333443316,1427.956581334075,1418.2782295278723,1410.239619598547,1415.5720168799605,1435.6391814835893,1448.1598955898316,1453.3092258917902,1455.8038232723827,1465.9616055385177,1477.2706061950287,1500.5181453247394,1502.9413744605763,1512.1903872376397,1514.7186339003767,1519.869351281855,1545.7125048526784,1554.3015695686238,1567.5110636226657,1561.299868153848,1585.7329612477076,1590.8064474502967,1603.0724815560186,1588.2232547748188,1584.3839067838348,1603.5116704594911,1623.436554179215,1639.9956454279406,1640.6355258166159,1645.515612910944,1650.0245638451597,1665.785601701713,1662.7770590735936,1673.0891768553813,1676.7811545652432,1697.8955122915645,1719.61862008927,1725.308857808858
394495,363,"Cookeville, TN",msa,TN,,,,,,,,,,,,,,,,,,,,,,,,,,,,,,,,,,,,,,,,,,,,,,,,,,,,,,,,,,,,,,,,,,,,,,,,,,,,,,,,,,,,,,,,,,,,,,,,,,,,,982.0066109931577,983.0799736554962,1014.692001240252,997.2283588417681,999.055527291575,967.8359352889606,996.3197237439866,995.4430781931449,1011.1751127152464,1004.653518007796,1000.7890321011572,983.6519410679241,985.347058119535,988.5663534808012,993.7497048176978,998.4712138255347,1001.9074055598402,1014.9464262617698,1013.2727571721571,1010.6603988500896,1010.9679845661302,1010.5653380201912,1017.830568962598,1032.2416315019677,1032.3819116843188,1032.949139075437,1027.956359311795,1042.160441505235,1052.8522475541506,1062.142857142857
394893,364,"Muncie, IN",msa,IN,,,,,,,,,,,,,,,,,,,,,,,,,,,,,,,,,,,,,,,,,,,,,,,,,,,,,,,,,,,,,,,,,,,,,,,,,,,,,,,629.1457453496209,632.2008710554371,654.5831390423322,670.172528140144,677.4771029388364,672.3464015313322,658.8429806192102,668.79685186838,667.1369000796772,675.3007023537825,680.7490051275684,692.7536809426161,693.6169176353898,706.4613783137762,700.3744015148754,702.8626043149046,706.8134481713895,709.7831470750456,726.2999779038057,735.648897177909,743.7779825008618,736.77626544338,718.590900940928,721.682382510225,737.0580585183295,749.743711295615,746.9864935758678,737.6061612577371,741.6058107177106,750.1775973361077,763.3161111476757,767.7668278373166,774.0971501801139,766.8391773369478,771.1518322934345,780.5362574147232,789.8625616302967,795.8020143410536,803.5095780342376,812.2613355517939,816.6932033096157,820.5814638116894,815.3839930720893,816.1567437769647,818.8250170707083,836.8505512955021,852.9135653697557,851.4120257181971,846.0971760164666,841.978096960353,848.1058841686154,855.0592821924091
394857,365,"Michigan City, IN",msa,IN,,,,,,,,,,,,,,,,,,,,,,,,,,,,,,,,,,,,,,,,,,,,,,,,,,,,,,,,,,,,,,,,,,,,,,,,,,,,,,,,,,,,,,,,,,,,,,820.2504402898595,838.7696644434089,862.6999643241015,860.564196207496,,871.3552562945298,871.6222115520262,868.3761009325889,870.1034105911355,898.4218339512388,896.0857102161613,907.3314758102522,883.9088668681669,886.0206953753247,885.7537360290827,912.5626333530298,916.1113396059155,933.5297353900295,951.4266560764444,948.1645017974423,,934.7162631294071,958.6198877731275,971.6486539313389,978.8146804369011,980.1357744505809,981.9163188587655,973.0459425578015,974.3841897424701,974.4155517671626,971.6070501408348,982.7937361468744,994.0912958822491,991.8901262990042,982.9634665790744,975.9406735291727,988.4222222222221
395039,366,"Roseburg, OR",msa,OR,,,,,,,,,,,,,,,,,,,,,,,,,,,,,,,,,,,,,,,,,,,,,,,,,,,,,,,,,,,,,,,,,,,,,,,,,,,,,,,,,,,,,,,,,,,,,,,,,,,,,,,,,,,,,,,,1057.9159090705743,1098.2237707793943,1128.65275928034,1137.3036566000678,1134.8880105356106,,1101.7719659151533,1082.30584912101,1079.211347072727,1093.6337528940792,1106.6575852923283,1106.731066884865,1112.456019247085,1105.3699970516946,1100.8788015762937,1100.9679101275897,1120.6855932018277,1142.4524112126792,1158.1666666666667
394788,367,"Lewiston, ME",msa,ME,,,,,,,,,,,,,,,,,,,,,,,,,,,,,,,,,,,,,,,,,,,,,,,,,,,,,,,,,,,,,,,,,,,,,,,,,,,,,,,,,,,,,,,,,,,,,,,1261.5019999221117,1271.654791007443,1266.7809224006755,1287.8706617827982,1296.73080923064,1322.2358163077845,1313.8989892012685,1314.08349812209,1301.5346596516233,1313.8358152689984,1340.3208130223345,1364.6416863871416,1377.1390957634433,,1354.2087781763607,1362.9514123048023,1394.1771150823324,1399.7564109265668,1421.11733483532,1422.462283904493,1436.1866595589631,1452.1689847381215,1456.3910141104295,1452.4853634645265,1458.8927698989437,1491.4027814840301,1510.5648870191023,1512.8073406583771,1502.4394643172586,1502.918569499793,1500.005397738749,1514.786031924026,1525.8680158216139,1522.075268085887,1517.2939974162682,1515.2777777777776
394804,368,"Longview, WA",msa,WA,,,,,,,,,,,,,,,,,,,,,,,,,,,,,,,,,,,,,,,,,,,,,,,,,,,,,,,,,,,,,,,,,,,,,,,,,,,,,,,,,,,,,,,,,,,,,,,,,,,,,1161.2541187922213,1151.6695523426079,1173.0511889325392,1168.8007248015176,1177.1058816050354,1166.555354386918,1163.5376604870244,1167.3351122297704,1168.33843556532,1177.9844678236377,1167.3699652790417,1183.0221374683679,1174.654075322671,1188.3055686101395,1170.3484110692384,1169.0333294582322,1174.2042686283007,1213.0187892811928,1224.3117136099613,1224.9912536884303,1231.8232830076947,1224.4769324329259,1240.4738238721561,1238.2154615505196,1252.8993845702919,1248.1322746866235,1254.436016628272,1265.327494499104,1265.3783271718964,1249.021164021164
394734,370,"Kankakee, IL",msa,IL,,,,,,,,,,,,,,,,,,,,,,,,,,,,,,,,,,,,,,,,,,,,,,,,,,,,,,,,,,,,,,,,,,,,,,,,,,,,,,,,,,,,,,,,,,,,,,,,,,,,1027.9120984755418,1042.0456006430372,1054.7599212212565,1045.8878428715075,1052.7803775720945,1071.716249760762,1072.8092240083013,1068.86008102382,1095.5511046516428,1107.2285613251843,1122.8190521405909,1095.1868959433493,1106.7348752171433,1116.5743122559008,1137.3027812788066,1143.0290138396906,1131.9902086531572,1129.3689938094092,1137.561980073432,1157.4285455489862,1151.3675255145683,1167.5635999262283,1168.2748323494889,1200.1729135718433,1192.1450855618837,1191.697210868353,1184.5601893056798,1198.8447690154226,1217.2187203811325,1226.997118936383,1229.0277777777776
394396,371,"Bluefield, WV",msa,VA,,,,,,,,,,,,,,,,,,,,,,,,,,,,,,,,,,,,,,,,,,,,,,,,,,,,,,,,,,,,,,,,,,,,,,,,,,,,,,,,,,,,,,,,,,,,,,,,,,,,,,,,,,,,,,,,,,,,,,,,,,,763.7319622368578,763.8161778856364,759.519886708679,764.8459190868462,777.8492720200633,793.5919745229346,778.1343717491235,782.6666666666666
395095,372,"Show Low, AZ",msa,AZ,,,,,,,,,,,,,,,,,,,,,,,,,,,,,,,,,,,,,,,,,,,,,,,,,,,,,,,,,,,,,,,,,,,,,,,,,,,,,,,,,,,,,,,,,,,,,,,,,,,,,,,,,,,,,,,,,,,,,,,,,,,,,,,,1490.8739980509004,1501.3733410061145,1475.0
395023,373,"Richmond, KY",msa,KY,,,,,,,,,,,,,,,,,,,,,,,,,,,,,,,,,,,,,,,,,,,,,,,,,,,,,,,,,,,,,,,,,,,,,,,,,,,,,,,,,,,,,,,,,,,794.7926905324176,,787.680289976304,799.1566961596891,811.2338718586318,815.0241908690834,827.3437857742225,829.3057739766045,823.945928595593,831.2390109692302,843.7907219374207,839.9199063549551,831.8779157173462,825.5033743916258,838.203671567538,844.1180348707323,847.0071283769701,847.3923331922097,849.3742874779781,857.8775400631986,860.2921655408024,865.5733284413326,865.8082792780937,874.5016524512154,884.9974136512606,890.293403780717,884.9217831202269,882.719185934775,883.7523176495371,887.8225723082825,886.4840026691637,884.197836517194,889.5895978119598,889.147592482389,887.86124137594,884.9805585014359,886.8694984662035,891.581893437471,896.2807463948233,898.1570512820513
395168,374,"Tullahoma, TN",msa,TN,,,,,,,,,,,,,,,,,,,,,,,,,,,,,,,,,,,,,,,,,,,,,,,,,,,,,,,,,,,,,,,,,,,,,,,,,,,,,,,,,,,,,,,,,,,,,,,,,,,,,,,,,,,,,,,,,,,,,,,,,,,,,,,1177.784346054156,1178.5679342770563,1186.3278229434466,1198.611111111111
395222,375,"Whitewater, WI",msa,WI,,,,,,,,,,,,,,,,,,,,,,,,,,,,,,,,,,,,,,,,,,,,,,,,,,,,,,,,,,,,,,,,,,,,,,,,,,,,,,,,,,,,,,,,,,,,,,,,,,,,,,,,,,,,,,,,,,,1386.8296698578874,1378.476643648485,1363.5407781726094,1337.407246795164,1351.0706744410368,1330.951198411104,1343.7095067939292,1338.7459268427592,1377.8129936506823,1400.6741950737617,1419.6348567498824,1428.6433338487827,1396.428467317788,1424.0210791279708,1461.174165480203,1522.9166666666667
394709,376,"Ithaca, NY",msa,NY,,,,,,,,,,,,,,,,,,,,,,,,,,,,,,,,,,,,,,,,,,,,,,,,,,,,,,,,1478.342869006162,1500.9416531097063,1459.4138689400716,1487.8388871286404,1454.1719662429603,1491.4968218971562,1504.1314873459216,1540.8851216137953,1559.225064688652,1526.0487661482807,1550.9860666890668,1537.165301196384,1562.4918739256088,1575.7013120964064,1580.36514760738,1590.3558807710665,1551.9614663149382,1537.372550322321,1496.9453135043266,1515.9727005270263,1513.4037937503606,1555.7210030487674,1548.9995996343991,1571.463082287913,1605.0837353662562,1621.6421847984934,1689.6915119809619,1680.9324621602414,1731.2078966493273,1730.6117793901258,1784.176809774291,1832.554741443149,1860.0913154681728,1890.6526536013175,1898.6300976151772,1886.7518448522706,1814.5475449710775,1778.2850735678692,1755.6774966238543,1813.6732333833927,1882.6012258276733,1922.2846964530443,1939.0991145170349,1904.380822309663,1895.7557693340561,1860.722988227748,1885.0727809505336,1909.5809958577065,1958.437503694641,1947.3634917332402,1931.1454602959059,1925.5181953633364,1939.6087166918537,1972.3736585271163,1968.4793963659388,1969.5276271884504,1961.2200771400248,1984.7032138187415,1983.5953574498774,2017.0943603242338,2020.898380345235,2052.894341604694,2067.0981269748936,2061.4663828115063,2023.1655260035254,1998.2288275693666,2002.410320951719,2027.049067750711,2051.561824996104,2061.7900319459327,2067.0635847124267,2047.1462536738654,2049.5766365860645,2052.8350024586275,2067.8584239411825
394637,377,"Grand Forks, ND",msa,MN,,,,,,,,,,,,,,,,,,,,,,,,,,,,,,,,,,,,,,,,,,,,,,,,,,,,,,,,,,,,,,,,,,,,,,,,764.2845246647345,769.7798131685188,776.1375610565777,780.1867291929457,776.7395731295312,777.1444891958553,776.3821775668762,780.935179071205,783.8368486445679,786.5424221977133,785.1999681064249,792.6539597889766,801.347670064911,799.0799765851541,796.556789136201,791.1137132422659,801.5339099292313,806.5748564707955,813.4360149142515,819.3763437833138,824.5751188985083,825.6277816225604,829.7968603543059,830.3468527420262,836.5133249249284,836.8096932379639,837.0746438168013,837.6584979843785,838.544326543255,842.8535002260194,846.4763621666,852.2633262128269,853.0937858586303,856.8028680517469,859.7331298402983,865.2512981915744,864.0751244386372,867.7378040244266,871.4346287705853,883.358123565077,888.1065138233648,892.6432784844814,896.1242072542826,903.65183143083,912.0723770516632,912.1488124842245,915.1783232283937,919.7982859747459,926.9786180104134,935.7291348809586,944.8610911430898,948.1691042706291,954.2865445254764,960.3270772607954,967.7654093231615,971.3166248323122,977.5999672708342,990.567028451699,1001.6198830409356
394524,378,"Decatur, IL",msa,IL,,,,,,,,,,,,,,,,,,,,,,,,,,,,,,,,,,,,,,,,,,,,,,,,,,,,,,,,,,,,,,,,,,,,,,,,,,,,,,,,,,,,,,,,,,,,,,,,,,,,,,,,,,,,,,,,,,,,,,,,,,,,,,,,760.2029647012671,755.4373142612623,765.0
394762,379,"LaGrange, GA",msa,GA,,,,,,,,,,,,,,,,,,,,,,,,,,,,,,,,,,,,,,,,,,,,,,,,,,,,,,,,,,,,,,,,,,,,,,,,,,,,,,,,,,,,,,,,,,,,,,,,,,,,,,,1308.9881756923926,1307.2647526993958,1311.2529614166326,1340.7898104786377,1353.885858490604,1387.2174745801076,1386.0327695625542,1373.0497330542883,1374.8834432669248,1378.1201183192854,1382.4693920024026,1375.502501777289,,1374.302879305176,1370.9596891469826,1369.4847231938054,1362.287449998214,1345.7849592281223,1334.3248779029461,1344.930146689427,1345.2947329418266,1346.2786128878915,1336.5251396918209,1340.5924192411874,1345.1666914942166,1344.7550567036685,1341.8650367906803,1329.350108932462
394369,380,"Bay City, MI",msa,MI,,,,,,,,,,,,,,,,,,,,,,,,,,,,,,,,,,,,,,,,,,,,,,,,,,,,,,,,,,,,,,,,,,,,,,,,,,,,,,,,,,,,,,,,,,,,,,,,,,,1058.1449111629515,1071.9069880120294,1049.2980089151506,1026.9146071746816,1011.5079647309349,1028.1234437234089,,1044.9718100214704,1023.8368312259811,1051.5634915324467,1057.224198599356,1099.390246041457,1095.4810620315566,1096.3927214265411,1090.77888654825,1097.1595065465765,1103.931241910948,1091.6897186427946,1098.7644953130812,1117.6881238454741,1135.2844401548994,1118.3370683461374,1113.0169533700387,1091.3653140244865,1091.7928255284075,1094.0449730900702,1110.9754874473613,1131.93005495122,1137.465558177055,1143.161965506974,1140.3968669517526,1128.9444444444446
394599,381,"Fond du Lac, WI",msa,WI,,,,,,,,,,,,,,,,,,,,,,,,,,,,,,,,,,,,,,,,,,,,,,,,,,,,,,,,,,,,,,,,,,,,,,,,,,,,,,,,,,,,,,,,,,,,,,,814.9993517012795,819.8420672847888,815.7508260800928,830.359759421639,842.214691237217,861.7780971874091,867.3037408357258,868.9800136512122,880.0400595035752,883.2485948386219,890.5456073308138,891.5166648257231,886.8301118091616,870.1319453499347,875.5817008131462,879.912844034434,910.375782393927,907.8059044681629,908.0553490255674,920.4744981958474,939.8367484737422,955.1774518162713,947.8730032182096,948.5082626109592,961.130604049704,984.7513004834482,989.8637004353894,989.6689988703955,968.0551232905553,971.2534665367765,977.9939725970635,979.920205938191,972.9630781590698,968.811698753396,978.0646350785556,983.0055555555555
394630,382,"Gettysburg, PA",msa,PA,,,,,,,,,,,,,,,,,,,,,,,,,,,,,,,,,,,,,,,,,,,,,,,,,,,,,,,,,,,,,,,,,,,,,,,,,,,,,,,,,,,,,,,,,,,,,,,,,,,,,,,,,,,,,,,,,,,,,,,,,,,,,,,977.9977337470958,985.9039248954157,1002.3971089245596,1014.5833333333334
394733,384,"Kalispell, MT",msa,MT,,,,,,,,,,,,,,,,,,,,,,,,,,,,,,,,,,,,,,,,,,,,,,,,,,,,,,,,,,,,,,,,,,,,,,,,,,,,,,,,,,,,,,,,,,,,,,,,,,,,,1621.4308414231675,1633.8761800999441,1628.0765153550014,1629.6592527987723,1590.807673968355,1592.8692401094493,1594.5501004516482,1598.4371523921059,1604.664279245592,1616.9068961221599,1619.2023597111036,1611.5729910639143,1619.3248099818366,1629.0707477681233,1642.4707672548789,1648.8199016487822,1642.9574626855378,1640.1138324431035,1644.6658546912456,1635.5647751110857,1654.3464751525805,1647.8425721922738,1633.3622327500361,1617.5955298458334,1619.624126839992,1632.199245263122,1631.6230163983512,1622.289809431193,1623.5632958541019,1620.7342657342658
394823,386,"Mankato, MN",msa,MN,,,,,,,,,,,,,,,,,,,,,,,,,,,,,,,,,,,,,,,,,,,,,,,,,,,,,,,,,,,,,,,,,,,,,,,,,,,,,,,,,,,,,,,,,,,,,,,,,,882.8260433674363,,901.5604348904195,889.9616387046846,892.3756491253747,883.2399932459263,902.8987660886847,908.3589272387721,920.4976558268129,909.2321978284208,917.9862293027265,912.8756227641129,920.7067617999759,926.5280429031512,938.2608946961393,941.6519452501045,949.8213175664081,945.915760564958,919.2182986602559,925.2015508927417,935.4587645130498,958.2999011404122,970.2773247409627,976.4892867258997,976.1666076469864,982.7411741303457,978.3165820329972,993.0674725178902,999.4305516661632,1021.0423261524705,1046.367038836817,1049.8595408968004,1055.2222222222224
394794,387,"Lima, OH",msa,OH,,,,,,,,,,,,,,,,,,,,,,,,,,,,,,,,,,,,,,,,,,,,,,,,,,,,,,,,,,,,,,,,,,,,,,,,,,,,,,,,,,,,,,,,,,,,,,,,,,,,,,,,,,,,,,,,,,,,,,,,,,,,,,,957.2030420741867,961.0349999578946,,961.6666666666666
395166,389,"Truckee, CA",msa,CA,,,,,,,,,,,,,,,,,,,,,,,,,,,,,,,,,,,,,,,,,,,,,,,,,,,,,,,,,,,,,,,,,,,,,,,,,,,,,,,,,,,,,,,,,,,,,,,,,,,,,,,,,,,,,,,,,,,,,,,,,,1807.6095860336463,1846.0508282636413,1898.2285735321418,1864.0106635109967,1909.5800655894084,1920.9993826453756,1991.3079479589446,2043.4929091276579,2055.0
395080,390,"Sebring, FL",msa,FL,,,,,,,,,,,,,,,,,,,,,,,,,,,,,,,,,,,,,,,,,,,,,,,,,,,,,,,,,,,,,,,,,,,,,,,,,,,,,,,,,,,,,,,,,,,,,,,,,,,,,,,,,,,,,1058.1829130460505,1039.8314306538555,1050.350593670737,1047.5184336653776,1064.1309118386623,1074.3880960186184,1077.8368265185406,1075.9701504960515,1077.7534276503002,1088.9388699983824,1089.7643421475543,1085.616899388847,1082.947313993917,1087.8222892545366,1103.3078499901594,1103.9724435158078,1102.8088687773834,1094.9653345302913,1106.032454468842,1112.318635600647,1115.5670389036675,1111.1666666666667
394462,391,"Cheyenne, WY",msa,WY,,,,,,,,,,,,,,,,784.92092542084,774.3405128372551,774.8311329527415,776.6442061478091,777.0547200745607,776.3985139868512,777.3880078949029,775.7705130388078,778.2189884119825,775.4390146419895,776.9329299513745,776.1558680976924,777.5762192132967,780.6323505699488,782.4034423763662,778.5801284356156,779.2511735397127,776.1056905242674,778.2944126961381,778.1054663809145,781.7144712940001,785.1532810964954,783.9838731215347,779.9403123478668,780.004558854061,781.1242696449002,783.7417960831028,791.812312679832,791.4481507232454,799.2707297581419,797.2672191315887,803.3675630417083,802.871767568387,808.4210202076347,805.7252259592602,810.9474607490378,815.9254162806765,820.4221156043393,822.7294589146163,823.418547876496,829.3894702093525,831.1726074229672,838.2596535596488,840.7298820690739,846.7927608549091,849.0127556856036,859.7441751890659,864.0336920102878,865.0970727090062,858.0141655030994,860.1022782375061,860.0503969536521,865.3169523572083,868.8534778921498,877.8842175258789,886.4584567591478,899.9314796257502,902.6591857959472,896.2240086345222,894.5332402676315,901.2668129243465,919.4570514354059,921.8594356752418,934.2345125881161,935.0088642524239,952.267043141761,953.8114701935368,963.0803266506792,964.4945330915671,973.9337758936169,977.0515777527393,980.478464730965,983.7980344231981,986.0328814137797,997.1764317211334,998.8343491841042,1011.4946214260957,1008.0438757152493,1011.8502032684356,1006.4879547539864,1000.552949813252,1004.4991700138589,1015.0440901496656,1033.6673713694765,1039.1734568633121,1041.5396721161342,1041.0729501489752,1045.0846625944214,1045.154304938704,1045.22781427898,1050.0712991094374,1053.0838389592393,1068.3093885665753,1067.499618310628,1070.0157213939092,1067.3786962740994,1066.6840851654433,1065.929462145341,1064.24103687523,1072.025241036344,1085.1454802221824,1090.9414291139835,1093.6269688973664,1102.1264732534246,1102.844616633447,1109.5453451000262,1112.019949213304,1114.1933213708007,1121.3898935003497,1130.1454048396206,1139.748115327553,1141.2816637992066,1138.5454665443704,1144.558364185892,1149.5088888888888
394689,392,"Hot Springs, AR",msa,AR,,,,,,,,,,,,,,,,,,,,,,,,,,,,,,,,,,,,,,,,,,,,,,,,,,,,,,,,,,,,,,,,,,,,,,,,,,,,,,,,,,,,,,,,,,,,,,,,,,,,,,,,,,,,,,,,,,,853.952390221351,864.6584953257006,894.4626224544129,913.2095755161657,915.4645650385324,938.7562548781907,939.4289366685515,936.6265325377123,921.9849320372157,913.1703266146649,942.793850304331,957.6457108445204,982.448512462526,980.9824419918347,963.5944787175819,946.9444444444445
395090,394,"Shelby, NC",msa,NC,,,,,,,,,,,,,,,,,,,,,,,,,,,,,,,,,,,,,,,,,,,,,,,,,,,,,,,,,,,,,,,,,,,,,,,,,,,,,,,,,,,,,,,,,,,,,,,,,,,,,,,,,,,,,,,,,,,,,,,,,,,,,909.9143756957625,917.8747901296666,922.7290635906883,930.31594710021,946.1196361959134,949.75
394542,396,"Dubuque, IA",msa,IA,,,,,,,,,,,,,,,,,,,,,,,,,,,,,,,,,,,,,,,,,,,,,,,,,,,,,,,,,,,,,,,,,,,,,,,,,,,,,,,,,,,,,,,,,,,,,694.7166799327136,700.2250658928592,720.651324280931,718.7379739021335,726.8294447134252,720.7567690929137,723.2477878947865,743.8973090301109,764.5681387012177,760.2227752534658,751.1261383276681,755.7620451057387,776.4963353267956,780.1511945482591,782.8522304225384,780.0399340363222,793.3464247581038,801.250657992272,810.3173727807804,805.8186406091081,800.4362909579326,800.6035612390149,791.1349724561913,790.233787154732,791.3505661896708,814.1922238987333,813.5975417111968,824.5468514508343,818.4919629580867,824.5398562238101,827.2304253247163,832.0890163836052,837.3026860162951,845.7622438532973,864.488248582015,873.4737196973792,872.397887989435,861.6507936507936
394852,397,"Meridian, MS",msa,MS,,,,,,,,,,,,,,,,,,,,,,,,,,,,,,,,,,,,,,,,,,,,,,,,,,,,,,,,,,,,,,,,,,,,,,,,,,,,,,,,,,,,,,,,,,,,,,,,,,,,,,,,,,,,,,,,,,,,,,,,,,,,,,,,1036.2376333762961,1009.5566953475657,955.6666666666666
753912,398,"Pinehurst, NC",msa,NC,,,,,,,,,,,,,,,,,,,,,,,,,,,,,,,,,,,,,,,,,,,,,,,,,,,,,,,,,,,,,,,,,,,,,,,,,,,,,,,,,,,,,,,,,,,,,,,,,,1472.1324659898962,1490.0210537971004,1504.2942361652501,1502.0687127389645,1512.6305989328248,1503.7513904112975,1511.2258626925848,1511.0339105645678,1530.6526909830998,1523.9434331275531,1526.1937572941076,1530.6346446763516,1542.7877838513696,1523.0975151304212,1518.381665759407,1512.5150157312069,1518.6201714891893,1531.706006525935,1551.9523484000113,1550.8765318991154,1543.222360992911,1548.0402581234055,1546.554335767943,1546.9341248737971,1539.2438119705657,1544.2617721048287,1538.3520116846257,1537.6300215916328,1530.4318391341974,1527.3693728881042,1509.4392869096148,1508.7133222676816,1499.2181818181818
394953,399,"Paducah, KY",msa,KY,,,,,,,,,,,,,,,,,,,,,,,,,,,,,,,,,,,,,,,,,,,,,,,,,,,,,,,,,,,,,,,,,,,,,,,,,,,,,,,,,,,,,,,,,,,,,,,,,,,,,,,,,,,,,,,,,,,,,,,,,,,,,,,,,1034.4868765184528,1100.0
395190,400,"Victoria, TX",msa,TX,,,,,,,,,,,,,,,,,,,,,,,,,,,,,,,,,,,,,,,,,,,,,,,,,,,,,,,,,,,,,,,,,,,,,,,,,,,,,,,,,,,,,,,,,,933.5538327453144,934.2494958408471,946.614485392836,,943.2471138828543,934.8983290385593,944.0427952951709,952.6200426389753,965.223400692207,954.7684347138949,940.3631523429027,946.8712312962191,949.4071000699537,956.0740851101202,939.6426673095408,930.4698858177077,932.4558092075811,964.0829780502062,973.0951444080555,963.138056382505,954.5779089859817,959.7193745406727,976.5118734101311,983.1912054605174,979.5230241416026,984.8205658266182,1011.7323476080018,1025.806927057752,1014.2697589912278,999.2320144458276,995.6500844891063,1009.1528177449479,1018.613120149667,1027.2588041719334,1028.262843809428,1031.1009034282254,1041.584600741808,1042.7587197356404,1036.4157306256532,1039.295195850153,1057.731313131313
395038,401,"Rome, GA",msa,GA,,,,,,,,,,,,,,,,,,,,,,,,,,,,,,,,,,,,,,,,,,,,,,,,,,,,,,,,,,,,,,,,,,,,,,,,,,,,,,,,,,,,,,,,,,,,,,,,,,,,,,,,,,,1058.1136532905105,1073.977144049934,1085.3951978694652,1069.4447454204583,1061.8324519685464,1061.7498583278723,1059.1082698285372,1045.529170389067,1052.5300188612755,1060.9324591437494,1077.6389107016948,1094.7351040004037,1092.3953229926817,1083.6491106201215,1082.4655539261503,1092.260073224186,1109.2060646794832,1121.1873458082082,1131.6105048308798,1143.7926473567027,1140.8136570689871,1143.0880472420438,1142.9604334643775,1140.601851851852
395086,402,"Sevierville, TN",msa,TN,,,,,,,,,,,,,,,,,,,,,,,,,,,,,,,,,,,,,,,,,,,,,,,,,,,,,,,,,,,,,,,,,,,,,,,,,,,,,,,,,,,,,,,,,,,,,,,,,,,,,,,,,,1620.7293251371561,1600.9165337336838,1595.23214611949,1567.874034085963,1602.475597546349,1632.0323287560043,1678.0088025484333,1700.6936852194328,1705.3698483980654,1671.6206913826747,1646.4579278391927,1662.0210091599736,1670.3576554786987,1704.6791456387975,1702.9287653825074,1692.066885192591,1659.0461364135838,1636.1271298849338,1611.5255636264988,1597.2215252906385,1584.1192793852601,1598.5783244216582,1594.6402907128265,1575.7745046740276,1557.1666666666667
394882,403,"Moses Lake, WA",msa,WA,,,,,,,,,,,,,,,,,,,,,,,,,,,,,,,,,,,,,,,,,,,,,,,,,,,,,,,,,,,,,1020.7454712833434,1033.751853502483,1058.5585522239178,1065.3566606020192,1059.7105398464998,1050.2820356182997,1041.2696462578865,1041.047455321464,1025.116351810209,1012.371087939228,1009.307885682778,1020.7689805341047,1044.931513029214,1056.1683215589894,1061.0903286660928,1073.4183483473232,1093.1557604591817,1124.508864972283,1154.3056538421774,1167.8447823713493,1191.98879401518,1210.9867633781832,1222.09692042645,1225.2657215095614,1205.4348864361343,1212.9001950767622,1223.837193987189,1245.638241261289,1265.790340035967,1271.6154507440544,1273.1792364150351,1286.7187620815241,1295.844323713742,1310.3597250625428,1325.8170376743417,1339.3201724531687,1350.2924458281434,1351.7417963261323,1355.0625731390064,1353.5111001790453,1363.2302448369417,1366.6876388955154,1382.875066385004,1385.9028948810183,1393.8998407060967,1396.864571083041,1391.2977498603077,1399.335278882522,1408.948589313373,1416.4021395982306,1422.621328766186,1424.197664822285,1435.771742810703,1450.3918307322208,1450.32007715764,1441.032511899515,1441.6440645841037,1428.7623239538384,1434.9025930593752,1432.148542661556,1433.4750790996013,1434.8778621268125,1435.0911624376715,1437.9209338273804,1427.2643258973023,1419.813586502236,1417.7935284479195,1426.5856450124152,1425.978097584188,1436.4992784992785
394340,404,"Ashtabula, OH",msa,OH,,,,,,,,,,,,,,,,,,,,,,,,,,,,,,,,,,,,,,,,,,,,,,,,,,,,,,,,,,,,,,,,,,,,,,,,,,,,,,,,,,,,,,,,,,,,,,,,,,,,,,,,,,,,,,,,,,,,,,,,,,,,,,,,,,878.75
394441,405,"Cape Girardeau, MO",msa,MO,,,,,,,,,,,,,,,,,,,,,,,,,,,,,,,,,,,,,,,,,,,,,,,,,,,,,,,,,,,,,,,,,,,,,,,,,,,,,,,,,,,,,,,,,,,,,,,,,,622.6903368258091,649.0223350850233,663.1346850677832,678.8418063344889,672.8939144620016,680.9161569474568,677.4472915567808,677.2103071754539,679.9354209403377,698.5796853355886,708.7028603068585,713.2839187968104,709.7229020134239,712.1628418426736,717.3782840069662,714.9399475961162,722.5705346241638,725.677586682673,730.2690592596214,731.9528742792527,738.347137848719,736.7912025219853,741.745913545014,750.7838055665821,757.3095485283795,756.0163565437385,757.9272593786065,764.3522783259306,770.1860102475484,768.8412204454627,771.1164149063718,774.8617761401958,776.1621711621711
394580,407,"Fairbanks, AK",msa,AK,,,,,,,,,,,,,,,,,,,,,,,,,,,,,,,,,,,,,,,,,,,,,,,,,,,,,,,,,,,,,,,,,,,,,,,,,,,,,,,,,,,,,,,,,,,,,,,,,,,1521.930465649757,1531.3716289001413,1510.1245660806094,1487.9108900056854,1487.3866646949532,1501.8576681382435,1519.375206409351,1525.3298271623903,1525.5162064845429,1536.9503838215592,1536.3703132168562,1529.485352945206,1553.421121330609,1549.157300525222,1567.6376218209077,1555.3465368131467,1567.8820402014799,1577.126603016956,1586.0756025621731,1596.106784734273,1595.3198248880553,1598.3090260770477,1603.7622791835645,1615.2023091935237,1601.3218761507237,1607.342051131861,1606.8920548026624,1629.9248035816581,1625.9949448834282,1617.7142722089043,1607.1530298528996,1599.861111111111
394410,408,"Brainerd, MN",msa,MN,,,,,,,,,,,,,,,,,,,,,,,,,,,,,,,,,,,,,,,,,,,,,,,,,,,,,,,,,,,,,,,,,,,,,,,,,,,,,,,,,,,,,,,,,,,,,,,,,,,,,,,,,,,,,,,,,,,,,,,,,,,,,,,,,,960.0
394513,409,"Cumberland, MD",msa,MD,,,,,,,,,,,,,,,,,,,,,,,,,,,,,,,,,,,,,,,,,,,,,,,,,,,,,,,,,,,,,,,,,,,,,,,,,,,,,,,,,,,,,,,,,,,,,,,,,,,,,,,,687.8183860550184,689.0074679902536,693.0148057220653,701.7300662175899,699.7326060285878,713.6530057849315,715.1310826389824,718.0752006546221,711.0598798818731,721.3228801337119,728.1764126286499,734.5362965387875,741.4581076074527,743.9750640646181,741.8348274191573,753.0102702310978,,759.3302061969104,754.3537766056141,755.8469075406583,766.4143915813094,770.654033417826,774.1633419255699,782.2311118524912,786.8573919124519,796.0081202416359,807.3333333333334
394505,411,"Corvallis, OR",msa,OR,,,,,,,,,,,,,,,,,1034.317362607272,1054.0680879256897,1063.2969236020965,1067.407203798959,1055.920047320774,1063.741320187533,,1069.7412011635686,1069.0749567872097,1053.862643586151,1067.8573472419807,1066.1845174470845,1075.8450657528483,1073.3543084040741,1077.2420568012515,1079.561400938907,1100.630369138793,,1110.6086381446398,1089.7125577375778,1102.0218577827745,1087.4835278341836,1104.6240232636019,1098.5550888248756,1113.2039165780454,1115.2019117362406,1128.856827302705,1130.426050642641,1139.2597950371553,1148.1993755669077,1146.9423745286522,1149.2124393885551,1145.4055723534366,1155.5832133341667,1150.3721697624555,1163.875995180055,1161.086530362639,1167.7496985034866,1164.8196777355472,1173.891088001325,1171.9035383240864,1178.8078801017746,1187.307104073656,1211.6614124512619,1226.0301437101105,1246.252182541091,1207.7484446802773,1208.7225784074353,1198.4226684164425,1197.9885074103115,1194.0331326096903,1194.74653989498,1201.1847144514038,,1183.6866530804764,1165.0650471981833,1191.5684948293915,1188.7243070962218,1221.055463145657,1222.149500781103,1238.4196072754974,1232.1248376993274,1244.8548433878234,1249.8052609923382,1263.6151445208855,1281.4349239606368,1306.37022513848,1326.071657224953,1335.3776722859945,1358.0357397039925,1367.6379494900575,1382.6298465539512,1397.9396975515017,1432.1215786291816,1459.3529639367803,1478.1490350230229,1498.9077000326356,1531.118121183127,1523.5035144046747,1530.291403867488,1525.9952962700083,1557.91626559146,1555.1866739460368,1558.7158093550627,1546.6860637508505,1558.485051291764,1573.7144785232597,1602.0663006265531,1607.3480762930435,1602.7728888851104,1620.239707212549,1620.871879387206,1638.4107297533187,1634.9884417161688,1654.1143540006822,1656.1189448127418,1666.2105089891882,1674.1492637412614,1668.036806635716,1659.4515534989737,1669.284298033784,1673.0096683626266,1677.5275440360895,1689.1475998309609,1693.1913532284025,1691.7164781099036,1691.0986672131862,1699.2253515775883,1707.36293293184,1700.6935464750754,1703.3311739622154,1702.7201877887699,1698.1239072220433,1699.4113756613758
394988,412,"Pocatello, ID",msa,ID,,,,,,,,,,,,,,,,,,,,,,,,,,,,,,,,,,,,,,,,,,,,,,,,,,,,,,,,,,,,,,,,,,,,,,,,,,,,,,,,,,,,,,,,,,,,,,,932.7953585222048,906.1081472403173,921.3682874935657,917.7712245802348,944.3310516721133,949.9566638887302,949.0110793360283,954.9662918356765,950.10585660853,945.4529065900927,962.8520141005216,968.7056106704291,969.638563149387,943.16893285948,941.7769937691326,948.8400338148713,974.8334029138714,985.6438797104349,992.7895149033762,990.0571154486238,987.6222802183084,978.3860675018332,974.1461769837804,987.6789526944381,992.0231064132213,1015.6450975091138,1013.2141671011383,1018.5080327496316,1003.2170711101728,998.866644031476,1000.1503827983017,1006.5706491837742,1017.3973389676515,1032.653311886408,1038.7569486888372,1037.125
394501,413,"Corning, NY",msa,NY,,,,,,,,,,,,,,,,,,,,,,,,,,,,,,,,,,,,,,,,,,,,,,,,,,,,,,,,,,,,,,,,,,,,,,,,,,,,,,,,,,,,,,,,,,,,,,,,,,,,,,,,,,,,,1329.2684712715225,1304.895007163303,1294.8807260902508,1285.386780060371,1295.230278141468,1302.8678463420886,1308.4265326247926,1320.0339990488849,1315.261024648108,1321.8854584387184,1329.927763700435,1337.1990305130405,1344.0399624524598,1359.8646135711606,1360.9071332990914,1364.4016272188526,1361.5185048648123,1367.0060590155701,1368.0408538795987,1359.2238433881591,1361.1700110458844,1361.5047619047618
394911,414,"New Philadelphia, OH",msa,OH,,,,,,,,,,,,,,,,,,,,,,,,,,,,,,,,,,,,,,,,,,,,,,,,,,,,,,,,,,,,,,,,,,,,,,,,,,,,,,,,,,,,,,,,,,,,,,,,,,,,,,,,,,,,,,,,,,,,,,,,,,,,,,,,,892.1891903051791,935.0
395140,415,"Sunbury, PA",msa,PA,,,,,,,,,,,,,,,,,,,,,,,,,,,,,,,,,,,,,,,,,,,,,,,,,,,,,,,,,,,,,,,,,,,,,,,,,,,,,,,,,,,,,,,,,,,,,,,,,,,,,,,,,,,,,,,,,,,,,,,,,,,,,,,,,,850.0
395175,416,"Ukiah, CA",msa,CA,,,,,,,,,,,,,,,,,,,,,,,,,,,,,,,,,,,,,,,,,,,,,,,,,,,,,,,,,,,,,,,,,,,,,,,,,,,,,,,,,,,,,,,,,,,,,,,,,,,,,,,,,,,,,,,,,,,,,,,,,,,,,1415.6159471518747,1431.2250699822373,1467.7983414030093,1498.7332564171197,1499.089152967153,1473.3333333333333
753887,417,"Hermiston, OR",msa,OR,,,,,,,,,,,,,,,,,,,,,,,,,,,,,,,,,,,,,,,,,,,,,,,,,,,,,,,,,,,,,,,,,,,,,,,,,,,,,,,,,,,,,,,,,,,,,,,,,,,,,,,,,,,,,,1432.9850030023574,1439.2353234696932,1427.7909034876507,1424.8752757486093,1435.4800433203939,1430.0895116797885,1424.7141082287303,1438.6981548702267,1452.3303239786007,1480.1504408680148,1469.0722613470884,1462.7180386447535,1444.7875277336632,1454.3720715734578,1488.7396105777589,1496.2816207933658,1514.7035651152269,1500.6612511995118,1509.214829703222,1485.1343608710818,1487.7161616161618
394964,419,"Parkersburg, WV",msa,WV,,,,,,,,,,,,,,,,,,,,,,,,,,,,,,,,,,,,,,,,,,,,,,,,,,,,,,,,,,,,,,,,,,,,,,,,,,,,,,,,,,,,,,,,,,,,,,,,,,,,,,,,,,,,,,,,,,,,,,,,,,,,,,820.7621975961348,819.5995354245284,828.6816971389537,828.4451527297027,838.3333333333334
394373,420,"Beaver Dam, WI",msa,WI,,,,,,,,,,,,,,,,,,,,,,,,,,,,,,,,,,,,,,,,,,,,,,,,,,,,,,,,,,,,,,,,,,,,,,,,,,,,,,,,,,,,,,,,,,,,,,,,,,,,,,,,,,,,,,,908.9503299626983,912.3565878987836,924.4945755032442,927.6973401167176,931.7682737909383,929.4713448923985,939.2662079839255,938.1586640748201,949.1641183166855,949.3239981083246,958.7288446410024,967.0444259635811,967.4183964862024,969.6060013382764,970.3866694697517,975.9978001590508,981.7704063953764,987.9860794263791,992.3047308117349,1001.7666666666668
394641,422,"Grants Pass, OR",msa,OR,,,,,,,,,,,,,,,,,,,,,,,,,,,,,,,,,,,,,,,,,,,,,,,,,,,,,,,,,,,,,,,,,,,,,,,,,,,,,,,,,,,,,,,,,,,,,,,,,,,,,,,,,,,,,,,,,,,,,,,,,,,,,,,,1370.697098190745,1377.9022135739792,1387.7777777777776
394511,424,"Cullman, AL",msa,AL,,,,,,,,,,,,,,,,,,,,,,,,,,,,,,,,,,,,,,,,,,,,,,,,,,,,,,,,,,,,,,,,,,,,,,,,,,,,,,,,,,,,,,,,,,,,,,,,,,,,,,,,,,,,,,,,,,,,,,,,,,,,,,,,,,1066.0
394907,427,"New Castle, PA",msa,PA,,,,,,,,,,,,,,,,,,,,,,,,,,,,,,,,,,,,,,,,,,,,,,,,,,,,,,,,,,,,,,,,,,,,,,,,,,,,,,,,,,,,,,,,,,,,,,,,,,,,,,,,,,,,,,,,,,,,,,,,,,,767.4766909137544,798.7981381317256,806.2817095273177,807.7771825686775,799.7397658605109,805.1930084732568,814.8897553115863,811.6666666666666
394925,428,"Oak Harbor, WA",msa,WA,,,,,,,,,,,,,,,,864.0662922796279,871.2640567206312,883.0195565284432,905.4269222033081,932.7144771718926,946.1402335893521,962.8430001332187,971.5057782424183,990.7761698209841,999.8804216227504,1008.9092071110078,1008.5206705154758,1011.4017431974074,1026.5810741024952,1042.5435709770222,1058.2918224862542,1054.3129815816033,1049.6272972078864,1041.9047498743212,1046.9160379143843,1053.993441172957,1062.6951673427664,1072.8936665159026,1079.5270146375672,1091.9836578504646,1102.8076755123063,1110.754598431704,1101.262558898342,1102.5980777367085,1109.5455983020909,1120.572396537704,1126.865341091615,1126.1453171939372,1127.7749413229249,1129.4941760218924,1135.071221554456,1135.7165198751777,1131.655558031013,1128.4260946440354,1135.616935521961,1142.7309489508489,1148.4362885738185,1151.2844450912635,1152.8744145231863,1155.854381632164,1157.9052268518012,1158.8264594906384,1161.9548971813756,1167.0454920007203,1171.969460446782,1183.848412871779,1189.0237755775859,1207.003550992585,1214.812965585581,1219.6373988092478,1222.1912111831346,1233.6690393789206,1248.0763905284552,1255.707285903923,1263.1620958730266,1255.0838201283086,1257.632856040289,1273.3471799271094,1304.4824211332273,1323.4966579504946,1327.5552130801561,1339.640818815612,1347.7957783050551,1354.080858649224,1351.8969400566405,1360.1843636965903,1372.1170571414573,1395.5123454518593,1418.4566120330446,1414.8141753045907,1410.1258769554452,1397.5759434433771,1415.8312474045258,1420.1449327050148,1434.3219900850452,1444.6371433283307,1462.5803096558695,1476.7986354701318,1492.944008201694,1504.1523788572936,1503.0161877814166,1509.5092559554225,1516.0458498363835,1536.2321240308,1535.899096415545,1543.0336984961314,1544.5398315665152,1553.6614936820458,1545.0511323431285,1545.7188009664262,1541.1268489549025,1553.6469540342466,1564.3750088158604,1573.707615958926,1564.9677745503768,1563.8957150005144,1581.148030219696,1590.5275468546124,1596.6364515777927,1598.5017237690147,1611.4012388838967,1616.5756748775461,1623.648933464752,1617.3429429771431,1618.0786765661248,1620.9978739694545,1637.0335365696717,1641.9821402498449,1635.7763164986873,1634.2361111111113
394942,429,"Orangeburg, SC",msa,SC,,,,,,,,,,,,,,,,,,,,,,,,,,,,,,,,,,,,,,,,,,,,,,,,,,,,,,,,,,,,,,,,,,,,,,,,,,,,,,,,,,,,,,,,,,,,,,,,,,,,,,,,,,,,,,,,,,,,,,,,,,,,,,1213.595753610486,1193.8365395394217,,,1236.6666666666667
395212,430,"Watertown, WI",msa,WI,,,,,,,,,,,,,,,,,,,,,,,,,,,,,,,,,,,,,,,,,,,,,,,,,,,,,,,,,,,,,,,,,,,,,,,,,,,,,,,,,,,,,,,,,,,,,,,,,,,,,,,,1007.097732854144,1020.3755005076653,1041.8065768325985,1046.050749162105,1033.0138462966177,1037.1202343551142,1041.3207119507072,1048.735922284576,1042.112287243034,1050.3703167256604,1062.6887349172305,1065.0003081062548,1072.9397492230328,1063.7302497729086,1061.7856716760102,1069.1416878464072,1089.5367511480372,1100.3587244292307,1107.4550515710991,1116.867605216694,1124.9649741739836,1132.615468969625,1135.0160940838605,1149.324270353056,1149.428535061782,1164.335767351515,1171.361111111111
394568,432,"Elmira, NY",msa,NY,,,,,,,,,,,,,,,,,,,,,,,,,,,,,,,,,,,,,,,,,,,,,,,,,,,,,,,,,,,,,,,,,,,,,,,,,,,,,,,,,,,,,,,,,,,,,,,,,,,,,,,,,,,,,,,,,,,,,,,,,,,1137.2932138986807,1145.8843885462898,1138.763085716799,1143.0883884889759,1125.2389425594747,1109.4696364400543,1119.489981658904,1140.6666666666667
394644,433,"Great Falls, MT",msa,MT,,,,,,,,,,,,,,,,,,,,,,,,,,,,,,,,,,,,,,,,,,,,,,,,,,,,,,,,,,,,,,,,,,,,,,,,,,,,,,,,,,,875.2214725806258,877.8773080403994,892.9597335765659,918.1623020649715,949.3312588927002,971.837311957434,985.3514519005371,992.7851008007509,992.4623625145081,992.2495806609535,1004.5738513931948,1048.2751553694695,1089.0209617249184,1101.9211859272702,1096.461698802718,1080.6179430103957,1066.2955114294014,1051.2152858914517,1031.8338123318113,1032.869384487051,1026.7884188815117,1032.6606892743873,1038.0424951727794,1036.8471870260496,1037.9770312310245,1039.71689022028,1041.8966917974071,1057.9666716524102,1065.1078074501852,1090.6954598698228,1090.904143624397,1100.5328726934026,1108.8552789033695,1118.607289988057,1123.0627260715025,1118.7368113542072,1110.96016693653,1116.0814969182666,1126.1056783107351,1127.8027689347343,1134.3623193507658,1128.203630055551,1145.2689612769957,1145.5263141050223,1151.4122102144308,1149.5272319340208,1149.4713219295686,1152.9418214654283
395042,435,"Russellville, AR",msa,AR,,,,,,,,,,,,,,,,,,,,,,,,,,,,,,,,,,,,,,,,,,,,,,,,,,,,,,,,,,,,,,,,,,,,,,,,,,,,,,,,,,,,,,,,,,,,,,,,,,,,,,,,,,,,,,,,,,,,,,,,,,,749.8652130744712,753.0971410390043,757.5693412039017,752.0634539309262,751.9231022376383,751.9336793114585,750.3802169695174,750.0
394704,436,"Indiana, PA",msa,PA,,,,,,,,,,,,,,,,,,,,,,,,,,,,,,,,,,,,,,,,,,,,,,,,,,,,,,,,,,,,,,,,,,,,,,,,,,,,,,,,,,,,,,,,,,,,,,,,,,,,,,,,,,,,,,,,,,,,,,,,,1309.603246109413,,1240.1870184826014,1229.409941654204,1263.3068368941913,1302.2606430248254,1296.4986194379762,1319.8246298606898,1327.9042724208425,1372.9563492063492
394859,437,"Midland, MI",msa,MI,,,,,,,,,,,,,,,,,,,,,,,,,,,,,,,,,,,,,,,,,,,,,,,,,,,,,,,,,,,,,,,,,,,,,,,,,,,,,,,,,,,,,,,,,,,,,,,,,,,,,,,,,,,,,,,,,,,,,,,,,,,,,,,,,,1105.25
394755,438,"Kokomo, IN",msa,IN,,,,,,,,,,,,,,,,,,,,,,,,,,,,,,,,,,,,,,,,,,,,,,,,,,,,,,,,,,,,,,,,,,,,,,,,,,,,,,,,,,,,,,,,,,,,,,,,,,,,,,,,,,,,,,,,,,,,,,,,,,,771.216325126342,751.6257428146107,759.1150232426816,749.0198328788113,770.9970785107397,775.366572485125,783.0271529009691,794.4444444444445
394395,439,"Bloomsburg, PA",msa,PA,,,,,,,,,,,,,,,,,,,,,,,,,,,,,,,,,,,,,,,,,,,,,,,,,,,,,,,,,,,,,,,,,,,,,,,,,,,,,,,,,,,,,,,,,,,,,,,,,,,,,,,,,,,,857.1899379200114,855.3293022836085,871.1672458999645,885.4165691062328,891.2192793178893,893.2390387009852,912.0902553099227,915.9049256959145,917.942852064403,903.756640202667,921.2202451714877,928.9135459283582,944.092341561798,956.0982594352743,957.9802277498976,962.4437403137944,971.5851458310437,980.0408449358943,972.1157421422241,973.0174450933703,987.4890446128834,1012.4907893264517,1005.9523809523808
394941,440,"Opelousas, LA",msa,LA,,,,,,,,,,,,,,,,,,,,,,,,,,,,,,,,,,,,,,,,,,,,,,,,,,,,,,,,,,,,,,,,,,,,,,,,,,,,,,,,,,,,,,,,,,,,,,,,,,,,,,,,,,,,,,,,,,,,,,,,,,,,,,,,,,625.0
394675,441,"Helena, MT",msa,MT,,,,,,,,,,,,,,,,,,,,,,,,,,,,,,,,,,,,,,,,,,,,,,,,,,,,,,,,,,,,,,,,,,,,,,,,,,,,,,,,,,,,,,,,,,,,,,,,,,,,,,1253.4118572250748,1256.335974080445,1246.33468900274,1275.9270494613668,1301.2566549867176,1301.8924995784294,,1266.8524485002326,1299.8635840975,1326.5308599278694,1367.9517409923258,1369.9324202475839,1379.8904930517294,1355.6002258635995,1358.2675977717997,1347.5311313791574,1362.5973908601165,1381.9972402254948,1401.5821880405274,1428.2724738479399,1417.1481478153814,1411.827892292048,1400.270525281491,1403.2352847266247,1404.0064394477165,1423.3626831434156,1430.4750781426,1428.7849105084692,1413.3333333333333
394744,442,"Key West, FL",msa,FL,,,,,,,,,,,,,,,,,,,,,,,,,,,,,,,,,,,,,,,,,,,,,,,,,,,,,,,,,,,,,,,,,,,,,,,,,,,,,,,,,,,,,,,,,,,,,,,,,,,,,,,,,,,,2742.340115274376,2721.177930338316,2736.3697481981567,2802.406469018194,2770.149894647418,2754.079533563902,2780.393729508586,2822.0840175855883,2905.3371997283093,2793.1573352838627,2793.388083702832,2779.7969446315706,2837.432128370277,2794.6827901215456,2820.9888170321833,2721.0440018230374,2809.0579457616095,2847.852818657372,2847.5905622374257,2844.892879594715,2783.8411486482837,2906.544291013001,2914.0
395133,444,"Stillwater, OK",msa,OK,,,,,,,,,,,,,,,,,,,,,,,,,,,,,,,,,,,,,,,,,,,,,,,,,,,,,,,,,,,,,,,,,,,,,,,,,,,,,,,,,,,,,,,,,,,,,,,,,,,,,,,,,,,,,,830.4142740060498,828.5851290814154,829.8435231492391,850.0726090959498,845.0845706751267,858.4201830864528,883.9451784072479,940.0774245345306,899.9375262346931,900.4439994256392,897.0819628987194,922.1435768264745,941.5391774495679,947.4982350201626,954.3954499363052,945.4764585485972,954.9902739356182,949.8737959834373,937.2977126328611,,928.4722222222222
394489,445,"Columbus, IN",msa,IN,,,,,,,,,,,,,,,,,,,,,,,,,,,,,,,,,,,,,,,,,,,,,,,,,,,,,,,,,,,,,,,,,,,,,,812.1872444628979,828.1765302060844,833.3120767411305,,833.866915299187,828.6169563948478,819.7199957842189,837.6824646354347,846.3114266100093,880.395995101356,893.5155474470658,909.5101059764127,897.6466190855141,911.5721881932031,927.5623396910518,942.1517006700744,949.4450975170976,956.8003868699014,990.414632333947,1002.9575582735816,1017.5338226263046,1006.1003152052855,999.1986290628014,998.2617397938197,1019.8759672719675,1020.1430756527737,1013.2967067675473,1005.4618020555852,1007.3817257360487,1021.1676124969179,1021.4586753003629,1029.3898707212256,1024.4422119204319,1023.7080693359937,1032.0710409140584,1037.7505881597656,1037.4980351943952,1027.6238426423274,1039.2407365295817,1051.6056651841982,1062.1820105271436,1068.5916142865376,1072.879173861816,1075.0479260732884,1080.181074461071,1083.2865631157772,1095.2963805216884,1091.5976729149882,1094.450742098655,1111.6685653637326,1115.9055338061498,1121.2558518290787,1125.8874470260087,1128.6435775693215,1135.2471708509102,1144.4318836174753,1158.7794926492,1178.4275868164862,1186.9756248497567,1209.558930292286,1227.1798941798943
394345,446,"Athens, TX",msa,TX,,,,,,,,,,,,,,,,,,,,,,,,,,,,,,,,,,,,,,,,,,,,,,,,,,,,,,,,,,,,,,,,,,,,,,,,,,,,,,,,,,,,,,,,,,,,,,,,,,,,,,,,,,,,,,,,,,,,,,,,,,,,,,,,,,1087.0
394452,447,"Centralia, WA",msa,WA,,,,,,,,,,,,,,,,,,,,,,,,,,,,,,,,,,,,,,,,,,,,,,,,,,,,,,,,,,,,,,,,,,,,,,,,,,,,,,,,,,,,,,,,,,,,,,,,,,,,,1241.3093726067623,1235.1603201866244,1221.3808438033932,1238.8401697276702,1234.676370541275,1231.7665987999546,1241.3225235393993,1235.5029511449693,1228.502790687657,1238.9946859973968,1216.157731300956,1247.6276636685234,1248.8747547186547,1283.9735120659345,1273.9845609347176,1291.8466925481837,1291.6291673696053,1310.9444603122104,1319.4609185027914,1333.0095793934988,1352.8335610420033,1366.7324829638342,1390.1912311965066,1377.3720879952596,1380.5880219995036,1355.4073653685184,1373.6242194641097,1373.2109994497978,1410.7062079770024,1414.2083333333333
394822,448,"Manitowoc, WI",msa,WI,,,,,,,,,,,,,,,,,,,,,,,,,,,,,,,,,,,,,,,,,,,,,,,,,,,,,,,,,,,,,,,,,,,,,,,,,,,,,,,,,,,,,,,,,,,,,,,,,,,,,,,,,,,,,,,,,,,,,,,,,,,,,,,,1030.7157422847736,996.2441908409902,1014.2777777777778
394682,449,"Hinesville, GA",msa,GA,,,,,,,,,,,,,,,,,,,,,,,,,,,,,,,,,,,,,,,,,,,,,,,,,,,,,,,,,,,,,,,,,,,,,,,,,,,,,,,,,,,,,,,,,,,,,,,,,,,,,1275.1436347018875,1288.6152773727358,1240.0248069944273,1203.0994176240367,1191.1631642454702,1208.9492299789902,1260.7550315854176,1293.5853402438445,1310.504512384864,1345.5653098016087,1355.7057225798717,1384.6649435523336,1396.1227601998328,1432.3467571970716,1471.0559059080483,1460.1374218385045,1447.4995673123071,1420.3291673640165,1429.535240348702,1449.1101715474344,1440.051989194026,1450.487661050799,1439.3593296120505,1435.598443721793,1425.5192639410457,1417.3303445100241,1437.9909820302628,1471.3735081716188,1501.1215840127961,1516.2703962703963
395205,451,"Warsaw, IN",msa,IN,,,,,,,,,,,,,,,,,,,,,,,,,,,,,,,,,,,,,,,,,,,,,,,,,,,,,,,,,,,,,,,,,,,,,,,,,,,,,,,,,,,,,,,,,,,,,,,,,,,,,,,,,,,,909.7473490920663,921.507052734369,920.6720112279165,937.3915113936696,922.7240401866762,912.7428322474618,916.404528506677,931.3814347156871,948.5651093499819,940.582949369564,947.6185336195482,951.3006255832362,977.9216174513192,981.0177950576502,986.8294481144376,975.674307426322,984.308306161652,995.4277901481611,998.300651390394,996.2210091084985,988.3583453208897,1000.2219095914703,996.295238095238
395126,453,"Statesboro, GA",msa,GA,,,,,,,,,,,,,,,,,,,,,,,,,,,,,,,,,,,,,,,,,,,,,,,,,,,,,,,,,,,,,,,,,,,,,,,,,,,,,,,,,,,,,,,,,,,776.451512370173,776.5916485631775,798.8567726273893,810.4336424037837,823.5435915642295,821.633370055147,835.8310824196981,853.8649134521299,866.4585080851177,867.888763374369,864.9410730356025,862.0551549317654,886.9650784125138,890.442579621762,903.995687427742,899.7028273719941,908.5104383825202,916.8543091646412,910.5263635137597,919.4896439586487,924.4674404179771,946.3146109921535,965.5463732680809,974.72634102912,979.1365767051416,990.0772963983617,987.7806794778943,994.1059976665039,992.6185612015132,999.3390768321685,1014.142828584849,1016.3044355850923,1024.7152354259747,1020.2599772870251,1020.7768812719853,1029.7996612364987,1029.0402574469297,1034.4423272321894,1040.7529792612397,1050.8333333333333
394445,454,"Casper, WY",msa,WY,,,,,,,,,,,,,,,,,,,,,,,,,,,,,,,,,,,,,,,,,,,,,,,,,,,,,,,,,,,,,,,,,,,,,,,,,943.6249003118969,937.1662965168624,935.438172272927,944.9243533459862,966.1173757982476,981.6864243474866,1003.7412879457085,1015.8292238859906,1032.2955327630232,1037.8744223687613,1039.036440736396,1051.159511886827,1052.353947539,1073.452817419062,1068.7074070297867,1074.9931882649382,1064.4502916252154,1080.7705528959027,1075.237094367822,1070.3659363285788,1063.079860295912,1083.239148427711,1106.056673610438,1105.2115008144458,1109.1453364390595,1109.2035134271882,1132.464818864109,1146.989098991054,1163.067522865368,1176.8577753076365,1194.326000331011,1200.565716299442,1201.6660119893718,1187.8939808737614,1176.0736781046373,1167.348399088519,1183.0432821779184,1209.791830585182,1232.2896163903627,1231.9563729017193,1224.2326044836655,1213.872549961701,1217.6629497006918,1228.2437144389635,1224.7399302489614,1246.1593535533957,1256.1953492284065,1273.8381637536945,1271.3312928489713,1256.819267459168,1239.1518837372896,1240.8793028905534,1250.5613947241563,1257.6837708316511,1256.3291001030454,1254.8830335296586,1266.2871607910708,1259.0125
395231,455,"Wilson, NC",msa,NC,,,,,,,,,,,,,,,,,,,,,,,,,,,,,,,,,,,,,,,,,,,,,,,,,,,,,,,,,,,,,,,,,,,,,,,,,,,,,,,,,,,,,,,,,,,,,,,,,,,,,,,,,,,,,,,,,,,,,,,,1042.7270614581153,1048.212417609587,1044.516262156062,1047.5285542328977,1068.5872472042138,1080.5661999655472,1085.877697020765,1063.7768073637098,1082.1801564789673,1097.6185538490854,1125.797619047619
753881,456,"Glenwood Springs, CO",msa,CO,,,,,,,,,,,,,,,,,,,,,,,,,,,,,,,,,,,,,,,,,,,,,,,,,,,,,,,,,,,,,,,,,,,,,,,,,,,,,,,,,,,,,,,,,,,,,,,,,,,,,,2275.8331723078945,2357.6462664002624,2368.3664838116983,2407.8603957441665,2453.887438886243,2486.1372799310807,2511.676132346907,2489.441864407345,2462.6986260711474,2478.0708815703124,2477.0533450312855,2519.9940924633333,2497.5445491628434,2467.0497992706746,2506.319750327753,2534.110455481307,2548.116231296254,2538.658994679026,2558.9074788156054,2623.4728082661118,2636.273351817835,2631.828969896376,2594.176589628374,2586.0842916083575,2604.4177083966556,2613.1074751899446,2585.162210421429,2535.02531673986,2491.8888888888887
394866,458,"Minot, ND",msa,ND,,,,,,,,,,,,,,,,,,,,,,,,,,,,,,,,,,,,,,,,,,,,,,,,,,,,,,,,,,,,,,,,,,,,,,,,,,,,,,,,,,,,760.1305399510019,752.3559413367876,752.6542430169812,746.811142636666,754.6597475941093,762.6668556667017,774.4364216225166,779.01466351732,780.4649484752237,779.0317807713194,780.464917048621,791.3208549409469,800.2414358820863,807.9910426446527,810.2965590779803,817.6567023360161,818.1487423781057,827.0472693991675,827.0467271447218,834.4831011464175,839.2591460121616,844.6506050145911,842.8578663746422,839.0294107736089,844.2767652783631,847.5918311504051,853.9087011364456,853.9260060908782,860.4068428611475,862.208355792496,863.551424461951,866.0600510019814,866.652455912623,871.2118662682311,880.4691196408786,887.639993551528,886.6967592386933,891.6836970481752,895.4477794079868,902.9638504409752,906.1541345261736,909.8637177053809,917.6618603588637,922.7568774518325,931.5346425530296,938.0385884376971,943.9333333333334
394936,459,"Olean, NY",msa,NY,,,,,,,,,,,,,,,,,,,,,,,,,,,,,,,,,,,,,,,,,,,,,,,,,,,,,,,,,,,,,,,,,,,,,,,,,,,,,,,,,,,,,,,,,,,,,,,,,,,,,,,,,,,,,,,,,,,,,,,,,,,,,,,,,,1000.0
395077,461,"Searcy, AR",msa,AR,,,,,,,,,,,,,,,,,,,,,,,,,,,,,,,,,,,,,,,,,,,,,,,,,,,,,,,,,,,,,,,,,,,,,,,,,,,,,,,,,,,,,,,,,,,,,,,,,,,,,,,,,,,,,,,,,,,,,,,,,,,,,,,,,,762.5
394638,462,"Grand Island, NE",msa,NE,,,,,,,,,,,,,,,,,,,,,,,,,,,,,,,,,,,,,,,,,,,,,,,,,,,,,,,,,,,,,,,,,,,,,,,,,,,,,,,,,,,,,,,,,,,,,,,,,,,,,,,,,,,,,,,,,,,,,,1151.3661797729926,1196.1757561424006,1191.9437426571271,1195.4613416787074,1163.900057976148,1166.675428199634,1166.7741739693759,1182.6838811717284,1197.86380027176,1208.5444067329427,1217.627570377172,1213.65126230998,1208.8095238095239
394994,463,"Port Angeles, WA",msa,WA,,,,,,,,,,,,,,,,,,,,,,,,,,,,,,,,,,,,,,,,,,,,,,,,,,,,,,,,,,,,,,,,,,,,,,,,,,,,,,,,,,,,,,,,,,,,,,,,,,,,,,,,,,,,,,,,,,,,,,,,,,,,,,,1406.9927428630117,1411.9707007811107,1419.8214833454927,1441.6666666666667
394699,465,"Huntsville, TX",msa,TX,,,,,,,,,,,,,,,,,,,,,,,,,,,,,,,,,,,,,,,,,,,,,,,,,,,,,,,,,,,,,,,,,,,,,,,,,,,,,,,,,,,,,,,,,,,,,,,,,,,,,,,,,,,,,,,1070.0301228695253,1072.9034838070922,1059.4792211932104,1050.9718584554662,1053.5387100041423,1067.5513417174482,1063.0077052102545,1060.7148897736265,1073.3857711593755,1093.6295520939254,1095.7639828632357,1081.6367972051798,1076.4288639891902,1070.6389869848501,1065.3125356638045,1077.247285919939,1078.3953417995465,1076.675022234732,1064.5930832684548,1069.6666666666667
394738,466,"Keene, NH",msa,NH,,,,,,,,,,,,,,,,,,,,,,,,,,,,,,,,,,,,,,,,,,,,,,,,,,,,,,,,,,,,,,,,,,,,,,,,,,,,,,,,,,,,,,,,,,,,,,1486.929545581063,1481.4190168124017,1494.4684399597602,1505.0005789312727,1536.5205923483616,1546.3200551067403,1537.5120337957985,1522.5954173423352,1530.3352609238107,1572.926870008102,1579.0159883906326,1570.4540992500333,1573.820745547824,1595.5061158588626,1607.2961808028747,1578.466676682497,1601.7306257316077,1616.4548631107614,1655.7254332491752,1664.4337441053926,1641.5582683918083,1624.174236527095,1627.6715341996517,1656.0345849207208,1671.5338109301745,1676.8485365443798,1677.8268271901995,1713.1646434493823,1698.4236728420806,1697.7099735672105,1687.4162784117614,1700.1806130840475,1731.320159666132,1743.5239676210465,1758.4074867695604,1755.3855215599556,1753.5
394674,467,"Heber, UT",msa,UT,,,,,,,,,,,,,,,,,,,,,,,,,,,,,,,,,,,,,,,,,,,,,,,,,,,,,,,,,,,,,,,,,,,,,,,,,,,,,,,,,,,,,,,,,,,,,,,,,,,,,,,,,,,,,2234.9668130198315,2162.4704692057035,2099.31843127461,2150.726482783565,2199.3937826457086,2198.678533317208,2233.3746675895923,2241.355980554151,2295.1622598143135,2216.5084435036138,2214.9287540331447,2201.7101153492104,2201.6577537216303,2218.6432517741796,2207.477710025355,2217.9716794801666,2243.8067442219785,2256.9133920075083,2248.174405474523,2220.3914441053516,2216.6485769675173,2263.9809523809527
395010,468,"Quincy, IL",msa,IL,,,,,,,,,,,,,,,,,,,,,,,,,,,,,,,,,,,,,,,,,,,,,,,,,,,,,,,,,,,,,,,,,,,,,,,,,,,,,,,,,,,,,,,,,,,,,,,,,,,,,,,,,,,,,,,,,,,,,,,,,,,,,,,,,,900.0
395062,469,"Sandusky, OH",msa,OH,,,,,,,,,,,,,,,,,,,,,,,,,,,,,,,,,,,,,,,,,,,,,,,,,,,,,,,,,,,,,,,,,,,,,,,,,,,,,,,,,,,,,,,,,,,,,,,,,,,,,,,,,,,,,,,,,,,,,,,,,,,,,,,,1138.077139306263,1127.0569879448487,1146.611111111111
394614,471,"Frankfort, KY",msa,KY,,,,,,,,,,,,,,,,,,,,,,,,,,,,,,,,,,,,,,,,,,,,,,,,,,,,,,,,,,,,,,,,,,,,,,,,,,,,,,,,,,,,,,,,,779.0272844263392,779.0882053680001,782.0461669574278,784.7617811329028,803.0478002568055,,806.7490189744202,816.7452304771176,840.2944715610103,841.4860044993974,840.135742052569,827.1782785454798,826.0550423934374,824.9413078466007,837.8633698612224,838.2705850939432,838.5533859776913,846.3309347250649,842.8986900387141,850.3997235963773,843.7594225243745,858.0904241640301,863.17169434973,865.3984088970933,865.6048391196289,872.1274645046261,871.9965197112178,871.5029647047628,874.8717423533925,893.5184675977772,901.8227512511946,902.2645994705466,910.7243841621374,913.1872221746801,920.6625569810643,932.9165347342326,941.7793779380843,951.3222302354781,958.8696561095481,973.5183347746386,981.8691194120158,979.2527472527472
394516,472,"Danville, IL",msa,IL,,,,,,,,,,,,,,,,,,,,,,,,,,,,,,,,,,,,,,,,,,,,,,,,,,,,,,,,,,,,,,,,,,,,,,,,,,,,,,,,,,,,,,,,,,,,,,,,,,,,,,,,,574.8870430424433,581.8772943916932,,599.4217934395078,601.3446203304131,601.1103867666408,603.1880371412813,631.0490909880007,637.2725383404513,637.7699061169066,621.3294762918893,629.5296458134297,641.9039447791433,638.2252018762376,641.5207859403006,644.3773654725935,646.5783676713952,658.9842497239893,659.8077632187021,653.2246756973312,647.3697912750299,661.2619975834394,675.0717387908782,679.1966367614598,675.9102855230288,684.4444444444445
394298,473,"Aberdeen, WA",msa,WA,,,,,,,,,,,,,,,,,,,,,,,,,,,,,,,,,,,,,,,,,,,,,,,,,,,,,,,,,,,,,,,,,,,,,,,,,,,,,,,,,,,,,,,,,,,,,,,,,,,,,,,,,,,,,1131.3906561747826,1131.2514005494752,1152.1058868164664,1146.952001272086,1145.914309176609,1124.7167724835565,1128.332820742562,1150.670523438971,1163.6574258127177,1168.5669606979293,1173.2627604871395,1175.6789079799553,1181.3560388609721,1179.2638185556084,1178.5798304482628,1189.700923063287,1208.8877856248066,1223.904980442924,1223.2704576758633,1206.6536758865407,1194.5918974980268,1204.398148148148
753893,477,"Jefferson, GA",msa,GA,,,,,,,,,,,,,,,,,,,,,,,,,,,,,,,,,,,,,,,,,,,,,,,,,,,,,,,,,,,,,,,,,,,,,,,,,,,,,,,,,,,,,,,,,,,,,,,,,,,,,1366.1770777843928,1366.0346558409049,1375.1584806396618,1365.8300311804003,1344.5010670054673,1351.0001397677183,1346.6930518411068,1372.516604157171,1392.2376557705343,1404.9154275547614,1383.562780014385,1390.8841796798408,1381.968110902029,1383.64997664712,1365.5056494379917,1375.6731108773088,1362.5293167785558,1374.2909192859763,1370.3161184270355,1347.299890311945,1327.4705766692414,1315.2587483580035,1340.9599390717478,1349.7119938422384,1367.8397513317084,1372.1761478288288,1396.2584820120392,1401.200792238764,1432.3380011393622,1425.7777777777776
394955,479,"Palatka, FL",msa,FL,,,,,,,,,,,,,,,,,,,,,,,,,,,,,,,,,,,,,,,,,,,,,,,,,,,,,,,,,,,,,,,,,,,,,,,,,,,,,,,,,,,,,,,,,,,,,,,,,,,,,,,,,,,,,,,,,,,,,,,,,,,,,,,,,,1263.5
394683,481,"Hobbs, NM",msa,NM,,,,,,,,,,,,,,,,,,,,,,,,,,,,,,,,,,,,,,,,,,,,,,,,,,,,,,,,,,,,,,,,,,,,,,,,,,,,,,,,,,,,,,,,,,,,,,,,,,,,,,,,,,,,,,,,,,,,,,,,,,,,,,,,,1153.6181242260313,1160.5
395132,485,"Stevens Point, WI",msa,WI,,,,,,,,,,,,,,,,,,,,,,,,,,,,,,,,,,,,,,,,,,,,,,,,,,,,,,,,,,,,,,,,,,,,,,,,,,,,,,,,,,,,,,,,,,,,,,,,,,1038.1792446150334,1043.3002111429346,1041.1504570777065,1051.7097724536065,1065.9560971303201,1062.6112478577456,1070.9496334398928,1058.4884902566196,1085.8719295830886,1094.5128398408403,1125.1457571868598,1109.7834265952526,1109.2001975021608,1106.877763044748,1113.984728013829,1114.7218859815403,1122.0094434581938,1126.127593782376,1137.8352231746842,1146.4972273298356,1146.9273376382926,1149.6648334366653,1138.4224936921898,1154.6800731445078,1171.4463597929441,1183.8019329196657,1193.0304875741783,1194.8739473210082,1194.642624640243,,1205.66692954335,1216.391672029302,1210.4920634920636
394647,486,"Greeneville, TN",msa,TN,,,,,,,,,,,,,,,,,,,,,,,,,,,,,,,,,,,,,,,,,,,,,,,,,,,,,,,,,,,,,,,,,,,,,,,,,,,,,,,,,,,,,,,,,,,,,,,,,,,,,,,,,,,,,,,,,,,,,,,,,,871.7253897562114,864.5690409521839,879.4249873381552,909.2044909790798,,956.6371507603525,956.7448045534868,1003.5802728165736,1016.6666666666666
394655,488,"Greenwood, SC",msa,SC,,,,,,,,,,,,,,,,,,,,,,,,,,,,,,,,,,,,,,,,,,,,,,,,,,,,,,,,,,,,,,,,,,,,,,,,,,,,,,,,,,,,,,,,,,,,,,,,,,,,,,,,,,,,,,,,,,,,,,,,,,,1044.2153074425814,1068.1389013817397,1074.2656117225836,1094.4231520853687,1069.7432720821926,1050.5306063607875,,1018.6666666666666
394752,490,"Klamath Falls, OR",msa,OR,,,,,,,,,,,,,,,,,,,,,,,,,,,,,,,,,,,,,,,,,,,,,,,,,,,,,,,,,,,,,,,,,,,,,,,,,,,,,,,,,,,,,,,,,,,,,,,,,,,,,,,,,,,,,,,,,,,,,,,,,,,,,,,,,1109.6501669869585,1134.375
394877,491,"Morehead City, NC",msa,NC,,,,,,,,,,,,,,,,,,,,,,,,,,,,,,,,,,,,,,,,,,,,,,,,,,,,,,,,,,,,,,,,,,,,,,,,,,,,,,,,,,,,,,,,,,,,,,,,,,,,,,,,,,,,,,,,,,,,,,,,,,,,,,,,1356.611109734502,1411.8303010707318,1440.8333333333333
394472,492,"Clearlake, CA",msa,CA,,,,,,,,,,,,,,,,,,,,,,,,,,,,,,,,,,,,,,,,,,,,,,,,,,,,,,,,,,,,,,,,,,,,,,,,,,,,,,,,,,,,,,,,,,,,,,,,,,,,,,,,,,,,,,,,,,,,,,,,,,,,,,,1230.048954818513,1226.782698907093,1320.8456015573836,1335.5555555555554
394305,493,"Alamogordo, NM",msa,NM,,,,,,,,,,,,,,,,,,,,,,,,,,,,,,,,,,,,,,,,,,,,,,,,,,,,,,,,,,,,,,,,,,,,,,,,,,,,,,,,,,,,,,,,,,,,,,,,,,,,,,,,,,,1188.2568992466906,1204.7255581255201,1167.0681186496013,1163.517917680418,1162.2741755520647,1199.4347414892968,1229.4693388930941,1234.4155863812312,1249.720170722995,1252.758284250478,1258.8902021027993,1263.5982422711286,1273.0514954080268,1283.6506868999031,1326.7005187784298,1349.3908622452625,1365.8420068787727,1358.6936740888752,1366.4717449698956,1375.4280997646285,1377.4056672360446,1380.7701160363301,1396.732261603583,1401.25
394587,495,"Farmington, MO",msa,MO,,,,,,,,,,,,,,,,,,,,,,,,,,,,,,,,,,,,,,,,,,,,,,,,,,,,,,,,,,,,,,,,,,,,,,,,,,,,,,,,,,,,,,,,,,,,,,,,,,,,,,,,,,,,,,,,,,,,,,,,,,,,,,,,,840.7953123804804,830.75
394826,497,"Marion, IN",msa,IN,,,,,,,,,,,,,,,,,,,,,,,,,,,,,,,,,,,,,,,,,,,,,,,,,,,,,,,,,,,,,,,,,,,,,,,,,,,,,,,,,,,,,,,,,,,,,,,,,,,,,,,,,,,,,,,,,,,,,,,,,,,,,,,,,,777.8333333333333
394586,498,"Faribault, MN",msa,MN,,,,,,,,,,,,,,,,,,,,,,,,,,,,,,,,,,,,,,,,,,,,,,,,,,,,,,,,,,,,,,,,,,,,,,,,,,,,,,,,,,,,,,,,,,,,,,,,,,,,,,,,,,,,,,,,,,,,,,,,,1184.140513099954,1181.4427938423785,1209.9712736287156,1196.033524457522,1210.6239903200715,1204.1404488222302,1211.2865359875523,1208.0353741736938,1209.7667948460737,1221.7777777777776
395021,499,"Richmond, IN",msa,IN,,,,,,,,,,,,,,,,,,,,,,,,,,,,,,,,,,,,,,,,,,,,,,,,,,,,,,,,,,,,,,,,,,,,,,,,,,,,,,,,,,,,,,,,,,,,,,,,,,,,,,,,,,,,,,,,,,,,,,,,,,,,,,,737.72992204938,736.9688084521806,732.3893554476559,731.6666666666666
394829,500,"Marquette, MI",msa,MI,,,,,,,,,,,,,,,,,,,,,,,,,,,,,,,,,,,,,,,,,,,,,,,,,,,,,,,,,,,,,,,,,,,,,,,,,,,,,,,,,,,,,,,,,,,,,,,,,,,,,,,,,,923.1029862437906,908.1823853105606,974.5298922574391,985.8629184972385,1007.8838638663035,997.9450686381854,1006.9260422474781,1026.5255870146498,1000.3417203807198,1017.5826506100503,1018.2079794564927,1057.8364369737462,1044.9896621454932,1061.4801926966686,1035.3359247998555,1049.9070859843898,1052.0221424807776,1056.4386096431008,1063.4180545934933,1060.927988406427,1071.8994753318216,1059.3283142664075,1061.6818277209618,1066.7888711198423,1072.5
394360,505,"Baraboo, WI",msa,WI,,,,,,,,,,,,,,,,,,,,,,,,,,,,,,,,,,,,,,,,,,,,,,,,,,,,,,,,,,,,,,,,,,,,,,,,,,,,,,,,,,,,,,,,,,,,,,,,,,,,,,,,,,,,,979.8621029932782,1000.2236054598701,1002.3334855137018,1009.5066763620339,992.6499310381304,1002.7838587939838,999.2530315762536,1017.8212569666931,1024.2995084897068,1039.1451579993964,1057.56548292035,,,1044.5802644908633,1067.0961366241397,1071.5027410654009,1085.3980564960489,1081.1739411659012,1087.605738096453,1079.3659844126028,1071.491352739976,1064.154761904762
845163,508,"Jasper, AL",msa,AL,,,,,,,,,,,,,,,,,,,,,,,,,,,,,,,,,,,,,,,,,,,,,,,,,,,,,,,,,,,,,,,,,,,,,,,,,,,,,,,,,,,,,,,,,,,,,,,,,,,,,,,,,,,,,,,,,,,,,,,,,,,,,,,,,,800.0
395040,509,"Roswell, NM",msa,NM,,,,,,,,,,,,,,,,,,,,,,,,,,,,,,,,,,,,,,,,,,,,,,,,,,,,,,,,,,,,,,,,,,,,,,,,,,,,,,,,,,,,,,,,,,,,,,,,,,,,,,,,,,,,,,,,,,,,,,,,,,,,,,,,,,1037.5
395092,510,"Shelton, WA",msa,WA,,,,,,,,,,,,,,,,,,,,,,,,,,,,,,,,,,,,,,,,,,,,,,,,,,,,,,,,,,,,,,,,,,,,,,,,,,,,,,,,,,,,,,,,,,,,,,,,,,,,,,,,,,,,,,,,,,,,,,,,,,,,,,,1442.238986838859,1450.794310227923,1425.1624418482727,1455.0
394899,512,"Nacogdoches, TX",msa,TX,,,,,,,,,,,,,,,,,,,,,,,,,,,,,,,,,,,,,,,,,,,,,,,,,,,,,,,,,,,,,,,,,,,,,,,,,,,,,,,,,,,,,,,,,,,,,,,,,,,,,,,,,,,,,,829.2591524984006,831.694059718429,846.8153588913091,838.6412251776841,834.0985145598021,839.9695936340296,835.3688704945164,845.1456027282397,845.9650967769056,855.5605782910288,850.3803141623117,857.5034057592643,852.074324482421,861.6758194618056,860.8780977880858,872.3549221086328,879.1974410539576,,899.0344125320727,909.8846327265015,921.4
394496,514,"Coos Bay, OR",msa,OR,,,,,,,,,,,,,,,,,,,,,,,,,,,,,,,,,,,,,,,,,,,,,,,,,,,,,,,,,,,,,,,,,,,,,,,,,,,,,,,,,,,,,,,,,,,,,,,,,,,,,,,,,,,,,,,,,,,,,,,,,,,,1199.6664534571091,1225.8627070284358,1250.5057593530084,1249.2945501399015,1246.7125193353806,1242.9992557884855,1259.7222222222224
394836,516,"Martinsville, VA",msa,VA,,,,,,,,,,,,,,,,,,,,,,,,,,,,,,,,,,,,,,,,,,,,,,,,,,,,,,,,,,,,,,,,,,,,,,,,,,,,,,,,,,,,,,,,,,,,,,,,,,,,,,,,,,,,,,,,,,,,,,,,,,,,,,,,728.3961691945271,727.8363225190259,739.3888888888888
395020,517,"Rexburg, ID",msa,ID,,,,,,,,,,,,,,,,,,,,,,,,,,,,,,,,,,,,,,,,,,,,,,,,,,,,,,,,,,,,,,,,,,,,,,,,,,,,,,,,,,,934.1898772365759,940.3082215262814,965.3855495768252,997.0516522765829,1023.762213392463,1041.1740627418326,1046.5343304105127,1055.3531259422693,1057.2633930407328,1048.2861910630259,1053.4287693471256,1058.14185584996,1071.6364754436618,1075.2917582357375,1080.7712724518392,1067.6326333806016,1059.9484755473845,1042.2773775294236,1053.0090247409717,1051.901800979565,1058.435207670477,1056.2911737298828,1059.218933148417,1064.3448125066084,,1072.7089851389794,1057.747902152944,1071.1352358764386,1060.2458948897645,1076.5277304965298,1072.0089645484272,1075.755740036279,1075.1078070447106,1088.8455816358135,1083.3421698879076,1080.333104193291,1079.1518813692346,1077.1868943997665,1086.9283857393257,1082.547687321488,1094.9416244193183,1092.7999991696151,1095.2896256707143,1096.1212177090947,1097.9996984565307,1094.0884562111628,1099.8989125734352,1102.7738095238094
394787,518,"Lewiston, ID",msa,ID,,,,,,,,,,,,,,,,,,,,,,,,,,,,,,,,,,,,,,,,,,,,,,,,,,,,,,,,,,,,,,,,,,,,,,,,,,,,,,,,,,,,,,,,,,,,,,,,,,,,,,,,,,,,,,,,,,,,,,,,,,,,,1106.555144996646,1116.4049881025464,1138.3425927002158,1124.3985673882444,1152.8312700857716,1180.0
394759,519,"Laconia, NH",msa,NH,,,,,,,,,,,,,,,,,,,,,,,,,,,,,,,,,,,,,,,,,,,,,,,,,,,,,,,,,,,,,,,,,,,,,,,,,,,,,,,,,,,,,,,,,,,,,,,,,,,,,,,,,,,,,,,,,,,,,,,,,,,1746.9070023912593,1768.33983948248,1811.7185745275394,1834.0822175723897,1814.4572329732528,1793.662460265767,1775.3526278160627,1793.0555555555557
394629,520,"Georgetown, SC",msa,SC,,,,,,,,,,,,,,,,,,,,,,,,,,,,,,,,,,,,,,,,,,,,,,,,,,,,,,,,,,,,,,,,,,,,,,,,,,,,,,,,,,,,,,,,,,,,,,,,,,,,,,,,,,,,,,,,,,,,,,,,,,,1787.3228568487082,1801.4331187890452,1777.9688337720409,1775.1264729124916,1779.9061433469274,1797.638562862989,1777.0821871255707,1777.6666666666667
394343,521,"Athens, OH",msa,OH,,,,,,,,,,,,,,,,,,,,,,,,,,,,,,,,,,,,,,,,,,,,,,,,,,,,,,,,,,,,,,,,,,,,,,,,,,,,,,,,,,,,,,,,,,,,,,,,,,,,,,,,,,,,,,,,,,,,,,,,,756.4895464775295,,753.7795008987051,753.8231716528322,752.253584371167,765.3298135753746,812.7480840008707,847.7099956324408,855.8763436674252,846.9722222222222
394570,523,"Enid, OK",msa,OK,,,,,,,,,,,,,,,,,,,,,,,,,,,,,,,,,,,,,,,,,,,,,,,,,,,,,,,,,,,,,,,,,,,,,,,,,,,,,,,,,,,,,,,,,,,,,,,,,,,,,,,,,,,,,,,,,,,,,,,,,,,,,790.7821191283582,781.9614557363172,799.1030494469657,820.3695765485824,,819.1666666666666
395199,525,"Walla Walla, WA",msa,WA,,,,,,,,,,,,,,,,,,,,,,,,,,,,,,,,,,,,,,,,,,,,,,,,,,,,,,,,,,,,,,,,,,,,,,,,,,,,,,,,,,,,,,,,,,,,,,,,,,1273.7801945259023,1260.1289725164615,1245.119006977682,1211.6292472717387,1218.98284732518,1222.9188244745058,1233.8805611833718,1247.3798953259572,1257.858881661177,1280.8270876304591,1274.0379593224081,1272.6456254581853,1266.0436100006666,1274.6408538103763,1282.8774029639003,1281.1370492787921,1284.204346796773,1284.0010444881486,1295.8032629892757,1301.6324103200561,1299.3126685304428,1283.9053590673718,1290.998314901672,1299.0186069671477,1293.6962376871122,1306.1271899069286,1313.5626068231577,1346.81221668036,1347.700714367594,1349.0087954242344,1339.1191130840173,1331.0165769703679,1332.1880341880342
394701,527,"Hutchinson, KS",msa,KS,,,,,,,,,,,,,,,,,,,,,,,,,,,,,,,,,,,,,,,,,,,,,,,,,,,,,,,,,,,,,,,,,,,,,,,,,,,,,,,,,,,,,,,,,,,,,,,,,,,,,,,,,,,,,,,,,,,,,,,,,,,677.661575568244,676.3163274189503,676.2063977008808,681.8942452462392,688.7247241099019,683.2149562022909,672.373166321922,661.1333333333333
394693,528,"Hudson, NY",msa,NY,,,,,,,,,,,,,,,,,,,,,,,,,,,,,,,,,,,,,,,,,,,,,,,,,,,,,,,,,,,,,,,,,,,,,,,,,,,,,,,,,,,,,,,1529.4720872937153,,1545.0330909150039,1538.476016955931,1519.9787793162507,1554.7714130008815,1568.4399176436757,1602.6130882326042,1587.3047338373356,1635.6146780248905,1615.868908971083,1664.043084151696,1649.8637390644512,1662.5619307769762,,1634.9635219394772,1637.2341400242171,1651.3723145424703,1689.3619521424262,1710.8943184090422,1668.5202223935348,1678.9797413524357,1721.6641268428896,1764.2268678784615,1744.5342820795056,1715.4112185079348,1699.0730495633486,1724.6968517993353,1737.9128124967074,1734.0951922913202,1756.4166388016856,1774.2515183045168,1820.5504581711616,1804.2621832885284,1798.5337219206087,1765.9461297961616,1800.358321199923,1828.173429397153,1863.4634674164356,1875.0455151488072,1882.2704440268953,1886.1973905525772,1858.364729234111,1837.9166666666667
395124,529,"Starkville, MS",msa,MS,,,,,,,,,,,,,,,,,,,,,,,,,,,,,,,,,,,,,,,,,,,,,,,,,,,,,,,,,,,,,,,,,,,,,,,,,,,,,,,,,,,,,,,,,,,,,,,,,,,,,,,,,,967.6487884769214,,966.4319185991044,978.575036633012,977.8082617740856,986.762112237497,977.1092363001228,986.2544696296133,996.6585355397696,1017.4276411268511,1022.0723201387863,1023.9780276362985,,1042.3698903456223,1039.7954680590904,1034.065851689418,1036.8280915753032,1044.8272066168659,1053.4348228739227,1059.071822758667,1064.70300501328,1068.0066704745211,1068.406316391772,1075.6207204246814,1078.2777777777776
394631,531,"Gillette, WY",msa,WY,,,,,,,,,,,,,,,,,,,,,,,,,,,,,,,,,,,,,,,,,,,,,,,,,,,,,,,,,,,,,,,,,,,,,,,,,,,,,,,,,,,,,,,,,,,,,,,,,,,,,,,,,,,,,,,,,,,,,,1337.7012798253977,1372.3035791945847,1394.1009794071852,1402.8445564975166,1371.5580221368623,1357.9356513964062,1355.7742490734647,1373.3686218588703,1376.9357161292264,1363.4162806215222,1331.0617081682376,1327.9777817493245,1312.2916666666667
395044,533,"Rutland, VT",msa,VT,,,,,,,,,,,,,,,,,,,,,,,,,,,,,,,,,,,,,,,,,,,,,,,,,,,,,,,,,,,,,,,,,,,,,,,,,,,,,,,,,,,,,,,,,,,,,,,,,,,,,,,,,,,,,,,,,,,,,,,,,,,,,,,1362.1047753806115,1368.8487187900403,1382.5127160010916,1391.6666666666667
845162,535,"Granbury, TX",msa,TX,,,,,,,,,,,,,,,,,,,,,,,,,,,,,,,,,,,,,,,,,,,,,,,,,,,,,,,,,,,,,,,,,,,,,,,,,,,,,,,,,,,,,,,,,,,,,,,,,,,,,,,,,,,,,,,,,,1352.9029793014654,1402.5085681744474,1414.550408383716,1380.5577925023183,1366.0986991729033,1381.2549770362418,1392.2474087975022,1399.6886210431376,1395.051862824114,1410.8769371585706,1398.6630056962285,1394.4147163431394,1358.2779231058469,1349.4387459953716,1373.6515977929807,1444.8603147650292,1491.3055555555557
395071,536,"Sayre, PA",msa,PA,,,,,,,,,,,,,,,,,,,,,,,,,,,,,,,,,,,,,,,,,,,,,,,,,,,,,,,,,,,,,,,,,,,,,,,,,,,,,,,,,,,,,,,,,,,,,,,,,,,,,,,,,,,,,,,,,,,,,,,,,,,,,,,,,,950.0
394591,539,"Fergus Falls, MN",msa,MN,,,,,,,,,,,,,,,,,,,,,,,,,,,,,,,,,,,,,,,,,,,,,,,,,,,,,,,,,,,,,,,,,,,,,,,,,,,,,,,,,,,,,,,,,,,,,,,,,,,,,,,,,,,,,,,,,,,,,,,,,,,,,,,,,,890.8333333333333
394362,540,"Barre, VT",msa,VT,,,,,,,,,,,,,,,,,,,,,,,,,,,,,,,,,,,,,,,,,,,,,,,,,,,,,,,,,,,,,,,,,,,,,,,,,,,,,,,,,,,,,,,,,,,,,,,,,,,,,,,,,,,,,,,,,,1378.6321003710336,1393.665299456894,1348.6541531793102,1364.245670999809,1393.634024612672,1423.0480709070837,1424.3166429364649,1423.2827808178822,1434.1006765667555,1415.7358421414456,1396.7235233127722,1395.7799541047923,1385.2239269357626,1407.160498787246,1425.5980312006336,1450.2573221727798,1429.1666666666667
394939,542,"Oneonta, NY",msa,NY,,,,,,,,,,,,,,,,,,,,,,,,,,,,,,,,,,,,,,,,,,,,,,,,,,,,,,,,,,,,,,,,,,,,,,,,,,,,,,,,,,,,,,,,,,,,,,,,,,,,,,,,,,,,,,,,,,,,,,,,,1233.8012505532452,1226.9689903509177,1221.4502240699173,1221.8521027389927,1211.3739655270992,1228.0957219510703,1260.1234487085717,1293.966607445981,1332.6652514334976,1405.9333333333334
394490,543,"Columbus, MS",msa,MS,,,,,,,,,,,,,,,,,,,,,,,,,,,,,,,,,,,,,,,,,,,,,,,,,,,,,,,,,,,,,,,,,,,,,,,,,,,,,,,,,,,,,,,,,,,,,,,,,,,,,,,,,,,,,,,,,,,,,,,,,,,,,,,,1289.4817807847953,1274.276206328037,1285.8333333333333
394365,545,"Batavia, NY",msa,NY,,,,,,,,,,,,,,,,,,,,,,,,,,,,,,,,,,,,,,,,,,,,,,,,,,,,,,,,,,,,,,,,,,,,,,,,,,,,,,,,,,,,,,,,,,,,,,,,,,,,,,,,,,,,,,,,,,,,,,,,,,,,,,,,,,981.25
394956,547,"Palestine, TX",msa,TX,,,,,,,,,,,,,,,,,,,,,,,,,,,,,,,,,,,,,,,,,,,,,,,,,,,,,,,,,,,,,,,,,,,,,,,,,,,,,,,,,,,,,,,,,,,,,,,,,,,,,,,,,,,,,,,,,,,,,,,,,,,,,,,,,,1359.0
394592,550,"Fernley, NV",msa,NV,,,,,,,,,,,,,,,,,,,,,,,,,,,,,,,,,,,,,,,,,,,,,,,,,,,,,,,,,,,,,,,,,,,,,,,,,,,,,,,,,,,,,,,,,,,,,,,,,,,,,,,,,,,,,,,,,,,,,,,,,,,,,,1313.1391957680619,1331.6633227591442,1338.5926135352106,1342.8930971118389,1358.2777777777776
394444,551,"Carson City, NV",msa,NV,,,,,,,,,,,,,,,,,,,,,,,,,,,,,,,,,,,,,,,,,,,,,,,,,,,,,,,,,,,,,,,,,,,,,,,,,,,,,,,,,,,,,,,,,,,,,,,,,,,,,,,,,,,,1575.4415458651504,1578.7390658663592,1579.7969401035673,1580.5440312134856,1562.3092703248108,1570.1222991609889,1570.562717615389,1568.4759939576397,1564.9542838781854,1598.0991355388544,1596.124898413745,1613.5677873665109,1620.6882836816008,1622.1745797352917,1619.1993582210052,1627.5968501623863,1658.1916293340746,1659.646889464856,1676.2734150215215,1670.5341733317405,1670.3124273874787,1625.3879036101443,1617.304761904762
753877,554,"Cullowhee, NC",msa,NC,,,,,,,,,,,,,,,,,,,,,,,,,,,,,,,,,,,,,,,,,,,,,,,,,,,,,,,,,,,,,,,,,,,,,,,,,,,,,,,,,,,,,,,,,,,,,,,,,,,,,,,,,,,,,,,,,,,,,,,,,,,,,,,,,,1100.0
394737,555,"Kearney, NE",msa,NE,,,,,,,,,,,,,,,,,,,,,,,,,,,,,,,,,,,,,,,,,,,,,,,,,,,,,,,,,,,,,,,,,,,,,,,,,,,,,,,,,,,,,,,,,,,,,,,,,,,,,,,,,,,,,,,,,,,,,,,,,,,1420.7331093164423,1427.3457801576772,1431.0142761727732,1463.3419711140698,1508.0592838743423,1526.3808401869953,1536.3208841773378,1538.1944444444443
394582,556,"Fairmont, WV",msa,WV,,,,,,,,,,,,,,,,,,,,,,,,,,,,,,,,,,,,,,,,,,,,,,,,,,,,,,,,,,,,,,,,,,,,,,,,,,,,,,,,,,,,,,,,,,,,,,,,,,,,,,,,,,,,,,,,,,,,,,,,,,,,,,,,805.316967498878,823.0353447063316,833.3333333333334
394621,558,"Gaffney, SC",msa,SC,,,,,,,,,,,,,,,,,,,,,,,,,,,,,,,,,,,,,,,,,,,,,,,,,,,,,,,,,,,,,,,,,,,,,,,,,,,,,,,,,,,,,,,,,,,,,,,,,,,,,,,,,,,,,,,,,,,,,,,,,,,,,,,,976.4493488430702,994.7370080468427,963.4666666666667
395131,560,"Sterling, IL",msa,IL,,,,,,,,,,,,,,,,,,,,,,,,,,,,,,,,,,,,,,,,,,,,,,,,,,,,,,,,,,,,,,,,,,,,,,,,,,,,,,,,,,,,,,,,,,,,,,,,,,,,,,,,,,,,,,,,,,,,,,,,,,,,,,,,,781.231773423817,800.0
394411,561,"Branson, MO",msa,MO,,,,,,,,,,,,,,,,,,,,,,,,,,,,,,,,,,,,,,,,,,,,,,,,,,,,,,,,,,,,,,,,,,,,,,,,,,,,,,,,,,,,,,,,,,,,,,,,,,,,,,,,,,,,,,,,,,,,,,,,924.4976879561382,926.955342246507,928.0348332345716,945.1323148831441,952.569903992372,963.3871705822893,950.6519843583704,951.984251252725,945.0569342684479,964.2812752223346,972.9761904761905
394446,562,"Cedar City, UT",msa,UT,,,,,,,,,,,,,,,,,,,,,,,,,,,,,,,,,,,,,,,,,,,,,,,,,,,,,,,,,,,,,,,,,,,,,,,,,,,,,,,,,,,,,,,,,,,,,,,,,,,1134.421680734431,1124.578162033953,,1109.9834126230057,1125.357182952841,1163.7087170935915,1185.4771492898383,1195.6760643407147,1188.2076215736593,1180.7502752701232,1234.1946363629786,1242.8129219252835,1234.867007175762,1158.1575587382774,1166.1507242149753,1145.6412767839345,1162.7854545066887,1159.5582240827823,1197.0802350879903,1211.7425488967397,1211.1177984585286,1171.5858545325964,1145.2738708203203,1143.1869830133774,1157.3987872273244,1207.19368191134,1218.4861976922161,1240.1714430797308,1240.5731242419506,1235.9911152711672,1211.1643465222926,1185.7870370370372
394951,564,"Oxford, MS",msa,MS,,,,,,,,,,,,,,,,,,,,,,,,,,,,,,,,,,,,,,,,,,,,,,,,,,,,,,,,,,,,,,,,,,,,,,,,,,,,,,,,,,,,,,,,,,,,,,,,,,,,,,,,,,,,,,,,,,,,,1642.8039272638937,1676.134880386096,1712.4694840919562,1745.6089195859108,1777.4084125932845,1766.480622169022,1767.9134146124452,1739.0683560193543,1727.3716470801849,1737.924365099422,1765.934451664091,1836.9498487269132,1858.4231732839985,1864.4444444444443
394556,566,"Edwards, CO",msa,CO,,,,,,,,,,,,,,,,,,,,,,,,,,,,,,,,,,,,,,,,,,,,,,,,,,,,,,,,,,,,,,,,,,,,,,,,,,,,,,,,,,,,,,,,,,,,,,,,,,,,,,,,,,,,,,,,,,,,,,,,,,2991.339778586152,2954.3180348340516,2987.8535239060125,2945.2365993655703,3007.77726224692,2987.5244628826654,2985.27792754428,2967.3193374305656,2990.462962962963
394547,567,"Durango, CO",msa,CO,,,,,,,,,,,,,,,,,,,,,,,,,,,,,,,,,,,,,,,,,,,,,,,,,,,,,,,,,,,,,,,,,,,,,,,,,1223.5875403262826,1215.8142092564474,1268.6590163322298,1309.9573169451414,1359.2786011181477,1402.89988813702,1446.533635370669,1467.9605431401408,1515.0391474759792,1496.8136697841296,1484.5991423021683,1475.753515944258,1523.2855903312022,1552.991319799728,1555.1158830629083,1562.2287063348215,1576.8615269580819,1582.8775282194074,1571.4489165532448,1556.0264918848043,1543.0099974912425,1578.5632418882979,1596.816832117619,1640.5355665030643,1621.3269679677733,1622.2403961850193,1583.1144186597433,1587.1213629986592,1597.1784574738756,1620.0759725889297,1642.762151782439,1641.3144599595464,1645.7177866999773,1632.059986126069,1622.3617231736919,1590.6979854379772,1619.7767497181703,1631.3524481378429,1670.372745028759,1652.0156078043437,1657.7456462236707,1654.5033165287332,1668.8716797433592,1681.7744571363946,1697.4193593105213,1739.116232054643,1760.3858980959476,1786.092846391881,1778.3503714520853,1777.9404774096886,1776.8774571249821,1797.725234620981,1792.27190849312,1787.0915113605708,1769.2977330132123,1764.1183564371772,1749.5760549722845,1712.390873015873
753920,569,"Sonora, CA",msa,CA,,,,,,,,,,,,,,,,,,,,,,,,,,,,,,,,,,,,,,,,,,,,,,,,,,,,,,,,,,,,,,,,,,,,,,,,,,,,,,,,,,,,,,,,,,,,,,,,,,,,,,,,,,,,,,,,,,,,,,,,,,,,,,,,,1285.46894484374,1337.5
395122,576,"St. Marys, GA",msa,GA,,,,,,,,,,,,,,,,,,,,,,,,,,,,,,,,,,,,,,,,,,,,,,,,,,,,,,,,,,,,,,,,,,,,,,,,,,,,,,,,,,,,,,,,,,,,,,,,1215.812973991802,1261.8063032904995,1275.2873082820079,,1253.8138822936453,1222.7094300109907,1251.4681300693182,1232.602287632491,1225.8073767380813,1203.6285639697203,1227.0864280952442,1207.5008390506612,1223.6502081276205,1232.5987781010651,1272.1009407612296,1279.2465120322518,1309.2805490030119,1318.3786713330203,,1318.25416259274,1319.4832182126515,1320.002290580809,1337.7905027533666,1342.8269476399855,1338.7582591843843,1334.3247817301822,1303.1206579269547,1311.778139285832,1305.0795327633293,1331.1117109148365,1317.4807851837554,1361.2742658352104,1389.4128552676361,1430.456528349157,1417.4629629629628
395204,578,"Warrensburg, MO",msa,MO,,,,,,,,,,,,,,,,,,,,,,,,,,,,,,,,,,,,,,,,,,,,,,,,,,,,,,,,,,,,,,,,,,,,,,,,,,,,,,,,,696.2461161184979,707.9162741951368,,708.4756279680357,711.5554324182475,719.6182945847816,723.7710696366797,728.2276163353544,733.2965396320229,741.8732494615269,744.4872168366069,741.7211520631491,752.2024649777072,753.9198156524857,764.057990053395,766.7654265856943,774.810944131403,775.519750549019,775.5845574091243,770.3816387146711,773.696758028188,777.3471098254396,786.7629106927889,791.0744116002752,792.9721735959536,795.7400017317885,794.5305892581005,802.3663018243251,799.5085812108925,809.4301371824522,814.2857870546712,823.6777394549607,822.4935184999825,822.2191287428833,830.4012235803186,831.0107144915144,839.8481324313053,838.753045037481,844.0292671989628,844.517758506728,850.9011171039921,849.9072538616778,853.6904246641749,856.3867632940737,862.8516676229397,868.0552488384855,865.0632209043019,871.3533463008253,869.758370038679,876.9113756613757
394634,579,"Gloversville, NY",msa,NY,,,,,,,,,,,,,,,,,,,,,,,,,,,,,,,,,,,,,,,,,,,,,,,,,,,,,,,,,,,,,,,,,,,,,,,,,,,,,,,,,,,,,,,,,,,,,,,,,,,,,,,,,,,,,,,,,,,,,,,,,,,,,,,,,1160.2707136478552,1136.875
394604,580,"Fort Leonard Wood, MO",msa,MO,,,,,,,,,,,,,,,,,,,,,,,,,,,,,,,,,,,,,,,,,,,,,,,,,,,,,,,,,,,,,,,,,,,,,,,,,,,,,,,,,,,,,,,,,,,,,,,,,,,,,,910.4775999781508,869.1510127195638,843.4449474751574,850.8824706267559,852.0500669811671,863.4260611212942,863.6340794324999,857.2936548234479,860.0168058785963,873.6734529242887,872.2185296163183,878.7940067172789,876.849810663099,903.9940177273241,899.4288447479723,906.9479880938632,910.5722736078462,929.8468274236224,937.8371887034477,939.2467492974309,933.4544756765089,927.2689519353316,922.9962298777946,923.0376010543276,940.7185198581881,952.0290888100783,976.0810617670255,980.6927919613645,992.5610269360269
394562,582,"Elizabeth City, NC",msa,NC,,,,,,,,,,,,,,,,,,,,,,,,,,,,,,,,,,,,,,,,,,,,,,,,,,,,,,,,,,,,,,,,,,,,,,,,,,,,,,,,,,,,,,,,,,,,,,,,,,,,,,,,,,,,,,,,,,,,,,,,,,,,,,,,,1346.2160772818397,1294.5833333333335
394967,583,"Payson, AZ",msa,AZ,,,,,,,,,,,,,,,,,,,,,,,,,,,,,,,,,,,,,,,,,,,,,,,,,,,,,,,,,,,,,,,,,,,,,,,,,,,,,,,,,,,,,,,,,,,,,,,,,,,,,,,,,,,,,,,,,,,,,,,,,,,,,,,,,,1450.0
394344,584,"Athens, TN",msa,TN,,,,,,,,,,,,,,,,,,,,,,,,,,,,,,,,,,,,,,,,,,,,,,,,,,,,,,,,,,,,,,,,,,,,,,,,,,,,,,,,,,,,,,,,,,,,,,,,,,,,,,,,,,,,,,,,,,,,,,,,,,,,,,886.2940734173428,892.0505524775242,885.5816874187401,904.2321344068258,926.0555555555555
394339,586,"Ashland, OH",msa,OH,,,,,,,,,,,,,,,,,,,,,,,,,,,,,,,,,,,,,,,,,,,,,,,,,,,,,,,,,,,,,,,,,,,,,,,,,,,,,,,,,,,,,,,,,,,,,,,,,,,,,,,,,,,,,,,,,,,,,,,,,,,,,,834.8003622410037,839.0278996570279,835.0928159511012,844.5865795750531,843.3333333333334
394861,588,"Milledgeville, GA",msa,GA,,,,,,,,,,,,,,,,,,,,,,,,,,,,,,,,,,,,,,,,,,,,,,,,,,,,,,,,,,,,,,,,,,,,,,,,,,,,,,,,,,,,,,,,,,,,,,,,,,,,,,,,,,,,,,,,,,,,,,,,,,,,,,,,1117.7199417879012,1118.5409826901937,1145.0
394742,589,"Kerrville, TX",msa,TX,,,,,,,,,,,,,,,,,,,,,,,,,,,,,,,,,,,,,,,,,,,,,,,,,,,,,,,,,,,,,,,,,,,,,,,,,,,,,,,,,,,,,,,,,,,,,,,,,,,,,,,,,,,,,,,,,,,,,,,,,,,,,,,,1277.0803233469926,1275.0339154439857,1244.1666666666667
394503,592,"Corsicana, TX",msa,TX,,,,,,,,,,,,,,,,,,,,,,,,,,,,,,,,,,,,,,,,,,,,,,,,,,,,,,,,,,,,,,,,,,,,,,,,,,,,,,,,,,,,,,,,,,,,,,,,,,,,,,,,,,,,,,,,,,,,,,,1078.2912552630498,1091.0899584214321,1093.1581706240836,1096.6232360743818,,1080.3210445788607,1080.5759087168942,1089.3842569718206,1116.860645537996,1129.6969550374517,1138.1578904625112,1151.2777777777776
394954,601,"Pahrump, NV",msa,NV,,,,,,,,,,,,,,,,,,,,,,,,,,,,,,,,,,,,,,,,,,,,,,,,,,,,,,,,,,,,,,,,,,,,,,,,,,,,,,,,,,,,,,,,,,,,,,,,,,,,,,,,,,,,,,,,,,,,,,,,,1186.7439252289328,1161.9423787721507,1210.1058874537766,1205.5787778292693,1233.7685647036155,,1210.8341025613074,1229.9694663955038,1256.3003125555304,1281.6904761904761
395234,603,"Winona, MN",msa,MN,,,,,,,,,,,,,,,,,,,,,,,,,,,,,,,,,,,,,,,,,,,,,,,,,,,,,,,,,,,,,,,,,,,,,,,,,,,,,,,,,,,,,,,,,,,,,,,,,,,,,,,,,,,,,960.8767432705747,985.8962151271849,,1012.6963825515353,1023.4098081607847,,1012.8109746172296,1013.053534198987,1025.1788626262678,1023.337206314476,1021.8240872083597,1028.5968963648816,1058.0283550824638,1054.4336149124372,1063.8151061978795,1066.9489990802697,1069.917746289286,1083.740214312152,1130.2047274683796,,1162.4827603623125,1158.4722222222224
394628,610,"Gardnerville Ranchos, NV",msa,NV,,,,,,,,,,,,,,,,,,,,,,,,,,,,,,,,,,,,,,,,,,,,,,,,,,,,,,,,,,,,,,,,,,,,,,,,,,,,,,,,,,,,,,,,,,,,,,,,,,,,,,,,,,,,,,,,,,,,,,,,,,,,,1860.7456267622058,,1919.2903259402701,1978.441275414288,2007.8124423340485,2066.6666666666665
394608,611,"Fort Polk South, LA",msa,LA,,,,,,,,,,,,,,,,,,,,,,,,,,,,,,,,,,,,,,,,,,,,,,,,,,,,,,,,,,,,,,,,,,,,,,,,,,,,,,,,,,,,,,,,,,,,,,,,,,,,,,,,,,,,,,,,,,,,,,,,,,,,,,,,,,928.0
394437,612,"Ca-¦on City, CO",msa,CO,,,,,,,,,,,,,,,,,,,,,,,,,,,,,,,,,,,,,,,,,,,,,,,,,,,,,,,,,,,,,,,,,,,,,,,,,,,,,,,,,,,,,,,,,,,,,,,,,,,,,,,,,,,,,,,,,,,,,,,,,,,,,,,,,,1125.8333333333333
394906,614,"New Castle, IN",msa,IN,,,,,,,,,,,,,,,,,,,,,,,,,,,,,,,,,,,,,,,,,,,,,,,,,,,,,,,,,,,,,,,,,,,,,,,,,,,,,,,,,,,,,,,,,,,,,,,,,,,,,,,,,,,,,,,,,,,,,,,,,,,,,,,,872.0238364561524,895.8307110777827,899.8888888888888
394478,615,"Clovis, NM",msa,NM,,,,,,,,,,,,,,,,,,,,,,,,,,,,,,,,,,,,,,,,,,,,,,,,,,,,,,,,,,,,,,,,,,,,,,,,,,,,,,,,,,,,,,,,,,,,,,,,,,,,,909.8873474308766,907.8454556992107,903.4270644122292,902.935589615881,915.5357302018323,917.948823648893,922.3656671071808,920.125892803867,924.1020666355848,938.5616514752215,944.2993517719754,952.94230658995,937.0949386292691,962.0661277832377,972.1840636702517,975.9714590522678,962.852819365847,965.003011848936,963.4822759514979,974.3334149608297,980.396423777186,981.3668149918691,984.6657607544981,985.1994935519003,1005.65382030033,999.4647861602303,1004.3132926118377,1015.381608068785,1033.2384648596073,1045.0
394919,616,"Norfolk, NE",msa,NE,,,,,,,,,,,,,,,,,,,,,,,,,,,,,,,,,,,,,,,,,,,,,,,,,,,,,,,,,,,,,,,,,,,,,,,,,,,,,,,,,,,,,,,,,,,,,,,,,,,,,,,,,,,,,,,,,,,,,,,,,1135.3532770369623,,1146.9824226715534,1151.495227997571,1146.0880676527256,1148.8652306994645,1153.8745117003245,1168.3204191850084,1164.6907129686028,1166.388888888889
395043,618,"Ruston, LA",msa,LA,,,,,,,,,,,,,,,,,,,,,,,,,,,,,,,,,,,,,,,,,,,,,,,,,,,,,,,,,,,,,,,,,,,,,,,,,,,,,,,,,,,,,,,,,,,,,,,,,,,,,,,,,,,913.2182869450495,941.4683039950377,961.9271451524215,960.6313094543183,935.0566981764805,935.8338492007848,937.7531289599118,944.7370277162538,957.4090783856384,959.1734458400198,981.3203080549796,982.0025499759963,988.5527393138884,972.5589785818407,979.3501666704258,981.1472630558519,998.1453313575187,997.3424585062262,1002.0079185461092,1011.3901323734954,1014.3711538997051,1027.0780492469714,1027.4999679917387,1049.1666666666667
395097,619,"Sidney, OH",msa,OH,,,,,,,,,,,,,,,,,,,,,,,,,,,,,,,,,,,,,,,,,,,,,,,,,,,,,,,,,,,,,,,,,,,,,,,,,,,,,,,,,,,,,,,,,,,,,,,,,,,,,,,,,,,,,,,,,,,,,,,,,,,,,,,,,1194.6684301638363,1109.5
394527,622,"Del Rio, TX",msa,TX,,,,,,,,,,,,,,,,,,,,,,,,,,,,,,,,,,,,,,,,,,,,,,,,,,,,,,,,,,,,,,,,,,,,,,,,,,,,,,,,,,,,,,,,,,,,,,,,,,,,,,,,,,,,,,,,,,,,,,,,,,,,,,,,,,1156.25
394391,623,"Blackfoot, ID",msa,ID,,,,,,,,,,,,,,,,,,,,,,,,,,,,,,,,,,,,,,,,,,,,,,,,,,,,,,,,,,,,,,,,,,,,,,,,,,,,,,,,,,,,,,,,,,,,,,,,,,,,,,,,,,,,,,,,,,,,,,,,,,928.6853184774899,,937.6982872172063,942.4540671546712,936.1374535976141,,931.0288314156154,944.5215557192421,944.8333333333334
394876,628,"Montrose, CO",msa,CO,,,,,,,,,,,,,,,,,,,,,,,,,,,,,,,,,,,,,,,,,,,,,,,,,,,,,,,,,,,,,,,,,,,,,,,,,,,,,,,,,,,,,,,,,,,,,,,,,,,,,,,,,,,,,,,,,,,,,,,,,,,1352.4587329085298,1380.2653198493829,1355.0730254512919,1323.1814446805326,1339.3550139558836,1375.2727686756775,,1408.3333333333333
394504,629,"Cortland, NY",msa,NY,,,,,,,,,,,,,,,,,,,,,,,,,,,,,,,,,,,,,,,,,,,,,,,,,,,,,,,,,,,,,,,,,,,,,,,,,,,,,,,,,,,,,,,,,,,,,,,,,,912.2481038098853,909.7470526205256,922.9124852167228,942.0151029449194,965.0059946484324,979.8485011104731,989.1010206548318,979.3055859603734,975.6029280680135,1003.788575224277,1001.225677577355,1031.2465449909523,1026.7493672579055,1051.7885837236988,1039.735330760128,1029.3914701147241,1000.1353962719858,1009.8379617689804,1031.9705657463167,1035.5286870309303,1042.068290231384,1033.7697396265248,1041.0551437683375,1030.5998009156197,1048.6434502268135,1039.780067621534,1046.9717303531104,1046.6202688957776,1063.8685385077595,1060.3183185031153,1049.655927126838,1059.6520865671623,1065.5833333333333
394887,630,"Mount Sterling, KY",msa,KY,,,,,,,,,,,,,,,,,,,,,,,,,,,,,,,,,,,,,,,,,,,,,,,,,,,,,,,,,,,,,,,,,,,,,,,,,,,,,,,,,,,,,,,,,,,,,,,,,,,,,,,,,,,,,,,,,,,,,,,,,,,,,,,,,,850.0
394379,637,"Bemidji, MN",msa,MN,,,,,,,,,,,,,,,,,,,,,,,,,,,,,,,,,,,,,,,,,,,,,,,,,,,,,,,,,,,,,,,,,,,,,,,,,,,,,,,,,,,,,,,,,,,,,,,,,,,,,,,,,,,,,,,,,,,,,,,,,,,,,,,,,,1096.25
394961,647,"Paragould, AR",msa,AR,,,,,,,,,,,,,,,,,,,,,,,,,,,,,,,,,,,,,,,,,,,,,,,,,,,,,,,,,,,,,,,,,,,,,,,,,,,,,,,,,,,,,,,,,,,,,,,,,,,,,,,,,,,,,,,,,,,,,,,,,,,,,,,,814.1535423688038,823.2459145847586,817.5
394850,651,"Menomonie, WI",msa,WI,,,,,,,,,,,,,,,,,,,,,,,,,,,,,,,,,,,,,,,,,,,,,,,,,,,,,,,,,,,,,,,,,,,,,,,,,,,,,,,,,,,,,,,,,,,,,,,,,820.2813652481511,813.9318326403165,843.3217822050816,843.3375656961932,842.9868539812184,844.8301762419053,839.1091024467431,845.4180693457112,843.9993151410547,856.4024289322022,863.9689126706614,868.5617878761346,871.604536477609,879.5929383171048,,887.7424926369231,892.702717071345,891.9683765110099,890.8899683562153,,900.13052886167,905.3481820129318,903.2995862844297,910.4530971072085,913.2427585093083,917.5101279760958,908.0239161809527,910.9490177337917,915.9786382268886,923.1995820766837,935.1392268258386,939.2865161801153,942.4640484663014,938.6742424242424
394616,657,"Freeport, IL",msa,IL,,,,,,,,,,,,,,,,,,,,,,,,,,,,,,,,,,,,,,,,,,,,,,,,,,,,,,,,,,,,,,,,,,,,,,,,,,,,,,,,,,,,,,,,,,,,,,,,,,,,,,,,,,,,,,,,,,,,,,,,,,,,,,,745.992068923077,761.3496055192087,768.3033602692298,766.6666666666666
395037,659,"Rolla, MO",msa,MO,,,,,,,,,,,,,,,,,,,,,,,,,,,,,,,,,,,,,,,,,,,,,,,,,,,,,,,,,,,,,,,,,,,,,,,,,,,,,,,,,,,,,,,,,,,,,,,,,,,,,,636.8874479497648,671.4218142548631,661.5427920670189,666.4009307021421,633.1297325495425,655.1362643410389,671.6193851885932,689.7408256020923,687.6306002323213,679.5143929914772,673.5143140030119,675.8036791932178,681.4903950472535,680.8598508972395,683.3283977056241,689.1936153068757,696.9540400783088,698.0105285414288,,698.5180671423215,705.0777322568676,717.6232221926149,718.6745991792075,726.3689489958736,729.5349364734307,728.0518823991813,737.1451884488393,739.7231642457205,758.2142857142857
394567,663,"Ellensburg, WA",msa,WA,,,,,,,,,,,,,,,,,,,,,,,,,,,,,,,,,,,,,,,,,,,,,,,,,,,,,,,,,,,,,,,,,,,,,,,,,,,,,,,,,,,,,,,,,,,,,,,,,,,,,,,,,,,,,,,,,,,,,,,,,,1138.9022997201512,1155.009376380772,1159.998082459901,1151.3084763294514,1138.6304528489816,1132.9863064673214,1152.1898968618711,1173.5763867396643,1186.2030303030303
394842,666,"McAlester, OK",msa,OK,,,,,,,,,,,,,,,,,,,,,,,,,,,,,,,,,,,,,,,,,,,,,,,,,,,,,,,,,,,,,,,,,,,,,,,,,,,,,,,,,,,,,,,,,,,,,,,,,,,,,,,,,,,,,,,,,,,,,,,,,,,,,,,,,,775.0
394886,667,"Mount Pleasant, TX",msa,TX,,,,,,,,,,,,,,,,,,,,,,,,,,,,,,,,,,,,,,,,,,,,,,,,,,,,,,,,,,,,,,,,,,,,,,,,,,,,,,,,,,,,,,,,,,,,,,,,,,,,,,,,,,,,,,,,,,,,,,,,,,,,,,,,,,1508.0
394785,671,"Lewisburg, PA",msa,PA,,,,,,,,,,,,,,,,,,,,,,,,,,,,,,,,,,,,,,,,,,,,,,,,,,,,,,,,,,,,,,,,,,,,,,,,,,,,,,,,,,,,,,,,,,,,,,,,,,,,,,,,,,,,,,,,,,,,,,,,,,,,,,,,,,1297.5
394349,672,"Auburn, IN",msa,IN,,,,,,,,,,,,,,,,,,,,,,,,,,,,,,,,,,,,,,,,,,,,,,,,,,,,,,,,,,,,,,,,,,,,,,,,,,,,,,,,,,,,,,,,,,,,,,,,,,,,,,,,,,,,,,,,,,,,,,,,,,,,,,,,848.7038878578603,859.7203545037183,887.3333333333334
394297,677,"Aberdeen, SD",msa,SD,,,,,,,,,,,,,,,,,,,,,,,,,,,,,,,,,,,,,,,,,,,,,,,,,,,,,,,,,,,,,,,,,,,,,,,,,,,,,,,,,,,,,,,,,,,,,,,,,,,,,,,,,,,,,,,,,,,,,,,,,,,,,,,831.030265203128,858.6035508715313,837.7548554637025,809.2222222222222
395032,678,"Rock Springs, WY",msa,WY,,,,,,,,,,,,,,,,,,,,,,,,,,,,,,,,,,,,,,,,,,,,,,,,,,,,,,,,,,,,,,,,,,,,,,,,,,,,,,,,,,,,,,,,,,,898.7500432536639,908.3962278643049,931.3250728048844,939.310817419698,955.1665292442875,944.88112878373,958.6266434040027,958.8532550937932,,961.7103910538929,958.730772377768,962.546674018201,968.4728834766734,963.7683144033263,974.9564307421647,983.3692950981188,985.2099896056735,970.4740757578899,948.9605095153263,953.3092572344696,943.6874183212352,957.4066804117427,980.9464721437682,1002.1963162146193,1025.5419270428838,1038.9754547541947,1020.4412184480952,1043.6426522441895,1050.2061263941075,1079.929137351093,1100.0836500065898,1108.9846592873366,1127.934389810237,1127.591448924072,1116.4683800183586,1101.8645733479439,1083.6777042000595,1078.3072482770976,1084.6823999087276,1060.4333333333334
395129,680,"Stephenville, TX",msa,TX,,,,,,,,,,,,,,,,,,,,,,,,,,,,,,,,,,,,,,,,,,,,,,,,,,,,,,,,,,,,,,,,,,,,,,,,,,,,,,,,,,,,,,,,,,,,,,,,,,,,,,,,,,,,,,793.7447047599022,786.3663851575246,789.7794441200127,796.4372880877355,805.29639359743,807.5400778071532,806.2339369342352,809.1977948409556,812.4648340107051,821.1341778747046,823.0469842628264,828.6719083989628,814.7877700869077,809.0773843123931,799.2366859530584,797.3590255607238,792.5027880758042,792.1036839540922,795.8172742997784,794.9943347911122,796.0857142857143
394891,686,"Mountain Home, AR",msa,AR,,,,,,,,,,,,,,,,,,,,,,,,,,,,,,,,,,,,,,,,,,,,,,,,,,,,,,,,,,,,,,,,,,,,,,,,,,,,,,,,,,,,,,,,,,,,,,,,,,,,,,,,,,,,,,,,,,,,,,,,,,,,,,,,,,937.5
394845,690,"McMinnville, TN",msa,TN,,,,,,,,,,,,,,,,,,,,,,,,,,,,,,,,,,,,,,,,,,,,,,,,,,,,,,,,,,,,,,,,,,,,,,,,,,,,,,,,,,,,,,,,,,,,,,,,,,,,,,,,,,,,,,,,,,,,,,,,,,,,,,,680.5017576889368,,,724.5
394341,691,"Astoria, OR",msa,OR,,,,,,,,,,,,,,,,,,,,,,,,,,,,,,,,,,,,,,,,,,,,,,,,,,,,,,,,,,,,,,,,,,,,,,,,,,,,,,,,,,,,,,,,,,,,,,,,,,,,,,,,,,,,1412.2877145968132,1441.2612527861693,1437.5127503668568,1435.426383029664,1427.1691727615125,1441.4913800300585,1432.48004838666,1447.4636463048887,1444.5601287276734,1450.8879731674451,1492.094667432725,1500.335278252481,1526.8922211273946,1500.8465619248577,1509.001858725669,1501.396414582247,1539.92391444866,1549.7406768064977,1580.6100199573073,1576.337707841577,1580.2831522483057,1583.02376896313,1576.1666666666667
394833,696,"Marshalltown, IA",msa,IA,,,,,,,,,,,,,,,,,,,,,,,,,,,,,,,,,,,,,,,,,,,,,,,,,,,,,,,,,,,,,,,,,,,,,,,,,,,,,,,,,,,,,,,,,,,,,,,,,,,,,,,,,,,,,,,,,,,,,,,,,892.1334559926629,887.2649384330831,901.2353867915065,913.7895624846307,928.4149091987398,920.1109127982427,920.3003401199632,924.9530712315478,932.2135588930744,933.611111111111
394384,697,"Big Rapids, MI",msa,MI,,,,,,,,,,,,,,,,,,,,,,,,,,,,,,,,,,,,,,,,,,,,,,,,,,,,,,,,,,,,,,,,,,,,,,,,,,,,,,,,,,,,,,,,,,,,,,,,,,,,,,,,,,,,,,,,,,,,,,,,,,,,,,,,,,990.625
394354,698,"Austin, MN",msa,MN,,,,,,,,,,,,,,,,,,,,,,,,,,,,,,,,,,,,,,,,,,,,,,,,,,,,,,,,,,,,,,,,,,,,,,,,,,,,,,,,,,,,,,,,,,,,,,,,,,,,,,,,,,,,,,,,,,,,,,,,,790.2115850870822,793.914514965101,805.3855967925442,818.0045021614484,826.7652336771761,825.3965081171438,833.4101849044121,834.2335996607684,855.4664286270488,869.1666666666666
394881,703,"Moscow, ID",msa,ID,,,,,,,,,,,,,,,,,,,,,,,,,,,,,,,,,,,,,,,,,,,,,,,,,,,,,,,,,,,,,,,,,,,,,,,,,,,,,,,,,,,,,,,,,,,,,,,,,,,,,,,,,,,,,,,,,,,,,,,,,1164.9491842862908,1155.4049452285292,1120.7062612848665,1134.7763311478852,1139.8460653114594,1155.8071017808882,1159.9090377906673,1171.602695108539,1170.642142709904,1197.2222222222224
394981,708,"Pittsburg, KS",msa,KS,,,,,,,,,,,,,,,,,,,,,,,,,,,,,,,,,,,,,,,,,,,,,,,,,,,,,,,,,,,,,,,,,,,,,,,,,,,,,,,,,,,,,,,,,,,,,,,,,,,,,,,,,,,,,,,,,,,,,,,,,,,,,,,759.0579043725725,769.3122252271312,,784.4444444444445
395203,710,"Warren, PA",msa,PA,,,,,,,,,,,,,,,,,,,,,,,,,,,,,,,,,,,,,,,,,,,,,,,,,,,,,,,,,,,,,,,,,,,,,,,,,,,,,,,,,,,,,,,,,,,,,,,,,,,,,,,,,,,,,,,,,,,,,,,,,,,,,,,,,771.2822645165962,792.5
395178,712,"Urbana, OH",msa,OH,,,,,,,,,,,,,,,,,,,,,,,,,,,,,,,,,,,,,,,,,,,,,,,,,,,,,,,,,,,,,,,,,,,,,,,,,,,,,,,,,,,,,,,,,,,,,,,,,,,,,,,,,,,,,,,,,,,,,,,,,,,,,,,1129.227210068132,1116.0619243443668,1103.5679392646814,1096.6666666666667
395227,715,"Williston, ND",msa,ND,,,,,,,,,,,,,,,,,,,,,,,,,,,,,,,,,,,,,,,,,,,,,,,,,,,,,,,,,,,,,,,,,,,,,,,795.6175514893285,789.6905924026576,,797.7425104745453,800.309689566745,805.4492172794061,801.8304794834052,822.6131876516353,824.0047035184842,836.7216282963388,836.7869612653527,843.4027650846564,854.4824322609422,869.3953703229305,877.4773215087711,875.7513123134963,863.4745613528105,858.5748424891235,868.5873430781774,872.0009711230925,886.2471951796318,886.9046482750206,904.5835170512661,919.0445894926822,943.563487263885,947.4905550242147,956.9577709605201,962.6065839631842,981.8872704422852,1003.3423167261896,1028.940522762412,1052.2726461968775,1079.1156961474378,1103.4276147077758,1131.0105164524437,1149.3721956731329,1158.2934342186074,1178.2668865299547,1189.5752095279588,1211.4807809101728,1223.3042825033258,1226.981804136971,1224.7537093419323,1218.8342034606756,1220.035368464453,1230.3367063160933,1236.8320260849887,1245.970178125553,1250.4641387098798,1257.1327974085966,1268.3964183875753,1275.4544995869726,1284.5827347288703,1296.0814283104583,1305.4937151322104,1319.5897843181604,1323.455612707044,1324.401748622491,1322.1243942601218,1323.1888888888889
394300,720,"Ada, OK",msa,OK,,,,,,,,,,,,,,,,,,,,,,,,,,,,,,,,,,,,,,,,,,,,,,,,,,,,,,,,,,,,,,,,,,,,,,,,,,,,,,,,,,,,,,,,,,,,,,,,,,,,,,,,,,,,,,,,,,,,,,,,,,,,,,,,,,797.5
394507,722,"Crawfordsville, IN",msa,IN,,,,,,,,,,,,,,,,,,,,,,,,,,,,,,,,,,,,,,,,,,,,,,,,,,,,,,,,,,,,,,,,,,,,,,,,,,,,,,,,,,,,,,,,,,,,,,,,,,,,,,,,,,,,,,,,,814.9659460580218,825.2198023327093,850.7211613351691,854.0528096363155,860.3163259314668,845.7240064287753,852.6886255989768,855.1519730521856,872.2882293137875,859.7056972946765,861.873867953261,858.750623575293,868.2087874163908,871.3207818998661,859.2530120049453,874.0854220007831,874.4861717477032,894.0833333333334
394799,727,"Lock Haven, PA",msa,PA,,,,,,,,,,,,,,,,,,,,,,,,,,,,,,,,,,,,,,,,,,,,,,,,,,,,,,,,,,,,,,,,,,,,,,,,,,,,,,,,,,,,,,,,,,,,,,,,,,,,,,,,,,,,,,,,,,,,,,,,,,,,,897.2976440269273,895.651273533987,902.8670004302701,891.2091501308397,879.6429160952262,870.0
394771,733,"Laramie, WY",msa,WY,,,,,,,,,,,,,,,,,,,,,,,,,,,,,,,,,,,,,,,,,,,,,,,,,,,,,,,,,,,,,,,,,,,,,,,,,,,,,,,,,,,,,,,,,,,,,,,,,,,,,,,,,,,,,,943.7265678622442,937.6706966992645,966.3630394329266,970.3905274525856,970.1879146938497,983.7213327338749,991.0145090421951,993.715146821038,999.754715369899,1024.9034934822844,1026.3602219827446,1029.68366047334,1028.1120582782119,1042.719677550683,1044.6396442649993,1034.98116383898,1038.3036468732355,1040.227117212106,1042.254222625193,1046.0309400025146,1047.0166666666667
394894,734,"Murray, KY",msa,KY,,,,,,,,,,,,,,,,,,,,,,,,,,,,,,,,,,,,,,,,,,,,,,,,,,,,,,,,,,,,,,,,,,,,,,,,,,,,,,,,,,,,,,,,,,,,,,,,,,,,,,,,,,,,,,,,,,,,,,,,831.9380838135605,859.551705576378,851.3326075825815,864.3257538928613,873.6804644147602,914.0793205755098,928.2151407188494,936.4223003813651,929.4205728318515,937.9252404919175,952.7777777777778
394617,735,"Fremont, NE",msa,NE,,,,,,,,,,,,,,,,,,,,,,,,,,,,,,,,,,,,,,,,,,,,,,,,,,,,,,,,,,,,,,,,,,,,,,,,,,,,,,,,,,,,,,,,,,,,,,,,,,,,,,,,,,,,,,,,,,,,,,,,1023.6786835322931,1029.0310074291456,1045.1258093675283,1057.7457730859744,1049.9820934630052,1048.1411281168291,1038.1085406194743,1048.3861593016734,1042.2897007421825,1039.247300189865,1038.4444444444446
394382,736,"Bennington, VT",msa,VT,,,,,,,,,,,,,,,,,,,,,,,,,,,,,,,,,,,,,,,,,,,,,,,,,,,,,,,,,,,,,,,,,,,,,,,,,,,,,,,,,,,,,,,,,,,,,,,,,,,,,,,,,,,,,,,,,,,,,,,,,,,,,,,,,,1600.0
394603,737,"Fort Dodge, IA",msa,IA,,,,,,,,,,,,,,,,,,,,,,,,,,,,,,,,,,,,,,,,,,,,,,,,,,,,,,,,,,,,,,,,,,,,,,,,,,,,,,,,,,,,,,,,,,,,,,,,,,,,,,,,,,,,,,,,,,,,,,,,,,,,,,,,,,695.0
394550,740,"Dyersburg, TN",msa,TN,,,,,,,,,,,,,,,,,,,,,,,,,,,,,,,,,,,,,,,,,,,,,,,,,,,,,,,,,,,,,,,,,,,,,,,,,,,,,,,,,,,,,,,,,,,,,,,,,,,,,,,,,,,,,,,,,,,,,,,,,,,,,,,,,,625.0
394370,751,"Bay City, TX",msa,TX,,,,,,,,,,,,,,,,,,,,,,,,,,,,,,,,,,,,,,,,,,,,,,,,,,,,,,,,,,,,,,,,,,,,,,,,,,,,,,,,,,,,,,,,,,,,,,,,,,,,,,,,,,,,,,,,,,,,,,866.8442996483723,844.0368280077864,836.2739222442455,823.9594650205701,833.9751313539139,816.2015044249139,846.4597776033213,871.5746428928666,897.0062993626324,871.6126383467116,,852.7013842503204,855.1488095238095
394973,753,"Peru, IN",msa,IN,,,,,,,,,,,,,,,,,,,,,,,,,,,,,,,,,,,,,,,,,,,,,,,,,,,,,,,,,,,,,,,,,,,,,,,,,,,,,,,,,,,,,,,,,,,,,,,,,,,,,,,,,,,,,,,,,,,,,,,,,,,,,,,,,,837.5
394430,764,"Butte, MT",msa,MT,,,,,,,,,,,,,,,,,,,,,,,,,,,,,,,,,,,,,,,,,,,,,,,,,,,,,,,,,,,,,,,,,,,,,,,,,,,,,,,,,,,,,,,,,,,,,,,,,,,,,,,,,,,,,,,,,,,,,,,,,,1072.625130752614,1087.323940052147,1070.8215473112098,1089.7772126215898,1095.7560027711913,1122.0983511439906,1117.4392650811399,1117.6322851263135,1083.3333333333335
394569,767,"Emporia, KS",msa,KS,,,,,,,,,,,,,,,,,,,,,,,,,,,,,,,,,,,,,,,,,,,,,,,,,,,,,,,,,,,,,,,,,,,,,,,,,,,,,,,,,,,,,,,,,,,,,,,,,,,,,,,,,,,,,,,,,,,,,,,,,,,,,,,,,,711.6666666666666
394713,768,"Jackson, WY",msa,WY,,,,,,,,,,,,,,,,,,,,,,,,,,,,,,,,,,,,,,,,,,,,,,,,,,,,,,,,,,,,,,,,,,,,,,,,,,,,,,,,,,,,,,,,,,,,,,,,,,,,,,,,,,,,,,,,,,,,,,,,,,,,,,,,2793.602546185007,2784.2227763215715,2780.555555555555
394535,775,"Dixon, IL",msa,IL,,,,,,,,,,,,,,,,,,,,,,,,,,,,,,,,,,,,,,,,,,,,,,,,,,,,,,,,,,,,,,,,,,,,,,,,,,,,,,,,,,,,,,,,,,,,,,,,,,,,,,,,,,,,,,,,,,,,,,,,,,,,,,,,,806.894607763618,821.25
394491,780,"Columbus, NE",msa,NE,,,,,,,,,,,,,,,,,,,,,,,,,,,,,,,,,,,,,,,,,,,,,,,,,,,,,,,,,,,,,,,,,,,,,,,,,,,,,,,,,,,,,,,,,,,,,,,,,,,,,,,,,,,,,,,,,,,,,,,,,,,,,,,,,,1670.0
394533,785,"Dickinson, ND",msa,ND,,,,,,,,,,,,,,,,,,,,,,,,,,,,,,,,,,,,,,,,,,,,,,,,,,,,,,,,,,,,,,,,,,,,,,,,,,,,,,,,,,,,,,,,,,,,,,,,,,,,,,,,,,,,,,,,,,,,,,,,,,1150.5477803335464,1156.9334886127708,1183.2944342284786,1167.9849440799717,1161.378120447071,1145.1499097872902,1153.2102907734313,1158.8894535525408,1177.6499999999999
786262,786,"Pella, IA",msa,IA,,,,,,,,,,,,,,,,,,,,,,,,,,,,,,,,,,,,,,,,,,,,,,,,,,,,,,,,,,,,,,,,,,,,,,,,,,,,,,,,,,,,,,,,,,,,,,,,,,,,,,,,,,,,,,,,,,871.345026915359,,888.8482207344559,890.3281495973852,882.4178261976546,891.4408096842985,893.9739206105028,921.6992773276063,916.665184074032,911.8189468617912,901.7330884749309,897.2490974258676,905.8372710274492,914.7907824237667,918.6712731084867,918.8463862340137,921.1666666666666
753878,797,"Dayton, TN",msa,TN,,,,,,,,,,,,,,,,,,,,,,,,,,,,,,,,,,,,,,,,,,,,,,,,,,,,,,,,,,,,,,,,,,,,,,,,,,,,,,,,,,,,,,,,,,,,,,,,,,,,,,,,,,,,,,,,,,,,,,,,,,,,,,,,,,1000.0
394730,802,"Juneau, AK",msa,AK,,,,,,,,,,,,,,,,,,,,,,,,,,,,,,,,,,,,,,,,,,,,,,,,,,,,,,,,,,,,,,,,,,,,,,,,,,,,,,,,,,,,,,,,,,,,,,,,,,,,,,,,,,,,,,,,,,,,,,,,,,,,,,,,,,1660.0
753871,811,"Breckenridge, CO",msa,CO,,,,,,,,,,,,,,,,,,,,,,,,,,,,,,,,,,,,,,,,,,,,,,,,,,,,,,,,,,,,,,,,,,,,,,,,,,,,,,,,,,,,,,,,,,,,,,,,,,,,,,,,,,,,,,,,,,,,,,,,,2841.9563657509793,2831.377722962977,2892.5996345008525,2870.4263687698394,2903.5977844105405,2910.8167932605984,2895.352898608271,2865.997811763091,,2993.952380952381
395093,815,"Sheridan, WY",msa,WY,,,,,,,,,,,,,,,,,,,,,,,,,,,,,,,,,,,,,,,,,,,,,,,,,,,,,,,,,,,,,,,,,,,,,,,,,,,,,,,,,,,,,,,,,,,,,,,,,,,,,,,,,,,,,,,,,,,,,,,,,,,,,,,,,,1100.0
394751,821,"Kirksville, MO",msa,MO,,,,,,,,,,,,,,,,,,,,,,,,,,,,,,,,,,,,,,,,,,,,,,,,,,,,,,,,,,,,,,,,,,,,,,,,,,,,,,,,,,,,,,,,,,,,,,,,,,,,,,,,,,,,,,,,,,,,,,,,,,,,,,,,,641.029864124779,646.6666666666667
394892,832,"Mountain Home, ID",msa,ID,,,,,,,,,,,,,,,,,,,,,,,,,,,,,,,,,,,,,,,,,,,,,,,,,,,,,,,,,,,,,,,,,,,,,,,,,,,,,,,,,,,,,,,,,,,,,,,,,,,,,,,,,,,,,,,,,,,,,,,,,,,,,,,,,1146.4784371014362,1197.5
753923,849,"The Dalles, OR",msa,OR,,,,,,,,,,,,,,,,,,,,,,,,,,,,,,,,,,,,,,,,,,,,,,,,,,,,,,,,,,,,,,,,,,,,,,,,,,,,,,,,,,,,,,,,,,,,,,,,,,,,,,,,,,,,,,,,,,,,,,,,,,,,,,,,1539.814669536608,,1617.5
394791,856,"Lexington, NE",msa,NE,,,,,,,,,,,,,,,,,,,,,,,,,,,,,,,,,,,,,,,,,,,,,,,,,,,,,,,,,,,,,,,,,,,,,,,,,,,,,,,,,,,,,,,,,,,,,,,,,,,,,,,,,,,,,,,,,,,,,,,,,,,,,,,,,,1287.0
395110,858,"Spearfish, SD",msa,SD,,,,,,,,,,,,,,,,,,,,,,,,,,,,,,,,,,,,,,,,,,,,,,,,,,,,,,,,,,,,,,,,,,,,,,,,,,,,,,,,,,,,,,,,,,,,,,,,,,,,,,,,,,,,,,,,,,,,,,,,,,,,,,,,,1225.9366660127905,1268.75
753884,866,"Hailey, ID",msa,ID,,,,,,,,,,,,,,,,,,,,,,,,,,,,,,,,,,,,,,,,,,,,,,,,,,,,,,,,,,,,,,,,,,,,,,,,,,,,,,,,,,,,,,,,,,,,,,,,,,,,,,,,,,,,,,,,,,,,,,,,,,,,,,,,2284.8434567171153,2381.7325370536164,2419.722222222222
753921,867,"Steamboat Springs, CO",msa,CO,,,,,,,,,,,,,,,,,,,,,,,,,,,,,,,,,,,,,,,,,,,,,,,,,,,,,,,,,,,,,,,,,,,,,,,,,,,,,,,,,,,,,,,,,,,,,,,,,,,,,,,,,,,,,,,,,,,,,,,,,,,,,,,,,,2370.0
395004,872,"Prineville, OR",msa,OR,,,,,,,,,,,,,,,,,,,,,,,,,,,,,,,,,,,,,,,,,,,,,,,,,,,,,,,,,,,,,,,,,,,,,,,,,,,,,,,,,,,,,,,,,,,,,,,,,,,,,,,,,,,,,,,,,,,,,,,,,,,,,,,,,1344.7911709196305,1298.75
394687,875,"Hood River, OR",msa,OR,,,,,,,,,,,,,,,,,,,,,,,,,,,,,,,,,,,,,,,,,,,,,,,,,,,,,,,,,,,,,,,,,,,,,,,,,,,,,,,,,,,,,,,,,,,,,,,,,,,,,,,,,,,,,,,,,,,,,,,,,,,,,,,,,,1895.0
394868,878,"Mitchell, SD",msa,SD,,,,,,,,,,,,,,,,,,,,,,,,,,,,,,,,,,,,,,,,,,,,,,,,,,,,,,,,,,,,,,,,,,,,,,,,,,,,,,,,,,,,,,,,,,,,,,,,,,,,,,,,,,,,,,,,,,,,,,,,,,,,,,,755.8402607102987,774.5360399403642,771.9922040099694,770.8333333333334
395198,882,"Wahpeton, ND",msa,ND,,,,,,,,,,,,,,,,,,,,,,,,,,,,,,,,,,,,,,,,,,,,,,,,,,,,,,,,,,,,,,,,,,,,,,,,,,,,,,,,,,,,,,,,,,,,,,,,,,,,,,,,,,,,,,,,,,,,,,772.4482009655188,777.747761853567,819.1052194467152,834.5007036247486,849.599117484502,833.0183485748543,839.3083331845869,846.317470573402,870.1915182442525,887.4198125393257,898.882651333022,897.8035452715338,893.5555555555555
395130,890,"Sterling, CO",msa,CO,,,,,,,,,,,,,,,,,,,,,,,,,,,,,,,,,,,,,,,,,,,,,,,,,,,,,,,,,,,,,,,,,,,,,,,,,,,,,,,,,,,,,,,,,,,,,,,,,,,,,,,,,,,,,,,,,,,,,,,,,,,,,,,,,,750.0
394718,892,"Jamestown, ND",msa,ND,,,,,,,,,,,,,,,,,,,,,,,,,,,,,,,,,,,,,,,,,,,,,,,,,,,,,,,,,,,,,,,,,,,,,,,,,,,,,,,,,,,,,,,,,,,,,,,1046.4032591564883,1074.6533509597018,1083.8929320238385,1101.7828465121888,1109.8407242475084,1127.532192463171,1140.420316961816,1147.3178099906208,1146.4742752118927,1153.6554838601849,1160.7957196497864,1171.8493249780631,1161.3026072941286,,1175.0341536717935,1180.1505326344313,1194.0832623554354,1186.7355847815286,1183.385789613576,1186.863461533107,1197.095526099077,1205.48857251059,1218.1303397410718,1215.4935720307415,1220.9859354655123,1228.506215388915,1233.1678447488812,1234.298166675746,1228.4154436002632,1237.097051987953,1242.3347194172097,1245.061200638465,1243.367027889579,1240.125362695132,1233.6380168531914,1233.5
394996,915,"Portales, NM",msa,NM,,,,,,,,,,,,,,,,,,,,,,,,,,,,,,,,,,,,,,,,,,,,,,,,,,,,,,,,,,,,,,,,,,,,,,,,,,,,,,,,,,,,,,,,,,,,,,,,,,,,,,,,,,,,,,,,,,,,,,,,769.90380046586,764.9141061070189,775.5759878841469,771.2306085741874,776.7067948459875,,800.2839422453043,800.2737343083236,786.736751524392,806.5402038693023,820.8333333333334
