RegionID,SizeRank,RegionName,RegionType,StateName,2015-01-31,2015-02-28,2015-03-31,2015-04-30,2015-05-31,2015-06-30,2015-07-31,2015-08-31,2015-09-30,2015-10-31,2015-11-30,2015-12-31,2016-01-31,2016-02-29,2016-03-31,2016-04-30,2016-05-31,2016-06-30,2016-07-31,2016-08-31,2016-09-30,2016-10-31,2016-11-30,2016-12-31,2017-01-31,2017-02-28,2017-03-31,2017-04-30,2017-05-31,2017-06-30,2017-07-31,2017-08-31,2017-09-30,2017-10-31,2017-11-30,2017-12-31,2018-01-31,2018-02-28,2018-03-31,2018-04-30,2018-05-31,2018-06-30,2018-07-31,2018-08-31,2018-09-30,2018-10-31,2018-11-30,2018-12-31,2019-01-31,2019-02-28,2019-03-31,2019-04-30,2019-05-31,2019-06-30,2019-07-31,2019-08-31,2019-09-30,2019-10-31,2019-11-30,2019-12-31,2020-01-31,2020-02-29,2020-03-31,2020-04-30,2020-05-31,2020-06-30,2020-07-31,2020-08-31,2020-09-30,2020-10-31,2020-11-30,2020-12-31,2021-01-31,2021-02-28,2021-03-31,2021-04-30,2021-05-31,2021-06-30,2021-07-31,2021-08-31,2021-09-30,2021-10-31,2021-11-30,2021-12-31,2022-01-31,2022-02-28,2022-03-31,2022-04-30,2022-05-31,2022-06-30,2022-07-31,2022-08-31,2022-09-30,2022-10-31,2022-11-30,2022-12-31,2023-01-31,2023-02-28,2023-03-31,2023-04-30,2023-05-31,2023-06-30,2023-07-31,2023-08-31,2023-09-30,2023-10-31,2023-11-30,2023-12-31,2024-01-31,2024-02-29,2024-03-31,2024-04-30,2024-05-31,2024-06-30,2024-07-31,2024-08-31,2024-09-30,2024-10-31,2024-11-30,2024-12-31,2025-01-31,2025-02-28,2025-03-31,2025-04-30,2025-05-31,2025-06-30,2025-07-31,2025-08-31,2025-09-30,2025-10-31
102001,0,United States,country,,1246.9085843800945,1252.2716269402467,1257.626536304229,1262.9248860923612,1267.2094562300174,1271.7177845500114,1276.4307431822529,1281.714126106425,1287.149251325515,1292.243464232353,1297.4271600936233,1302.4978642490291,1307.0581395978109,1310.2476413742163,1312.356724776549,1315.767228235541,1319.6817755257557,1324.398178966024,1328.4498679312023,1332.6634473040904,1336.03744049746,1339.58338489911,1342.780394386939,1346.608193656016,1352.385122207821,1359.8133506923143,1367.865948692959,1374.0520442281854,1379.2422036769776,1384.1246105361595,1389.0233107212448,1393.418088459083,1398.9529858014723,1403.9385208879296,1409.238556970135,1414.3299610441,1419.291896415681,1424.130133113582,1428.9746767468675,1433.947107311538,1438.7597468888375,1443.6576586868262,1448.609761482512,1454.2839352599483,1459.3806680447808,1465.1464392073312,1471.1704303973188,1477.4710310312328,1482.3408016221322,1486.81383132044,1491.3522904980282,1496.5207992409994,1502.3148478504647,1508.0611259228374,1513.927899859987,1519.456909576511,1525.0539309781448,1530.3928690702612,1535.468815019356,1540.348718646801,1546.0660316627134,1551.906117925571,1557.6132332370285,1560.1648748265677,1563.0355709948649,1568.571013912583,1579.466070481758,1591.0474172951103,1603.7084904188177,1616.1571686813031,1628.3643589999847,1640.353749405315,1653.1735106168608,1666.208355294216,1679.789511582988,1695.8791187581216,1715.4698739827375,1735.8904204829935,1755.5220671520003,1775.8219066528818,1796.0984261735252,1814.823985891879,1832.4873818126491,1849.462657027071,1865.8292593145716,1882.2383808013155,1897.7675169937422,1914.227895970677,1928.0429736391009,1941.9356907074887,1953.046609874435,1962.9273129751712,1970.6357136471331,1979.0300415208108,1985.6699751687538,1993.8885570285638,2000.4735218503697,2007.754879859071,2015.8051827679753,2024.630780167153,2033.3883389729008,2040.3771805768076,2047.9108026526044,2055.448316150899,2063.10717302178,2070.1942244488814,2076.8873179348657,2083.839484001943,2091.371366902531,2099.408900841127,2107.5926985650763,2114.7956308126145,2121.9717508114372,2129.0118456396654,2136.644058781831,2143.768236514791,2150.039096350845,2156.2603787120806,2164.7973993593428,2171.965900040195,2179.115675827037,2185.0236438493043,2190.1464079602965,2194.924800222576,2199.83476429244,2205.3370994861193,2210.374725454618,2215.6441424734653,2221.546287860127,2227.2178647535534
394913,1,"New York, NY",msa,NY,1999.1039698113718,2015.402826285212,2026.1744072571298,2029.3999165471705,2025.52442588613,2034.4951971357252,2040.079709656664,2047.9643818533832,2054.8160693296268,2062.935531849519,2070.128723414389,2077.975788523061,2084.2716879906607,2089.0486673742853,2088.8067308360237,2093.737282135749,2099.019417396073,2102.1819810081133,2108.271050586109,2112.5785182298464,2113.986046312979,2114.4774595236463,2127.5173045058027,2140.4422780976342,2156.011667789578,2159.737123684598,2169.8370505884445,2173.8892922994073,2182.8980472046555,2186.5666530889084,2195.114445553969,2197.1950475986228,2220.5863544430713,2232.6832786556865,2236.4265049014493,2225.101617233739,2225.0111660347466,2231.3528370210083,2232.110665284372,2238.117077080877,2244.2018170114957,2251.3635871933184,2257.110750471917,2271.807006642193,2280.9880923875485,2280.6636978283777,2286.5144757854914,2289.86604281476,2298.1262149977456,2305.3778830827237,2315.0345946677403,2322.856791217068,2328.4154044252296,2335.9502856079625,2341.887758427021,2344.6739226904006,2342.176528426747,2353.07685559304,2361.014408019225,2378.5594590160877,2386.5727633535002,2394.8799268444113,2389.8690308435616,2397.1751525858085,2407.3066842844855,2416.2926798400053,2427.9636682568866,2440.416065710602,2459.1135111679673,2458.731684368063,2483.3087191354452,2485.2879989034523,2512.268069602684,2519.4230822640075,2545.4435206464077,2560.420130639987,2571.175374435306,2591.7656616591744,2612.515895023601,2636.8434195215714,2648.397476353331,2678.3580638204025,2687.724613331387,2724.9706749962716,2746.0662275128434,2781.4793375814165,2793.9274454547945,2814.169627998663,2843.2019839958243,2868.652694885908,2892.2140893419305,2910.285669453059,2931.3590790263665,2945.5119604173724,2954.9665511010953,2955.8102125154664,2962.5212617512357,2984.0205864129234,3012.2785080303684,3041.020198163314,3056.07121456405,3061.2502750692306,3071.2026315867465,3083.030371328077,3105.528834387886,3113.8270441531777,3127.4184263254847,3138.488491267473,3161.5458052747354,3180.0539047598263,3203.2861768482708,3206.261259556132,3210.3249814169703,3217.5748608305703,3237.592341303734,3252.261184110065,3261.5303096180996,3267.056002171655,3284.903942546449,3303.2194398495512,3311.6466066968064,3313.3504730301133,3312.4230549280064,3325.7077201355046,3343.3404640378008,3363.969388297717,3372.5756012763495,3385.404370347586,3396.6305229309414,3418.6061985580577
753899,2,"Los Angeles, CA",msa,CA,2456.1121888098255,2469.29160760671,2481.435532471457,2487.011258307204,2492.523022154458,2503.1211227158633,2516.7389885974717,2528.4181152592632,2545.311594907383,2559.864151112578,2572.906366692851,2587.0498850557674,2600.226291241276,2613.299633571659,2623.392569315999,2630.6951920975257,2646.0630084496006,2656.3215949946866,2668.0810142871037,2674.7745878747205,2680.8510643677373,2687.2209797833784,2690.4673226103564,2698.899600811787,2714.0577719639787,2734.9937799841437,2753.452019761234,2771.442364732783,2782.229987195682,2791.0821970448314,2800.8043609363435,2810.5249985158207,2823.6612738241683,2828.9991821493995,2842.39953206475,2852.737892388993,2866.9692613265684,2876.4133742948025,2882.6444657747825,2893.914417583181,2897.9793343825336,2913.5470713354675,2922.5909856762623,2936.594226677307,2947.098056367698,2962.7799926248317,2981.4298848036724,2991.500189001464,2998.159610270096,2998.4555444891344,3008.5372456047808,3015.73633848539,3030.4479524317685,3038.040141048557,3049.7101067287995,3058.484840646037,3067.9319861922327,3077.0765989078045,3080.407656050382,3090.777022623662,3100.4278160036342,3116.167962569089,3105.707613796734,3102.7233813446983,3099.004118868599,3112.744331808943,3138.1235304285565,3153.8290968560236,3170.0835990539417,3181.460759225584,3203.401690050188,3219.601601465205,3248.2780819080954,3266.797113822241,3295.588642073305,3315.1089144306143,3343.018543401694,3367.85304354393,3393.6027258099007,3436.821501368816,3477.9694165733977,3513.965946953208,3541.223180835432,3575.7433828959474,3606.050172625605,3644.823579062085,3675.7706157359526,3714.823943311573,3744.1816792431955,3768.6871522293554,3788.72695610532,3796.4791015714795,3808.399942256298,3826.5548143507963,3842.544165546207,3850.9693911422637,3846.828797324624,3846.934728779781,3860.319605499362,3888.5142787502436,3914.701904356747,3938.034879328987,3955.0552708629525,3977.357657561392,3988.6838656430937,4002.765923281845,4015.8240721733573,4037.8841313714765,4031.8349644681066,4034.7831622706562,4034.2309930585193,4061.150367504965,4077.869688272103,4097.82102319514,4119.211388195348,4136.518875276439,4154.445942998602,4165.446403776586,4185.70505484018,4199.78063852367,4241.2076605892225,4270.945532734463,4296.926762341978,4291.027368125215,4295.388164137291,4299.242877827527,4305.476020666022,4313.492001921883,4324.747507773398,4337.564598259775
394463,3,"Chicago, IL",msa,IL,1450.896615957227,1452.4048302510819,1455.0691108478036,1462.4920620131961,1467.4526331401892,1471.8676170749718,1473.8366324823928,1476.8529645492217,1478.4689696553846,1480.819226540717,1484.9356691666808,1493.7745382416015,1498.1111208223822,1501.6252118997602,1502.4618937712244,1503.8777378862744,1504.39046780885,1505.207528633642,1510.2456967050282,1517.2901185710484,1520.3597495041272,1522.618374915914,1523.4765554002809,1522.503293702942,1527.4675869550956,1532.6541908286856,1540.9498020767483,1545.3528002626185,1550.2910125576548,1553.9034758438715,1556.9777143927588,1556.8696915801806,1559.8287916314111,1561.4517290357292,1566.429845195327,1571.5207466738036,1574.0577032167073,1577.645611644805,1580.2827293604596,1588.032297660433,1591.0023540414193,1594.545434726063,1595.6277766003445,1599.8552750524052,1604.4994395911224,1610.8318564768015,1615.0201382062155,1617.385120260178,1622.9237036538225,1624.2214841919176,1626.9912510389756,1627.5409123421914,1631.963164522173,1636.6674612638153,1642.878659668763,1647.868042500065,1651.9544118977153,1655.6202324221072,1659.6306955553011,1665.3998089865631,1669.0351124722374,1675.6313822089794,1678.3254491248922,1682.6990227044266,1680.2789641727345,1684.3858147494257,1691.9471308373888,1703.9974473299324,1708.138502909269,1714.9206733380693,1722.5350397978145,1735.9182162698612,1749.802899955026,1760.311177453633,1768.8134853427237,1776.9009822468963,1791.1715047428784,1806.2537924403741,1820.119252205618,1832.6085572579234,1853.0141838279903,1870.097877683859,1888.4822737101217,1897.1885185330045,1903.0902288514646,1909.746932024978,1924.870812910613,1943.6383198577898,1963.7563451650417,1975.5733780443447,1989.248310019891,1998.944599815338,2008.9676701218098,2019.3326938257271,2024.6187349214272,2036.5855172665879,2049.9711877490436,2064.040624679733,2072.2912677216727,2082.801183037057,2093.6913978008397,2110.43597117786,2119.445933669348,2132.405502202733,2139.401664644895,2152.6166386495497,2168.273043902637,2182.647021560363,2198.0914864710826,2205.518547682256,2219.7697711699393,2232.7648561342603,2244.474310708358,2252.793086695296,2262.079947844489,2277.858348969953,2291.3724450287436,2306.184979474151,2317.587781273168,2328.2504541302687,2337.587760364849,2352.5984558089053,2363.0242436863095,2372.158467639291,2381.2833199906922,2391.6062922801907,2404.487186498304,2410.674537296881,2420.950197982197,2426.4947764395088
394514,4,"Dallas, TX",msa,TX,1378.7329331513245,1384.6228583203647,1389.735588947004,1396.7828335533354,1402.7924940391522,1408.9534305217476,1415.3609494356097,1420.630374090072,1426.797170111786,1433.266787473754,1440.6673618756854,1446.9977326545725,1450.9047573533815,1456.8070625802657,1461.2666044446605,1467.3415350604917,1471.8754806911336,1477.4862044543681,1482.7276595275289,1488.524690339974,1493.57977115653,1497.484376590645,1501.025024231505,1504.7200552486152,1512.9188219051632,1519.5161704170127,1529.0213340301489,1534.3118237300162,1541.1323221854086,1544.7148093254225,1550.4634277991333,1555.8682162402793,1560.6219134427515,1565.1856761264607,1570.4426992731928,1577.4833440421783,1582.929667509689,1587.9960716905696,1590.8320331695177,1595.6038040781846,1596.970278435849,1603.4833431977079,1606.634261613406,1612.5457032357463,1617.628852434119,1622.6080807636226,1625.1159001499975,1630.5732435980674,1635.83023657868,1641.2601831130194,1645.9147789358612,1650.6410452240234,1657.4446251242484,1661.4755117501536,1666.937107671254,1670.1421720406497,1674.2475410825073,1678.5751612828185,1684.3476966370376,1686.7748448548286,1689.0699631961763,1691.5133797920384,1702.3753538999358,1704.5845473802551,1706.2778322534214,1709.570538927582,1719.4783187786018,1729.7194190616065,1740.9850808329552,1752.7147091352238,1767.5659465289157,1783.8593296958602,1800.2208209977307,1815.2177109958045,1828.7996968089883,1847.4044447392748,1869.9229545896617,1893.8940395235095,1917.1320696829919,1941.413753963341,1966.6688182704936,1990.5086121260001,2006.5076960231847,2021.3774524155417,2036.3154768208003,2056.5470429042493,2074.798923406614,2093.3503080046444,2109.4475740788425,2127.8060823788132,2140.4867657139125,2150.7158565790405,2157.655950516168,2167.610593836833,2177.5106469423868,2187.7546922203314,2193.234636162513,2197.4707129436792,2202.74316017681,2207.336077215567,2215.3982694255033,2220.3569369310935,2229.063556799779,2235.371604544395,2239.806582268284,2240.461547376476,2247.81142727577,2254.282661355215,2261.416674747067,2262.9150108092895,2269.2959254575458,2273.7652054601976,2277.0281527266966,2280.5639680511717,2284.542975561881,2292.015133710229,2293.726096812485,2294.368118572867,2296.30703091596,2298.158068435302,2301.091651289192,2307.138299704444,2308.7909689009216,2311.3750970908436,2313.036311974214,2315.0105775488764,2315.58763242111,2314.677115943818,2319.211766236622,2325.361047274029
394692,5,"Houston, TX",msa,TX,1522.4718997900966,1527.0841761522017,1534.5488337739575,1537.1627559271676,1538.5381859920828,1538.7690967196036,1540.4818346441878,1542.9064301983972,1543.9219009893948,1546.593200264669,1550.4756274338931,1551.7006879515181,1553.337550633346,1551.3713915146193,1552.529842403783,1549.2749111519763,1547.0609642137676,1545.341210055355,1545.6473820794993,1546.137133268441,1543.3254245835185,1540.3786373065884,1535.8922516193952,1535.7305808322778,1538.2269690530918,1547.233599716842,1554.0982595166877,1557.9921161873679,1558.9528826479104,1560.1467295076193,1563.1122441200555,1566.2210989718853,1576.1631188277606,1586.4192738228699,1596.816677689579,1600.9460569845849,1604.588384233343,1606.2622916266107,1607.1268300871868,1606.7718241057235,1607.8477162365755,1611.3763680052496,1613.4987818181357,1617.5605109841254,1617.7797566922325,1619.7858279056104,1619.8300463211792,1623.435973107245,1624.9809123120942,1627.80350181363,1630.4697391816082,1636.5577067169427,1642.8049709691873,1646.9798372129214,1650.9083101565604,1653.2862881371286,1656.0242219057352,1657.3686076430565,1660.6265985206887,1663.5661379963005,1667.9434906350214,1671.1252380402095,1674.2692096641413,1672.6708056183693,1672.5523632667255,1672.4914515222529,1683.726916425087,1695.2156932244386,1707.6037339113263,1716.5454083364264,1726.257265372189,1736.8395996062477,1750.43702447399,1761.40212914476,1772.372718906664,1785.0883813076202,1802.1838112288572,1818.743880853894,1828.6202798946576,1841.3368584554787,1853.610230760357,1870.9287841420473,1884.7237650443321,1898.3611841597158,1908.8337751449376,1920.1730825345574,1929.4234891111175,1940.9087989418742,1949.042764532685,1962.8851232151467,1973.166591776909,1982.666883777117,1989.081721839951,1997.2001343336992,2002.5653755068722,2008.1171500531125,2011.5106890907161,2018.7528496293794,2027.3295208491984,2034.304304981644,2043.1107394378857,2050.5969749131996,2061.601389950792,2067.382941871992,2071.7313277575154,2073.3388530122866,2077.1730655093756,2082.617449630239,2088.498903070636,2097.492391129158,2101.151484944459,2107.5015721634963,2111.0572836415895,2118.838034523694,2123.375727224345,2129.8529713015437,2133.8478065174054,2137.462722267244,2144.362343228618,2149.22847615147,2154.773073473504,2155.2559871319004,2159.028182519153,2160.395107601045,2163.0729998483444,2161.4891046536272,2161.142410233014,2161.368865465943,2164.1724122075643,2167.3879927837165
395209,6,"Washington, DC",msa,VA,2042.7180056320099,2052.3257306457676,2059.441558906646,2062.139899581755,2061.89702326416,2064.344180976574,2065.742458692771,2066.9862961874846,2073.9937786300156,2079.836785594981,2088.686112509704,2092.401304050989,2096.2732629555867,2099.337228571467,2100.703901159485,2100.546384828548,2101.889054520045,2104.291468872312,2111.389049641407,2118.9147955797407,2119.726381153676,2123.832863828767,2124.689120641038,2129.6613129436587,2134.3681630839887,2140.645111843936,2149.1371510513873,2153.890888481693,2157.7731571767904,2162.2692210069627,2165.26983517343,2167.6174391085406,2171.386980276958,2175.4229616693983,2180.130590518331,2189.2257646098824,2195.3310382783247,2198.1482802601963,2197.7548276584284,2201.6959852226473,2209.1824688302368,2215.5567150073807,2221.2203958226746,2226.17541306356,2228.9199811876047,2232.061446486446,2240.2535932424303,2248.121419598187,2251.4084022789098,2256.209609452778,2264.0132481027977,2270.7988579541343,2275.074569485938,2279.5704180389243,2284.379234724317,2289.901051662539,2297.6331387130176,2304.272181763934,2307.247081500399,2307.610141277132,2313.016181766374,2318.546283130212,2332.6537092044714,2335.8863193549882,2340.371185623567,2343.0419950546398,2352.1291437528635,2362.2525480895606,2372.7768763785634,2380.81058219041,2391.2228934855398,2401.9053664218563,2414.279665497538,2419.605201144259,2429.588954685634,2441.9384700568185,2462.3927345305597,2478.9689433269345,2496.739214564913,2513.2085224284747,2530.7586620982906,2549.6833704783658,2566.306782002447,2580.359872615105,2595.2890701717797,2614.0812766274043,2630.116761219448,2648.558851718244,2660.829491997677,2676.9436625313906,2688.2544296067813,2697.931187747871,2712.254144252116,2720.5377535441153,2732.6297776488163,2748.2106323347125,2760.6084622201283,2772.7156897035297,2776.8602488524607,2788.433302589163,2803.7153890394097,2820.4893358288796,2835.7030043502346,2850.408175505239,2860.5344102796175,2879.09550509844,2891.214081051628,2906.82543657107,2910.5529586130097,2921.8619342062225,2931.0490401452084,2951.4286271178635,2966.2610494498413,2984.100465708742,2994.209316060796,3006.4001616672117,3013.474079817993,3023.876781005528,3036.185893606927,3043.9014019122405,3061.760347675103,3072.5308457243077,3088.8564202243465,3091.2233408229968,3096.5577835674612,3097.420090994678,3105.5349059126947,3112.01762887906,3123.038373643997,3127.6548339474452
394974,7,"Philadelphia, PA",msa,PA,1323.0144043801808,1328.3510273814002,1334.9631644009553,1337.6774564184177,1341.1064017625517,1342.4581224088026,1347.4089181158897,1349.4216931976327,1354.697375867524,1357.804653285788,1358.7687088853543,1360.5987346623351,1361.775466704168,1366.5794844132058,1369.679642101869,1375.381981729703,1378.9038062049383,1384.7957763660916,1387.4255090604206,1391.5338962499357,1390.8122189209153,1392.9803559213367,1399.0186574705767,1406.3681431298676,1413.4053420081411,1417.1037204825052,1421.036117896402,1424.0888880199566,1426.2318268762574,1426.0724330486166,1430.281489827745,1435.2990474109163,1442.741768928399,1447.819033208782,1451.7876476498911,1455.532289112718,1456.4357711480461,1459.82936083335,1465.5948164040965,1471.621874097279,1478.5006989637207,1482.2433893293323,1484.8380107407645,1487.449387404504,1493.073375582317,1498.6750207272955,1505.4396509239643,1508.1398420626851,1514.975060570378,1519.8479855043254,1523.8134721331837,1527.672320894328,1531.8614600694489,1539.276425053642,1546.0485302399886,1552.2623175807535,1555.9215644224414,1560.3142944689782,1563.7023565734123,1570.1735049818783,1575.0603813108316,1580.9549761722046,1586.1628938473903,1589.3355569633525,1594.1528575061063,1598.7740074079704,1610.6352959973328,1619.8712013636775,1633.2768460834056,1640.2695602413548,1648.1705578944423,1655.132335984189,1667.9136958466026,1680.7919671974614,1687.3435351981857,1700.0833831139917,1714.118998402912,1729.0016140896482,1740.4852028959203,1754.7076793411313,1760.8139876315327,1775.8600055922511,1791.9374868769537,1817.8941314081924,1832.5129456758912,1841.6276605541382,1853.6324989891232,1864.7450910156142,1877.853823479593,1890.736381805552,1903.7958973650102,1915.5058445834688,1925.1007189754482,1927.5519004801006,1932.555865111271,1933.4018153734228,1943.5380714052112,1952.7638793108083,1966.9115453794948,1977.5777734592089,1984.244424452515,1991.0759468245951,1998.1500677656572,2004.6840784750475,2018.228097953318,2034.5365953368844,2045.9379542763165,2048.804937767799,2052.4589612570294,2061.8086190651557,2077.445325719741,2087.8251129188675,2098.466325704451,2104.4978534119155,2106.4080209457757,2117.1313917999732,2124.926706266751,2137.787305889139,2146.099046404559,2160.6148652143006,2171.5415606120337,2179.122507844581,2178.1968115840446,2182.677526880396,2187.983432237774,2196.2342027961286,2207.0601091068797,2210.765638626993,2213.1480745893355,2210.578127895608
394856,8,"Miami, FL",msa,FL,1714.6835071761147,1724.0675915356355,1737.120270677495,1746.2092572888978,1751.2278919639211,1756.750081127872,1763.8812826052288,1773.3144617572686,1783.7142775861416,1791.806539647034,1803.7901395832587,1810.7725463678585,1821.8671494969676,1821.8988582862953,1824.6408475514827,1825.5182995887008,1832.7911178646596,1835.3768964443627,1838.7095662850134,1841.4174551244828,1847.6986306259407,1850.7406807238324,1856.072316114397,1859.0650932411575,1866.0937026877007,1876.1960835976388,1887.7852502707858,1895.0714201630992,1897.3847397677905,1902.606240965312,1911.010850748629,1918.5408906146768,1922.0751137399757,1926.6455540673537,1929.0961761564897,1938.8927356219297,1946.0962586615558,1953.9714846342708,1955.432664263014,1962.5636019147041,1969.828631765933,1975.9966978706548,1978.7157341974826,1985.9282766126914,1992.4739312576653,1999.692206658175,2003.4140630642146,2006.392934363076,2012.258601267802,2017.512930997141,2024.5559169933063,2030.086840353861,2036.8888807903463,2044.1366978540009,2052.3916043625063,2057.743387871025,2064.9641012915795,2072.004360330617,2082.4379788981696,2090.614704065081,2097.1455323407645,2103.7627619330315,2109.6001880947624,2114.654512314028,2115.812597520724,2122.6874811689554,2136.1719464323237,2151.3723515119855,2168.946004690517,,2221.9254067560983,2248.991041941168,2266.487824885271,2292.3543903992654,2311.281066324407,2341.7705171985435,2376.0349929079184,2424.185585313044,2479.858341606457,2541.5780386887686,2607.3655385255333,2652.7045502392343,2709.6048599506066,2762.708684541106,2829.9978968731184,2879.3677949809226,2935.012315738114,2989.862068605493,3047.4590764075715,3087.0008791919645,3112.576086318353,3127.5790405002867,3132.5362742776297,3144.614410871357,3150.7727300515826,3162.120023303048,3166.2167602602717,3170.8762873123655,3179.9459691520433,3190.999157543792,3205.8304461382136,3220.4608600244637,3226.1603708286316,3232.8833586524106,3243.3096923641515,3264.202933825151,3275.606970750182,3276.2145619555986,3277.914258231027,3291.976069498964,3304.5378859510693,3311.9883145605586,3315.510106944453,3319.3980789324182,3329.289468991302,3344.016181103298,3356.783353705975,3351.3083678864677,3360.67601012344,3374.5852678209603,3386.4143674523025,3390.4638024145647,3390.656189610384,3392.099579652343,3392.564200530685,3394.8370699754105,3398.0766623780064,3397.562410392112,3397.089345862772,3402.97793621986
394347,9,"Atlanta, GA",msa,GA,1098.2682367794819,1103.771879561395,1106.7445317944057,1112.8232694774508,1116.3254636810907,1123.0528731828185,1127.9031513866087,1133.1345861865361,1138.0683893587031,1142.807148253136,1146.447708811308,1151.3309651374514,1157.4874218192042,1164.3057262937696,1168.9309661456036,1172.3685278964738,1176.8970810735243,1182.1281974357275,1188.4483482315202,1194.7175680898797,1199.2605269439507,1204.9866237988383,1208.452504819744,1213.373408158193,1218.4141550736413,1225.5668084181054,1234.1808024233483,1241.652145643661,1248.7579723262188,1255.1516618288647,1263.3023742744176,1269.2913308236025,1276.7064932627513,1278.8433149100865,1287.2109906756941,1291.793240150644,1300.3013950815123,1304.0701047194661,1311.6192652423183,1317.4773441263917,1324.3188404255977,1328.061175043247,1333.387599901001,1338.7212405854482,1345.303767151289,1354.4868686874263,1362.7131491977348,1371.0407244244377,1377.0394917656402,1382.6958115946,1387.1566109011337,1393.7654667579427,1399.723432116733,1408.3319082293772,1414.638219296579,1422.0844309413528,1428.1839647168335,1434.7003904753788,1439.2726961831875,1445.4095791793984,1451.2864284155376,1459.444392197551,1468.236551656033,1475.1387586031874,1481.835487572419,1490.3900471795278,1503.4383653087045,1517.9554946810636,1533.8340619836206,1550.2082177535285,1566.5566655760736,1583.1195419468145,1602.4894589135858,1623.7031393517989,1644.1142873930216,1668.0949000905855,1690.8951183329311,1715.6489720124541,1736.3990890465875,1762.9815813283165,1787.117420521719,1812.6444189893734,1831.4394099537499,1845.4844492119598,1858.010746014627,1868.4580873217926,1882.800158883922,1894.8152701044453,1910.8470734496084,1927.7664571217915,1946.1085562847484,1958.2467257847866,1968.4128566447816,1976.9345185584045,1985.9094995409778,1999.741204207614,2003.1336999681832,2006.603349838643,2008.304581201946,2014.6524992320371,2022.2705423299674,2022.8797348992791,2026.8564745095007,2028.3429214898797,2033.8597691118823,2033.3178822357802,2035.5585389100925,2037.6665045019417,2052.1064596204333,2065.05693529719,2076.9461533590083,2081.111876567229,2084.3417325243827,2092.6419696525186,2098.994528713235,2106.659006706368,2108.605792230258,2117.1486966614502,2125.916509595613,2133.1265645532408,2135.7848965560997,2139.7002183996333,2144.2769778594566,2152.737669274548,2160.3681965155643,2167.2377106559147,2173.7792559079767,2181.6465848151524,2192.4021447556834,2201.3564182038494
394404,10,"Boston, MA",msa,MA,2034.6413484281632,2051.95128222329,2080.717123574667,2105.7409687381264,2099.894622459708,2097.2148725019756,2094.957429825997,2100.1045379789484,2111.154322876845,2122.7796785540504,2127.3964150204038,2126.0218736698707,2138.4737108132053,2142.30167860495,2145.816249282345,2141.7624392806733,2153.6707251286343,2158.9962322749143,2174.255070168267,2197.6502045151733,2206.800653116813,2211.917649822795,2223.1908092412436,2230.6191948795076,2242.9066545362452,2250.5412891041765,2267.7196050704656,2266.3149535397292,2273.6188858213363,2283.4366406742397,2298.754809495253,2293.214959829045,2303.816346393081,2307.8315292439506,2320.980098384046,2325.0832982068337,2337.4368332153927,2340.4740548237987,2350.4228596608955,2363.7656140936992,2372.9159475919937,2373.5040418568638,2375.4294739434317,2386.753289436243,2389.3347681029127,2397.9677078572117,2402.9616825257463,2422.0189843826306,2424.600205214547,2438.69845896651,2441.881212377895,2453.6912245595795,2461.9810460645595,2477.160694664602,2486.3096968163413,2496.6238146222413,2508.7485864060573,2520.4142591982463,2529.419249747624,2532.9453447453334,2544.047464958317,2552.249209472107,2583.9863862380003,2574.9535625811973,2559.939000146036,2543.2916002000056,2553.1717598960267,2545.361531961822,2551.0963729454606,2544.91038221588,2563.421534100873,2586.0426701085817,2584.2309067299343,2583.993851227671,2568.5386034088942,2593.317325514024,2621.507250903829,2655.633438860871,2674.9255909991257,2692.465364240754,2726.8547190086542,2758.687497709049,2765.5327431019455,2776.2779118708186,2794.619279782869,2815.228269723265,2836.9544306936364,2848.608841846969,2890.29779823618,2911.5210659676027,2948.577794527354,2975.4469942526553,2992.473702624904,3007.6904058322975,3029.703612332885,3034.4110866698843,3046.4621212816346,3069.0964786993227,3106.564328107367,3137.519212695312,3131.472408134693,3146.4884248107874,3153.932473844762,3178.4026292183016,3202.0718284280674,3215.0257666225257,3224.672061159131,3246.5431173486263,3284.730967165309,3306.07821311326,3294.751735375039,3283.3603716850107,3292.0331692595064,3308.7629263307076,3329.6628683923086,3337.4025429927647,3335.3267638208135,3337.3839562269923,3352.2013762406245,3365.0209787479544,3360.306760782083,3362.5720394471755,3382.315095823024,3406.326663485555,3426.6701530745263,3434.53360317813,3440.309817786517,3450.123504828493,3470.0470586315673,3492.9982587536924
394976,11,"Phoenix, AZ",msa,AZ,1134.0448181705756,1144.0120089552777,1148.0718116656428,1156.6024837500854,1157.9695417442583,1165.0934095112102,1167.949542599464,1172.6570628441611,1179.08915464957,1185.7363010190904,1193.1866180388051,1199.3687486115796,1204.9796946911335,1207.1260348941892,1210.09182702313,1214.154746199721,1221.089603133633,1226.5533938190028,1232.53248133627,1238.2029246389263,1243.3233521825337,1246.8581482567097,1250.5690214468,1254.547951822664,1262.9060633691224,1271.557878503373,1282.6594052293603,1287.8612304864116,1295.5379421777927,1301.054853490191,1308.0491449951692,1313.8039569669759,1318.8017823595526,1325.3569532672007,1332.5465094079125,1340.7048264529062,1348.9511297997385,1352.6759140570969,1359.8712800388018,1365.1205409315432,1375.0119027306519,1382.9427269987214,1391.9735721213285,1399.1614296566406,1408.8375942859413,1417.6124645178384,1427.6436947626316,1438.108749088051,1442.8227226428621,1454.2249775523967,1461.5999364245997,1473.6042940987033,1480.5048578013802,1490.5907279610988,1499.3486464630741,1510.5532668183794,1520.5564454774642,1531.131051170836,1540.6159651248663,1549.566060042692,1562.4735565481294,1572.839187639183,1577.9719574900046,1580.1190326570397,1584.3323780085536,1593.807464547337,1610.7164069028333,1632.6069678499373,1657.1945277029336,1684.8108542039033,1707.8250922456218,1730.546599725775,1749.9051192590593,1770.127074124021,1794.1748328965516,1822.8312121743943,1858.994014194713,1896.5237801937785,1930.038587620673,1961.0711194329951,1991.256988779069,2021.4965969545317,2048.545046772662,2065.520999031535,2081.7090975289657,2094.2949807052173,2107.700692747543,2118.4695892904692,2127.0201310912303,2134.891411514569,2138.368375328364,2139.2605721402365,2135.1050255915093,2134.5177106464607,2134.0833570883888,2138.995870538221,2143.5219106991217,2153.114165934524,2168.225170083372,2176.3918697877757,2181.2077088265055,2180.3375511558183,2185.482078251378,2188.7334897294895,2190.733160409689,2187.6555705486717,2188.209225311926,2190.8576847779773,2201.3050306435234,2205.515233088511,2206.327912329868,2206.275966910236,2210.51671742456,2216.288730871662,2219.9991866393366,2226.5300842480797,2232.0718525163097,2236.511192963185,2243.3042233068977,2247.2735784831725,2245.1385822139796,2245.507927311933,2245.0951564178927,2248.670508394596,2250.496013432162,2253.6509865955236,2256.1357871697096,2257.5241191710825,2260.8124701361235,2266.2218023028076
395057,12,"San Francisco, CA",msa,CA,2642.377078841842,2658.712765919929,2666.1377956706583,2684.2985100161877,2698.557412280583,2717.635422283589,2744.530870863682,2767.279576725492,2798.731513614683,2812.835257319841,2837.912541940743,2843.6759150849525,2858.247172382232,2877.191738964012,2885.1699824389766,2909.0242201506494,2915.2850352072833,2928.579411787619,2936.7134158697313,2944.696720457989,2943.94690926227,2938.167358033367,2934.649903684201,2939.19499287524,2958.310638906893,2975.834220369668,3010.424898961373,3016.235731934374,3024.1001008414523,3027.9938702474365,3035.39184788219,3049.0667661421885,3060.4694057125016,3081.6299159582213,3090.8396039056224,3095.688126848618,3097.488278516543,3107.511922106589,3117.7995304426586,3130.504348852235,3144.7924905802197,3162.032861933465,3170.8175346523903,3175.1610281486523,3180.4616638486623,3188.8588693124207,3197.915362797692,3216.5494559551685,3226.068417890699,3232.127049055184,3228.177343170744,3233.0331120558944,3239.3352968103063,3243.300762136967,3252.376551837762,3261.3951555169774,3271.7898075114326,3275.8882189877263,3284.0652399448845,3285.3638158708186,3291.408870127492,3295.9128453305516,3299.1588639136266,3297.011695060637,3295.1202169056824,3292.3738932013807,3291.340685513782,3289.7159294423677,3295.1925094607286,3297.521524762027,3296.570824025071,3301.1510276719705,3310.0333451965926,3321.2830126827307,3331.4563772041006,3345.3340565097756,3364.100147939627,3379.691469592945,3402.7259349525175,3425.709707015814,3447.396536820124,3465.209260396184,3486.6297900237278,3505.5833285672943,3524.725568847011,3539.94532992713,3560.0655993908595,3578.4273822067025,3592.306220612323,3608.2575935232503,3612.186042272035,3621.8161178041582,3628.8381669140904,3643.304017303285,3649.507782526688,3655.049516045983,3661.080259209997,3670.1720684779784,3672.012709248424,3674.214969258694,3679.373739808937,3691.8440179285612,3704.6153408412865,3715.6700868983125,3725.474616728947,3738.5985462770864,3742.6479554748307,3763.1890883862816,3770.5637404649083,3782.7439181820123,3793.6521136038054,3803.404186197703,3818.4888411577153,3822.7790949552364,3840.5891836599462,3851.853271299467,3860.5753325625906,3858.865168261696,3875.2291955985997,3879.7629036137564,3894.4520236463973,3904.9952514926636,3919.4340281902455,3935.1807129343733,3946.5425594847507,3962.767940357419,3971.1775829195985,3984.989538032921,4002.7216462070255,4026.2519163709676
395025,13,"Riverside, CA",msa,CA,1589.168394332811,1589.0636320025094,1597.4018227833699,1605.6076227620292,1615.5414563159811,1620.5352514679628,1626.0958267956275,1634.1446891241822,1641.48417087222,1652.0010011691568,1656.1421264968135,1666.9068623680378,1670.7668193241261,1681.472654913572,1685.3815749922633,1690.1329698443044,1695.7880978700257,1698.1314634952294,1708.1622233242326,1711.6740056966414,1723.2516575648926,1728.021686571929,1738.371967529366,1744.414589642736,1757.5208730602974,1768.0124367666197,1777.8015585896999,1787.4164197335388,1793.776331329862,1807.7038196583396,1815.5495648244173,1829.3742713791548,1835.539129872676,1844.8426344259854,1851.305053555906,1857.3138553372225,1866.0158958255042,1877.9890748789066,1891.8779780457269,1901.4652341014064,1906.8362347158152,1915.4341062270232,1923.6060784097454,1930.3116115500297,1936.806036443025,1944.9976149941933,1959.424287047835,1969.1419814035676,1978.7494208041073,1979.9062023773583,1984.2183464562609,1991.8930343745803,2004.2790136048707,2011.1412841448391,2019.7201411578922,2027.734873048912,2038.0132546989923,2046.6425997337885,2050.786579826371,2059.574888443438,2065.806443219103,2077.327133782624,2075.3660587372538,2079.89155282953,2080.5865353609083,2094.402533481901,2115.56300467333,2144.452923529635,2168.47145847968,2196.6812584036925,2223.255037679294,2255.2921848382357,2284.2905377302354,2313.602385662855,2340.870742256476,2364.435139229026,2400.8608110345085,2426.8759788836446,2468.2175400230485,2502.361683630001,2539.9922323058436,2564.952175562897,2589.420804076382,2614.1574261184974,2643.2694502389636,2672.1709458441187,2703.809730572542,2731.3199997750244,2746.83966260696,2762.6413595748504,2773.341372946865,2779.1065162056093,2785.4875952366756,2788.842024921205,2800.432766598114,2809.5989455961653,2821.778350815441,2826.1196993914646,2827.5798227846626,2843.97172079468,2856.754765816281,2874.0101802103195,2872.221762735013,2882.276207055538,2888.2544007828596,2909.295330897396,2928.8040231212203,2931.612161343672,2921.9573791229077,2927.0453545577884,2949.993848381622,2967.91865026125,2977.8003812828683,2980.820208630096,2997.004235396165,3011.294350681964,3024.1940907212834,3028.9950294117234,3031.0604318680353,3045.8045253961122,3066.617829916872,3078.8461240999736,3076.7595752690463,3071.0402174879982,3074.417091811618,3080.0523816241466,3084.407395149447,3084.373199978121,3085.839531498382,3085.625804409477
394532,14,"Detroit, MI",msa,MI,893.9571391683836,896.1533989865943,899.513410171397,903.36566065925,907.5966765133276,909.4897461440642,912.2676738140307,914.3216498199813,917.1503045212295,917.8673092611161,920.8907559985847,923.0935760504774,927.9325334690675,930.144122703139,932.2478834748962,933.5526914239477,935.5313947861168,937.0218019621252,940.01227996302,943.386240188293,945.2855839424104,950.578822073758,953.3972630430603,957.145452055814,957.511144572837,961.6172547169418,966.6001528125539,973.3352129002219,977.8630749737634,983.0084907721107,987.3837802146448,990.7607458154165,994.6164958168338,996.1071267517171,999.9149298143406,1003.8868838371385,1007.9125518484935,1010.9020671772038,1012.9021536765301,1015.6693206076592,1019.890314586043,1024.3963273642285,1027.376240024391,1032.1814600057467,1038.4898858224058,1042.526307923336,1044.325368128974,1045.567064155504,1051.7118805854611,1058.1829252456166,1062.7484997263186,1065.9751544394164,1069.0029499931993,1071.6556386641992,1075.486389365744,1078.2674766162295,1079.8396432386885,1083.631037116232,1088.3330193902866,1093.0757731173446,1094.4259913133842,1095.1656016211678,1095.4316712422954,1099.238372979745,1104.2516793201366,1112.6424886824557,1122.6509029829585,1134.7175886615069,1144.8612665227367,1155.2827341025397,1164.2220297506215,1175.4004158623854,1184.6196624599236,1199.451754166696,1212.1204382762558,1221.2303341197098,1230.159169374883,1238.4338391760166,1256.3486387568878,1274.2160122953458,1288.1976510925977,1300.459212206091,1309.8544575312437,1324.8517349374647,1336.4741446595601,1345.7445052551805,1352.8959418886795,1363.8871827877247,1374.1095795004346,1384.6805125436645,1388.198910962671,1388.7446844698316,1394.8288590908119,1397.8559238171345,1404.4159387985126,1404.113244475766,1409.2972739708455,1412.718788992371,1417.741930295347,1424.7300734215787,1430.4029346617695,1436.8612780663384,1439.0040810902265,1443.549446797701,1449.3270119344656,1454.7854370138168,1466.417674257739,1470.465239101604,1480.8096364902847,1482.5230004157145,1492.1039150202039,1496.390823701108,1506.3312546582756,1512.5750371852125,1520.5308071759769,1526.4491730580282,1529.9877018126542,1538.1993903667876,1539.1479512539297,1547.9377792865153,1549.4553421881137,1558.6608927805328,1561.1109420058876,1565.6930697694054,1566.3735780173029,1569.1851156364414,1573.7108801837549,1578.8775981125389,1583.803610211066,1585.5651524935602
395078,15,"Seattle, WA",msa,WA,1802.6607435553606,1812.743780544139,1824.3453210316757,1830.0824146673322,1838.8641228407982,1847.4396057439847,1864.3280938181056,1873.6912852549397,1884.1736360832315,1895.649236712219,1909.3413042462355,1927.0587892525482,1938.1721137812026,1954.753513212148,1958.1938910279982,1970.7685623586763,1980.1285646728782,1998.7035531432741,2012.8998006140566,2024.064009994608,2031.491796164098,2037.8720779536084,2047.0836221635468,2048.674462757467,2065.908407985735,2079.0834069965376,2105.9288525375414,2119.75095875147,2131.973009730838,2145.6755602397707,2154.411111088411,2169.9678213592874,2181.790029450518,2193.7159196840817,2195.908169048304,2201.4621994217223,2202.5318834413883,2207.938828082944,2214.0660196240124,2225.0455447550403,2239.2301103703203,2244.592074503942,2248.599831224952,2246.986414268987,2256.617112179609,2262.950139072144,2274.3228783827662,2285.2422530784092,2294.6833135645693,2306.721868465056,2309.820373248432,2314.13348769204,2317.5084348928654,2325.038686325508,2336.995636623827,2350.893735250471,2358.767593509862,2369.2884866400173,2380.002611015862,2390.891723990361,2402.123654372495,2410.0453916588913,2420.6358893934007,2418.4713836963483,2418.804951719903,2421.0419246259494,2432.7090116805603,2449.254758001335,2469.607384016998,2487.0449988110986,2500.377949956454,2511.8839816632903,2521.8927604841733,2534.7742851663647,2549.396225738531,2568.8514379485755,2590.8029914871922,2612.605791949563,2636.848505667925,2664.430305768531,2692.0017303353047,2711.5616141045384,2731.7265029839195,2748.8995067927585,2768.5768975569817,2789.8377497941738,2810.214594072734,2835.6212735616887,2852.2839045295054,2869.586438042788,2879.8605096265574,2886.568024703801,2891.644616442079,2905.4985475275234,2908.2836477277797,2920.6706929264187,2925.773836421289,2943.912110180546,2949.3359137082393,2957.801103736711,2967.1974710021113,2981.267999533066,2992.5958546691168,3004.416964469493,3013.923815177606,3022.242044396207,3033.3361257113775,3043.9223813113927,3055.5427324279444,3063.2229242444228,3080.359004767677,3093.4352605850636,3107.343647326729,3111.364231903822,3125.6714642696043,3135.36600717319,3154.308778680638,3158.3811067800207,3173.1854158046644,3183.7706341734875,3196.3104717428546,3204.4919457668243,3211.534211780471,3218.6290899787036,3226.1601668603635,3238.6342871210927,3245.648503034915,3256.321068531802,3260.9369611597463,3275.5778489885925
394865,16,"Minneapolis, MN",msa,MN,1474.4971479801707,1481.1888549264966,1484.8638369542161,1493.402247248649,1501.4884307337136,1505.0679001329052,1507.159914888577,1508.6051599584816,1514.0307453560577,1516.1305256403994,1521.4393089247817,1525.2662095760356,1531.4021064385843,1536.4111152033834,1539.9632131400438,1544.6117732447876,1549.1874552369768,1557.145579614832,1560.8787084905207,1567.479399726181,1573.2434117104526,1582.0237167152934,1589.5849326970467,1588.7434877405485,1593.8362650386825,1597.5351867677432,1611.6032564381485,1615.738982329899,1620.5265237366248,1625.9031600282049,1632.9616035004408,1640.0740491060878,1643.5989360755746,1646.5402711848524,1648.8787856071374,1659.7946413104803,1668.2109393259293,1680.572663726383,1679.8790870850835,1686.8714674756973,1689.630432554739,1697.6507613380002,1703.3518883423435,1708.871948534045,1718.099147481576,1726.0196904645602,1734.4695370455795,1737.6495809193377,1744.136294403445,1747.1839454324795,1754.9763459058909,1761.5218830122096,1771.0892270235063,1775.7053796509317,1782.1671409370983,1788.0737002676012,1792.8688350457694,1798.3575483761351,1803.8409836936949,1810.8859473286354,1815.2841729091936,1820.6430712219912,1821.5579934702548,1823.0489222612016,1827.3706346201636,1833.3429238627582,1840.351652155385,1847.5909848096017,1857.7220447088453,1867.7861910274946,1879.955980084629,1889.7181340072445,1899.6945278597937,1910.1221618879702,1918.5816045554902,1930.2743151877305,1939.481571763983,1952.2398830467469,1963.416041940279,1978.53006651888,1991.1181059385524,2005.43992003168,2011.829943695025,2020.7693230677753,2029.7371017015896,2041.5708114699946,2055.964692135627,2066.2226927746656,2078.2508925375187,2083.6227866709537,2092.545351385242,2096.6390891974734,2104.208237520682,2106.407612891015,2110.3240719195287,2115.775095735441,2124.306438791792,2135.0208988577865,2145.8884060008463,2157.881282560358,2168.496527545716,2179.8735880394015,2186.9914456684605,2190.368679076815,2191.505039780682,2197.53045809055,2213.2942648288786,2218.003638461897,2226.340908570118,2227.396937231274,2236.7761264857745,2246.2068089114578,2256.09577543128,2266.7713804553755,2276.1231613390214,2286.8650436434814,2294.515454023817,2307.381643256449,2312.899648525663,2325.6442135898315,2333.838271576193,2345.974018699692,2351.0079328290194,2356.3090882828756,2361.7320265413314,2367.5244386690724,2375.754574128499,2385.58429674265,2398.166005228312,2405.108404166367
395056,17,"San Diego, CA",msa,CA,2191.689735377138,2199.313064909146,2200.7435110668566,2201.5793552052714,2209.8409781732908,2211.085438372276,2225.183908336262,2237.2125058708493,2261.0698424769553,2273.459272917555,2281.488978363083,2291.5142370509893,2296.5921901693782,2302.276035505828,2311.1982180226723,2320.7883893088892,2328.175752214788,2343.1457143018188,2354.424567813366,2367.3272152856225,2372.630456661265,2379.4907309435202,2385.167566480283,2391.7027021485587,2400.355602046552,2417.8430483860966,2431.8025723642622,2459.099520060348,2472.628277495525,2488.8038362990983,2494.7203991070724,2500.8987562661446,2505.4664115725736,2515.831624292874,2525.754763024947,2535.9085367945036,2546.90090957136,2563.619428136722,2577.4374599774283,2580.828627766622,2589.7590382206786,2597.3959273599094,2609.9240174336032,2619.788304925966,2629.819168278493,2639.329156642442,2640.9082974292314,2652.764448828985,2658.2030440036506,2670.3586565639202,2674.4976034848687,2679.879687621406,2688.2640873217642,2694.801274315992,2702.947735029781,2712.511120132016,2723.706046333132,2732.136974467941,2747.017052539597,2753.3169194611123,2763.631591157654,2763.8226724816195,2776.7762906987637,2765.8366578963773,2765.411987007552,2771.9248052504977,2796.9985307389707,2820.8683227017214,2843.9393893058495,2865.117201146833,2885.162687660842,2913.230795815929,2927.962937738559,2948.894540385058,2964.362107802315,2997.7168921278244,3035.9107120933936,3072.3661433091424,3113.637541240574,3163.3849485267237,3215.037002884217,3255.7766331417733,3289.11798032,3316.935439930913,3360.334006909494,3403.0309502872824,3450.2618235642485,3490.335100259246,3520.038245541193,3547.00604495752,3559.9541311130174,3569.9966500337555,3576.1619806188824,3590.8535354246483,3609.6536386625526,3635.415523553716,3654.2682159319547,3666.406842964824,3686.932949866727,3711.2153661644297,3743.3012491179634,3760.9664048325744,3780.8633803593916,3793.5036555399915,3806.930545559961,3817.678853627407,3825.004643139427,3837.6073661814057,3844.1140821430045,3865.6116988896083,3870.1042021097464,3886.14450139408,3888.0966981028637,3908.1387824776084,3923.4869456114616,3937.6030849644394,3946.293535574961,3960.5373619249517,3978.654515592061,3988.4315827984933,4002.079131969065,4006.075673098237,4017.26016190305,4017.468481110531,4025.939610348407,4027.292531329048,4033.0320154260558,4042.3883753909286,4054.8924635024055,4061.5026966231326
395148,18,"Tampa, FL",msa,FL,1184.7171036804173,1186.671716974415,1189.4658801721323,1193.9718538378597,1199.9852611698982,1205.3856617583733,1212.484391662332,1218.9020856914483,1224.4695710615306,1228.4203449456306,1232.7690009519074,1238.404674763046,1243.7255314877625,1249.79841005948,1252.2102210133405,1255.522933828712,1257.6099322662724,1263.9799815070994,1267.960747699945,1274.0076114599083,1280.490789231238,1287.7079108937182,1291.4887820281558,1292.15079910688,1296.7571029771395,1301.728263259935,1311.7538548604045,1318.6987034219371,1327.5730219269356,1332.3560847952563,1335.991368035192,1337.2426941406263,1339.018859876123,1343.5556786230952,1350.7573070140759,1362.5027944948984,1369.3508726052944,1375.8895877953566,1378.2088139138532,1385.2135437547533,1390.9435659429746,1397.089605216146,1403.8019110431712,1409.5495846067336,1414.1996856967367,1418.6495062991494,1425.5863145812123,1430.5104168238001,1437.572581117557,1442.8064535550236,1449.5141229183066,1453.9014019020067,1458.50283617085,1463.9187959280257,1469.8649678237273,1477.2414449955588,1485.0446521151664,1491.371213176625,1495.0309236343364,1498.4750555569667,1501.8224433555242,1506.5703504216062,1518.2364597530318,1521.953227056676,1525.5769476792157,1529.091630936658,1542.413523288211,1556.0066661492972,1570.7099375866628,1584.5644376064413,1597.1306642332866,1611.8318451966566,1630.807733611985,1652.8966947731765,1673.4764074488542,1700.0906936380934,1732.5947688824087,1769.035279663633,1802.8792293221243,1841.6909787071945,1885.9026291048667,1924.8061063508476,1961.2212664699277,1990.79643438914,2013.7684367117618,2040.0941260365128,2063.4304497695994,2091.394202971699,2113.34626695796,2135.1568986760726,2149.919924350906,2156.385619237534,2157.596120417347,2165.4020501566492,2176.440721634783,2185.937960344166,2194.512741109114,2197.398781863422,2212.1824736335016,2220.2172722087444,2230.062751018684,2231.6695133405324,2243.10372932528,2252.8378479130865,2259.2419105801387,2257.0473351859423,2256.8604723149765,2260.36981355501,2273.262795899516,2277.3941000829377,2281.0664984107443,2286.6537273458484,2292.5193268475805,2297.8708837993804,2304.3451615745016,2310.981348461922,2321.503155016932,2334.8311817819945,2345.312667225532,2353.9850540654784,2355.9036317144337,2365.5127638563945,2369.245198003085,2372.687810855952,2375.2337115567016,2381.2781129687837,2382.323891787889,2384.6461200363833,2385.4491883510673,2385.9707187183744
394530,19,"Denver, CO",msa,CO,1709.741344143998,1732.6520112072988,1750.3137425489376,1766.328954048789,1771.333400585196,1785.3330573966,1793.225581531772,1802.2269727980154,1809.2233089445092,1822.7117000746455,1832.6278975958915,1847.8842710729582,1856.4304468127887,1863.028618258125,1864.0244712440162,1862.5906674590858,1868.459800825783,1873.5696279020685,1878.456011473603,1877.3279670879554,1881.2067808703573,1884.8112688365288,1889.929638976616,1894.950836994675,1900.9574048013583,1912.5152855030292,1923.8281288814135,1940.160906364227,1949.7317193604065,1955.9986251866312,1963.6194250937167,1975.6699498057812,1982.4363880107755,1983.8349583748036,1990.254994644826,2000.8935933205387,2012.0804206853093,2014.826082966296,2024.194297161073,2030.4203910797955,2035.659212460474,2036.4782219841106,2040.5421436068657,2048.186567735993,2055.8088440745205,2063.5337431965286,2069.2587241236874,2075.964086908294,2081.8710486819778,2087.830804026732,2091.0414698931004,2094.6613916042816,2101.318476152775,2112.828548224416,2121.2863021985413,2125.852502783763,2131.8986297468323,2140.3404685816304,2147.4861565388096,2151.603409348288,2156.1071368159137,2163.8195189831695,2170.237076475861,2166.594405601649,2164.0795509645814,2166.449856373329,2182.8724118100504,2197.1899032186607,2215.7567504809904,2228.9515394988503,2243.4620570450306,2254.94546094296,2264.779353502688,2273.971995739328,2285.426963550907,2306.1793049692496,2330.119164106394,2352.916733161439,2371.0910523959524,2391.3066152244173,2412.0166574144982,2435.013690087859,2456.0549447696126,2477.1547572354907,2494.0881370339216,2509.4262025166936,2524.496924936502,2539.9235889156953,2555.8166416345953,2567.348974019481,2574.4401953196093,2578.5455589857615,2582.7001960572816,2592.7343736097077,2598.4526261071605,2605.847519222092,2616.5953951888273,2630.8639770271393,2648.1179697868615,2658.232681055995,2668.0127345804212,2682.296445526267,2694.685339581384,2712.255740298533,2720.668038244878,2726.967802875061,2736.713047949641,2743.80227831205,2755.9859315552158,2759.8091413518246,2772.9416302576524,2777.5793926936267,2790.0054113428478,2793.998541665374,2804.740734048877,2808.9829814436307,2823.102890894464,2825.970549000947,2833.9502715477856,2842.2724545594733,2845.0196499298568,2851.9790647954183,2849.3501509018934,2855.624516802345,2855.058233172964,2858.84904549857,2858.6496767008366,2860.4435299716242,2858.148316582199,2863.0297809361987
394358,20,"Baltimore, MD",msa,MD,1560.5431665498138,1564.9452238339386,1567.1208400029564,1569.1969191206065,1573.0814662614978,1575.002669352863,1579.7534328338402,1581.5151784493416,1585.6536290340086,1586.310678691654,1587.9110571184167,1592.1525621520111,1595.7883589946557,1599.0143267585365,1599.240017714996,1601.7542342993952,1598.4155787338088,1596.4757253279397,1593.8597541104868,1595.4715486172893,1597.8957744672368,1601.3418208739693,1603.2847483600137,1601.785457034384,1605.1163488238808,1608.2890366142567,1614.2761622536227,1613.3698815469627,1618.3813898929802,1625.573867667195,1629.6716136824682,1629.1193955359183,1626.4385736241095,1629.9054596837477,1629.934993264274,1633.9057773946506,1633.7837497627077,1638.3550133609926,1639.5973620605607,1644.1078825574384,1647.4836648289631,1648.505509872635,1651.6623617019961,1655.9341630067518,1661.799195669751,1663.741386711977,1666.8631548798119,1669.8568530346693,1671.9559665604472,1677.001766441601,1679.8853287059426,1683.2694875759005,1685.9433001943885,1689.26851599917,1692.6016998214227,1696.6313253024482,1700.3244872668672,1704.0311611153354,1708.8430548341144,1712.532853457701,1718.046736075537,1719.1985713792837,1717.9887464531066,1719.5091832709516,1726.8186174424204,1731.2825358564455,1741.4294524694737,1750.8347319596564,1758.9980229414748,1774.6670263404058,1789.3139495130765,1798.691169171987,1803.9762104968113,1811.9236249945586,1818.1951306426613,1831.4959503241885,1840.6582246318394,1860.0671161429916,1869.3729862862012,1885.9033032800028,1900.499334714795,1900.6660807959506,1914.457599445048,1932.2545114073573,1961.654530673723,1972.1051728989657,1979.009391658228,1989.2861417590818,2002.5200540395233,2014.4502744313545,2023.884461066528,2031.204707576225,2038.6499812555478,2052.0927222994933,2057.189312791788,2065.127359350378,2070.4786254257738,2089.405298594302,2102.668374273229,2113.2950033548727,2116.535003011329,2123.486917910436,2134.172436864098,2142.2269037290034,2151.42749468373,2162.528291890179,2169.267528555737,2173.677121887185,2177.0718858306004,2186.108363157081,2201.423042787991,2211.6992797404737,2222.1065374963728,2228.4309233280537,2235.0873070386565,2243.814919513737,2250.9620808364984,2263.3653568344357,2275.1689175998736,2286.2914306725847,2296.7512462374975,2299.505888520031,2300.696676500555,2305.853944584237,2313.748475510996,2322.470189595637,2329.3930744283575,2335.6984743875696,2342.0407113653373,2341.8179153439155
395121,21,"St. Louis, MO",msa,MO,944.2452936720973,946.4637941066134,947.9440879740438,950.2165932108076,951.0173316762845,953.3386978532955,956.2686267484537,957.5290816661179,960.1749943268384,961.6724977804244,966.0170210491698,966.5958061763082,969.2484515322461,970.2891511099293,971.1246173205886,972.1110685725948,970.8335559721797,973.0313138395055,974.0318812892157,977.7635417269037,979.6100614388794,981.8565317414492,981.9637462617935,984.5638652245543,986.3762797761458,990.8055972603921,993.2973139885794,995.9717282815997,998.8956693874891,1001.0878887966476,1003.6151302914282,1003.7917192955047,1003.826421071842,1004.425705567759,1005.7127572346327,1007.4335427576406,1008.3388221610062,1010.0597735890474,1013.9693174357336,1018.4397422351811,1022.7573563796385,1025.2372534768401,1027.7675286856388,1029.90181727675,1034.9174979404795,1039.747009627565,1043.6394569907443,1047.3992974827208,1048.806966035098,1052.1005663447397,1053.9911498524061,1055.4272783307918,1057.56968571178,1060.8572686688458,1064.2946877757688,1068.7883045059393,1071.581885081477,1074.2898986615419,1077.8241177278471,1080.948399044446,1086.4975869259692,1089.856056224927,1092.6441724638344,1097.2078585808417,1101.2173211396996,1108.1214848067466,1113.0465085196263,1120.8612854423623,1130.4762367238084,1135.4415893713617,1142.51389779782,1145.8235157602383,1153.623511426262,1157.6981697033027,1162.6241026794557,1171.1198739528477,1183.3127103938336,1194.845223373132,1203.5147725242941,1212.2017460914906,1224.832123076013,1236.9082852239221,1245.4936172488735,1254.903776832873,1265.1647289427751,1283.1267148358068,1293.945772737553,1300.991774762308,1303.954930133093,1310.2572330523992,1320.8972251363696,1331.5609493061825,1330.9710127793956,1340.126249188034,1347.328346552209,1362.6525335382435,1366.437405120208,1369.7284757403932,1375.3818700837166,1381.4747243062745,1392.1215850162278,1404.229908004494,1414.4167002376878,1416.3902991323175,1424.23188599301,1430.8292621757948,1434.736978258898,1439.8161742403238,1446.045141999856,1460.4357649136089,1471.180889131441,1483.159586561272,1490.7976230673821,1499.687734549087,1505.7126884320244,1510.3386320219824,1517.7603244828267,1526.6172651580953,1537.403086292439,1542.8242936360805,1552.998140292292,1555.0923512702022,1560.3996369276692,1565.166435077721,1571.7212606257397,1575.7525796054351,1582.031652543218,1593.5201643652003,1601.9776706353546,1607.539498972021
394943,22,"Orlando, FL",msa,FL,1321.790575689582,1326.3104629776344,1331.285980245749,1337.182698972147,1343.7672247655137,1349.7102565580115,1354.2033332298956,1359.1740357389988,1366.3101543961172,1373.109123280461,1380.6156620631193,1385.6258737674361,1389.6380832393545,1392.7869061055812,1397.1668602747436,1402.0474293163088,1406.3154417392311,1410.0385211023558,1415.2077833493772,1422.1908585590422,1429.3216420586398,1435.8062844514504,1439.2149646704866,1439.1335557524949,1445.5618373379555,1455.2605991979751,1460.3834807886176,1466.8460971814488,1473.2673678357332,1486.7585190964712,1493.1707196024897,1498.6038081285515,1501.0991563426937,1505.7220205419692,1513.4364018789984,1528.311494134891,1537.501103634365,1543.404144764044,1548.617815882086,1552.0406630248146,1560.5100316483845,1567.5102386542342,1577.61292089339,1584.01751245626,1588.904233734076,1596.9847452462752,1603.9147911724237,1612.5897963687903,1617.590999922745,1621.326346151762,1629.7097430472104,1638.498036639721,1643.2784007893774,1645.5170780006883,1648.5328560126284,1654.279702963681,1662.3264765165434,1666.6337857022345,1670.6190723084749,1670.1287568525586,1673.6820028647153,1678.8036412835734,1689.9684206098996,1691.0818896694516,1690.4445544412245,1692.2616304742678,1700.2099227583612,1707.5824374759802,1715.2028980016537,1722.8035913857548,1735.1835476894387,1750.4770022886307,1768.5311919421476,1783.4131423572828,1797.1464266825071,1814.7628838491403,1840.231325724601,1867.3942689665007,1899.02458437627,1932.2356371071087,1970.6902821338067,2009.47163319642,2040.3026180929066,2069.991150263235,2093.3306570044424,2120.679731688235,2144.4658753815406,2169.322032866695,2193.9059006231137,2218.960331282872,2237.4273138391973,2249.1660210847117,2252.8060383441,2256.422674014569,2259.892062457734,2262.0095474577383,2259.8343951542133,2262.9461566167142,2272.574310808185,2286.3634591204946,2293.155548749821,2298.4859015383972,2302.2495775074653,2312.3273644878645,2317.8742875954395,2323.43810898929,2324.309750592877,2330.9989993930135,2339.7815714687163,2347.167192090269,2355.593773372526,2362.0714675458808,2368.093919011949,2367.577735667714,2371.3955590813694,2369.206389291873,2374.477124274002,2377.5958763905933,2387.5559432684636,2393.010378866932,2399.4768580811424,2402.9210648968806,2402.5025606973977,2400.6074477723287,2401.8800667003134,2408.351902688791,2413.210747875156,2420.4884041322784,2425.299598510476,2431.271335800767
394458,23,"Charlotte, NC",msa,NC,1132.3021212214783,1135.81473000002,1137.529837582221,1145.6150978585388,1149.87765708581,1155.1151977361292,1159.240565879327,1166.1489343629748,1172.2588171723976,1176.9823088743872,1181.8823983952148,1186.7742873420675,1192.720319928487,1196.55017042783,1200.0538341866109,1201.7786792477684,1204.5910787844157,1208.9020477528293,1214.3652029900584,1221.4907575542454,1226.5516845601987,1232.8427894467172,1235.6017880417503,1236.229854822819,1241.1969634607246,1248.6372431004006,1260.3369358199714,1266.8510593225058,1272.8529126454403,1277.3690279817472,1281.4513484658087,1283.3712475178943,1288.5412309725239,1291.3357864714915,1298.04676684049,1306.0356439555537,1312.7319388648555,1319.0265862615272,1322.0471709308888,1326.297966330358,1330.8410139688378,1336.1608192190538,1341.9493147991598,1347.5331662359017,1350.5486716208927,1356.0432095782128,1359.4658874380434,1369.2791649069675,1373.6478739430281,1380.956926035276,1385.584640209997,1392.0517197800689,1398.3382330252257,1404.33108163795,1409.822609251467,1415.97929599195,1422.8189863283674,1428.5227403805595,1434.471762365191,1435.0148658595099,1439.3597991998167,1440.96532059754,1457.161998163418,1457.3977188970018,1466.116801004613,1469.076611264553,1486.2102179682001,1500.3785080028417,1514.7965153657578,1527.3116415099214,1539.8648035777144,1553.1193838378877,1563.8271325424262,1575.1895974148413,1585.4874886396822,1604.9478046784477,1623.6128672229147,1648.328394363162,1666.8402878779088,1683.924559918211,1701.2110369538282,1716.897832059693,1734.7581698436084,1751.361671156389,1768.1685556704542,1782.3324816085105,1793.940599761153,1806.4656233463306,1820.7771864085635,1835.2724569066886,1849.6372143224098,1864.3631224821113,1876.4892721753315,1892.642732120334,1904.664474308736,1916.382715704576,1918.659683054514,1925.8376673915218,1931.537393945478,1939.501760252639,1944.3344411685669,1951.660861398347,1957.7801822649913,1965.4356962118413,1971.7701821578748,1976.1189036787878,1976.0090094664745,1981.3152031695586,1994.5260843144258,2006.901093268273,2016.7001757714934,2020.9691254018937,2026.957149590396,2030.5734159245444,2034.9460458275346,2038.9341345537457,2042.2577354844234,2049.7371935958945,2059.5184326119083,2065.224908218969,2069.2583044238404,2071.722092449766,2077.2744386891486,2085.1263037306376,2092.720753722565,2100.4997819645073,2108.5105495465195,2115.902871998845,2124.9354173086604,2130.8619058301592
395055,24,"San Antonio, TX",msa,TX,1210.9004030425099,1213.2937356052478,1216.3017280897436,1219.5519240146052,1224.7845100228124,1228.9694711523325,1233.1592090606975,1233.9531778440924,1236.3988405255332,1244.9373037879104,1250.1330710720197,1255.6943293657907,1255.8982077299481,1259.5398688976677,1261.1051706894855,1263.3223179274216,1266.6740660968194,1270.3934812365057,1274.5614873455754,1276.3920552776494,1281.4128058775104,1283.6071502736759,1287.8989962332055,1292.0501275126921,1297.0138711349177,1301.355336666219,1304.6091097393248,1308.9931060107492,1311.5171199460435,1316.0161043596158,1319.075918109338,1324.3491661755006,1327.4665604601428,1329.0757675482937,1331.2116726260274,1334.0854405002187,1338.4845180789632,1343.6086211260467,1350.1759372628132,1353.454560348079,1356.2605000533329,1355.6619649482004,1358.4825006406825,1363.8091539317975,1368.080909808286,1374.1158164324297,1374.8260851897792,1377.0773062631881,1377.8286684475654,1384.1559060495536,1386.096685946165,1389.9327956631676,1394.817753773231,1401.3392347055549,1405.8767189094983,1407.9994590019794,1411.3251718354632,1414.498236155648,1421.285076058887,1426.6528000596531,1432.5322992508018,1433.8431386569403,1438.1878422727093,1438.1024624879522,1439.3373100380227,1442.7643248768836,1450.471237561054,1458.088080365701,1465.6972953742181,1478.0171363176546,1489.1812769961193,1497.4670434692357,1504.4820288407313,1515.6868097473878,1524.535625405548,1538.9195251667893,1555.365764828024,1574.448578629325,1591.5894547904115,1609.6286277489178,1629.4739025783415,1642.374717560498,1651.8834719220993,1665.2442871713565,1680.636754763474,1693.8610930889356,1707.3988842367703,1715.4361851978763,1725.2476953709122,1729.670944399159,1740.5302967443545,1749.7730295790243,1754.9182993687944,1758.1356255957432,1762.9894300592694,1768.767488635927,1772.9868783386162,1773.0168909624895,1776.7577530880228,1782.6580336503966,1789.758610155862,1791.4599097227724,1789.6082493343922,1788.6795893339067,1789.805855526207,1793.750482651109,1794.1270403112057,1792.306950361473,1793.9228582052517,1799.0687853646791,1805.3189596023933,1808.038793573829,1808.1594931850636,1811.6869592564278,1814.2539776696997,1816.7039513791688,1814.5758460512973,1814.7142872016611,1818.477577814378,1822.3718033173286,1823.716758741916,1824.3561438446004,1822.1749261807533,1822.348485103285,1823.3427965571418,1825.155139229215,1828.0419302662133,1830.7380313072028,1836.5172707003235,1839.69613312548
394998,25,"Portland, OR",msa,OR,1534.0555618234948,1541.6258004181752,1554.4456547474717,1566.4533774146453,1580.4255097467674,1592.1056430778588,1605.0480607009931,1618.4841021656252,1634.775815592557,1650.11583128102,1660.8589040303466,1670.4752691017331,1676.9169259302441,1689.0754916027527,1696.835453728874,1706.101429497966,1712.7835825400625,1721.9087823194395,1726.0379438042935,1728.620434514634,1731.9591419950652,1738.5976310378917,1746.9973422642006,1754.0289759111906,1762.144431134878,1772.9081097632452,1785.5312389727433,1796.8368681972865,1799.7885393260076,1804.061761812713,1807.118637742832,1812.269026507113,1814.467658495014,1813.4140543732658,1814.6974901042972,1819.814964162676,1827.240564024813,1833.6480762641922,1837.019357206182,1841.8564033003574,1846.6240679643,1850.0872277444703,1855.392940973393,1861.864448768243,1868.7726903940184,1878.6091006031563,1884.629037550182,1891.0308749497829,1896.1444938442835,1899.4322171069473,1903.5917355667746,1906.917787286941,1914.8779327791879,1922.6635798917123,1930.5443706654612,1936.6163533681502,1943.3582356169586,1948.5376003069864,1955.2132039464964,1959.9272383905684,1964.4409591793417,1970.1725051612157,1975.1835949903327,1973.9499010990514,1972.9498201464464,1974.0601707673018,1985.6466969904725,2005.9358463923566,2027.2969886889364,2046.4899042418756,2058.709159192609,2071.2897385829597,2080.1582556886206,2095.607791511986,2112.379183032863,2137.2572678578695,2159.7159512180174,2187.6877552689434,2209.2211479682805,2227.9257427702014,2238.922208149637,2253.236606422566,2269.3323278064554,2282.143874177469,2294.587566957591,2310.420113068111,2324.1805485621753,2341.54580630955,2355.0397027186577,2372.8778074043266,2381.4241308462024,2389.3687331332244,2398.9878942010255,2410.437169258858,2422.67640618439,2431.6221575750333,2442.583375487057,2452.2601148599733,2458.529178590591,2461.0391115717784,2463.99900951869,2465.4042213561647,2468.9248385035658,2469.084064961356,2474.9537485159412,2479.2787029064066,2481.6602694056423,2483.2415179441336,2492.834814933576,2500.3540838423464,2515.2969982430754,2526.2899804577155,2535.6306732203143,2544.7027246733514,2555.5141972212828,2560.938635435075,2564.6173519226013,2571.0290420509896,2578.79673843658,2589.1775797231835,2592.2403535616545,2596.371630322563,2596.539076107609,2600.4060541184795,2605.9856101745113,2611.2785959507155,2616.0917413081565,2626.6495322801807,2635.293238165423,2641.802141740551
395045,26,"Sacramento, CA",msa,CA,1490.4618374402055,1497.42090845497,1503.3532143930568,1511.632527456503,1518.7383792802136,1524.956463333775,1528.9329154077027,1541.4150151528306,1554.5188494213523,1565.4608459937197,1576.0810598938872,1583.140031001045,1592.973547040334,1599.3901749426623,1605.1115652340764,1614.1889345252278,1622.729776564682,1634.5177018550905,1644.456010497373,1652.903330237232,1654.5779853651968,1660.4674063591233,1668.0205206889202,1682.4575559997397,1697.860714407335,1714.8939535671177,1733.0631933159755,1743.5393257573369,1759.4403825927188,1771.6047683727227,1785.2788003381968,1790.9756147473875,1800.644858394998,1812.5081185913161,1824.4363578408972,1831.4377882607735,1836.869917597335,1838.1960117742199,1849.5015879598595,1857.81734802316,1870.1188484146371,1875.6797525068125,1882.2797079767474,1890.976654979334,1900.8021229783851,1907.3459100416849,1914.8646920080441,1925.3687486605236,1934.5870343465936,1946.6484993591832,1949.794749649376,1958.4296596308022,1961.2027332440998,1970.4090570143467,1978.3584752869062,1988.6042521309744,1997.1787159513813,2006.123942467595,2013.6169467139964,2019.6033503025417,2026.8354041832022,2033.5460916435986,2039.2212080136487,2039.225340613543,2039.9393094657512,2046.9180809500126,2064.2636491043872,2083.8006311511517,2105.166982241488,2128.1123418911825,2150.917111721562,2168.8198655106903,2186.1456394230568,2204.1104511663148,2223.5531955471406,2245.580097626338,2276.4925985959385,2304.2126132257295,2331.5054452978347,2352.965525258937,2371.495328483039,2387.796339584721,2408.5038762954737,2424.6840133867236,2439.741516251724,2451.042389573672,2467.9921587152467,2486.6905222157407,2497.4971188510076,2506.0650447913176,2509.672405561526,2512.6752377280336,2515.5897057855577,2523.2028015293067,2522.608291649095,2526.154963777738,2529.154630658606,2537.146758905569,2544.6771954217625,2545.2308076398617,2551.708114397013,2556.6830978759126,2562.9716313678186,2566.6606009176103,2582.538291061602,2590.5658071810153,2601.1515223245224,2607.1754741678083,2616.7655046509253,2629.989070051485,2633.6594384896207,2637.4510932002286,2643.574830886178,2649.349432012033,2662.758185822618,2674.583238405413,2684.147974601087,2681.5115375144183,2688.4018322082607,2697.4099535437317,2703.75393826366,2705.1991878997346,2712.7021209615345,2722.699068413055,2729.0045096497965,2736.51881311515,2738.2115607225305,2742.3763567534406,2742.05875714328,2753.766904736225
394982,27,"Pittsburgh, PA",msa,PA,985.6040952458503,977.8536586843979,974.2461321314661,973.7278029298033,981.851711895826,987.5356922216539,988.6752550073635,988.0466525655066,990.8476819430457,996.3739623041482,1004.2786925723052,1008.4410949140708,1009.7699575648444,1008.2365136979455,1008.3421617262644,1006.4737145939306,1002.629282864254,999.0135411642522,1002.9316579130982,1006.0859769527675,1009.195046631616,1004.0690129506522,1000.692854163188,1001.0642097987128,1003.0517534310054,1012.0090929444588,1017.3952258956705,1023.876829954689,1026.9350558071003,1030.225588320366,1032.0483708585239,1036.2139122380383,1035.989279617298,1041.0374470598147,1043.1188746413738,1045.0669332811544,1047.51222262671,1048.3732232569707,1056.0001230591433,1060.0338568971276,1064.8897186824186,1068.0392178508753,1072.8581599633733,1074.630652042981,1077.04724280752,1076.1878373233526,1082.4281967230386,1089.539859067279,1095.151985390316,1099.9539597258226,1099.4780425180063,1101.7674072098196,1105.4421945268957,1110.5558777933704,1113.8440128852421,1118.704179483042,1125.2440171125593,1133.427333880725,1137.2531170093241,1139.8448304184938,1143.2442785709654,1146.7200998372202,1152.447847506785,1151.1620847908712,1152.511596884157,1153.0644546009391,1161.2544951176124,1164.97486380766,1175.2051515195656,1179.8109269427773,1186.3115121463409,1191.4502671599093,1199.5520530747283,1206.4589873021425,1210.8169110213391,1217.5049338222825,1228.6153850662822,1240.219012568874,1249.4550767566618,1258.717622206189,1268.059937150001,1273.8108403092538,1286.2790989627697,1288.7027343785865,1294.94453183745,1297.8820274858742,1311.4274185379215,1323.6773077012222,1330.5183361529125,1337.0062841581519,1342.6404933314725,1353.3345828111503,1357.783097724046,1364.7257740787734,1362.2813056856357,1365.5381692302815,1366.9089803258876,1374.64445957513,1382.1484124470328,1388.407008324537,1393.2831282805835,1399.7962714137939,1408.2580172871405,1413.193781834281,1415.1046897068798,1422.8522818084737,1432.2504321607662,1449.2130376591685,1459.467014318612,1468.2190061494719,1468.1098778470962,1468.6522410748744,1475.4149399774815,1480.448540327768,1485.1108739996212,1487.094065014214,1496.7078886950665,1505.4268113574274,1512.339105327184,1512.6454093218338,1518.304255012959,1522.661914024286,1531.8444173557875,1541.4411251367806,1548.0423074759021,1555.2940315419896,1562.218185215873,1571.9856245071358,1578.765960871157,1582.8902538726336
394466,28,"Cincinnati, OH",msa,OH,1099.642926184562,1104.0753929613,1110.0703721132636,1115.6031186974471,1119.2603507154624,1121.6010470899505,1127.315208956792,1131.8113762524945,1137.8173133045661,1137.7429834648965,1145.6010873333798,1146.9082998778156,1152.2255599870673,1150.2876043183962,1155.1881764279922,1154.7103256365133,1159.4470754066156,1158.6004971260634,1161.3744177079143,1160.6583025699088,1165.0882147643256,1169.5893404414442,1171.6446178447327,1176.9891256941673,1183.4263181458496,1194.1745715303082,1198.2007037839574,1205.0245821226015,1208.5236118509356,1215.2570265689303,1218.4953040417715,1224.0587525471856,1225.6351173867117,1228.1547341812186,1230.3577271313272,1236.7834895919586,1239.3052363234758,1242.0420586309301,1248.3462829757068,1255.2107970096329,1258.6724019121411,1261.4690989206604,1263.6977132564361,1271.6711763464928,1280.1893003783832,1288.760056253321,1293.7122356439027,1295.8966433675275,1299.1896012516033,1305.9694297981741,1309.6851323773135,1312.9228865166465,1319.675466326774,1326.7113375411636,1335.2457686644677,1338.938757665597,1343.184169189939,1347.2054236370457,1354.7076640754808,1361.8716877950365,1370.0236556852099,1374.8285167480058,1383.0036886370897,1381.8051063673745,1381.5275464189028,1385.4231453767982,1398.5019594429143,1410.367525214903,1424.8340092060002,1432.3904494880537,1439.7468839936173,1445.2835349768018,1454.2642149967367,1466.6025479413124,1478.8495749192437,1493.6265975455606,1506.656957488662,1523.5538927834884,1537.3678635318197,1553.787441010873,1563.8459481191626,1569.6379853394158,1582.1986698629821,1594.355895169575,1615.624026786331,1623.3286928724754,1640.1057438870503,1654.7432328031907,1669.74156056147,1680.9659170458906,1688.5647830961695,1703.2533060057285,1715.2655694034943,1726.9828386082418,1731.5805868561797,1736.467179152857,1743.0765785386875,1758.5973135590114,1770.462792235584,1782.8969225396543,1793.63454854669,1799.8598567123518,1805.7862188814092,1812.6037086904423,1827.3083304326672,1854.490730339943,1865.220706289204,1877.3871207152954,1875.0596919736165,1884.9861929927197,1891.2730696363235,1903.151288486673,1914.3899117931576,1930.827413959992,1940.4175538500244,1948.9477865338413,1947.021980940997,1949.413571356429,1960.7355247957225,1970.4908093271818,1988.0642086834735,1993.8736848143712,2001.994779779001,2005.2906243230243,2009.4916762057505,2012.2457834189304,2021.0735480582598,2028.215458037257,2039.8185821588281,2041.3040791230933
394355,29,"Austin, TX",msa,TX,1494.0165398306972,1504.4811997398062,1504.7376675728042,1501.947431765016,1501.8789466370129,1507.1779320209546,1518.0563879280696,1529.5140960657343,1535.1428761517323,1539.9498236128459,1542.8222423609948,1551.7669465282393,1557.1864531057838,1557.9842955339254,1557.6026281908664,1560.8425707724366,1565.7980914246573,1570.1222031945651,1574.2993464355764,1577.3884128506872,1580.1945241012036,1582.0929559284973,1584.4093433058445,1580.9318470842695,1584.724828512704,1591.163770594039,1604.3913998629416,1610.5317494766796,1611.3352290732419,1613.498118873238,1610.4414847623016,1609.6970839204496,1611.458258102891,1615.4230263920977,1622.5640343715706,1627.0329187740986,1627.111665494058,1629.8937316745469,1632.2037462295098,1640.8225894443774,1646.8187471477074,1651.1956144381636,1655.3733010961687,1661.100580201083,1664.962735366307,1671.98452630609,1675.8907229893234,1683.5435624157012,1688.829040442542,1695.7688838412432,1698.885654186343,1700.1613462601315,1705.9627162103484,1712.5111208398143,1721.8965857786325,1729.3742233942332,1737.5162066146595,1742.5090288040433,1748.5479595164327,1754.3128719925364,1763.0254532169877,1769.03355475554,1771.67369084828,1767.0992052713011,1762.7126383580583,1763.6147338376027,1768.9581748560906,1783.7462934483688,1800.024669282434,1818.8220622532117,1831.1801794858025,1844.8999377914333,1862.7482929001071,1880.9429691652704,1903.3942575812482,1929.9946922420436,1962.0105417606928,1993.2813851977526,2024.4917516973635,2051.6505073318513,2071.1321926319056,2089.7638712909375,2114.510382740579,2140.838262878274,2157.8192800309876,2173.6737807210557,2184.556909219882,2201.6901670398306,2214.1122272810326,2229.678514645531,2242.4150419769767,2248.620264627673,2257.8486431441484,2260.5649708717774,2260.225695118479,2256.275032594413,2255.001599130623,2255.4548248262495,2258.287651444726,2259.2864163395525,2261.2441610524265,2260.1508203793105,2256.414486353259,2256.6452759704744,2250.8364765315173,2251.9392742684654,2246.5174818146083,2243.7667150229718,2244.7595927502616,2247.7671064000733,2252.847527888042,2250.3758326767606,2245.258261969909,2239.8237818093107,2238.6362646110347,2238.3309696339998,2238.7261446339558,2233.2862582583916,2237.15162938834,2239.8307896577003,2239.803554776711,2237.2921020736844,2232.7110264302323,2233.0860457226154,2235.7097582702327,2239.4772478397667,2241.929335065848,2243.3695927565964,2246.7726458099546,2252.729322250529
394775,30,"Las Vegas, NV",msa,NV,1206.145110153122,1211.5771146187585,1216.5686585174867,1221.1701975292158,1225.461161267463,1227.425584475171,1232.6483495408715,1237.1409889202373,1244.5687535633065,1248.765975562273,1253.2234254283605,1255.727150883973,1257.998612822296,1260.290979660227,1262.4057352704185,1268.2200858739882,1272.0026999320735,1279.4840447760866,1280.9757528113064,1286.7676707705652,1289.7117744770562,1295.791952683648,1302.225955370766,1308.0785617559297,1315.6205195775237,1321.724662987548,1327.635123406963,1332.35621130751,1337.5561217100458,1344.2676538587668,1352.7379453993913,1357.973700319782,1363.6546632477578,1369.441484935253,1376.7131362108244,1385.3437207377274,1391.363451778278,1398.293060797062,1405.2206773464022,1413.7959560689317,1423.8765276875354,1431.5304126213036,1440.3896261929501,1446.6384173244958,1455.9094765175544,1464.1795120891368,1473.6916255256358,1481.401242781108,1489.9218612869367,1495.4322899237775,1503.7448147487366,1510.5748133834024,1516.4450636491777,1522.7143177146143,1528.318073868456,1536.7159264438646,1542.9533904640557,1549.2662022337934,1553.6122549127322,1558.7468786971788,1564.078343159886,1571.480514083053,1571.0286889111676,1572.8739707114185,1566.0200522632822,1567.9989041245196,1579.9718800705634,1600.8991513883605,1624.3223412960065,1645.7665668467973,1664.1190262452,1680.6812460155313,1696.0358852276795,1714.2665451578005,1736.0456344636364,1745.1505214351373,1787.0583512549902,1819.0311265392095,1866.7026379377046,1885.775315597097,1917.774297519728,1949.0716693311363,1982.5712921782751,2000.2876435244075,2018.1007881884811,2029.4730733588522,2039.63276758257,2057.6319272626783,2058.3930585338376,2069.218223825895,2066.1255982697585,2069.2789946419152,2058.854289499767,2047.8096117111952,2037.64515144465,2037.3890068242076,2040.2578545458568,2046.5664349719787,2054.8901942450757,2066.033025708391,2072.8912262148247,2073.987643924499,2070.8229899268117,2074.935946669476,2077.951905216799,2081.6274435623272,2087.499649275654,2098.46768438253,2104.6795790781207,2108.504258393624,2117.186755250992,2125.3224930343663,2133.897907503815,2139.317991827124,2148.0597928653715,2154.040789066643,2161.0118979015747,2162.181974753452,2168.8299189049535,2169.4111273316316,2171.667016898019,2174.869398151146,2173.0353601173597,2168.7109756921827,2168.2458793323012,2170.989333521987,2175.2124661256817,2177.099173181671,2180.545477970342,2187.645514017476
394735,31,"Kansas City, MO",msa,MO,956.2341315866672,959.2862671582942,962.9331890726266,964.8396310477575,966.0284555138082,969.1179563469054,973.0605757297934,979.0372494644467,979.6617664667771,983.0442041420358,984.1641698692442,987.195757726183,989.3944274389171,992.4093377022401,994.4396780225467,996.8304042296458,998.4598209937618,1003.3114269769626,1007.7018521656794,1013.5483336609466,1019.709651930522,1023.9845124710837,1025.6433008588554,1026.508945620189,1027.0367248515538,1031.6013689751842,1034.8373717092745,1040.7958906782062,1046.453846587781,1048.3619769995737,1050.7198706358065,1053.0285812890588,1056.7938773066778,1062.8032324632668,1067.9277063144043,1074.3317527710321,1075.8949791578561,1076.8413851707737,1079.1882363055138,1082.3689606824805,1084.729277840913,1087.7397394475843,1088.0186567816104,1091.3766397776064,1096.6157266329233,1102.3977721867236,1106.7772122270883,1104.5964729253712,1109.0657613803285,1113.3314151962147,1117.9001494411234,1120.4625512214252,1124.0812173264203,1128.4052931208676,1134.7934766395526,1138.5903221363076,1140.41589794492,1141.186588114904,1144.2734727173215,1152.0896527065047,1157.3996209685324,1162.445699690733,1166.0377952251083,1171.1622627599804,1172.7958794025217,1177.84770758502,1184.2046475103575,1195.544688591608,1205.6076005583357,1216.5032728097424,1224.930732370708,1226.9633742338872,1233.550876766935,1240.013609020371,1249.828341522416,1258.226823580855,1270.589791037056,1281.8731071597686,1292.4864550220927,1301.5404460485495,1312.0646579863908,1323.4539864900705,1331.0094964641937,1344.558216454814,1353.030819695042,1364.808979974625,1370.6198984880152,1380.0336493095326,1390.5417418698235,1402.462767308915,1414.9251901090674,1424.1313202412841,1433.5401258380045,1438.7371011605917,1446.2959263580917,1451.6413852114326,1459.2510480152357,1465.804329022148,1474.7155916740053,1485.0948117463265,1492.9131240427578,1499.5862538992378,1504.4187976540131,1511.706665519607,1516.6818887773472,1525.049974144822,1535.2164188760755,1548.9889913460872,1556.8340113180943,1567.1134190838268,1573.299780500758,1580.0495875963386,1584.0627130771484,1589.8119832018638,1599.8142990851957,1607.5715392155355,1617.146321684072,1623.914016487434,1630.294792642124,1633.8159586154404,1641.7887064498752,1647.6059869476421,1656.6212031552532,1663.6725895926527,1673.8095869433275,1682.9029340523791,1689.4667427553636,1697.3358486395507,1704.8810401416174,1713.841788463609
394492,32,"Columbus, OH",msa,OH,1104.6637341175629,1109.4700162763934,1106.3857333084006,1109.6752381433444,1117.0582502463362,1124.6142260691997,1126.878038589871,1133.5110648215716,1138.5990634066516,1146.0982335017634,1145.9609931305897,1147.5063163539771,1152.9062363213989,1154.1595255404222,1158.5570664381878,1161.2705286340981,1168.3902013244483,1176.1999365008282,1177.2783220579583,1177.4143139524508,1173.9254873324967,1177.2404529315488,1183.3728024312215,1188.5891119924145,1194.754931613198,1204.1477764075855,1211.8669410981183,1215.3255967459718,1214.0764577594862,1217.3098526377312,1227.1094444589996,1234.8128453634945,1245.5124562275303,1245.8135668839382,1254.3240785743506,1259.3196288660188,1266.7269781100777,1272.1358485244452,1279.9561569041796,1288.7322539964098,1294.8602018212941,1297.2697515046777,1300.9678157803876,1308.2390908289847,1311.8969978232553,1317.2225570181627,1317.7366574090356,1323.3828157081543,1327.625127102036,1334.780932033771,1337.0610970809448,1341.0721490347426,1348.5803617774786,1356.6289767339038,1362.0373098256318,1365.8393072067083,1371.8449499601093,1380.3881051756011,1388.21121848691,1394.1187974413142,1399.7199634309711,1403.668195816452,1402.9570027381196,1406.7017968980458,1412.5150050597895,1421.8017696289594,1429.5892480887196,1440.6208961532473,1452.7172503328022,1466.352199061805,1471.6821113549524,1474.9398228996747,1481.2781934226161,1497.6477092095815,1514.1502765429316,1527.887288308924,1538.554039115795,1552.3895674824441,1564.8446106863073,1577.4510686285034,1588.4440977485854,1599.1414592672202,1615.2428535717447,1626.1507291587293,1640.5444542905705,1645.5603859163712,1659.446002208978,1664.3952952894585,1678.0604823112471,1689.020895753658,1708.778068266169,1717.5531524785636,1727.9517039372718,1732.8723427731372,1744.4109735507682,1755.7515264103833,1761.7314907693176,1764.2077747973306,1767.8032337957643,1782.2999398586549,1793.7824907121123,1801.3580422575485,1801.6288276478406,1812.602546404119,1821.9959353784614,1833.7713705444082,1838.1499802675,1847.6236112020824,1858.7464330535392,1876.154853319792,1888.7922603642005,1898.2762914214154,1903.0793426887317,1912.6174168012258,1925.7646824864278,1936.034223905737,1941.4804833585242,1946.3766496384894,1956.2159517258644,1963.0724720701985,1970.2350143123265,1975.6915215007068,1982.0687177325099,1987.1067012930116,1995.2644290804021,2001.963588541072,2007.3841063417055,2011.6910067411445,2019.9319150963393,2028.248480667599
394705,34,"Indianapolis, IN",msa,IN,1008.24561146862,1009.5079905972257,1011.9493835679363,1012.6348246324646,1016.2583411361555,1016.9583310147009,1020.5276105878714,1022.933486989175,1027.1978397924065,1028.523622450439,1031.6262576273489,1033.8149226009648,1034.7177813497556,1035.1853935100921,1036.7673057366983,1039.930403315667,1043.0518279459616,1046.059772383208,1049.5365342623918,1049.4014731546686,1049.2766874966103,1051.1216695413757,1053.301323357798,1053.7790917235836,1056.9119353096107,1062.1159799587383,1067.2189076840864,1071.632125787573,1074.8414237144802,1079.1880144261531,1081.180533800933,1084.3635213076502,1087.849313791407,1093.8142849626029,1097.4397270358406,1105.0054681998347,1107.6434314359485,1110.940240775006,1111.3725066462794,1113.2976596506965,1117.3166808073893,1121.0731660727406,1126.011918587129,1130.511478647983,1131.0289857335458,1133.3605864294286,1138.2326839344298,1145.4098959124733,1150.0085444468232,1151.1841057877075,1156.9304145986148,1161.6539288896138,1165.4227989248639,1169.0220383280814,1172.800459554248,1177.1880762866297,1184.5724735265862,1189.0700770958342,1192.748159366514,1193.130641483773,1197.5736927002167,1204.0350967056982,1217.5042240245073,1222.4486339194318,1227.055654668611,1230.9158897310556,1240.59272886576,1249.180859382523,1260.5989863916782,1275.8000651008576,1287.3659939594702,1300.292126988838,1305.1080363856552,1312.8814855598175,1318.0590722709012,1327.8715213760825,1341.335903516329,1356.623274244772,1369.3205612238248,1385.7324448815193,1398.5145202136362,1411.292128652692,1421.5511826832433,1430.4355725432217,1442.2277961855298,1450.1089276172456,1463.2441852028899,1476.0148971650249,1489.6325582759378,1502.968136268001,1515.4136666408099,1524.5031411563707,1530.7835370876246,1535.9890647721893,1543.1074222973095,1547.4538576265131,1554.9695700149596,1559.211875005175,1570.8919195386006,1578.0362631081557,1586.1783250020771,1589.7439421669947,1593.4066453437629,1598.908324534844,1608.3285818795052,1620.7331728341692,1630.078568824778,1641.4640017149563,1649.5317956553465,1661.7378001738211,1669.1423775760193,1677.832312194001,1683.605893165217,1690.044195377795,1702.799397200739,1713.2235173222716,1724.4822235151732,1727.9638298719674,1736.694276091586,1745.3932664476517,1754.6493390703313,1763.0927155185943,1770.3148186244555,1778.7683666612263,1788.7058890133947,1800.482601699243,1807.4904100204187,1816.0079251919592,1822.550535302618,1833.969329515424
394475,35,"Cleveland, OH",msa,OH,926.833313049503,932.0889653621556,934.1806800748877,939.3131787186785,937.2757402135802,935.3447323538445,936.4514990323381,944.7724530970498,952.4672629559079,953.327123683977,952.4896703693832,949.4476129739605,954.3717515020744,951.0023967048769,951.6702494784229,945.8560428441672,952.985417793264,955.3059076938347,960.5139290688535,955.1047314375968,957.344988783722,959.056284401161,962.6921567600226,965.0554474971938,965.1852166489738,968.3465789408639,973.743323062423,980.9946777148739,985.5145508921257,986.9037813299171,985.3058260303116,984.757181545626,987.3068228241301,989.7630236724136,993.1969739822816,993.008543078836,996.7261364263127,1001.1746015139248,1005.921481738393,1007.2298763239124,1009.3554960334714,1011.3702103252327,1015.0244065523956,1018.9352584892341,1018.0412039607463,1022.7542183435635,1030.4889375737046,1039.330132599878,1041.9789438096582,1039.1001701201817,1039.4161634928578,1042.9116099330934,1044.788167741055,1049.4502655163813,1053.6816655687571,1059.2943621620743,1065.575542647359,1067.9127032834467,1067.1012604825996,1067.7077900534152,1071.5442845239866,1079.0758466806421,1083.8357540928223,1090.781981382444,1095.8369499214728,1097.6480589247435,1106.534202767636,1113.721932687643,1126.0521766724096,1130.933798683698,1136.4173784775876,1143.7775455246933,1154.4697542397691,1162.404988733944,1167.06286299524,1174.3253132743823,1183.357639440747,1199.6170476193079,1212.3725658387136,1226.0112022242818,1230.2975458630394,1241.65321394093,1256.0423514339254,1273.832599344338,1285.351688028475,1297.4733859359148,1307.8581435268195,1315.3957123114078,1325.560280838564,1335.023096583171,1339.2465437793119,1342.1737380623435,1353.1852290035017,1368.7742835100025,1377.6600654129243,1377.3281568302132,1375.4688657478373,1372.7009926766132,1382.8850477998503,1396.0848070182253,1410.85380778026,1414.7883716529802,1424.5621506787331,1437.4806071573623,1449.405279342648,1452.6641314637252,1459.57105915464,1468.0967861761644,1478.376569070587,1491.9079860796116,1501.8179264287544,1509.5140959268786,1519.467025500619,1534.9984104576404,1550.930458611913,1559.7731536066597,1561.0118822192408,1561.9512499881773,1570.8346227939737,1582.2639196692394,1594.4041046274197,1604.3748703283143,1610.689965019039,1617.666043506563,1621.2914509183677,1626.16482966427,1629.065660232476,1636.2461963580279,1648.4637081019407,1664.191364515762
395059,36,"San Jose, CA",msa,CA,3095.306862151093,3108.220012813019,3139.2588314410123,3169.546292126386,3196.924532273915,3232.80958148392,3251.048890302793,3267.729654893,3274.512779874004,3294.6733072871516,3322.582917545389,3346.4294755361475,3350.4239163704965,3357.4669651506124,3376.575282984778,3372.6247588793653,3384.9041150473613,3372.7598156953677,3375.7161945039625,3350.618670349463,3345.0844390458874,3337.5477779099792,3345.6153209746544,3351.5917649311255,3371.8960325643293,3395.9992417852977,3417.2093391310805,3430.670245326989,3436.060031470669,3444.9047461431805,3451.2589602317485,3469.5845246885265,3485.823551188313,3499.998538621048,3508.8576328796594,3514.3372112543693,3530.426665022888,3544.171099621133,3546.5003317502556,3549.181998554127,3554.717779612091,3566.074000069147,3577.576603396644,3591.664955780807,3601.37176723421,3600.3836942282605,3615.2421407202755,3622.8578194918514,3629.7911938293005,3629.7293170386915,3634.3734588033053,3647.399152462959,3658.587960235396,3667.8057299225216,3674.910823295729,3679.095835051547,3683.389995336661,3696.33581271572,3695.8632289259967,3702.749954128956,3702.450683443176,3707.2465720013606,3720.4658591800153,3714.669795270402,3698.359511700792,3679.9340840383297,3667.635624979805,3658.7251580659745,3654.389132808994,3639.377730686866,3650.996170316873,3649.6582651212134,3653.632223445838,3647.3102601685796,3648.458114387879,3662.280192958632,3683.8755148218897,3708.2950111050855,3733.90240688616,3754.099983839913,3775.4710254511424,3801.2114985889502,3813.8056108874725,3833.9475736516342,3848.8594884157446,3863.5499809384723,3881.503500975046,3900.2729211236037,3924.2986835535735,3941.086147964751,3957.096472174721,3974.3384070886486,3986.141166068135,3995.499460569982,4019.593129056211,4033.1340743756255,4061.7043638963296,4054.434207629175,4061.476754001513,4058.7392808036807,4074.4016468671434,4086.5239103347544,4087.710124510177,4099.597150435969,4118.597709004423,4141.7231275115,4145.111115614053,4155.409398804841,4162.095814008064,4193.8436349636895,4220.354724798243,4236.7509326650525,4247.293051478748,4260.547918650353,4283.660782445397,4291.082090265631,4298.900930977906,4316.290026569205,4334.059729965474,4350.553589592652,4363.074268203447,4373.827728192889,4380.249301629199,4398.482308239389,4410.30302809624,4422.771167781788,4432.793385666849,4449.112893996425,4462.230143019662,4465.647320987539
394902,37,"Nashville, TN",msa,TN,1328.273939354617,1329.0894037067094,1343.9741894924598,1347.736980388687,1360.1817577300442,1366.511462882139,1372.8189842066306,1376.706883201052,1377.7756082175752,1384.507791245466,1389.2662379543117,1402.1166816991608,1410.162890908164,1419.3185352880682,1419.8159713935277,1421.202679683345,1425.978645319154,1436.402086082351,1444.1090884232017,1452.3169142171646,1455.287646182593,1460.119517158264,1461.602680801827,1465.9789819156351,1470.9241178966306,1477.775833927087,1484.9305832870657,1494.178509577419,1499.4672473878366,1502.2244726975614,1504.1386493271839,1508.486672039359,1516.6205446854146,1519.3982830239502,1522.1957801153992,1522.765564130764,1526.4046519584622,1534.9626705940818,1541.3807575604878,1548.7627894703103,1549.93535498725,1550.3178220407617,1551.4699418325797,1555.4840885917956,1560.4643179279856,1569.1608390746567,1574.0743059764327,1579.7557994776614,1583.1325934869217,1585.9649649558294,1588.9718031347809,1590.3606320394795,1597.6684047858744,1605.9203315625412,1614.7204740654765,1620.1217345013295,1624.116315942576,1627.3015835852989,1634.2623135922565,1640.9900067298167,1648.288831295358,1653.2801043280906,1658.064285931536,1660.557922424183,1663.358574628513,1665.5901054616224,1675.0442452749926,1687.068226401954,1695.9361561436906,1709.087604261579,1710.8236652952944,1722.3761906392667,1731.3077516673673,1749.4370770827652,1762.5990311052738,1781.6035899744427,1800.0901042187777,1825.434600233977,1846.6521073372553,1870.7594291091752,1893.4937084702144,1916.188930957442,1939.3544511552134,1959.018468379222,1979.0614552548334,1999.2585454184114,2018.0213280215094,2033.9045162884174,2050.950446091448,2066.057872617331,2080.9564000932237,2091.2502851786003,2102.353949541252,2112.8120765583217,2128.8325697979208,2134.8945318772985,2139.7760821912407,2137.9944676437417,2142.8119977306646,2149.1824930990742,2161.908584578998,2168.1188534534763,2174.5617420446333,2171.920986812512,2179.729289825395,2179.3429018270563,2183.1746613345986,2187.6822727445387,2201.238765061477,2212.0536528787698,2222.3320479691006,2229.5517193342725,2227.5903716454986,2226.468956252211,2229.1666422653548,2238.280371165684,2242.1757320096585,2252.017549940396,2254.5537049013005,2261.5617195630066,2261.7353414258228,2266.5623458367513,2268.7076964152907,2272.5873164792006,2279.903606985187,2289.762089290734,2296.5664589026937,2303.5123297347577,2309.000761299853,2313.9256119569795
395194,38,"Virginia Beach, VA",msa,VA,1265.424919012623,1263.9473392900127,1265.9692372432764,1267.9063859489083,1271.117336235666,1273.1616139016576,1272.3550938191509,1273.8933973567002,1276.4631710390645,1279.6547063390062,1280.7174993958595,1280.57093290957,1281.3896267754883,1283.0605978266206,1285.2387978299644,1286.0273820733134,1286.2233076660088,1286.6725638824707,1290.243174240544,1293.12370867095,1295.3714042118706,1295.4249880576365,1294.7092975512792,1297.652278899997,1300.752620097692,1307.9136839477792,1310.4735039874156,1313.036615624045,1316.4005193737942,1319.3829202525455,1322.644491614239,1323.6502781776367,1327.020702679756,1329.3720863329952,1333.0431250059078,1334.8345301053228,1339.2925670281863,1341.0658675021127,1344.0715365445697,1346.579390969284,1348.6162898078055,1351.0419512024755,1354.995894443359,1358.8874293784672,1360.0074421012841,1364.1393731283856,1371.0607240842405,1377.1243024279659,1380.5363287738937,1380.4600493019736,1384.3197254242011,1388.994518808493,1393.8722053728266,1398.7992562773052,1401.996017950051,1406.562704007436,1412.3443174285044,1416.8809005699638,1418.9795497367365,1422.1260120108886,1426.1554160614146,1433.5017602562357,1434.658572380954,1439.907660299178,1441.9006927359937,1448.4774697537619,1461.3196021859835,1475.2755168371302,1487.2544907686627,1497.8795759290701,1511.5664674102954,1517.6450901343064,1532.674440721761,1539.9579535411622,1557.6052387729803,1569.5632817501012,1583.6471640037355,1598.1675971458426,1616.24817731742,1636.6579007689427,1659.8568400555241,1676.1488914470842,1687.4193165548102,1705.533218412716,1724.63266739611,1741.872398671172,1752.5492112001248,1766.2683704518001,1788.7026482646268,1801.8587243019479,1809.781559538244,1814.1492719969563,1820.5826769842158,1835.813434114052,1850.1325288904536,1863.2860883237345,1868.0712412598066,1878.4865201658804,1890.3039147374463,1906.3308986336865,1913.8974929483697,1920.5287994336109,1927.4761316273207,1934.2029677400014,1949.3911710376167,1959.4825129625592,1967.533842009857,1980.069511064849,1982.7995806979725,1998.351185399544,2003.8872270404813,2013.0593392633255,2014.48551290897,2025.5888750132497,2039.3661308884502,2052.3971443750447,2063.8105128848083,2065.2945380071787,2074.117197233774,2078.3237301742256,2093.7034003023678,2096.4773312800653,2107.209377593331,2112.095448035956,2125.0138479954994,2132.4713764282433,2138.3423655647734,2145.2504339960083,2148.1872807271957,2159.417071013552
395005,39,"Providence, RI",msa,RI,1475.7042909319214,1466.8157872784222,1477.3810614572772,1485.8093427736887,1499.7968660443173,1519.617851857864,1509.80200957368,1517.7536331068056,1512.5650939669858,1537.560998974857,1531.4910242159278,1546.2060015461125,1541.3273637019165,1550.5515062905995,1551.6773676045163,1575.8340937052367,1586.8553037133327,1573.26756310006,1573.7525625085643,1578.0067144617185,1614.354484126058,1611.676116209376,1624.9584158402445,1629.9071287434424,1647.7425151470925,1652.1558193365747,1643.0596748465532,1642.336922013165,1640.4011292908913,1646.6042042494826,1661.1934969522579,1666.3941528437908,1646.906521571588,1649.7809386837391,1665.2418922428617,1702.35495834467,1713.7837346314025,1731.2314771279796,1739.349596532809,1731.5328359403852,1731.352945442877,1756.6895872587324,1768.348695989362,1774.5016312246883,1780.532976414436,1784.9621238509162,1791.6384367264193,1782.4849342261232,1789.0773980871556,1786.9938114371878,1802.8039815754792,1821.5687190441133,1837.771644858374,1834.346118544711,1835.1094993463696,1843.374987758011,1857.5168331437017,1869.232424170004,1870.1090368757932,1873.385057438071,1875.6002171385517,1884.0042557301256,1909.3533521857155,1924.3077313380074,1927.1900840053706,1926.4327495212794,1926.0328163460383,1940.8838684665925,1982.3259544599293,2011.2883125744827,2038.6801794098471,2050.600052976417,2061.0273367235845,2079.3953906001584,2100.6481565660833,2115.72349679815,2142.462709511814,2173.4469927286636,2208.203042050863,2228.4505435893097,2226.7024205631665,2239.872405451749,2237.476091915257,2250.1768760106306,2273.565431319583,2307.2718211402334,2331.882587075653,2353.08900498435,2391.5651685348075,2420.3884534634717,2442.9768198356155,2451.3443117946526,2472.5816193264477,2477.908720986948,2488.731505604878,2507.809804197377,2528.3551343622453,2559.0108761391866,2565.4802383564083,2597.9391015691995,2583.5836481763313,2591.4293133753304,2599.6457237079917,2618.5602774814893,2637.307785190156,2651.166480754303,2670.1426909913207,2690.1899094119844,2680.444771020459,2693.2165416762923,2707.78544038132,2732.184085579268,2745.9883017375505,2746.004996450594,2766.3743069374036,2794.375386023201,2813.732394874541,2816.4503277658705,2834.5145259003866,2843.782459795545,2872.96911995133,2876.127170518846,2892.367813997852,2888.0190604198983,2911.7594867635034,2936.9429229526386,2946.7355242465583,2948.238292592954,2954.3441618691463,2978.621348991268
394714,40,"Jacksonville, FL",msa,FL,1121.2609704270035,1122.52436939528,1123.259015571139,1125.1734254643682,1128.4619182479275,1132.8889403793253,1137.4659499473485,1143.1398502189545,1146.9062966091305,1150.52819605937,1151.5174853285996,1155.0601902995986,1157.4834653279565,1161.460267075543,1163.6860994488648,1166.8435552877304,1170.0138903793352,1172.472722032155,1172.6458966163766,1174.851367930678,1177.7529900640266,1183.7940824188577,1184.9442043189053,1183.855753461936,1185.6641497566325,1191.4956454577857,1201.707562730095,1207.6404563294225,1213.4586789764403,1217.9723660101054,1223.2948737483616,1225.6954961414508,1226.73188479546,1228.4675816763533,1235.1939353805649,1244.6611549806814,1252.7927079078845,1256.4580706748875,1259.6395789631763,1264.83844407916,1271.4862052048443,1276.6222551982842,1283.037167100368,1288.1043989159489,1293.322164184652,1299.1823945662193,1306.5163268601455,1309.4537507956284,1312.4719259531319,1316.35992827246,1319.6923309114668,1323.6519075512037,1326.720796447903,1331.965929906684,1336.4367747343817,1343.093461726875,1350.3199912529947,1356.1142920958928,1359.4804062104183,1365.4751052386387,1371.7189175715962,1378.8752785207075,1382.0296570625878,1386.3425028127506,1387.7766716569033,1391.6243791465604,1398.6729069382009,1410.5449251553737,1423.7835474038334,1436.6820438748755,1448.112155155098,1460.756151237902,1476.1304183197162,1489.4433120439166,1506.8435714358195,1524.582548297058,1551.9356260980894,1578.7036502886203,1608.1318807883208,1631.3407486099566,1655.8777345168398,1678.759879800681,1703.7989659805216,1719.3843062247608,1735.8525511907833,1754.17183497474,1770.9094948872323,1790.8390159657397,1799.0419500341175,1813.9844111464593,1819.0845210022173,1830.284047690278,1835.6481716679946,1846.8770251656154,1851.0284544833905,1858.3329554123607,1856.8607741332744,1857.6080687944952,1861.8571389172173,1866.5429613941792,1875.6471502904064,1877.3525060318198,1882.512613254803,1882.5491925723682,1884.5334907969038,1881.8004637938193,1886.1436800675456,1887.0788139497586,1901.4695589705273,1910.191702997239,1922.057806365424,1926.038890519744,1928.71489865709,1933.224563910522,1935.9342929171055,1940.239980595318,1941.0976210820409,1947.8962924712641,1951.626006656225,1958.0802370454214,1957.6634632179585,1959.8856282656948,1957.82635550822,1960.712703104695,1964.3409741229968,1968.627882059721,1974.3467680605827,1980.078972442539,1988.4136792874585,1993.166278797379
394862,41,"Milwaukee, WI",msa,WI,993.8712498068301,991.212054948006,990.0896961843204,989.0330515055978,1001.5258218322695,1012.0200679202275,1016.9748427993833,1017.1776653549256,1012.3736438373073,1017.9719491330519,1016.6959965484085,1015.9773434761069,1018.1596955125946,1031.964299462239,1038.2460559853046,1038.774919105053,1032.1662112872293,1030.5531685813514,1028.5906771177495,1031.6683779705793,1033.6168206814782,1036.0842356368732,1037.357138618211,1041.0113686699867,1041.7377155848535,1039.967274798702,1041.3503260650928,1049.586055363939,1053.4446436257065,1058.7204012869727,1061.6357100663706,1063.819954546508,1068.7170015350923,1067.7628317869053,1073.5123968055373,1076.6514379409964,1086.0654229156307,1085.776512646938,1089.8294997385406,1088.0656057625736,1093.3679197934555,1095.4430567710124,1096.1409136377756,1096.9419218384928,1092.6495388132817,1099.7186825580454,1106.014731848766,1114.8560115787977,1119.3050119187365,1121.4337789513777,1124.1469226033182,1128.9861127910262,1131.5230519621152,1134.653129374337,1140.0850836416653,1144.620629874281,1152.0115487296823,1152.648899479372,1150.7243159476873,1147.398733253691,1144.719543489715,1148.483825788657,1162.9751896746939,1169.1079557415371,1175.3040017954663,1176.7927804251362,1188.0826069831364,1194.7736559154152,1204.69576837623,1206.985931823884,1211.5824480251472,1214.599774490002,1217.0809229398592,1226.7032612217645,1236.8770825863724,1250.7068963005413,1255.8600972197921,1269.5010908886202,1272.1234466957956,1281.7370791101168,1286.2876188051482,1307.2649463534897,1318.8298494856706,1323.8076468382726,1333.1689460681862,1339.255975501837,1353.8794375031684,1352.58989140617,1362.3814293759417,1367.8835052941868,1371.3476458508167,1379.1625184568857,1385.3372266689855,1394.6421603003387,1399.623970433009,1408.7065179134122,1417.6115578475599,1426.9952025443442,1435.7378916102255,1448.5327984127732,1461.4659049547313,1464.5997799311665,1488.7492588864975,1496.3800543515306,1516.461988536414,1507.433023033622,1521.2999344554498,1527.396481093055,1541.1910325614383,1540.5612257019902,1546.0910870409764,1556.005221264798,1565.518461099465,1580.9610656532357,1574.6555839364169,1587.627530429557,1582.0091595546357,1603.4509209762643,1607.7645182898675,1617.3396835102765,1619.682226773074,1633.4070154061476,1640.4034023478853,1645.004529454295,1647.390279879794,1650.7123154278186,1660.7648341095394,1662.858259783486,1673.3817959047808,1675.9166220023362
394935,42,"Oklahoma City, OK",msa,OK,997.2573756408284,992.156134291996,994.4364614057614,993.9357228311399,997.8708921973408,999.1144527865389,1004.0561854030309,1008.4916424016747,1010.9886444564474,1012.3687102513529,1015.4698000124455,1019.2371039139018,1021.0128634050715,1020.6912335838248,1017.3853000109992,1016.3051038479949,1015.1110197873825,1017.324183811842,1013.9152790826225,1013.052643309582,1012.2206308724672,1013.4544417682287,1009.5278924751981,1010.3759644149375,1010.6435958733309,1016.7328002589251,1018.4934094871259,1022.504923942141,1025.4776281244203,1027.0092540154824,1029.9185353769633,1030.2877223786538,1033.68663938957,1033.2718022590825,1035.4467137834365,1035.632730128183,1039.4821206975598,1041.5852217785111,1045.4211016117808,1047.6589731062697,1049.1845127853792,1049.7050646984276,1052.4979437242448,1055.668006390916,1059.1185623195315,1062.140013115047,1064.6493079563263,1069.0521539520282,1070.7937619441893,1074.0087186674416,1076.290373666146,1078.4403606236394,1081.6274942911348,1085.7592490980187,1088.55447528376,1091.8710297442026,1093.5373530391741,1097.0591536918814,1100.7443932324447,1102.9895495883272,1105.669509481519,1106.9410427034752,1112.9078596641248,1112.4094223991149,1117.529211401055,1122.0545569389658,1130.3188769310875,1135.3088703804642,1142.2082004712559,1150.2258173951068,1156.8782149987069,1167.158762920016,1173.982557090473,1182.8680988313952,1187.598805266562,1200.2470616711194,1211.17598710328,1224.1564905155917,1235.5536879897454,1249.2921139892967,1262.1370871757392,1272.97671686263,1281.8432038426927,1289.784615731734,1297.9320564975467,1308.5601550999388,1319.798012696045,1330.8452492887507,1337.449336068362,1343.9790532227078,1348.6653357748025,1352.431935845581,1357.0803015308413,1359.8261353995695,1369.1017209874956,1372.8699052362003,1379.2267421344302,1379.213506594905,1385.431519834517,1388.8897277509932,1395.7330073782455,1399.8936141895902,1405.5321665496763,1411.0853587593915,1415.1083763375273,1419.1632755582355,1420.9164614294323,1425.9563856210707,1430.6567030061253,1437.8161194117426,1443.0723036461093,1446.2116357580921,1450.9326883372091,1454.3060180029463,1460.6039132813994,1464.7357228572153,1468.615210167916,1474.3726468965822,1479.4151701900134,1484.4961026943304,1488.394480666725,1492.7406395054659,1495.294379162575,1500.4929490890631,1503.654702906633,1509.0112189682918,1511.67104523311,1515.9918260648706,1520.9478998065454,1524.7064792947024
395012,43,"Raleigh, NC",msa,NC,1251.6292622089013,1251.1618003274423,1256.1393869261162,1258.3169566688769,1266.338820869557,1269.1619116957206,1272.4323236500297,1275.4123419594357,1279.9050014438888,1285.6194515670888,1290.194043085709,1297.09180519884,1299.5251450018695,1300.379658730468,1300.7734027620374,1304.9995244640977,1310.0609314971164,1314.9333240325382,1317.3996642072523,1320.373335481648,1321.0500013801181,1325.1914480821567,1326.274367605468,1329.4981127554947,1332.7487124131035,1342.122239139309,1348.592373797025,1355.5594352812714,1357.894810227709,1362.799420725075,1367.0966065606272,1372.3776693466814,1379.6758727946856,1382.6458753160725,1385.2921283688077,1386.3800686494471,1391.5412662121244,1398.4793915196033,1403.928031145276,1408.920082903208,1410.8305865222856,1412.6974301643293,1414.3922747603783,1420.5206951145913,1426.1918670276655,1429.926593545223,1435.3999108097971,1439.9616123724732,1445.943851880051,1447.5089709290123,1450.9450888329734,1453.9301383600316,1461.4703377279382,1468.1426474835382,1475.9371708357232,1479.858114555119,1483.727730079264,1490.688788284034,1497.3281633159663,1505.1707168733165,1510.2512867185478,1516.910277619286,1515.2622086781905,1516.4001986658825,1515.852016702623,1521.3529969716333,1528.5248548371148,1538.871350740531,1549.6312956808993,1561.2796586727634,1573.6489438790497,1586.5670124755793,1598.091107371556,1608.2803906087474,1619.362878666258,1637.7342112012902,1658.5296634670674,1683.9546541929674,1702.663303101919,1722.4872976773427,1738.1867094651527,1756.961204969593,1776.126988968935,1792.6436880631695,1811.323613273762,1826.8180743144137,1845.0359319144793,1857.4355750611862,1869.0410489128292,1879.076278696249,1890.907239534522,1905.413513339783,1917.2871860631153,1926.3035880934644,1928.8821402192402,1935.0838700180166,1939.7366850808094,1948.8436298331717,1951.3280627423546,1958.8155204568586,1964.1168754326704,1970.6208435005271,1975.8961241742277,1979.1388745735196,1986.0589884148287,1989.2469171246942,1989.1530109868484,1992.2757169234812,1997.495917969707,2011.9583784963888,2020.4961099530665,2028.042554323925,2033.271614068697,2037.2952028206735,2041.7631812798284,2044.525982196346,2047.0909597750615,2052.2576107617756,2063.2711821578014,2070.026503543419,2074.932219353532,2070.6367184883957,2073.0574698571822,2074.300769357034,2078.021530140768,2081.8849629992437,2085.3910022458376,2090.16806102593,2093.4226862525616,2096.438314082671
394849,44,"Memphis, TN",msa,TN,965.2444905465586,966.2897510894428,970.3468832528628,968.4060409604756,966.5005965876936,965.2285560016243,965.4966556118912,969.5466596551928,972.0190093700305,972.6940895202282,972.3288338804381,974.0257654962687,977.145603530555,978.5130189873084,979.3525335048125,980.2149503879236,980.86732800147,983.4668823537688,983.6325401964962,983.4762351008138,983.0328352994221,983.8711885641991,985.3595553329026,987.2916034112149,988.8085656386031,991.4556882551977,992.0896633213589,992.9908525573453,995.4216571863451,994.9243977537385,996.6121359553607,997.2698427864167,1001.4199583886513,1005.3836847754819,1007.6741586657561,1009.2304867716437,1009.3686022490642,1011.6108793828761,1014.4174499123225,1018.53625703074,1022.2577488775388,1026.4337371390639,1028.0241780936694,1031.6389138349334,1033.8493732862833,1037.9065805569753,1039.7947951839883,1042.7234374123307,1045.8531212296182,1050.0667759787966,1053.6899197428077,1056.5392485157633,1059.197030500829,1062.7312193535824,1067.8402701775203,1072.0770789200815,1076.0013532198602,1078.6229223356313,1083.88179232939,1088.7820352509916,1094.5600272448085,1098.4994009504996,1107.7157230267355,1113.4571251665757,1118.0129691048182,1124.450806998738,1136.9155158147903,1153.3315594465287,1166.3150857341766,1176.6266604714244,1187.971279781199,1198.5115656559894,1207.442315661953,1215.9382762172618,1223.7566507011575,1238.5494949840709,1255.7875314542907,1275.608164979195,1288.345530549639,1301.4544330534316,1314.8904951826582,1335.2448978740158,1346.3607859263639,1361.2438315614622,1366.4574978889673,1377.8602707101224,1386.6690347455756,1395.114903355988,1404.373750223029,1411.1389660069246,1420.0573638414428,1422.182894115404,1428.7305985204293,1432.2224573283347,1439.9690104315316,1439.6934998507838,1445.4182179900774,1451.7096736634708,1458.3936649437767,1465.6513770620138,1467.2110958905766,1471.7553076933375,1474.2587595753992,1479.062406935661,1479.0214130056058,1474.2388322319564,1473.883831445043,1476.810301378618,1493.7925649558276,1501.0282437826186,1509.1782650280466,1506.6904062989295,1513.7660214505422,1519.71562187617,1527.3906440396547,1531.293692774991,1536.667983433106,1545.8294365833137,1553.1273676795108,1560.8209748472977,1556.327334500349,1557.7937531543012,1558.8290500919857,1567.5878153659187,1571.4233432521166,1575.0136766896512,1577.905686384472,1583.7853479379748,1589.7114627953,1595.2483289605195
395022,45,"Richmond, VA",msa,VA,1156.2441305255877,1164.0123756208754,1167.3373688193453,1167.478891954541,1163.0906557653218,1167.169219780948,1170.4449319064047,1176.0780921680187,1179.6059305213216,1184.986754244566,1187.6701563517606,1191.1982211541842,1193.550908528309,1196.3375084675993,1198.3650594460075,1201.9298942426049,1203.201228408132,1207.1464900044057,1209.5501030737664,1213.3467596542187,1215.231158303527,1221.416682766852,1222.037539139604,1226.5845936341234,1228.826442936129,1232.0295392068383,1239.2017578297166,1243.4928550727204,1254.8142236851677,1256.3930987656336,1264.5030466273006,1269.3152866628975,1273.4044008886162,1276.796104795755,1282.0686713367388,1292.4835780302262,1292.0611785416377,1299.7014691238628,1298.0098725395553,1305.2793150754217,1307.042279161931,1317.539617031539,1320.5747017034557,1321.6955660800159,1326.6827617807962,1330.798533097394,1338.491951941445,1338.126797337485,1345.7029046144905,1351.9803108731294,1360.6490870253745,1363.5458527396845,1367.8260490957832,1369.343788971694,1373.7677155665383,1380.9760342492536,1385.9872244827882,1391.0028855046912,1393.4941721820303,1398.730194214193,1403.6662467677663,1405.2604002116936,1413.8051177352947,1418.3912244002738,1428.1880330652812,1431.4679625192507,1440.5781486329677,1452.0291248796639,1466.6719537959834,1474.81167290182,1481.4594479529085,1489.2591516127818,1502.250699936022,1514.4589152281585,1528.5630519138124,1537.750711849829,1551.1331961925437,1571.4854437134827,1590.6577501653428,1604.7890790071865,1612.6571025507124,1628.4614577429793,1650.0832105656116,1676.1014136168826,1688.872868220194,1705.9703593161973,1713.045311779139,1736.012913342569,1748.819530020375,1763.8923111087836,1777.4443640180339,1793.4090563253797,1807.2661350438968,1820.1924943202512,1830.197619832506,1840.3727199678478,1844.6194429927425,1850.8079697404632,1861.9737900687737,1874.6093453329433,1890.101238416499,1898.5164011052761,1906.0139562819893,1912.1417060095923,1930.0333412661687,1943.473802150352,1954.555294506492,1954.1683961001615,1971.973614659752,1986.207326664656,2003.5477340094278,2006.797650326493,2009.5372999431565,2021.2206619092335,2031.6399883437196,2046.2089494274674,2044.2860719788682,2052.5710691546888,2060.160969886027,2075.356871281312,2081.7512186742447,2088.5960804336064,2092.2949281293054,2102.43538797652,2113.362848517742,2119.8135797637715,2127.8173934491715,2132.5962649487797,2144.574089281858,2150.4835119266822
394807,46,"Louisville, KY",msa,KY,914.602730033736,927.4263015602213,934.2011748566382,935.3352093190383,931.3821769236771,933.0865893599185,931.0964158702493,933.4657224456868,934.6776488085773,939.9168348242581,944.3622923330191,951.8054172614802,953.4332859521442,952.3494422661785,951.8118261582555,957.8252342424975,963.2832320440427,970.6511027008204,975.8780989154847,984.0105249845997,986.5599926376377,987.4228760464205,991.9110398562891,996.2205975038274,1002.9333170698516,1006.252034909,1010.6980318398219,1013.4230319096931,1015.7000482281852,1016.9983985167135,1019.582294065008,1021.7153856650494,1025.5482458334461,1027.9080094844687,1030.8227776821966,1034.387878164436,1040.3316014261836,1042.3517174520643,1046.9224240072824,1046.7336596537316,1051.719633914592,1050.620536165512,1054.3966345557799,1052.9350661922788,1057.0552484141397,1061.4239170189032,1069.7795571661436,1077.6052920825327,1078.5655347781403,1080.7002660200726,1083.804413085921,1089.979376574384,1092.3848755795254,1099.1970710726655,1101.9472231989387,1108.017083102078,1109.8104137640037,1112.1548969419414,1110.071547469592,1107.8615562674145,1109.2111529160477,1112.1414636851016,1124.3399719568354,1131.142486342622,1133.7689523008576,1140.3775298731678,1148.849806610471,1158.6106244442444,1166.8581519038735,1175.1994423703093,1184.0860688794842,1191.8949937335901,1193.5276919563453,1198.2112514412825,1203.8079265098959,1209.871590484509,1222.2870193914368,1231.089820522389,1242.1383003235917,1249.5818535589995,1260.3071006388784,1271.066861212558,1280.2629422398095,1291.3940735823778,1301.7212445072948,1314.6174062716811,1326.7544824425454,1338.9605930609582,1346.457143527222,1353.001625891046,1361.3545311885216,1374.7252835022095,1388.1854054241269,1395.9408410131068,1405.9120752385595,1411.6703997521195,1425.1481150829286,1426.9384253271005,1431.5992835831978,1432.553101951626,1440.4677769564719,1447.5868261595174,1455.5481492091665,1458.5133446649363,1465.991769688579,1472.5450888294365,1484.5535012426335,1490.892658634958,1501.2472844780934,1513.3469473665682,1521.5824362757273,1532.5483543121268,1536.3105718648303,1547.9395706667412,1554.7053182566272,1559.2986687395287,1562.0298459908427,1576.044826349741,1578.4205586320452,1587.0020809081525,1588.6059946494952,1593.9490658161349,1600.73292906827,1606.8770233983591,1615.5374015093478,1618.3649648105486,1623.732693093468,1631.9777461219335,1638.855952042885,1638.2551989676988
394910,47,"New Orleans, LA",msa,LA,1238.2298761033148,1249.5930739452197,1255.0041586461687,1280.7117765957319,1269.2007862783748,1272.156290714768,1262.8904533784207,1275.0752284608463,1282.8091817817449,1285.8306298949055,1284.5222832250568,1273.663053124147,1288.1730747314105,1288.4175457491256,1307.150927930946,1295.989138687348,1303.2821798308698,1299.7341471726745,1302.7698941220556,1293.2512624753467,1298.1426909526126,1305.3186341749163,1313.593922552208,1313.9310664162738,1309.8175761129694,1310.8459301088028,1307.077130548451,1312.9878446824553,1320.4361784900318,1323.0187757910958,1327.9650690076057,1328.1407884149971,1331.991610894225,1328.8228026029315,1327.685670615302,1332.3247948527685,1336.6707367970762,1341.6113434942936,1344.3799356096038,1350.048102433306,1347.4749408210628,1349.6394506929703,1345.5049107783732,1352.2558468323348,1353.0918375976291,1360.6063727193275,1357.155795463455,1359.548118808105,1362.4396233327718,1371.0440695489883,1373.5823112215155,1374.7180380203636,1378.9418595068291,1383.6974504219768,1391.2450488124318,1394.685759092691,1398.1201815529582,1399.5323672574634,1408.3510511044728,1411.803175022149,1415.222358908647,1413.5160497167049,1418.816769576092,1424.145234502421,1426.878553102538,1432.066517049551,1437.0416827154606,1443.8750161698122,1448.439726480369,1453.0350985469324,1459.0484402695583,1468.211358703921,1474.7826510402108,1482.1811703539902,1487.8787084937192,1498.6943131669295,1512.6187611890466,1522.4109414681075,1532.6458177484265,1547.1657987069004,,1603.831227262066,1625.2248004276876,1626.2628694947712,1646.9021933983502,1658.440667446775,1674.8759913486886,1685.8074188902237,1693.187818291262,1706.9430639101909,1717.6249286653403,1725.6544684385196,1719.597012722668,1720.2866056027738,1719.5719222106632,1729.0834093597318,1726.5243947380927,1732.9561993158682,1735.1057108026228,1743.788056826737,1754.8142015828398,1762.6151116255103,1768.4350180225908,1774.854933174645,1774.4115689701825,1780.3294414545185,1780.3653086300505,1789.1370259645214,1791.1094556234254,1791.4135036686803,1796.190473657451,1803.3316761652986,1810.4124860862692,1812.2944189264583,1814.7004823571947,1821.80429915727,1831.5939415381172,1838.237901065975,1849.2384797833868,1851.9374051245147,1861.099724568632,1868.3629895564497,1872.75760069419,1872.600209371519,1871.5138540526264,1874.450989735758,1878.0791793853805,1877.6517839040982,1880.1361123110942,1880.2013340509445
395053,48,"Salt Lake City, UT",msa,UT,1347.5299592388815,1353.934921127048,1371.9773626254598,1389.2503000716058,1394.7716232463313,1392.7093797318978,1396.0619002579404,1389.0623754938797,1394.2343866590425,1399.3972340292844,1425.4151610573338,1439.5608883732007,1451.6275773716568,1439.9836442408684,1438.8532669127915,1443.0816932185546,1447.4168175525451,1453.5131962363225,1451.2381312593225,1471.3363571700959,1473.9504734891877,1480.6112346725722,1480.9926568200997,1482.3835026136364,1490.6618412323248,1504.1642541885863,1517.1240891976524,1522.685750916856,1530.9139748473415,1539.8776039486897,1544.7895088709913,1549.4450874334616,1561.740930799293,1573.3931907900883,1566.832703003454,1567.7113208903465,1571.8747616908697,1588.9522017329148,1597.3394352930638,1600.9067204708645,1601.4168436836571,1604.169866867332,1610.2650028144003,1617.9475677813934,1626.8780373281184,1637.964558834888,1654.6884332249717,1667.681766777447,1670.0805256892875,1662.6529090629754,1665.2580981285178,1674.1036939168187,1684.2455762912434,1692.05101087871,1700.8099877073325,1703.606753627308,1704.8457797927795,1703.6030072203293,1707.7626004202841,1710.9893619064167,1719.214079884598,1727.9038025402647,1731.673596875798,1732.2699777081568,1740.4588412199598,1752.2127262285278,1763.0811721698713,1771.2042510195674,1789.6882191037544,1805.7061331369398,1817.882788016902,1837.1278044573687,1863.404405457464,1901.4896931142587,1917.243395299621,1932.2198023463918,1947.205398063924,1967.7849017165145,1996.9108397448294,2018.2422910939324,2042.87013586189,2068.554662721302,2104.3678035106923,2131.4338620777608,2145.7999250243042,2151.9058539472353,2170.262681564238,2193.255760459013,2216.2074544320935,2229.7066352367824,2233.4100509344466,2247.345487597593,2257.1416820436193,2268.744884953419,2277.418391745065,2285.7821665685506,2281.2816438174423,2277.8639126445614,2283.749325628773,2305.0927212947336,2310.971270940475,2320.2029154861743,2323.0221947179075,2331.9450217395074,2327.113703062401,2333.8737169665224,2331.3637603995194,2345.1146969240353,2356.6817490141952,2368.1240873563374,2370.529303719323,2367.7531482618574,2372.999763137638,2377.376255558729,2387.20305212441,2394.43727844516,2414.338953474561,2412.446735904063,2421.8206035775547,2419.4753205850534,2426.77359981232,2434.1882039234183,2441.251713061037,2442.8383534594923,2445.1651135660727,2447.527610805836,2449.721706373689,2448.165042675037,2443.546465208686,2448.6193404332294
394669,49,"Hartford, CT",msa,CT,1460.4000829230465,1457.6695172439008,1471.7014366263493,1482.6317295789697,1481.8410676428925,1473.7495617549173,1476.6729541351074,1483.2564173046462,1497.31185246957,1502.7957077222443,1495.8039504627584,1497.1619878018166,1492.480929321546,1504.3200995962618,1502.9390875037916,1499.139729339767,1502.1842564447443,1496.8675399437657,1500.3057318058284,1502.050596116987,1509.164048555334,1509.2066863659827,1514.541960619373,1516.6700736614675,1528.4096739089596,1527.1283479688555,1533.1981885643365,1546.7095692474747,1553.867653031736,1548.6510520361144,1545.410437354642,1547.1495428806872,1539.594364014949,1537.950450421838,1544.0660554393476,1556.2575502756742,1564.1623871639513,1565.565332420306,1568.2361933631787,1565.235485839395,1567.599215689999,1576.0865858446427,1581.4264416176495,1591.3156731621366,1599.2496696862718,1605.9308383228508,1605.645302767326,1598.0674665474721,1594.2769035105978,1602.9854945274462,1605.9764471336882,1610.6699694174722,1613.673724152652,1620.0862080349154,1626.1641810493977,1626.6941775483388,1632.3218444659765,1638.0277462610388,1645.0210788502593,1655.512132631331,1663.915990952502,1668.6241272679963,1671.8986936286576,1669.7116108236758,1681.501253207811,1696.2105164683715,1700.6911560255446,1715.2755328006913,1726.7630381690128,1750.471373678446,1754.956370621261,1766.066313780107,1752.7293531173061,1759.820204907823,1769.315580316298,1802.786293149749,1816.4721200140352,1839.3978965865301,1859.4212780250948,1883.5908943350448,1896.9670579567603,1908.9841561960488,1960.5457495109679,1984.6553489138787,2016.885916629349,2008.004495859976,2037.0839810577656,2036.7833459621038,2063.9940909150955,2059.025043289664,2087.775913564643,2095.1863835527965,2129.778180971738,2139.9865637094354,2133.3340297472896,2134.2203113679907,2146.684547064095,2195.91319775361,2201.4792824155506,2230.732060670743,2234.7512357668943,2262.6452395029382,2261.047908323756,2272.3633795246205,2273.2269667197697,2292.6794255010172,2293.3763626489954,2317.2295209161075,2340.9133817741076,2347.613300209087,2360.3857081471197,2363.457532551817,2382.9163264882714,2393.058610466845,2398.347320295633,2425.6878704256696,2443.6250352437633,2456.3488504362736,2481.8903329835753,2490.262407438888,2490.4654613289604,2492.27557904071,2502.657525346223,2513.1620776470863,2517.116995147942,2521.7229733836066,2536.260608589928,2529.819886647207,2528.6956037462273,2525.830227743271
394425,50,"Buffalo, NY",msa,NY,1001.6072144403646,1027.1642573499478,1036.4281470267651,1046.0129299087278,1045.358159308534,1048.266830782564,1058.3378604964844,1067.0489596342481,1075.7723557689533,1065.6589305712746,1065.2517787682007,1061.39750528644,1058.888193214063,1051.5038417389521,1061.0293649176995,1080.76563570466,1082.483552310906,1085.1285281366586,1071.3630249974728,1075.7009133746674,1071.50459895763,1087.6684819249226,1092.5440939365728,1097.5617743148905,1092.8807273998764,1099.6252721892818,1100.6240129754538,1104.8994462877288,1105.5410265359499,1121.3128221984289,1132.4568318689082,1138.5983584073056,1138.3303565578124,1136.122864078094,1144.5379338863106,1153.805044830998,1167.272692975318,1175.0019049022558,1177.0746776660737,1170.2266566318954,1167.2389446890932,1160.7078617791667,1172.2724506095947,1177.1928990303536,1182.363022701179,1181.6020409078276,1189.2378089679837,1196.390297907514,1212.4285815608794,1205.452274791654,1212.325786250031,1221.7728020118348,1234.3957074098173,1241.4773702338637,1239.5519470186243,1241.2002779418233,1247.5490573252355,1255.2327957471246,1252.6091632893638,1249.670792213351,1239.3616809368016,1247.1815927040823,1265.5142373759447,1279.507806944402,1283.3613050736083,1293.6728889887545,1302.718072919744,1316.7316820267768,1314.396960099317,1316.6564057862092,1316.6967439086116,1330.4446169417445,1346.274777042392,1376.6194535392372,1384.2487334382429,1402.1829271504218,1414.9270237552223,1434.9573826481405,1444.083618052353,1452.1842229120712,1470.203297279889,1492.7009651240214,1505.8819757625677,1516.0958475724033,1526.68371185672,1527.803526357416,1532.896017793478,1533.4159001351757,1547.2503744787175,1558.579085750061,1573.6184324564558,1578.1926254402047,1597.2734877554744,1597.0330953353864,1616.2897709992135,1619.5296306397345,1645.2792120907864,1646.7174521971617,1657.753664064795,1661.428796445592,1670.0183628519671,1681.6262196838525,1698.3165735302164,1716.4893493081786,1705.114850708489,1713.9953184467126,1722.7459094271371,1736.853411828273,1738.7187168213259,1751.5834322302408,1768.918424703814,1776.9191006147264,1784.1616182015678,1773.9671327037559,1757.7688018904346,1772.4962778282857,1795.4548644099252,1816.5182528364012,1818.034723426589,1823.43815170986,1825.7251095453123,1832.9800344150385,1830.8033645059397,1839.6297811971656,1842.8583299192876,1857.6234147049727,1873.2249474546504,1865.0325270140636,1860.6921051575848,1850.9130890395256
394388,51,"Birmingham, AL",msa,AL,913.4057443636808,917.1703844810435,921.9870387004239,923.6241395092163,922.1620608248217,922.2240615050663,923.0194605849838,922.3753853805479,922.7653982994902,923.7449679577527,927.0264034831905,931.7646370585044,935.6632584979752,937.1066944325452,933.2902275580358,933.0834566744854,933.6763243855615,938.6219570576029,939.8664249605488,943.496771247033,941.9667931410978,943.4087243400195,942.9509995890164,945.3737403934672,945.7441765235942,946.8098091001195,950.7777020853341,954.153693028565,958.4519644349599,957.5958413964878,961.996832892736,961.9746998536491,970.5443466109375,968.4799489448909,975.0267590932339,973.1485622100099,975.5364780602357,978.7940778698135,985.6881952360008,990.8763135607879,992.7506680834431,995.5462160791855,996.4258600622609,998.7417764805314,999.3430259335069,1006.1629166955516,1008.0402796587653,1016.4486585516976,1017.5131380774278,1020.8540218524315,1020.6432456228298,1021.3826351620297,1024.1549498559582,1027.7901433984339,1030.985153055507,1034.7513928214173,1036.5147093526443,1038.007958323454,1039.271593156599,1038.9153450799072,1042.4492341895796,1043.6110309847618,1054.042127099714,1059.5641385418567,1060.7517041106103,1063.5796644957813,1069.8259037015453,1076.0858701325897,1082.3298714887983,1086.9324075920172,1095.074351010503,1100.1882438788411,1106.838864060265,1112.015876702919,1119.8297804939,1126.3800696085273,1138.6228583532984,1146.7904057289409,1156.0192940868124,1167.634323682046,1177.1835105247121,1189.8548574593094,1191.9108536578292,1208.8132206929117,1217.5117796497618,1227.9233053180465,1228.4059197324561,1233.6581898496252,1238.933946435541,1247.594926241353,1252.8536901503312,1259.379168922262,1266.0809585518036,1270.638700764379,1277.7621230079203,1278.6889969920787,1284.3120465385637,1291.3314636706673,1299.0832011680684,1306.6436023551337,1315.4838355628438,1323.4274459557046,1333.850338245404,1339.269785795989,1346.331574970704,1350.0841139562413,1352.0347378811107,1357.8019053290188,1365.7092170879105,1376.8310932628544,1386.0742978384158,1392.620991849467,1396.599003959068,1401.4684325541098,1405.355270880966,1408.5341792606357,1416.0723469093953,1424.2344298253472,1434.9035291050163,1442.438450328785,1447.5992475921353,1449.046051649711,1453.7393906665445,1459.5828677385314,1466.5848081991578,1472.763843728793,1479.1894251740853,1488.370385425311,1493.211319415306,1499.530128855037
395031,52,"Rochester, NY",msa,NY,1071.6715856823296,1071.8294886478636,1076.2855382590265,1086.6193373616259,1092.5661651498515,1100.3811980620446,1094.905663626593,1086.697859930021,1088.8468733060636,1093.0039991142282,1108.68515042007,1108.777798484021,1119.4266073608771,1115.940062397694,1129.8203236008058,1127.7665781874514,1140.2973508082628,1134.7978674706635,1136.1483522127041,1140.0047193277908,1141.0467940305075,1145.8365852280692,1142.8526813188262,1149.6155682126548,1146.6827397901636,1159.311055662122,1163.5217529844804,1165.3735714177765,1158.7087234371857,1161.8507402452217,1175.6857064985447,1186.472275501322,1185.726399481742,1186.7025598309701,1191.6052044549058,1202.7960777931476,1213.8517370369982,1209.7452998880096,1209.2732190327376,1209.3809040139188,1218.9211724282036,1221.120244434373,1228.4388652841235,1235.14514573443,1242.468460176277,1251.187326092617,1249.4485732203973,1251.838111920999,1245.8599287988939,1254.9833942685063,1260.47422189288,1270.1478256578007,1274.0951735151446,1282.8742194694137,1281.2046004705214,1281.4355304836909,1287.4924255947365,1291.215415603049,1302.726687181823,1306.6973240190507,1319.4133339520035,1325.2892365248476,1328.9779235521278,1328.691963694186,1338.602894512776,1338.4598365113852,1352.3885109575028,1352.10372064371,1367.0583094385759,1377.291599572396,1400.906629391181,1414.416182082712,1421.7342604974806,1419.5769842801699,1423.6634721714147,1438.489679443097,1453.4443949876252,1467.5484371172354,1487.362403974552,1502.7110203957814,1503.3818888844967,1509.9799451557121,1508.6693386783709,1517.9257246631612,1528.6485099681947,1571.0754541510457,1600.4180499133884,1608.3543118105106,1602.5170683699935,1614.488844812594,1626.4105227017296,1636.9678530457097,1650.2989633897403,1656.2357137800568,1664.5303102818382,1683.2600781429435,1707.9450999669539,1707.4573691674013,1697.5859562033916,1719.295794569369,1743.4549866289885,1760.760038021507,1746.592173528805,1763.711408937077,1791.8528456274078,1827.000563399386,1835.425762168305,1843.3056182062473,1843.481409528784,1854.440406650879,1857.7389402463978,1867.3549435838331,1870.9840901174712,1879.3384501094422,1900.9387462094985,1908.2430520736623,1912.5594907382294,1917.7817129633422,1934.9661967320812,1944.2359690886,1955.703765833249,1964.021665412941,1985.7830777609095,1989.4073189843068,1998.951892644185,2003.3255340203932,2012.7955045716508,2016.6307682226732,2016.13950853157,2012.0318138651473
394640,53,"Grand Rapids, MI",msa,MI,977.7765937387778,983.893781884416,989.7153179449939,994.8467638682484,1004.874087678328,1011.1455904099269,1023.044976045741,1032.3612303897437,1044.8780107255575,1054.2695226727942,1057.2489881066306,1067.1750400280357,1074.3423286389875,1086.9307409436967,1092.7332450589136,1103.4688185483753,1110.7200353359117,1119.8350121273559,1123.6565659408336,1130.4146265230952,1134.5463779249756,1137.3535951200347,1147.0335515470838,1154.6809815463073,1161.2282419364994,1170.6819868637353,1178.6280359541263,1190.2239229517463,1196.0655010934172,1203.6028196311654,1206.7213712770026,1207.7945101612759,1206.685429714106,1217.2509297502352,1222.5689788621278,1230.5809764478972,1231.145025197635,1231.412722594624,1241.4664757971887,1246.490587535437,1249.1618485232107,1249.272936648797,1258.0769322814297,1273.5877405785081,1283.1060106204613,1288.5571333820083,1292.4902657205612,1305.2883508070915,1311.0871890612486,1309.7346227553564,1311.0002330749774,1313.1136535795324,1320.6636663753916,1328.954843091003,1333.4163730958776,1332.8352313545972,1338.446143601308,1341.4826388766714,1346.9044713652652,1344.1508069093848,1350.8568128903491,1362.3994567514467,1377.6314982339304,1381.2558122481892,1381.9454021469774,1389.5162271159197,1394.1318760613208,1390.180958687472,1398.143758341953,1421.1054550873173,1444.050545029288,1454.0491988949755,1449.2425868461878,1462.5626279597839,1483.3208641874025,1494.2771568245025,1506.2392361006152,1517.599672805829,1543.5844221473703,1570.6802041090552,1592.056982895562,1583.554291520461,1604.7729096124597,1628.4746899804709,1665.322374471771,1665.8651333385346,1666.6006981013516,1688.4427503403606,1704.8004170566273,1717.7921763879945,1726.8437198360496,1742.4801156804263,1752.3067170465283,1763.563030341269,1755.5865764487783,1753.9092840282779,1757.8801746840654,1767.2940430025437,1781.7145216630602,1792.0416848196055,1810.2378783463357,1819.5268675890586,1830.0274315904821,1835.0415352996645,1845.061343411197,1858.6385414001156,1869.4113495372244,1878.5056841113594,1879.4453167477316,1882.616930906348,1895.3191856394774,1904.1809907326642,1915.0563721148917,1916.1743205342536,1917.7196209319377,1924.91649213948,1927.0475607819171,1946.0405138714318,1960.631744049427,1972.753918003094,1985.5142743805584,2000.8855097520075,2005.4620724279139,2010.5107465399396,2010.9095600120013,2024.3391034321958,2037.1601951110833,2046.652168438018,2058.8589733443014,2056.06530814215
395167,54,"Tucson, AZ",msa,AZ,1009.6869427126404,1011.5436787501671,1012.8109107533772,1017.1358118137316,1017.8705991609997,1019.0098569562766,1021.0412907576749,1027.797956832815,1030.0999201636769,1031.0125510324283,1034.2793997880794,1038.4453153201962,1045.6755300455225,1042.3716941470843,1043.2688541564378,1042.1720585945511,1047.2916000238997,1051.7237893802803,1054.0673034735717,1057.884439349383,1060.3689256121363,1064.191437798963,1064.4460488399918,1070.1554210649792,1074.171019623031,1087.4629865594893,1094.560410953518,1103.2604133807072,1107.3361837839334,1107.3903057354362,1108.6582734228748,1106.048595361031,1114.1933118423162,1122.1763241158258,1132.0255570325803,1132.6529301098112,1134.1258933016265,1136.2229547844138,1145.9902693963804,1154.5483711012562,1161.8789741454798,1169.5845211168764,1176.2671776550212,1185.2999968128813,1191.3909629138857,1195.3055944130324,1199.342236986404,1213.5617334179599,1220.6615966123009,1227.8638220261391,1230.5329295580023,1233.8877517286162,1239.5305992451013,1247.1967206110578,1255.572166556581,1263.6660386839606,1268.9393681028785,1275.790206173034,1282.2938616766141,1284.2361178657773,1291.7434862811212,1297.1312122420916,1310.390859741514,1308.8680391142789,1311.259031020372,1317.050317946674,1332.3636077929286,1344.706772839193,1363.9763002446282,1383.1307459072957,1393.754095330562,1404.430959945053,1412.340440497808,1427.2041283836252,1443.7030660321602,1471.2281579380863,1497.3303927209927,1517.3076306075804,1532.033202338078,1563.0120727195995,1591.595158733808,1612.9458051357276,1630.88112394088,1641.5532113165789,1659.625034325246,1669.168571513511,1680.808725906823,1688.155820247332,1694.9198274907665,1706.7062231856,1712.7860760130843,1713.987879559443,1712.4588263128635,1707.47125339916,1708.150691399344,1713.9866535536737,1723.5410074949737,1736.3417071878134,1744.840429998013,1752.2392402577677,1757.3558341181688,1764.9750996371772,1777.1983705795578,1780.5067537767427,1779.33511751947,1788.3414471858312,1791.6786751280895,1806.521533186226,1807.4871811882317,1812.3694992126934,1811.0608766072821,1820.5986983062764,1827.1057600467486,1836.0252146189107,1837.3360346036272,1837.5401682553904,1842.8778048787583,1848.4877615754338,1855.8269689131746,1852.4753069236008,1855.9538567657985,1855.797767049132,1861.554349511489,1859.489878253146,1860.6128507085557,1857.3691024448165,1858.5348558480478,1864.811055116921,1869.4400663427043,1869.2104146545619
753924,55,"Urban Honolulu, HI",msa,HI,2190.3690782975223,2211.964113403647,2221.6872956905827,2190.449002658007,2183.6721067813633,2188.34890811365,2212.4531755631233,2221.207926137908,2213.788019461349,2228.727630393426,2242.6181755198913,2259.5876403811803,2247.8940174768522,2223.904820671785,2228.3528381594574,2247.275463471482,2274.4682582617106,2273.4299362665706,2274.3299736527897,2261.308968441957,2269.4823016008268,2258.2512345648706,2263.7726193787666,2258.9353300212993,2281.509851044456,2297.8224976535166,2312.8210851258386,2332.0747246852975,2317.5588341213233,2317.5317592161964,2308.8098738165622,2323.4579739893666,2331.705264199317,2335.437445579398,2342.3026551553544,2348.891230214655,2334.148861895002,2338.1977100578238,2328.8050411746585,2335.3906288176554,2337.647898106965,2356.415442494998,2363.279395529561,2371.122615569351,2370.186728831033,2377.176973180427,2386.59062582364,2391.875283406242,2398.627250682703,2404.7877989066706,2415.5646986884103,2410.8360004705996,2423.5816390538866,2422.4856458989134,2433.8039098969116,2436.7992330263005,2445.9348249003565,2455.0037801857716,2457.459484006899,2465.452972256751,2478.2845661655087,2484.3451103690663,2455.0135951022366,2447.2386318813683,2450.494962086458,2461.5535235646853,2453.320329453408,2437.6881262404772,2443.8103831684,2442.419452435383,2469.1429069826545,2486.9869700798936,2517.8971355686767,2547.0981830763126,2576.9430426182953,2604.3584022221094,2623.733200811944,2647.9137101115525,2680.7671774506402,2722.2674820539896,2740.730698611967,2766.121133447071,2777.7236231809416,2797.1689282956495,2795.223589625911,2813.3632358904706,2812.5913610469447,2823.7161843024287,2820.543099970519,2842.85296064934,2854.7905187685033,2867.938006660604,2872.8385841327517,2872.3611822817793,2869.6052782062047,2880.9231143274606,2904.7508252653365,2906.9617801721956,2931.147972980983,2925.8844837952925,2944.1026194332426,2928.1960362469426,2936.519566740239,2934.0215356451804,2948.638465414237,2973.5654493399197,2997.47454319584,3004.3212822164473,3004.780063406666,3006.5094418859235,3032.2259936646738,3055.3524512186173,3067.472812966264,3070.1524519210725,3079.8910982606285,3097.5885411162676,3112.8597126510927,3121.749719209509,3129.798769144466,3142.8308170369705,3158.6685921635,3180.1755780637354,3175.3402645754404,3184.9204817886116,3194.415701535326,3222.771130942413,3235.0193092367826,3245.7795579891763,3252.075248428883,3258.885192797949
395169,56,"Tulsa, OK",msa,OK,981.4454955229318,984.7964186364294,987.5924601611572,991.5192331032491,991.2178865288475,989.7318764374252,991.5745698194737,997.8313915865278,999.1906420499729,999.4688895661078,998.078873034149,999.5963474407106,1000.0573820090497,1001.0696461690438,1002.0447471725531,1003.9698524040093,1008.1020115326871,1008.2035595129653,1007.4322579641057,1004.2741122875309,1005.1940315731642,1004.1439747224119,1001.9721380833205,1003.3041818841399,1004.6664620898258,1008.6194446642576,1009.8435756006568,1012.385697819976,1014.7192780579664,1018.4598467238745,1020.4376135837791,1018.6131722308718,1017.8650533827727,1019.0902129615737,1026.0209333682799,1028.3383641773637,1031.7367344590273,1028.6653016776556,1029.3548302611025,1030.4593308918604,1033.628856950972,1037.299649206067,1038.866614923709,1043.3378263887346,1045.7282002964635,1049.591180360711,1049.2739360172152,1051.8850478267502,1054.068541719635,1059.1485124376186,1062.687716075712,1065.1573864936045,1065.9866710293925,1066.6630939889455,1069.9870828962785,1073.3489815025666,1077.164161158293,1079.3880588666016,1082.342264194055,1084.5848521054172,1086.6982687762777,1089.2701163021147,1097.2837397445965,1098.3423560616006,1103.2955367716554,1105.1322565434002,1114.4179618678359,1124.235368160283,1134.9630770101612,1145.5730220136777,1153.4522943138168,1162.7385073179864,1174.6964643192948,1186.8329943812103,1195.0444402088006,1210.0858364846267,1223.7724617363758,1240.931460815774,1253.382332076236,1267.6653427104393,1284.214974068459,1294.343431934695,1306.8463338026925,1318.628597108535,1333.1851199521395,1341.7154241609321,1351.148816924259,1360.1112065865386,1367.9776506270707,1375.8369182069032,1383.467929727934,1391.362756831081,1389.042328344249,1392.5648552582338,1391.5995264893454,1398.117738878674,1402.6944592486814,1410.1709410036908,1420.846815469433,1427.2720058106693,1439.67057519613,1448.7315359285965,1454.2982477832436,1456.1078406394554,1462.1495211544222,1471.550489041283,1482.3500236907564,1488.7578778376037,1492.4628202377894,1492.3057209109081,1492.4028525117194,1493.3905993032186,1503.0469093247152,1508.055985848148,1511.9905257987898,1516.1638795464373,1525.696873299727,1532.6833237327505,1537.9227182772756,1542.3520840163324,1548.7014145032663,1557.4549679971542,1563.990866114983,1571.55818375265,1569.2703347388465,1571.9078572514593,1577.0281802179625,1583.3593352826888,1585.0648905969451,1585.593585174626
394619,57,"Fresno, CA",msa,CA,1259.5487648702704,1264.3376462087206,1265.7434190408983,1267.525259846364,1269.3106667303598,1266.8290476596262,1271.839062867883,1277.383321325419,1288.3468857652865,1296.2488804251288,1301.808377569343,1305.913556522972,1297.5912183211915,1303.219738769525,1314.1822724397755,1325.8442464359875,1328.064416234086,1332.1936562825204,1336.6813052868881,1343.0370924716005,1349.6390790640316,1351.9834001982463,1354.4349415624888,1357.075478470914,1370.3495231228394,1374.1211417024488,1380.7111377459746,1387.5926313093905,1403.1832252060385,1414.1362268943394,1417.1967636603042,1420.823801342721,1426.6293124137858,1433.1835425162196,1441.196863402669,1442.8776224648002,1447.3855142067387,1448.0896572878646,1455.6518730472385,1459.0757387359313,1463.8678324513505,1470.6280453449954,1479.3282799973163,1487.2271582127912,1487.0543878478295,1497.34495181441,1508.1069187384567,1530.4212563203077,1531.6873929092224,1547.260245326029,1553.3350334410313,1562.3190217043352,1567.7472584519098,1573.6883058341364,1581.7861725373648,1589.6858562408208,1602.491867848626,1607.250854966852,1610.7222498622018,1607.8964897372682,1618.0047257262172,1619.9948738842957,1632.124170707846,1615.840884616672,1624.7753285376627,1641.6449994997158,1660.1327155907213,1671.3223627732116,1686.1368404084003,1711.7737903421544,1723.314162110511,1744.9546910083593,1751.4035661173932,1773.7726383250606,1792.8562281627874,1840.5551861001643,1871.791453012859,1894.0018576056104,1913.042331383112,1941.565759412579,1971.1437910827456,1984.281682435307,2018.4943409763937,2031.1017975407558,2059.747022155096,2057.877841451199,2081.2780043462235,2086.7080888612136,2104.3356136306356,2112.2177711132463,2116.81556570569,2116.6341303123872,2120.9851786559393,2136.2577946527213,2144.3000134755744,2173.351536783316,2183.7983094381093,2206.0678972627607,2202.8488442212497,2204.9837825928503,2199.8974156193235,2211.517371467621,2228.737378847811,2250.970000024291,2257.1183950393583,2261.646027184445,2269.8367551700494,2281.4199846898123,2280.2676628176814,2283.830798504104,2286.046944818227,2301.0125450729583,2309.5471797021364,2324.139387380859,2329.3192825418287,2330.676287581733,2347.4760560778786,2354.603884988749,2359.4668506091984,2354.4557377510873,2364.9759229787664,2370.8820137879306,2384.1066084175936,2386.3265544108203,2394.0770020387135,2389.9182083421065,2389.870629966672,2389.8109445102796,2383.7733202289915,2383.115471485037
395238,58,"Worcester, MA",msa,MA,,,1454.3600230575055,1445.370361276246,1431.918432798296,1424.7562016435481,1426.3968963700006,1448.739610797988,1443.7093704680183,1432.431423632647,1436.7511174034887,1465.3054181933408,1499.0394116839075,1487.4182307894578,1467.610564624538,1458.1173625757147,1479.7582676887012,1500.1694431061235,1524.7966916329522,1534.9674463140188,1536.5431075775095,1540.226660545223,1541.7249126449813,1538.8050737769363,1530.8585507789041,1544.341283622076,1547.41372563896,1578.8199999408064,1601.498741578616,1599.9527238353503,1576.9558333205757,1558.875920154358,1576.1568551517967,1596.2784550376255,1597.328672283842,1598.4658391214007,1585.289074632207,1589.4309752489382,1593.6930244896762,1597.3718555575028,1610.6069159451936,1611.191553832559,1618.447152394034,1632.7036196686824,1642.1240727278291,1648.2643651087883,1662.900984297731,1671.527500417412,1685.8045944722194,1677.5431831541366,1689.8434749438406,1688.7419734645734,1679.1233040594525,1692.4952667503292,1710.8886209871737,1724.8959651854932,1728.5638793646967,1734.2439473014372,1743.9037798311801,1759.3254409930125,1779.8804565356202,1807.4169543251455,1804.7016340320565,1780.7042626663556,1785.2633248432137,1793.7095110964099,1797.8678015854032,1803.4138260392365,1801.52712925506,1833.3956125319535,1830.621786360025,1871.445534182592,1882.2292140000045,1885.181595610614,1886.1701879776779,1899.1118223357778,1923.8777237454756,1934.2186197184378,1969.5976363984087,1989.121724525673,2020.9003122576878,2033.858384204275,2070.5711344477713,2049.2500923842413,2061.14895254076,2061.2374074575846,2116.251109602001,2173.3675842564767,2218.71300604328,2240.1571591603374,2224.010797065967,2238.2147482403225,2259.979728992577,2264.8347770167757,2292.226545985147,2314.7093960301804,2346.2821389457117,2350.22952566672,2358.8094270036304,2357.022030081191,2352.617544994686,2358.9448646682986,2406.136371334725,2416.3476548777776,2443.453550238683,2454.6096646946385,2456.728470172502,2470.0752002344116,2475.7767500150353,2523.1643102080866,2537.894334855741,2537.9911478415374,2553.9392752763897,2564.2864246734703,2579.9284163305533,2575.4933708822864,2577.6867413010236,2603.179960809977,2615.3834219752675,2633.6087167220226,2646.1654858825336,2643.023470983025,2649.944048335089,2672.797369438275,2687.4469844223145,2706.8459466578533,2708.0711671067597,2738.391747131121,2752.6219952296065,2761.3192959001785
394938,59,"Omaha, NE",msa,NE,1125.6017493285146,1128.6539914874013,1133.5950602777639,1130.8042509820075,1137.0353557967028,1135.5636740378743,1141.7854026038597,1142.3510816930748,1141.9715512078408,1142.2698199633599,1151.1140077960276,1162.4560775649777,1168.5752972821363,1169.7336186146983,1167.7953593351199,1169.2153222974157,1167.2312290947173,1171.4111390537955,1176.19321665915,1182.2254671311127,1187.0819927426728,1191.5233217858504,1192.629392317069,1195.2931363249488,1198.905401470605,1206.3444218833536,1212.4975117379663,1218.8574588250137,1218.0005571956347,1221.0997867571234,1222.2478692540233,1227.1637528977412,1230.4020132663438,1229.9790748950131,1231.754116317938,1232.947750495569,1233.3850125011038,1237.91694750633,1245.6954254496382,1253.37517215166,1258.7522818813545,1260.606210976938,1264.8492530128674,1270.5714215957644,1278.8904257451686,1286.3999321735212,1287.6314926249436,1290.7333728418955,1294.0084406291783,1300.4790936933184,1301.5337572649617,1302.3670943109016,1309.2866212486658,1316.1161756498225,1321.8846706647423,1324.6785805972231,1326.7493067805626,1331.496029978869,1340.7050354142539,1348.51533882462,1356.8133798434383,1360.1147521206963,1366.6336220321352,1370.3722051627801,1373.8999880524432,1382.2463005027512,1393.246127176779,1406.6190250904606,1414.241180566615,1417.924381292151,1423.3103455052235,1437.7251539005006,1449.8767186668533,1459.1830495908753,1464.045770813671,1470.4294762102102,1484.0795697860979,1497.595249957752,1511.2622262624338,1518.7331360082317,1526.9950392857004,1540.165964195711,1552.8501146097562,1560.4022169520917,1567.0901801169332,1577.3371758711482,1594.4705770419032,1611.1356545270742,1626.5838044585737,1629.7566539697625,1639.08141921853,1645.3598105991177,1666.3937050627794,1674.2653944964516,1681.5050495923351,1683.8048241716185,1698.7716962568957,1708.606158647476,1720.5940503302625,1731.715157599658,1740.823756773534,1752.73574794806,1757.5763161415803,1774.9425431174636,1780.7955357269307,1793.1408954796646,1798.0804396582391,1811.103360170424,1810.63226561792,1816.6536708753765,1821.4542005845124,1832.739970944694,1845.6610747346958,1856.7973842746928,1869.096336599064,1877.739055128806,1880.9154006192946,1891.500276359946,1904.9993511819953,1914.7548388776981,1928.0717833349674,1937.473784759888,1944.6170663645423,1946.3417805213785,1947.159426122956,1949.9931408792193,1953.450478256803,1953.380035250088,1959.2071500708187,1957.593747347424
394415,60,"Bridgeport, CT",msa,CT,2347.942735185372,2365.980390732786,2379.3333343485165,2362.8628641911773,2353.4202663494043,2350.730637737184,2374.124428979896,2402.1380856234405,2410.4713657611856,2396.117485963943,2394.0483136926523,2395.6984548543055,2424.3522216499937,2413.6794002034053,2418.7380341907096,2419.347864920947,2428.8030570581373,2431.396429997017,2422.500940765093,2423.927247983936,2414.840780212394,2447.020490674015,2443.2545458909713,2461.5592775515292,2439.022295681098,2459.9420542601442,2467.915759122427,2490.3945827135726,2505.8939981558383,2496.4161739654014,2500.7994654276245,2504.8189975350206,2512.1558414533956,2519.641151919343,2519.290476211899,2546.5570860744356,2546.4883267308123,2565.683352875298,2559.95166222616,2566.1829288428617,2563.930186661084,2589.9661903723722,2607.7831129115843,2601.731989972853,2615.9340971106344,2615.8366459715003,2644.831723444708,2640.2888889378087,2649.7218554087017,2635.096059201394,2650.070537582328,2650.511552166686,2659.0290368210844,2659.1307877100057,2660.419998615274,2677.8272338161555,2680.7580099155593,2686.53553868568,2681.152608724686,2683.2278903314136,2696.0941678664585,2710.0194427167253,2780.7204230689354,2801.0150948978667,2836.234605591959,2890.065060421354,2931.31957494809,2980.3939538136883,2986.4726214729467,3039.6253466823364,3054.4618320467625,3097.9068366876595,3095.267270133205,3094.7084429379643,3111.7469205300854,3144.218695368347,3198.693171239834,3232.314383995819,3271.4788873679777,3272.5018329057316,3317.0218750477698,3326.630181281865,3384.2189860389326,3401.13482023748,3442.7673207365438,3460.6156345463573,3516.5091070364037,3557.447813778221,3596.2427277859365,3591.491598631888,3593.6258723539618,3585.775774066147,3607.3615371675805,3616.765885237763,3644.111706650708,3668.0347737060833,3704.638128029821,3737.1418957852093,3743.816407203868,3772.3629466123116,3766.063314261197,3790.6056003159747,3806.4777237613785,3857.671773691326,3852.518237045929,3878.555294556672,3898.544034344522,3940.4484861850106,3912.0943920017025,3928.0391717866846,3933.1371048958777,3967.2082253966173,3985.2754966095326,4020.1697841898404,4042.235504434898,4081.1558258347895,4066.9774157538436,4074.233254148506,4076.7913646895636,4072.094014791296,4111.520270468916,4124.251433854478,4149.624459748447,4143.8041280088555,4168.2413159442785,4173.8691270357485,4192.202369196398,4182.802081739339,4235.113734542444,4259.838988128675
394653,61,"Greenville, SC",msa,SC,996.5655731612275,1004.2702201875038,1005.4197556830522,1015.1819759585,1018.7695878337111,1028.1818361860837,1026.4258538972322,1031.3541273506369,1034.350591459079,1036.122596105125,1043.9007338181434,1045.4200543131747,1053.588769349098,1055.73108707795,1062.0310341915767,1058.8107990381186,1062.2702390763272,1064.748689984893,1074.829814285058,1077.3457690457647,1079.6754824201996,1085.5020640281566,1090.633885762493,1096.851010437204,1097.2139858444436,1102.5309285987812,1105.6814833617932,1112.4316092618142,1114.0005439848549,1115.4578825527901,1119.3740686588833,1124.2416852260822,1130.213752789063,1134.2501881332591,1134.1708180088672,1143.0171959326324,1145.0712893207944,1149.3940705963307,1148.514823199025,1160.1159263277111,1166.302486225175,1171.6698972998995,1171.3257407214844,1178.3927018983154,1183.9001787372174,1190.4451705629097,1196.9756826405946,1197.7920156818318,1203.1334267625052,1205.8659537856636,1214.2552285095423,1212.6267853493982,1216.6541260285471,1221.3203845063204,1227.85546002528,1229.4397881401846,1231.7302378797667,1233.4768245815867,1237.197866800136,1240.722769741902,1245.0044912696285,1249.247707594125,1262.8822654894154,1268.4827755094893,1271.1580700594686,1271.8854325415737,1277.2168662507731,1292.5419010168198,1301.2075290343869,1309.713626502484,1312.466198947786,1324.8728619099795,1331.7811909024424,1339.8509967550428,1348.8256547265048,1365.8516560520738,1385.3934143399463,1402.0900925965004,1413.6332647145564,1417.9498588474164,1432.1215684046836,1447.6747017880532,1468.0787396620135,1477.4108995047118,1486.5123097808512,1498.2180115667961,1511.041063803408,1522.914341434286,1534.9729590722477,1548.050939633248,1565.1109296952934,1578.8182777776992,1589.317938181712,1593.3970434646208,1588.6442663503428,1594.1323428219775,1606.7687456835663,1628.135803708836,1636.7242380848509,1642.7873662818638,1644.4907435897458,1653.889420905449,1659.9759158653721,1670.1954655450031,1676.3517245804296,1680.3038949592371,1694.5267526802775,1701.5994952844844,1707.728704129327,1698.8334016277763,1706.7692219302842,1720.0842309784557,1737.052120062493,1748.067354953279,1751.4167410011382,1753.8405277541112,1753.2344219866277,1763.5699804769138,1770.2137929572482,1779.068651947712,1784.9481876511265,1797.2148805362751,1802.3569677988758,1804.2868196032243,1805.2968716768048,1806.8547635289538,1815.2872182505707,1823.290089752653,1835.9200446313826,1842.28226774366
394312,62,"Albuquerque, NM",msa,NM,1110.640633122833,1115.6480836301564,1122.2303026294258,1124.581892340093,1125.5857381759984,1125.237137818492,1125.0174185954995,1129.300033926674,1132.2305085821251,1136.7333226362339,1138.0712046894168,1143.2285131218841,1144.06801922836,1144.463531482093,1143.2070048778041,1148.4434619819417,1154.4455197508528,1156.9652158698177,1157.0125227733042,1159.605681547759,1162.5943388834055,1166.7554264477112,1168.999751794796,1172.1137927004631,1172.917501556046,1176.850573217193,1182.3424250881067,1187.2324125682708,1191.5230097471376,1194.0509065095648,1197.0523290834485,1196.8806612749293,1201.7360376261888,1203.804254805393,1209.8803851899233,1214.0706697795624,1222.0910891753874,1225.5425032829073,1228.3197892149008,1228.78689175773,1230.8672406590902,1234.199497338073,1241.0177052106592,1246.0812763056783,1249.3543050182036,1249.9034270325594,1257.2848919639512,1263.130063594537,1269.9785993173177,1270.5460212054597,1276.2411020750562,1283.007063041582,1288.9412288816054,1295.7837384856487,1300.4332691978266,1307.6252849241419,1313.8951337727492,1323.710572323238,1326.9519133021095,1332.4132502494022,1336.1427203969947,1346.829813174218,1355.8848933346355,1359.6963864536037,1359.5893270388294,1362.9861090932632,1377.392127039332,1396.7727379271819,1417.118385363243,1432.9589582877068,1445.91085461858,1454.1128910013772,1463.1045787619719,1474.1410783135448,1490.602005912821,1510.0297809515955,1528.627830458567,1552.3070886622052,1569.0847798477569,1591.3337545654397,1610.6030908829187,1627.2023514780358,1640.3817740194715,1673.5188778488575,1697.3490329781766,1718.3749680812227,1721.4839197559904,1735.871469648675,1753.3025939922281,1762.1343097082495,1776.4024038566843,1780.2249498371398,1792.7539559116262,1797.9944105559375,1818.8689672926992,1820.0320223717495,1834.2145724728384,1833.036675746479,1854.9526376550573,1869.9017469847615,1886.462374265085,1899.6021121174122,1903.737093102012,1917.2849181102747,1918.450107675996,1932.9321212136977,1940.6238868961848,1955.3866428526428,1956.7094867855324,1964.4928379869546,1960.9558128239553,1975.523994607535,1979.6688088967583,1986.1499371720013,1989.1502552228442,1993.1273188883056,2007.022363064396,2008.5691512296326,2010.8914807743886,2012.9710252704147,2020.4365715883723,2031.0033537372965,2041.8396709311883,2039.227921798425,2042.9234506474522,2047.9639039214694,2058.9903209051477,2066.38771631228,2070.2221297444153,2078.3474341333804
394357,63,"Bakersfield, CA",msa,CA,1222.2301021853366,1227.1172112369813,1232.8000431707342,1233.3837731258677,1240.1205775040023,1237.937588322995,1243.9884035472153,1241.6250265498243,1244.2826042256083,1248.5288484309838,1252.0980902306032,1253.0223188242758,1254.194141383057,1255.4558697126124,1259.3066730315545,1261.517355670088,1258.8023123232933,1264.0602972263302,1269.318244188582,1276.5795256672397,1276.2110214623224,1274.079593171635,1276.3982256633856,1283.8183883259753,1291.9682383148095,1297.4864279847263,1297.5834076016479,1300.5958784267289,1303.7516259011013,1311.205846611077,1313.404786393473,1316.4625994988492,1322.120090790841,1323.107983982307,1329.121474539657,1329.7905819752386,1335.5831851885437,1340.3221875959919,1343.3972914538037,1345.9932489826888,1346.9020655303495,1350.1236063441293,1356.2840242771676,1363.3934900092074,1371.8350925346313,1384.0065482078576,1387.2018405399276,1392.6799646067059,1395.3130479786623,1402.883419934612,1411.7978069003866,1420.161446256751,1430.7433200549162,1435.8919512226262,1441.230110591955,1445.2179464876065,1448.3200814716774,1451.1973471822369,1457.6853968453895,1464.100971974366,1469.933912848869,1472.8788244884806,1483.1022176403314,1490.4933233170366,1491.0279643933463,1505.6451293279595,1523.442869474958,1550.3018648149475,1555.9123384491966,1573.8793380277796,1583.7761601467328,1609.6981366219507,1626.805792382508,1638.85468581998,1652.1630656129155,1665.6232402008945,1703.8638769163986,1731.390211750463,1754.2173953116899,1779.0657524861479,1814.079080244573,1836.4320701626143,1862.7009092113603,1879.8275002293888,1900.6452825260835,1923.8360964546484,1939.319010748385,1957.8463951297251,1967.7047022390675,1979.8274461694566,1996.490494121448,1987.208485798883,1992.1962829004397,1996.9446240412237,2002.5938918188008,1998.8293932178299,2001.7030383425283,2011.7869484140583,2027.928521884884,2042.465791207163,2042.7423855049076,2043.3273058170716,2046.459547283773,2062.758557657553,2073.247913197113,2081.074672406165,2085.176235807255,2103.2723049008127,2104.5472649025696,2114.952829491963,2112.310590677957,2131.6292271569546,2141.3108183762224,2155.7728083053153,2154.325065590959,2170.659305687383,2167.5243949264554,2184.3297599073467,2195.166249976772,2200.407523000948,2214.2057642505592,2216.0101530841316,2225.8485990016557,2217.8371331244025,2224.9195264275745,2227.3249070563,2239.168594924913,2235.0843036252195,2244.637610646656,2239.589415145989
394308,64,"Albany, NY",msa,NY,1299.7152460229456,1314.4566795680112,1314.3541223980044,1300.2335171415955,1297.8788359506689,1308.5111403337717,1320.976192191626,1324.2653230851315,1312.6684222764206,1311.8384403161533,1310.1084497448933,1313.230273747392,1311.811702737093,1313.1989509688592,1317.9371140406074,1324.4238860490873,1335.5992051845535,1334.6427956794794,1334.5634038715602,1333.0407309395964,1345.9042454926782,1342.2670536852656,1348.4977104048849,1343.0444709842247,1349.4634956871516,1349.653964091313,1346.16608225674,1355.9523598124754,1365.6174269428343,1369.0299207086148,1367.319981348685,1376.1930622966415,1380.7539552749415,1385.364364807399,1383.4496353975162,1397.1132613879888,1403.5838518981407,1403.6840767181925,1418.4111493476496,1422.1075774243805,1437.0204851753795,1423.090465286172,1418.7858777471938,1420.5167793071266,1437.2008841885606,1454.5507260144182,1452.3712255119942,1445.6786479446353,1441.450240982879,1452.3582797537445,1450.5262559975724,1451.0092109566076,1441.8783576942578,1460.066400146524,1473.7946941906796,1478.4596155602503,1471.2693907093328,1466.8511669442744,1478.716272463788,1489.0781704006051,1499.3509645041388,1502.7505339374543,1518.761368786566,1528.1924684948203,1532.2944970808617,1513.2960983113474,1512.130450478091,1534.8778199828685,1559.6190695370572,1584.5427200839406,1594.1308887612063,1604.2645163717932,1612.5449658849743,1619.0517706552341,1625.252281775085,1623.5150657096142,1636.2260660294064,1660.993549909006,1685.755370866359,1688.9469810596238,1699.261334155239,1700.3833568471905,1727.737315079171,1735.0405336173828,1755.3567000677124,1757.803098228229,1770.6124636904835,1777.491136478532,1786.0609553952988,1797.2807272699065,1818.6924852208292,1846.066289454378,1844.758313805573,1857.191277180344,1843.477772687648,1872.9086477209844,1864.3243238210123,1884.1443353798643,1874.7883096494634,1883.713469955661,1899.410618122593,1907.166209096916,1926.4547467398456,1911.758785815131,1939.5208078349513,1943.9015228172282,1973.1728709069448,1964.9929591537405,1997.748432463532,1985.7506649818376,2012.7807664517854,2010.6472007189143,2043.4487191669791,2046.7453318489029,2057.884743551722,2045.660621524705,2046.9835715149504,2056.26729176726,2057.1129770295342,2070.373871011688,2068.767028841066,2092.0399575253837,2098.1248387027695,2119.696090657077,2110.2046440955905,2127.6915591873794,2132.124943219991,2172.780561564865,2188.5276756296653,2208.797222222222
394753,65,"Knoxville, TN",msa,TN,965.2846743098755,967.2267258932046,970.8364984690049,977.2748259300485,979.3399091434296,983.7728872597137,983.7383498113911,977.7824616066921,976.0826561517691,981.4716661206475,995.0649058621591,1002.821175913115,1009.3263692787469,1009.6783084360113,1004.5528893667055,1004.2076442461748,1014.8427588104543,1019.5471359275044,1021.9678379446052,1023.6770856250743,1029.1691275989697,1029.4198988469304,1027.150381471786,1027.4841689058742,1035.4339780397218,1042.781224699577,1052.8650634206622,1052.1529123260052,1053.9471369948446,1060.077754917349,1068.355947615276,1073.2184742800039,1079.4112943816851,1085.2426267122446,1090.3705051391532,1089.3739958878389,1088.2443782321766,1093.027610261829,1095.2927288580001,1103.406682454285,1106.1485571843666,1114.9255025505997,1121.7260817633855,1131.065232105902,1132.9723168859875,1138.3648904448314,1149.7459501232593,1158.7102483860774,1159.4649853814385,1159.4367887060164,1165.05870969465,1170.752056157676,1177.5227497578987,1178.9059720012212,1181.8974328633833,1185.3629817549443,1193.4052873131013,1200.2093952981597,1203.3822510985658,1211.6502421695593,1225.179933649245,1237.0668813335144,1236.7510019854556,1236.6144797605718,1240.0439640393877,1252.7911887406783,1264.4743970507081,1275.828819433092,1289.4921869013785,1303.8339039125353,1321.083426915185,1327.0932279041585,1335.1607307791255,1344.825938090823,1364.193843517646,1386.4205578381598,1418.5589542889677,1443.1032509998652,1469.536378382368,1488.3401055064398,1515.3032257087207,1541.2031338343736,1563.6525808610104,1585.3877895557923,1609.3989661285304,1631.942540308776,1656.422433239126,1673.9664429661782,1686.0154138832004,1699.8283622673807,1718.8118480211904,1735.9741329187866,1742.6126972920297,1753.9930778504904,1775.0196054819787,1791.9216965138505,1805.1721550922887,1813.3297023343628,1823.052837568599,1831.100158831236,1841.7281957633868,1858.7607513076591,1865.2550849158185,1878.9546440127212,1897.197415755258,1916.8578136844021,1922.9073148363789,1924.4546066367757,1919.8181726062276,1936.1034039016124,1944.4694970823434,1963.105890998464,1971.2444204864616,1970.8865297312375,1974.3104266874159,1979.2296054389078,1980.1634660720815,1980.80789316444,1985.0875260017015,1995.0503434241152,2010.4732860292186,2011.7336952665114,2016.688561422839,2015.2816937445011,2020.9780314730465,2029.304445312594,2038.3502585301833,2042.8110742037848,2049.743660117971,2054.8400364797085
394367,66,"Baton Rouge, LA",msa,LA,1221.0806281976768,1212.56148607478,1230.7870400085465,1240.972135645786,1245.299098354677,1249.3602784019135,1248.2047634797736,1260.6832280682895,1255.342995478308,1249.3566046673275,1234.6474947661193,1239.271052858306,1239.397511982543,1260.8620018890686,1268.1431475923262,1284.4356709103147,1284.5572455413744,1294.2094086059692,1288.2400149553087,1283.352029793049,1292.8612728183336,1313.036491986792,1336.7713343423316,1347.6451204067398,1346.6875552493045,1331.294240539327,1320.431441547013,1311.884833391019,1314.8546578226883,1310.7450159997002,1315.505731859528,1320.0431763134377,1322.813996007066,1323.2394482586467,1316.143720326072,1317.4035996855819,1317.392370843159,1324.7113150649866,1323.6785320334602,1329.081898595877,1326.2219178515684,1327.2299505249537,1324.441988689307,1328.558229081887,1327.8993829142055,1326.6823883358625,1326.8840332387033,1325.5536863967059,1326.981855911559,1327.8947621160764,1334.7723088711114,1333.9672551009585,1336.9447697117866,1338.193482522147,1340.9425784727869,1337.888510571055,1336.9200152044286,1335.0662648376394,1335.1962922675032,1334.177618338466,1334.0418722650709,1332.571081609977,1342.1784677127662,1341.7515873350137,1349.0607883712817,1352.2707671110072,1357.492945987474,1364.1734374106345,1370.0995510438715,1380.3907224291268,1383.0431908785804,1381.1267234443205,1386.900099633111,1392.8563277688618,1406.1818153502059,1418.0473326824913,1426.727256263525,1433.3014954416592,1437.9870674590304,1448.403147001669,1461.1650227981286,1472.5190616143507,1477.352674638182,1492.7718218161071,1491.6366642963656,1502.5171054674909,1501.0936865358694,1508.016684075473,1513.1593529522816,1524.3977332851075,1537.634209050187,1542.070442466677,1542.3811136826603,1537.7750825891985,1546.334156824887,1549.3045696279498,1561.664678684567,1565.7865565516402,1569.172315231661,1569.2791264442003,1567.0017975422218,1569.3967753557383,1567.904478495684,1570.6234405032874,1574.1011044713628,1584.4900192410066,1594.6301714799638,1601.543346519996,1607.8079665653431,1606.9673210444944,1610.2907897359387,1613.465451024278,1622.4860079733678,1628.1155567314063,1631.6991698457023,1639.0031592355633,1647.3734270251243,1649.2035128947282,1647.6066263155144,1649.1388208455112,1649.6324650328595,1656.9931312084846,1663.6441292907555,1670.0747147814893,1673.3576828313428,1675.4424460177106,1680.3753356618263,1681.7669333448794,1682.5375870804908,1685.8272030651342
394843,67,"McAllen, TX",msa,TX,,,,,,,,,,,,,,,,,1231.0616381574239,1225.6246232079502,1221.7595393010204,1229.5592706280995,1223.3125420891538,1231.2273313973853,1225.7431307722445,1228.5153188011773,1228.819935712959,1230.9401849544909,1232.8758257639952,1223.7872589091212,1219.3247272873346,1225.914243353271,1231.4531093650496,1238.480896896024,1246.841218149387,1246.3223331695956,1249.9990741472343,1241.139371804243,1248.0460751589824,1250.309445308284,1256.4351896382998,1264.2699660797298,1256.6080325937971,1255.0880934808106,1249.6635374737543,1251.8441823270532,1254.0796695319934,1258.915330107703,1262.9695900806162,1263.2104824127084,1261.9268837331558,1265.4742539101044,1265.8010086272122,1267.9106749629877,1279.8483949064218,1283.0892829780307,1289.66027969128,1287.5367530449953,1287.6397423802098,1287.3775667391517,1288.0241247483793,1296.1744172123697,1298.6057269666026,1299.994025973951,1313.6405880970767,1322.3876915890196,1317.123195005741,1312.3532088408524,1318.8411267318586,1333.4253078355832,1343.9132698205744,1352.3762017490033,1357.7211505882844,1377.040568949331,1382.3390330620866,1396.6694618212061,1398.6389427009758,1416.334577889279,1427.2273058952278,1439.4577301663678,1459.047728035977,1476.7218325935357,1505.8198404960247,1514.031959367596,1534.4706313311333,1535.9583453409684,1554.657667323387,1557.1425670830931,1560.3060029747492,1571.5262601398763,1600.5055918869932,1619.4366667254185,1616.5610622307024,1609.99796855695,1607.7174953410845,1612.404989917187,1618.5164230243745,1618.9711877730751,1633.8305599907555,1648.4599575048635,1665.3935706857574,1667.5269781963466,1660.2951905783314,1666.3302468059096,1664.4921126436245,1673.858865109523,1681.0173456090058,1693.6873860607081,1690.093810709374,1690.5366525009968,1681.5018646152596,1687.3213476729386,1691.8688197956303,1705.9967560346186,1701.8174889456675,1694.1931363868691,1699.543353058816,1707.9207165147823,1712.5756236628663,1710.8148895260133,1717.70068549062,1727.4876754135855,1733.7634707431837,1731.5545706379974,1729.19233002473,1724.2410514370276,1733.8546223914411,1741.5232933079944,1746.9858159212245,1745.198450751086,1745.7784770535063,1747.3118537256469
394908,68,"New Haven, CT",msa,CT,1635.7677186971262,1623.378768306806,1619.2748476265099,1617.917152805059,1624.982008536457,1623.954264476144,1639.2184830265182,1656.4757326073213,1662.4181159230457,1657.625336128765,1652.5912667991995,1652.2467063994723,1654.8145150646683,1664.8430925714897,1674.6228406623106,1684.1871426652328,1689.643489412657,1690.3244944897453,1681.8709658047621,1671.7117017518588,1676.1603087577182,1679.8410802334652,1692.6818816617608,1684.9848536952632,1690.9889347372912,1689.3449360837303,1701.9361685550489,1712.9113192639609,1721.3335438183042,1733.3247547915803,1740.1784126084292,1743.984621399511,1737.6245700610941,1730.7890209449915,1730.772824343822,1747.795189714434,1758.4470501040198,1770.2641400855173,1769.9653188719908,1777.5552780702824,1775.8549836291504,1778.3106851960968,1781.5520299313193,1783.779870449553,1787.6312628395165,1794.7539925378342,1790.7027167807955,1800.417877072397,1812.3989741926598,1825.4504121944153,1829.9053373546378,1828.8298986986465,1836.3541990705064,1839.8061984207134,1845.985376162039,1854.0443624021643,1862.2742374754073,1867.8249131965279,1875.9857011238653,1868.0988801246385,1857.8373291858813,1846.77350052482,1869.2864370508653,1883.044350714672,1889.031584701796,1903.7871668660343,1922.4594053535047,1945.8347990335105,1967.7514573338967,1993.755420751213,2029.548199641757,2041.543876312599,2044.9099405455777,2067.990298236729,2091.251530680863,2092.213067702719,2105.19616945682,2126.7675960799056,2161.537776686364,2157.6861739035166,2183.518143255161,2204.256157713731,2242.074752079184,2271.272799257141,2307.7997891378677,2312.287677707724,2314.1609690878554,2358.1235302224136,2387.321325445421,2405.7093113281417,2396.6856874466894,2432.628795793574,2459.951547376539,2442.2909150059236,2415.6046775193895,2394.3720492582743,2435.9882314846827,2465.8068874001547,2502.309824584861,2502.835128377945,2512.5727427812963,2527.168150885119,2559.206452274596,2581.9856438836846,2574.496335206133,2595.701858730545,2623.67913261879,2647.7284070473156,2651.388181217203,2649.619294894683,2673.3599066198794,2709.6210165555235,2725.3129393374998,2759.442183377791,2757.4566342832495,2769.50763460052,2769.0305663512945,2800.173300495316,2821.8967709506805,2846.452355940743,2851.294503186063,2873.4964830203353,2871.8767472882614,2870.2558704443277,2883.0489341731422,2880.7098057926073,2902.9897325086986,2909.7794953098482,2942.4708641656784,2944.3204736440025
394561,69,"El Paso, TX",msa,TX,1053.6856617319966,1055.2934584570514,1052.4581603996496,1050.1318293551985,1050.6345741999562,1052.5007306773573,1056.2606261685053,1055.5877936012985,1059.4933615274672,1059.338010742846,1060.4645807761385,1058.193748086796,1057.7693911769768,1057.0404305615334,1058.1567446358522,1061.7912773596597,1061.5500879657807,1060.0533576780601,1057.523402976709,1059.5369389283642,1057.513127543633,1057.8270303613092,1057.7476486431967,1060.5335550235072,1059.9106568232812,1062.3910571595586,1066.2767101814557,1068.6535417372613,1067.3041268354264,1067.9011020383577,1068.683001558364,1071.2606238731187,1071.3257530242456,1074.691346883137,1076.4525189328504,1079.7780131063944,1081.8370113451547,1084.7118996051502,1085.811920506108,1085.388008214622,1088.7184639149532,1091.3027498958304,1094.575380107706,1096.1670184923523,1098.678951174924,1102.9556039631714,1105.5948532686998,1107.4141814998584,1109.7848899501012,1111.5257818080652,1113.899064512176,1117.8407172668378,1121.5893698701582,1125.3671727721035,1128.8800010529144,1132.1880741188966,1136.9165197666944,1138.5164633468269,1142.477502291879,1146.071115365165,1150.7515229214819,1155.1614571092946,1163.008412319702,1170.228302208461,1177.470552926238,1185.3477203847326,1195.7539460088187,1206.0977223650546,1212.9756330678524,1220.4569870993316,1225.347627074563,1236.667102047915,1245.1368026641385,1251.2863351890073,1262.6064636271815,1272.6614289082088,1285.7944703607884,1287.8214271665006,1298.462224633704,1310.2685824610946,1332.8779805055906,1349.3234031383217,1368.4807017020848,1385.8686740655114,1394.5216302738424,1411.5339600376965,1421.5918408438245,1440.2860794048784,1456.7803491085274,1482.7175998468028,1498.3069237097475,1507.1026767665226,1508.7938223649821,1516.136698298397,1527.4817768488415,1531.8588566875817,1547.340868211881,1555.1397273203288,1567.4355268635331,1572.390865123757,1570.536110722264,1575.6804231891613,1579.5862796458937,1594.424614971895,1595.8332254137651,1602.990935621012,1601.4257058768553,1604.984362638889,1606.7489904265528,1620.1770519980128,1626.060873689534,1628.3611915000783,1627.7293446336694,1635.7426334588638,1638.6669842300505,1641.5934375928432,1642.3243516478817,1647.2556663271835,1654.0301720893578,1660.1591834663616,1663.785224468572,1660.035632203851,1660.9265404947353,1665.995484038552,1676.7366820726884,1675.4330478296197,1680.3705035285147,1681.0093105315063,1690.728719708738,1693.1187063618643
394318,70,"Allentown, PA",msa,PA,1218.867924410844,1216.5179813760167,1215.6505427848222,1223.3111366512533,1227.7154958666488,1233.9765667038096,1239.9269682602699,1247.3602262342797,1250.1960253173354,1248.9790801883307,1248.7538097562967,1243.650486522446,1249.6650310795083,1255.3173145822323,1258.8428125688165,1258.2649093372906,1259.9028751130145,1262.883287674162,1265.237849315286,1269.561638605037,1273.3689880654465,1276.3390562365294,1279.063176193363,1290.740871881983,1293.625440945786,1303.3955529609284,1304.6457151593675,1309.1200394548193,1309.0150895958518,1309.513502943593,1310.4328122042994,1309.9965796818021,1317.739335144592,1327.3772368284544,1341.000697429067,1339.3316818091323,1344.5030944170167,1342.7228949048101,1352.1598496075335,1351.21277767422,1357.5701692592418,1358.697673532803,1365.9869437072666,1371.3936648810197,1373.4079372543383,1381.5826258686004,1380.214401526206,1385.3486967989886,1382.8751335116526,1390.4355558574234,1392.3156902623318,1401.2930523055825,1406.7526542834678,1415.8088485399248,1420.1884576253372,1426.5167095066477,1431.9031713336424,1432.3037952205996,1438.5427779788072,1446.1635182149223,1458.2026292487221,1464.884009074529,1459.219704589732,1461.7020073966453,1464.8513740235858,1482.1796520343246,1485.458303942144,1498.0651909289425,1510.8187163780028,1543.7526454989722,1561.9655084754154,1575.389841248987,1574.7988311755146,1579.8420273530808,1595.4289358973615,1604.2372030506501,1625.4082334917578,1637.204958773407,1666.5194987790633,1685.81122262263,1701.545325116488,1713.0670433273358,1728.2131505801128,1751.2483479071918,1764.8930242075821,1787.189068241035,1804.1542030409962,1833.2831165569773,1847.217287545603,1864.8264576049455,1864.3392769926386,1870.6586356993525,1871.341684353092,1882.3871093887324,1884.1309064796276,1895.3140345783086,1915.2133895465522,1938.9109534055365,1942.769309946359,1945.753194732649,1951.6113708074126,1960.1370702195925,1973.3866644660586,1983.4575466798651,1996.024681609288,2001.3232338375092,1999.9459327371428,2003.5740885890307,2005.8937477682864,2013.0575788579488,2025.3493467229725,2027.212059846529,2038.8237017617982,2052.6005623220562,2066.8382843517225,2068.895363766573,2083.5830122534726,2084.953338233492,2105.445939954463,2115.151924540223,2123.865073361149,2124.4281555701587,2131.8063868433783,2145.3022743588876,2152.5619646033515,2156.2724784345096,2160.384984750512,2174.406638938519,2178.3238124585637,2194.1500524109015
394952,71,"Oxnard, CA",msa,CA,2275.687725324326,2277.0487527221912,2276.6125400221076,2304.0981743017496,2338.860946997289,2348.6612574048027,2347.1368940997177,2340.875378126554,2349.769948215227,2362.702270117645,2369.8501375839815,2368.2090477334095,2378.7751583478903,2390.0959235894616,2414.090599250201,2417.395775810173,2410.6593728628254,2414.0006586313675,2430.5262135056164,2451.695582337413,2455.295993499648,2463.501086953267,2471.7021772121343,2480.2219779292604,2493.393580285071,2508.2333687087657,2528.8186475180896,2532.759315309499,2543.2187202788273,2545.515273152214,2560.4428431175975,2570.171698629922,2585.8848247605315,2595.008131902027,2597.657088037953,2616.7435911,2620.2644595101992,2646.056013534628,2635.073532028372,2646.289059728264,2651.0872403797457,2669.8628337739015,2679.6595781069773,2688.309382944202,2703.728225896643,2718.5370591460987,2731.227831111622,2742.0119478830907,2733.1914354205164,2725.5551496777625,2740.1326287238026,2749.2755416216255,2762.054747887899,2766.479707756909,2768.8743135315535,2773.73269540145,2773.553315224518,2775.923625497312,2783.2094004986684,2784.086970277149,2806.1044885123774,2815.8987157928937,2832.0996758059887,2830.869246720678,2834.6407657499794,2848.028302497135,2845.6882199619918,2867.279009810284,2893.5430636121555,2938.2131225568464,2956.0243107176398,2970.724074268587,2980.049941894276,2995.5597857698217,3021.415149464118,3049.657642700157,3085.8309845831373,3125.0996417635974,3168.4570702675137,3204.1642171022218,3229.123794515607,3230.633920229657,3254.2988707351847,3289.995026318068,3334.105139773718,3390.4763675118725,3405.386026268265,3447.114001832282,3459.523616841272,3479.4800086310597,3465.174442556489,3454.7751287977153,3465.0975188567313,3514.95115602166,3562.3580748860454,3572.9827979241913,3555.7229384303537,3522.5248204113286,3541.2691058676905,3548.004965959523,3569.3629322354604,3575.1850654191508,3629.5228315795935,3679.626346238631,3715.2812186474566,3690.6276323318966,3683.555541959344,3709.023278003579,3735.949772674344,3736.3871161140146,3723.707348478195,3748.104120370786,3781.7452507503385,3790.344175495994,3796.485190511735,3799.7894500951998,3808.4153616288136,3844.461479705524,3862.434455180074,3869.732858985456,3887.0074635885594,3928.81339699013,3961.9258164961084,3964.6764821554493,3957.528482497327,3975.6125295515094,3976.8897707537612,3981.583184575276,3984.495586063169,3987.090450358492
394486,72,"Columbia, SC",msa,SC,991.961973035541,990.3644600423573,995.4123789840972,997.5892407581204,1000.9109673989236,1003.1568879544377,1008.693462985541,1013.4176733400811,1017.7464942923916,1020.9833196061061,1024.3146630710694,1027.846509751075,1029.553581719851,1030.1873715805766,1026.7764434323112,1026.4093007619094,1028.6674088586951,1034.0041233211577,1034.497791223377,1034.6107539433851,1035.7178108147273,1040.3402987315653,1045.0921811518906,1046.9076293482713,1044.2510504197862,1049.702970333577,1055.4043413756306,1063.8704913656536,1064.7486155171475,1067.9817236483716,1073.767987752988,1080.420565851702,1081.4303278093805,1083.6282259181994,1080.1128254219518,1087.3686797827918,1091.373556721918,1097.343280858531,1100.7355368751698,1103.133937675756,1108.0346902744425,1110.0994903316594,1110.429796423906,1114.921892745685,1119.2082095030119,1128.1791045061595,1133.3036897291313,1140.8709292841454,1143.063832190537,1144.4644880718329,1148.7324527425326,1151.8051030290449,1156.1583855750328,1160.9487628351733,1166.7505948000924,1168.954575475456,1173.9288218016845,1173.8086105749917,1179.5189686688439,1178.4179250530067,1184.1375016285876,1187.6713058325474,1201.891835195162,1207.0977930646698,1213.0653567625068,1219.074569602142,1224.8936737867707,1231.242713082673,1235.950392685703,1243.5730077269575,1245.5792134661658,1248.9909444217442,1256.962734753976,1270.6461229841807,1287.254966398856,1296.7490880422915,1305.0277083641633,1316.8827177364542,1327.8652070898875,1347.1871897881158,1362.2857381584686,1383.4928526135293,1395.0666434528448,1408.2236895837557,1416.5735419187565,1425.0777709363751,1432.3115380362615,1444.884163648492,1461.7748892301215,1473.5949257023667,1487.0904818383888,1488.3468297622385,1494.758783459536,1504.3801056756768,1521.3476305544518,1543.0136560361752,1551.7836218150617,1565.577919140092,1570.201152960642,1579.1673849538367,1586.4402903930118,1600.991250741037,1617.092566581373,1630.426444590438,1645.1130187434542,1643.335158570298,1648.3702013623295,1645.607101979636,1651.2160418967,1650.7576992785257,1654.5145341713858,1665.795304328,1674.9402310375222,1682.2966151875642,1687.110506592546,1696.9192932848107,1702.9921976455464,1707.8397298815719,1714.724748705331,1724.424669538479,1735.0366774801525,1747.256547802166,1760.8336717793427,1764.9090303772884,1770.4764645406017,1774.6883228520608,1779.7864796861968,1784.8884615021327,1791.2270372548855,1805.9207392510477
753906,73,"North Port, FL",msa,FL,1371.6413965223765,1382.2525334866164,1389.384426424559,1395.3336016885294,1400.500353113277,1404.611896076796,1412.2276963227082,1415.0622163912328,1428.2182373015382,1432.892129209516,1440.123029689512,1431.4904715314829,1435.0617711545208,1440.40916142985,1457.3966185561594,1455.7475238907111,1457.4606972271993,1454.6843732874772,1463.6832365295083,1470.0025466912646,1467.7586246233384,1462.7348726933176,1462.7342623927702,1486.3738083046296,1495.4430790351564,1499.4810888197626,1495.6954773692064,1512.430255108188,1520.5071434987692,1530.6257222640036,1521.3173714734507,1523.0718013206479,1520.2817026092887,1548.9612569375533,1557.0146069403277,1564.6214863696964,1556.1939767126253,1565.7560473607796,1565.4534833891685,1561.8420789928075,1564.8797049635014,1575.844075292789,1586.0741087868114,1586.8782437737686,1592.904652471362,1592.5421543093819,1595.0756467612,1596.2555140750803,1604.472170890819,1614.5288504106236,1625.9733134852024,1633.7261707641192,1639.8512260856378,1639.6049143561029,1646.7240132334846,1656.3478560389622,1665.6853635386667,1664.902619643247,1671.1358268300073,1673.9017267051363,1681.8368186851355,1680.2586571453096,1689.703308244129,1686.227058108984,1690.1560763773068,1694.8860749717142,1711.0542131766922,1722.8436808055767,1738.8626244219422,1750.730931960127,1780.5329413233226,1801.2843679654327,1815.7638151176031,1832.7625309866505,1865.8040490890785,1907.5640695626269,1950.887058157722,1996.740046525703,2040.5356553609658,2097.770137452617,2155.54541174915,2211.440090467538,2226.3831011134007,2261.6900011307957,2303.7423074081153,2348.1940611867744,2366.5586422214533,2389.7347352057886,2421.638002501263,2460.4867710824874,2477.5734195899204,2471.1730424606963,2456.3889101816662,2462.10249942263,2494.600894776015,2507.498842803653,2508.8541331871434,2511.501278927276,2527.3557031923738,2546.3781899253527,2541.056772729736,2530.3493938327765,2527.4468518327026,2529.9415756215813,2540.9460841420987,2531.3624925430904,2512.2635277092595,2503.702445202711,2509.8737975247477,2526.3977309611296,2533.364096049934,2532.950053317732,2540.2128849618443,2547.756964218266,2540.8017091438746,2550.962362035861,2545.765472243656,2568.8829769414756,2581.9708361749167,2590.93228495107,2591.3665466060006,2581.171580474031,2575.795606382949,2572.169088847598,2571.3246396051622,2570.264366920064,2579.6855353372866,2576.253891983725,2580.5089480876027,2567.373546828736
845158,74,"Dayton, OH",msa,OH,832.7343935453594,832.8635433931055,830.3400643783929,829.1719017619299,833.5944244532553,838.0755144000372,839.7061864431266,840.6866735628264,840.2623018769399,844.8640773336699,848.2604103624448,853.3661877023825,853.4750379217327,857.490800697484,863.0259585409509,866.3676269273349,868.5428906848433,866.7869832824322,869.7810461385807,869.4193894383357,870.0851912206756,869.1475940548478,871.3697277449303,872.2191166141885,875.5989806637019,880.139699082876,885.2296183021206,888.8884710373743,891.6135411335891,896.7451555523259,902.5738972942801,904.623155341368,909.1353750166458,909.6542859224338,910.6701447336361,914.1745811004499,916.6363964322737,920.6709214725512,922.3595738446463,928.3808654561844,932.6225767663731,936.2709702160568,935.309486943394,937.3453212465464,942.0309259804703,947.530087750139,949.2012479293087,951.3357775605584,957.3413014926243,960.6222516903938,963.6684677630982,964.6741118183212,967.9026839114863,971.3690197362224,977.3684214143714,983.7995008922547,986.8901290688265,991.7046932542088,998.8038289904257,1004.7457333304471,1007.9918760593386,1012.4669490926957,1019.2336547094058,1023.713559370917,1026.0534808200273,1030.2859504498888,1038.0372217715244,1041.2531962641483,1047.0514191998118,1053.5191267609086,1062.662653317857,1075.6395500262533,1084.3671399116056,1089.2671210295086,1093.9291528524668,1102.7795823570748,1115.426053981827,1128.5519704023775,1135.9770296968966,1147.652044626464,1160.1205691291136,1173.7352319465817,1182.3881734374752,1186.0839258087303,1189.7922196188815,1202.081734929803,1208.048288283741,1219.82432128344,1222.629510294761,1233.0286868398482,1241.3251572639404,1247.945670170967,1254.0369233878478,1260.3343097239017,1269.3341993147708,1275.1585199488766,1282.6515854162153,1288.142979106162,1297.638275717117,1305.0908017153786,1317.0756703395105,1322.973505889894,1331.2648321892218,1339.6765211327695,1348.5316713250031,1355.5669019058332,1362.5388069484607,1372.205666705829,1379.956725440626,1384.6205687294016,1393.0998472028025,1396.0462690035436,1402.9937086199639,1402.6086993887252,1408.6367375126144,1408.3600010930058,1415.163391157757,1421.6482430850494,1425.6957829140179,1430.0877905536718,1434.9953911027342,1441.3044312938198,1443.7842642836151,1449.9949437165644,1452.4498001350146,1461.8813822894022,1465.6236528548266,1474.2881664657114,1477.2001490771493,1481.1003228487405
394457,75,"Charleston, SC",msa,SC,1236.9800735101055,1242.903522257848,1250.416409497257,1247.4878030827729,1250.880075588071,1258.2157139250248,1270.2442422789802,1273.5439425729387,1279.2539794734723,1283.6088922184504,1289.3923644811055,1292.9402420976246,1296.1322844977274,1303.685400651848,1312.506396895277,1317.6587220068761,1320.8610540702596,1326.4202982708473,1335.6745242850561,1341.7112145487115,1342.6149006384892,1349.7301798388983,1353.7562290427625,1355.6924701015955,1363.62903138974,1371.0266866336715,1379.036020575427,1385.0127253593482,1390.7785704667842,1395.8075915365457,1395.075294925433,1401.1193515130667,1406.9168393311909,1412.0607368005071,1417.7888641385096,1432.4343998989352,1430.4793745306686,1432.4869821905272,1428.8432678838756,1443.739770001516,1447.5861936417389,1449.8347249955882,1449.3475930217971,1458.0306084440106,1464.8987419284535,1474.525544485718,1473.239031579156,1476.4490829987958,1483.4185862570941,1491.1228558507457,1500.5718153978432,1497.4746507178631,1503.2386533982874,1509.7789162324877,1520.2013590573413,1520.7734773027692,1523.7696625172155,1523.4430603141793,1531.7665440602689,1532.4087510790569,1536.9437165042548,1538.6690801138452,1548.0113925254304,1553.9442679524013,1557.2199480759932,1569.3164870341225,1579.033458866999,1591.3416106813327,1597.2146166586153,1616.7729847022517,1627.5618686431465,1642.7398978730362,1657.1057802897694,1673.5699518493716,1692.4112120742689,1708.4871462698472,1726.7015416099564,1747.747947941614,1769.6671773135429,1798.7363052344976,1823.0560820397895,1832.1394069495882,1861.0269275633514,1875.929815367749,1900.8301512937749,1909.0515295664563,1931.5468013139327,1954.372769282379,1976.3208256348769,1997.3882734009333,2016.3980408836326,2031.6526161922604,2053.782655663881,2090.138437418155,2097.6841175165423,2113.857720258825,2112.5996528096853,2141.341819945861,2158.210939688887,2177.8485153873307,2197.017541420449,2203.2702590088584,2215.1916926705762,2222.4586742950128,2228.634372539324,2234.124524100647,2240.198143200754,2268.850732424174,2283.7529829113955,2299.5069594784413,2300.441169268421,2302.690984655274,2305.4398492488203,2318.1837092324636,2326.266365750402,2341.2451264076694,2353.582660932212,2361.704850507804,2377.7482454198307,2373.701717801469,2386.569938526378,2386.206345856243,2399.509306963773,2409.8163232002953,2419.398009893013,2427.179150567235,2435.335710064888,2440.302122608194,2445.6385147887718,2451.305524315318
394648,76,"Greensboro, NC",msa,NC,952.7756722288717,956.4314623864317,954.5140634684047,963.2590452143393,964.6535337689461,970.9114827223566,969.9107223893719,968.423992168596,969.238111268305,972.8075560404784,980.1672140348676,983.272721434262,986.6021031838465,988.4673140453377,987.3491826052971,986.4619510004255,991.1115566418626,992.635805980041,996.8897018098588,999.416683952699,1004.6554971654236,1007.9225466338426,1009.4361231795514,1010.7721933923524,1014.0978122003391,1016.0527224454112,1024.3234801324388,1025.729319602678,1029.4372310806766,1030.3909991146531,1036.3299349675615,1041.136264709029,1043.1564538727937,1044.9911718999608,1044.1841902396463,1049.4245245388408,1049.4183945823927,1058.392348201035,1061.2046819566954,1070.2703159591877,1067.4907875835231,1071.5760490182918,1075.5205886627282,1084.5704358782327,1089.1276805037817,1090.6725769002176,1093.7465996386327,1097.6434088140525,1107.2046973526817,1108.1563386581179,1111.7746269505076,1113.7805269733594,1123.1497854565787,1129.3174231465337,1132.963879355162,1133.816647053241,1139.1759347768188,1147.5366193624463,1156.5233631311855,1162.1893378262243,1165.8570069246346,1172.3567306741343,1175.0581027246362,1180.6773253406884,1182.6655274235327,1193.993367489182,1199.6964503187237,1211.20629442178,1219.8416502341486,1232.9157530041496,1242.908437026457,1253.6835298983465,1258.4998783459116,1270.5386245524178,1286.8991830247567,1303.1246273526608,1318.627393164496,1332.1824284417864,1354.4473830644772,1373.8718314979724,1384.7643976745378,1395.2192053849376,1406.8190766676535,1420.483418204262,1436.1644997924575,1445.1825071736664,1458.5014105757082,1467.0733973158449,1479.6186939860024,1484.9707225980937,1495.4923973311438,1508.7914741095685,1530.0909072402537,1541.048103115867,1546.7051841580794,1554.5107959194286,1566.0744579925838,1580.5791992964182,1585.5890913226156,1593.2499482694777,1597.6770311709809,1610.4173344067647,1613.1142231770762,1612.7527987092192,1614.483287002531,1622.1780864612308,1632.6855113529361,1641.226710438674,1648.5522178997742,1653.0854079129797,1661.5539991643116,1669.3497433806474,1681.876521082779,1687.629533369913,1692.7727286438608,1699.152251568683,1704.4184720654011,1713.5049973255202,1719.541049155689,1725.2285703689672,1729.3761815791502,1735.2265249592263,1741.3786031203242,1747.500803342724,1750.3297662540192,1755.654865002771,1764.7575310283578,1773.6589388248447,1780.5407779977886,1783.4183461625323
395134,77,"Stockton, CA",msa,CA,1448.4707835372767,1453.3903579283751,1467.7291595534068,1477.8170540435547,1489.3455875042443,1494.6552132657416,1500.9833400007549,1510.518581388675,1521.1456455115683,1537.961536812112,1549.0445809669743,1565.1447609879442,1571.9946650018342,1583.3351435588543,1589.9018841884747,1595.4860382237862,1606.43186159517,1619.721115191881,1635.9138699234568,1640.819695694764,1652.8086647356613,1663.970422545452,1676.8355045346245,1686.0788200602979,1695.7376952512707,1706.767277290186,1712.196674491067,1729.4537455611269,1735.6568968225092,1749.917301485929,1756.8424080897219,1776.2156998346609,1782.9835905757488,1790.045504757086,1792.326644422434,1797.3477010916604,1807.050704020351,1821.606230875337,1835.8199402108962,1843.975265870643,1851.3062289001211,1856.1411689596334,1862.1990790352713,1870.1774510012194,1883.0024427097717,1886.0220317595085,1902.0441880039386,1908.3451029996615,1916.8298894274665,1912.0444458879267,1917.9027916764308,1922.8167755819247,1933.0687629324696,1940.9988861828106,1951.1814502010895,1956.1127806346622,1962.3050565032872,1976.2617232811547,1982.5295621345012,1995.9839308978,2005.91982216682,2023.7979487289745,2034.827600691242,2032.859506135124,2036.2863757988703,2034.1327487935212,2047.3313444981757,2061.663333612814,2092.6010341345827,2136.0131220002104,2171.1473290788563,2200.2882364771185,2210.3257337869827,2223.2439247133407,2245.2606072563544,2281.196091323585,2321.3140052101926,2362.323127381133,2385.542787761253,2411.2221989025106,2425.541026750746,2433.720128578331,2440.177084867341,2455.9707629895975,2471.351965687879,2494.2218042108398,2502.160632938136,2526.72793375976,2522.5929305417467,2520.824116023599,2516.554531720642,2526.1925249896785,2531.9760265482714,2532.7251811753436,2533.289477821893,2536.985251498477,2546.6685259800697,2539.921315001811,2547.8445200163933,2537.0166619094725,2557.0049565350237,2570.986077877372,2591.4170091979754,2592.482477660052,2599.5207366830305,2612.408008191776,2624.2293253379526,2627.785918183841,2631.286559486392,2638.097986082944,2652.8426521917304,2654.922901854859,2665.3332558743477,2667.746751821663,2683.6922843982647,2690.6323317488445,2704.1130649373627,2698.778405466847,2706.8345823738246,2717.3307118026237,2724.948274694912,2735.9671434304546,2735.73508578483,2750.287763265167,2748.3630620138692,2754.757097057379,2748.237353850111,2755.009492247976,2754.632462960507,2766.5469939117197
394440,78,"Cape Coral, FL",msa,FL,1097.316391872015,1112.5761991022755,1120.0286461146472,1134.663801310589,1140.1096034394484,1155.0350137483947,1165.9181027527532,1178.1916008088886,1186.7846973656344,1195.5239380508197,1210.9826751900964,1220.9862723852416,1235.1344515151598,1230.4856587669838,1234.8787374511246,1237.1416344600323,1248.7578001979286,1252.6563871898804,1258.79318210126,1260.9792538639233,1267.1956053806812,1266.8070752339584,1267.2096816810085,1265.1952543641978,1269.9995710795,1281.8571887445628,1292.6748636324114,1301.243838501902,1302.679787614438,1301.9569055330073,1302.6786104464718,1306.1221970566285,1310.8765545480169,1316.9003989599523,1320.6547373485298,1332.1398853491337,1337.6806964991738,1348.5145188496115,1349.9709632967447,1351.0704307675385,1352.6628324328685,1356.2999868747443,1361.573619481238,1375.5301983611562,1379.050926578402,1386.9006559605823,1379.6711253360118,1380.4849209893744,1382.3058507134415,1386.73210563631,1390.2372021714928,1395.2856447322308,1401.7103463410588,1408.775704333033,1413.2341529097973,1410.1739679815553,1413.63409042177,1414.4015228310304,1427.3219232470492,1430.9199158328254,1435.0721485502443,1433.6331601772592,1440.0201153228559,1440.6477180838408,1445.6095894540226,1453.2732809809852,1469.6813627169527,1478.5734468247492,1495.2916784349673,1508.7741747778389,1525.2815363075392,1534.1992772424123,1545.5286311027974,1564.7590083477453,1594.028774563532,1627.8730177231137,1655.5797836106644,1692.6146768819108,1723.4778374618909,1777.5181417211822,1816.8938413229919,1851.1673582574815,1882.0953687721153,1925.9799233669123,1969.9518999956013,1997.1786166729796,2008.7698888043444,2031.7356867276444,2069.755551425072,2093.8427201129307,2123.4646531928174,2122.1289773282915,2131.828893140033,2157.322834336609,2189.936732838251,2214.2582014034933,2211.802448175216,2219.8548505246013,2245.7425473227195,2255.902805276839,2252.707846914487,2245.1322290811754,2239.420510652943,2244.829381703579,2244.103504454593,2241.1621442156256,2229.816348491424,2229.7666411195733,2238.1220779926457,2240.852026167841,2225.861203613671,2216.479724741972,2217.728451965741,2221.0024575157854,2215.3398147912576,2212.1199086170936,2217.565949289486,2220.6311392688026,2217.94065896695,2206.577577547432,2199.7369726231213,2193.810070918425,2193.9107570963115,2192.93588708843,2185.5729091393123,2179.4749565423613,2176.547895835697,2170.317239581805,2157.1632968663007,2142.3781045751634
394399,79,"Boise City, ID",msa,ID,1047.6321679577554,1053.0015805503065,1052.500474489616,1054.4318008555422,1061.49025004583,1065.7605785041746,1073.295574583372,1076.8405966519897,1084.569975114496,1087.0614091426992,1094.8058363388664,1103.6486109018379,1115.1992431575725,1122.7769433981828,1125.9319481510308,1132.2010339757935,1135.306128049524,1144.6686119474734,1150.5580154446511,1159.0728718018465,1164.0387825956943,1174.159829697452,1174.9892964159812,1181.827075995518,1182.4520408179433,1191.8292151433345,1204.5324719834662,1221.1823325710511,1233.8053972367939,1238.847336139801,1245.7790913745662,1253.4410873411543,1263.8647536100893,1269.624805026876,1280.3011095754491,1284.137461052391,1294.9298326999462,1303.2108861089491,1310.2344786002168,1315.1631209890647,1323.1684472745246,1339.3770323548488,1351.6970348145574,1360.0045027909962,1367.5793150100678,1376.0370528473118,1386.7038477953536,1396.355684853567,1403.9228914071984,1413.0801967582454,1421.2661356126375,1428.3992291575296,1436.060908343867,1439.9526115477097,1446.9081016385462,1456.3704500457895,1465.7542265704496,1475.9491118366918,1483.7616795967876,1494.6791312347416,1504.9257076393033,1513.4140718419162,1516.991210578604,1511.4966753176147,1510.6759351714463,1513.835374569097,1529.5078850666466,1549.479388882642,1575.9216987910445,1609.658782525592,1640.6347928009945,1681.2530115851475,1705.6526621751382,1733.3107800684804,1759.0418022036367,1790.3914930597416,1829.141439213555,1859.5625578008628,1892.4259708523987,1914.9369435312399,1931.7777165337607,1940.902332734949,1959.4841769746938,1959.5519177025146,1965.8032014518133,1968.561406827614,1978.570820747709,2000.959505431391,2008.6727072603037,2025.2318017367509,2028.5736265782068,2037.5994961907106,2040.2687329536682,2038.7725713603782,2029.6625579137387,2023.2899568277976,2028.6758402468306,2034.441234461399,2044.2062326427845,2044.6185533693733,2045.2296033449231,2039.5643037292868,2035.7858640808845,2035.4436788138705,2044.289986287315,2052.8065127659374,2054.010258993714,2060.817531333807,2063.8510471301,2084.2811503251282,2092.225343356838,2099.1679951838964,2102.827009221217,2107.9573547530053,2111.0773477860107,2115.810821305635,2121.039178920491,2127.3634024320863,2140.510103145969,2151.1070036178407,2157.759360944331,2150.8708765037554,2150.165509679932,2151.904126224197,2158.7590397045938,2165.9198975058907,2176.2111443104604,2182.492072923992,2184.9569550473293,2187.4261837839504
394484,80,"Colorado Springs, CO",msa,CO,1208.166363342595,1212.7860981389492,1212.7189428799857,1213.7484070762202,1219.069963723504,1225.1834732871787,1234.141941569523,1239.4987710023067,1245.0040044343618,1252.038628033674,1260.7043521614,1263.1394632809174,1265.558949910403,1267.4253179382501,1275.5803397888023,1289.2615744264774,1296.24057247158,1308.0244119138463,1310.6518098493261,1320.5803557902836,1325.3887586131666,1334.6942472386072,1336.3160346033408,1341.7222423157925,1347.3459350714706,1363.8656275060166,1375.5501562206703,1386.7556172370082,1389.5735622704892,1395.3227794976767,1400.4435822684843,1412.2755379405235,1423.7576102894852,1429.1163419204868,1435.6528657164258,1443.154754911369,1456.1668076724138,1456.3751140051456,1460.567184191614,1466.0021269919619,1478.7116259559723,1482.6727276008287,1488.3021629462505,1490.3873736654912,1493.6301703659858,1494.5857893583564,1502.6395405214062,1508.4739378939287,1519.1369679336321,1530.4921826844395,1536.9795177154376,1541.3849131665004,1545.7400940513235,1554.2191206583327,1563.6753064140814,1570.8323118898131,1578.3505254587471,1589.6004439515057,1596.1139603847382,1603.083799776787,1603.1457169805858,1606.7257780248256,1620.3847943236526,1626.3170821857714,1631.0182868344953,1635.381158402493,1643.9267118122382,1661.0943887062933,1680.0165814700983,1696.6503039153479,1711.862215833008,1720.180104083043,1728.0294461936878,1738.7052491456184,1753.224085321078,1775.1480390123336,1791.544748770953,1813.3748948500606,1834.4262882856797,1854.2413797566537,1870.9959817243212,1884.3810643095655,1903.8304749042736,1923.0607648164482,1939.7027003033709,1946.6886386117967,1955.3190753266808,1961.8284080428568,1978.025649812198,1988.0018352761338,1997.8425368809776,2001.7845841992519,2003.6136932526117,2005.872491696536,2002.5370258615994,2005.80583273577,2010.8269180793238,2029.178099293237,2040.241011184349,2052.6863576044348,2055.4940371702405,2061.6441451308146,2067.1144299959938,2073.461204008914,2084.023274701514,2092.2951642634603,2099.8399006993272,2103.7228710967574,2111.0725775299625,2118.8518748241745,2127.4953960325183,2130.217723214932,2135.673407586588,2137.4402768274267,2145.7453172325704,2150.9693730728054,2156.117940515929,2164.68061421225,2173.846809616474,2182.414327537532,2187.5135431427593,2187.1536778719615,2189.0353593253326,2194.7591101039416,2201.015080710947,2209.3000371886524,2212.6242818153405,2218.835956247708,2223.131531381206,2225.465279276607
394798,81,"Little Rock, AR",msa,AR,898.9074058145915,902.9052607025693,903.9114298282511,903.8218857229376,906.510636366455,908.1829343326694,910.7929590448615,909.6030315342838,909.5938147181351,912.9593281407699,913.6935171298891,916.5450624969465,913.2954311816218,916.3847110549665,913.4866960556695,917.1076002784615,913.1319514782881,915.0567045679591,915.8674113536795,919.879554444932,924.240331613398,925.4428146688978,928.6350741337885,932.20521129371,935.9259829502871,935.9665948203132,936.7262036347357,937.8820632164236,941.4336371629154,941.0196855310504,940.617245922257,944.3325717339276,944.7901818528054,944.1221302566812,945.3751285701258,943.7122769954601,948.0196490483207,945.8273712398855,950.2510600191472,952.7222360324164,955.358841141332,958.9032525447498,960.8218345300696,961.7310442252302,965.58353659096,968.4064090688915,970.9281468351217,970.8915139684443,972.9825756777133,978.0462883111279,979.3327666809867,980.6798937364805,982.2559055905881,983.9296476362899,987.0853134201731,988.4998213519568,989.1844622318326,991.7344817339674,993.2882992795519,998.1160788751922,998.5531097100707,1000.4287726746177,1005.0681437560703,1010.6967404502266,1013.3396871344102,1021.6927312492346,1030.6186190130127,1036.0362232953917,1041.742531377128,1046.5603034681324,1057.11784442849,1065.03279975515,1072.5258314686298,1082.4206610545623,1090.0566704949708,1100.3644182560226,1107.838562260345,1113.447744052471,1121.2280400163997,1139.6796458690258,1156.0501448754146,1168.1210906377673,1171.8467480746167,1182.230697869938,1192.2855543061348,1197.6292728331237,1198.1295337789213,1201.617254874644,1210.9156487041898,1220.1142163190284,1231.896308424527,1232.4781419270555,1239.7650742053495,1240.644285920386,1245.7788025975628,1241.7645461293127,1241.7579588001274,1248.7194705654233,1262.703579073516,1273.7326188425357,1278.2227019733475,1279.1908992056342,1280.3078989911387,1283.9933250876898,1285.174672515419,1293.5255575549238,1303.7667680042628,1315.3630478750513,1320.57598004766,1322.9615973517043,1327.3173708432369,1333.6938236143772,1338.0111615779879,1348.4300805554199,1348.9529853153092,1355.718005583181,1358.5351023595854,1360.5887903651544,1361.7431309209449,1365.0414012578174,1371.303733850544,1377.113206899419,1378.895707071142,1379.9110648972053,1384.6068310193743,1386.437324202034,1395.2196060891033,1399.9455117324967,1407.6685187494468,1413.8726852184493
394766,82,"Lakeland, FL",msa,FL,1118.5183065325753,1118.7603145899736,1129.6985114828803,1136.4797127080667,1147.6994010530125,1153.8346602332506,1155.6757376715125,1157.101215755324,1159.0269571981428,1167.2901596510637,1172.992045063025,1173.510400612724,1177.9104658715216,1178.8710645187618,1184.4917976721636,1186.560413208364,1188.2597817811102,1192.68795258588,1196.9207779886683,1205.2836343432264,1213.646874645338,1215.6240439431408,1218.7737427483662,1222.5531494592428,1230.0979475943273,1238.7276587711908,1243.8889452598871,1249.5226657409562,1254.8924830098001,1262.0706418777243,1265.6563297067266,1266.9261188863868,1270.6929422176415,1276.8705344438508,1284.7032051278798,1287.9857912850482,1290.4497991369522,1296.5420713465032,1306.2040718245426,1317.095790976991,1323.9951267484457,1328.7839231900812,1336.550441276754,1341.9212702420602,1348.3402056470445,1350.037081642563,1355.4609791146488,1364.840903631041,1374.0094706449504,1379.9262263341075,1382.1774091772422,1384.3488917492668,1389.8799449890735,1395.761156571178,1401.4055263777493,1409.2166097888849,1414.8532356639103,1424.0966782860148,1429.2696044597078,1433.5507983540058,1437.5096956817472,1442.0215518535463,1446.8709159029227,1459.8421359622653,1461.7607808135906,1461.5225735940644,1460.9129530843202,1473.5785056320146,1492.8388606388298,1504.4555725302334,1514.937216383535,1527.7852572486195,1542.7048530252428,1546.8636750307905,1562.191415031981,1579.1684934660389,1607.0395125665418,1634.0560497822735,1658.2123408710272,1680.613584953105,1709.674793222577,1743.564173274315,1775.1936019075301,1790.133096937011,1808.1771757652873,1832.6308486582207,1858.2087022341723,1875.4596834582192,1893.3633465512298,1910.8770423724727,1932.7129478680852,1943.9222391282894,1943.647403091654,1944.054038041389,1949.029927277218,1956.2097743761312,1958.8143670534866,1960.5775925237463,1967.7064913502452,1969.9642169441988,1970.432483985475,1978.389513375215,1980.9795347036509,1987.1149780681678,1983.7562201819933,1989.854858855093,1992.8318341147108,2001.3247495149296,1999.9190567677967,2005.103258948828,2008.057392838187,2016.157023902611,2018.7296729981285,2017.2524348082288,2018.235978497285,2024.21686688657,2031.207003295372,2028.3555774484612,2030.568278517486,2030.2739303936164,2038.227922575449,2039.9132020486322,2039.4653923331737,2038.6594388572712,2041.8897556465754,2044.2625380364593,2046.1502001634333,2044.3851942353485,2048.0812956452337,2053.9648299649275
394304,83,"Akron, OH",msa,OH,832.3854119116147,840.2181783563058,839.077786044533,847.3165165854457,844.9171725542345,847.4928349211679,844.6839251128523,852.1564395136476,847.5895350912457,849.0561386209195,848.3536026747687,860.473116113821,864.6039698691781,864.379485968348,860.9773976482747,858.23453971824,859.554332651986,865.5006895484414,868.7064624162352,870.567190407899,872.9192534442699,876.8589682259596,880.175592176303,875.8451231592384,875.3754920399905,876.8324670970993,884.103544739088,887.9353309634627,896.4173143796343,896.2724639265388,900.006234478742,897.0310539857194,900.7573982299899,900.306676348711,900.5686564766377,899.1088275526054,903.9170176604291,906.7755504044189,910.4343861528635,908.0174817814544,905.8802016537174,908.5954854994259,910.9747976606291,912.9205239896799,916.1997475782485,917.3368320113318,922.6398968740073,926.3525163835828,931.1123731457158,934.0522461634008,934.0417238053096,940.090842411063,943.0845031797302,945.4649781369968,946.8002322811872,951.7003697157279,952.4241904448389,956.2357683010723,956.5157331113184,959.9935127214628,958.9190914236523,959.8004374342031,969.865107837111,980.769518633951,987.6065814589961,990.5041984632558,998.5292042025104,1004.8597871391671,1010.9675693631847,1013.336566640322,1023.1911182457116,1031.0931964684094,1047.9954830622717,1062.6568616736286,1071.9999128897393,1071.9248348852811,1084.0808695387823,1093.282741200283,1102.6321855902802,1109.4613585832656,1123.0422816167563,1141.4088771967386,1153.4431463787992,1164.1473349711493,1164.540351935661,1170.7906261486412,1179.642657936615,1202.9393336865996,1208.029228065962,1220.0327523988406,1227.1290236818766,1240.5831641740854,1250.7367818306384,1258.3105862457035,1263.5062162925233,1270.9073137034366,1274.0432941290742,1273.1060562502662,1284.7196511092034,1292.4398155146405,1312.765147839422,1320.278258713434,1327.2268448011305,1332.9772696242114,1336.9733691411407,1340.5192474938606,1352.459678870883,1364.6149724033871,1377.6346485303804,1382.7882512384258,1375.2468485289378,1380.0790448671612,1378.407539523742,1388.1675941865763,1395.7908752555445,1405.1204320038844,1409.0726749258486,1416.8614869508756,1419.7352034648645,1421.2095021038504,1425.7610073445314,1436.8540449100433,1450.5206401944197,1453.2591035221567,1457.9593318243565,1458.4663131221987,1461.7511017371653,1462.620282237132,1468.7915066249568,1472.2466284759519
394531,84,"Des Moines, IA",msa,IA,1167.77069421864,1174.142991449344,1168.6166052203776,1161.540425697641,1162.2050644605142,1167.9141146499169,1177.204122862737,1175.9265251570698,1181.5644795012581,1178.6952240503322,1175.3009599269196,1178.3984408942106,1184.30082270667,1197.9617901171825,1190.2483636239308,1195.6523351978774,1190.9307202312546,1191.060764755892,1188.6926594677464,1191.8054538253475,1200.7765922521696,1208.0623215403248,1220.28536135107,1218.1143040224306,1212.668473111777,1204.6391022075643,1210.698480225663,1218.3879077957035,1225.3665509977425,1228.7490654572218,1232.4001836410237,1236.2773791478908,1232.856714347639,1235.5332950725576,1233.8042924357844,1238.4604335363865,1242.2041869307059,1250.6550944881872,1258.1338813744992,1255.6421679414461,1250.5487136173545,1254.2711668991176,1258.1921996951144,1262.512309769136,1258.2376427590414,1261.05032303651,1264.581549205158,1274.833444732431,1277.0238170133775,1273.393818697008,1272.5719714805896,1275.9341517855848,1283.4638687839226,1284.8549522026478,1286.3656348324207,1286.697017123365,1295.6741000463196,1296.9624207866007,1298.8568567337684,1295.3854380278315,1299.164607089594,1305.5032283529745,1312.7797070612985,1319.5675444491078,1320.0353686551255,1321.560663773025,1323.7068626325472,1328.9645393479277,1336.2985041034667,1344.2489676417915,1353.8408701905978,1353.0962955419045,1356.4702421149057,1358.3380833308345,1367.2135996290724,1369.4901679893558,1378.9111790944355,1389.6886896727494,1398.2589751101948,1402.6126326146227,1408.5239789325647,1418.1115909889447,1425.7312751773877,1440.8737281601298,1449.6136737994984,1457.7135030105344,1460.7237725347095,1469.8817144298541,1480.7865771455545,1488.2688794113737,1496.573343001458,1508.1118935609738,1512.8392335727121,1518.419092100699,1515.4343332921821,1520.9374108779684,1525.1155154808146,1534.199730865121,1539.1518666798631,1547.1127490087915,1552.0731839817142,1559.5240014616754,1564.830981135267,1571.2191252646596,1575.8447827655866,1579.71272415433,1584.9128940948967,1599.1150498442437,1603.3102303678686,1616.2860103232167,1616.1470907058688,1625.4450427313486,1623.6039546660209,1630.9882236744688,1636.9136402757338,1641.7812906363988,1647.0344925528514,1652.776705178498,1662.808498143537,1659.921490624386,1666.7130614548753,1664.1986688652216,1674.6564907863985,1675.0102433162192,1684.7085445740524,1686.5686589744205,1690.335417872427,1693.6124722896625,1698.6117799267383,1703.123263888889
395115,85,"Springfield, MA",msa,MA,,,,,,,,,,,,,,,,,,,,,,,,,,,,,,,,,,,,,,,,,,,,,,,,,1881.6337992710173,1885.2601903996544,1888.8151360702284,1912.1088343163185,1914.3132530395053,1921.2351344280733,1908.651131878288,1904.426033126098,1894.3533757510315,1908.2759090630902,1922.2579988775926,1955.8302259552627,1964.6324561370147,1986.1186563255233,1971.8933903078719,1968.835037962095,1966.1682202828274,1955.971512765301,1965.6732490608981,,2012.5822579175795,2039.9459226453307,2050.837491065674,2052.0501063119327,2063.0300292051957,2088.08512455777,2134.823676591399,2159.579779485679,2167.649298074219,2185.8910653076214,2198.040017688974,2193.607441514329,2209.527201673816,2191.5023434102586,2213.463064246112,2263.815171441342,2313.7423333265647,2338.4974164295536,2332.5766073242116,2338.514681132095,2367.9803952012594,2390.7139563769797,2432.47089953852,2466.1733162886844,2477.925009295678,2502.0771192208335,2506.2078720256004,2496.8102736857372,2488.2561632945262,2505.909992608596,2522.0604096790316,2560.031083404637,2567.851612930314,2596.4865320110425,2589.8578926317455,2610.8734922105364,2618.785222520499,2654.441576110439,2678.863959519487,2721.9098127241505,2752.622852529276,2744.0609061634877,2720.0862972840196,2709.873580469012,2734.617313489985,2759.422028573042,2755.686651160548,2746.539636905234,2778.8788775773933,2792.9107350079025,2800.3336524737088,2792.7010597205176,2792.744338788721,2812.92235183089,2850.1643808110307,2862.201952938344,2855.863119620386,2838.2494952598486,2855.1559534921494,2862.8961055577083,2847.351651827145,2828.813131313131
845159,86,"Poughkeepsie, NY",msa,NY,1576.0058044247414,1565.569468094221,1572.2461715140341,1574.7237604228549,1588.8779766570483,1596.1743907244097,1592.2638756555245,1597.67315642397,1615.4213177908716,1635.184337848503,1639.3045555710505,1658.6294767255333,1657.998440446932,1668.0998761433384,1665.2237657614253,1677.7299047111737,1679.4357131548725,1663.4895377185035,1667.426653540564,1675.0197724662842,1676.2046612261138,1682.4220346012971,1677.7054571920635,1686.006377320976,1680.6184016329914,1697.3516439231535,1703.583718497723,1725.7636319469445,1739.9869834519757,1752.1944264433637,1758.0476016325958,1753.0181014619145,1759.7511005734475,1764.411543694683,1773.0766836518235,1765.5552871043383,1798.802484551486,1815.6492746740312,1853.0872924047876,1826.1385124023498,1822.2655420270323,1818.1855097486912,1827.6295055857565,1847.4546239916676,1836.8136998550178,1841.9153713591481,1843.139493191439,1877.1990684389148,1876.1700180987132,1871.1294626575852,1857.1635910432262,1881.0492610702513,1893.574553535414,1911.2974247104316,1917.469046193177,1919.5987271966742,1940.164496488864,1948.065213651957,1959.7474165362453,1950.2575345668981,1951.4336954826754,1959.1618643037275,1981.1452117328308,2007.2612274840292,2007.7184995613181,2044.7994830636505,2065.5784832427357,2086.129598015285,2094.596362500409,2135.598585287531,2170.3308607489193,2195.971404403321,2215.9216727588782,2216.6486368086266,2234.8186590059013,2216.2444740033484,2272.2346724245454,2309.4117831907492,2340.8459183183795,2368.565965671646,2399.0399832372555,2437.815646151439,2428.2858088320145,2420.8819265511293,2417.7833183857006,2463.2832327664464,2515.891425635427,2558.6860723445193,2565.5181962600063,2548.5445842932377,2575.541157712844,2585.3676026668336,2624.5126801278284,2597.005162867573,2604.264052549122,2606.069644100142,2636.884152998282,2661.784996506992,2673.91129629672,2719.5637155976233,2717.237924465686,2737.031704059431,2696.5307798406516,2711.0465660623067,2679.5957928681223,2716.450980736449,2722.932361959584,2784.8551074131733,2796.0584566827865,2813.253903140865,2786.0669553732537,2790.293578917241,2809.4516739159963,2848.998504940604,2870.740412214228,2854.345216844679,2869.361087704225,2893.9202585149333,2915.9666895843857,2895.6462594538584,2900.291798661285,2893.178162673353,2924.9618428240005,2919.233510348,2931.1507618826854,2921.6624256338646,2946.1088517459493,2975.67948767259,2997.199100476008,2990.095560303894
394931,87,"Ogden, UT",msa,UT,1115.2269057338958,1114.2603261514266,1123.2741822921157,1119.3915480633318,1122.699038282245,1118.2032810905325,1124.8348336712436,1133.6156330897084,1134.7943024889469,1146.6457394916595,1147.6914242950395,1159.8455642153544,1159.3791985098526,1161.8318513524644,1167.5338051794079,1171.7451401085307,1196.0164418006896,1210.3387984592255,1225.8097547851844,1220.303947392492,1223.7362035349627,1223.1230668544245,1231.7744168815973,1239.4272226015232,1250.4645356316207,1265.35766942574,1266.6098120951676,1272.3586683995404,1260.0358244121408,1272.9335824309887,1283.0650230185795,1296.6299896610126,1311.698897525352,1314.8176312307708,1317.1331287324028,1317.271458510885,1324.7411088674694,1345.8416250103405,1344.7463228131292,1362.3234226200923,1357.2124816352145,1369.9033106555935,1364.4667172285274,1380.9038686179845,1393.9712964909718,1409.118252654193,1415.8901978014096,1421.0815876975375,1429.241541997013,1419.3502819572227,1435.6117304476452,1435.4610432145953,1457.9063784424818,1455.4802734093382,1468.4119064356366,1466.664836476928,1465.0716063102072,1468.5827728319068,1477.2267903385748,1488.026951587195,1492.3294644368534,1502.5280889925884,1512.8185310641993,1520.430407141751,1523.186848452611,1552.0806327904738,1564.7137792584338,1586.5769616577857,1581.9379599989811,1610.0492683213115,1626.3021403164566,1636.9595796982317,1660.0060971039231,1681.8531464744942,1704.3265533903345,1716.0318763378937,1736.0741177982563,1758.0938395429723,1802.0742274850782,1820.580669611729,1863.361431451261,1859.3188877192163,1879.2013857671732,1930.7336507122438,1957.858630470952,1968.6624820759503,1945.0444688285604,1960.3428459858717,1984.5805835171898,1999.0742110997414,1997.1132919405634,2004.9856999997555,2004.1257315105136,2031.1457815422527,2027.3931073327494,2020.4150833874814,2014.6475150621602,2051.777217686973,2087.378646782292,2113.2462814633086,2103.446270517709,2108.659620743436,2105.8363381999698,2116.845740290054,2127.0961029212062,2132.2793194262345,2141.9760642827673,2137.097855440479,2136.850481619026,2122.089883724518,2137.561954821233,2142.358634584736,2161.3825649782193,2163.2119288263507,2181.8972903488857,2190.8921524398124,2197.0754633906886,2190.778186905242,2201.3700980931667,2217.145965175878,2233.1932065388855,2241.751296511692,2234.244192049789,2231.79663614983,2233.035103049377,2242.071478286856,2244.107317659743,2245.1054289557032,2248.961013673637,2259.860767121637
394816,88,"Madison, WI",msa,WI,1661.173238816861,1687.0845145350097,1715.9014415704787,1717.052247700682,1723.5496772502288,1721.78012602131,1729.5062287911253,1734.845290206413,1744.4625605008969,1740.7266284011494,1759.672155531085,1772.2643948900316,1777.4065046545159,1763.585882355518,1755.870963583314,1771.6956816520121,1772.6222273858702,1771.922147296381,1761.3045868268816,1771.2984470387055,1768.94776144681,1773.6797965790827,1781.19539968861,1804.5146705831378,1819.9250726392636,1824.442446661568,1822.4055394972077,1819.1682233481142,1834.734559869254,1836.2054344070943,1843.9489841650022,1853.664624847116,1874.9247584975585,1893.2175839501808,1880.3149367798242,1862.704400780815,1860.409163711844,1881.3663027668713,1899.4573294838647,1903.2077385801344,1893.6493958345309,1901.1525618686037,1916.9948048700335,1916.0657422199251,1913.0927207483371,1907.724225445372,1940.0155985188565,1943.3107032904345,1936.9022736695576,1927.2634890923864,1927.384106640825,1935.5797203926988,1948.32505513898,1956.2731714071272,1957.4809449441332,1967.2072026577155,1976.5369235542616,1989.1445621166479,1987.411419072592,2008.821216159159,2033.7371273873982,2054.120300493722,2030.9585173315024,2025.2344524156058,2014.2734360736667,2013.6730157504257,2021.645507515341,2035.4624578647754,2047.8405599721877,2048.6349317180307,2086.2689100387106,2095.424151422781,2124.0388062997204,2114.182035945016,2123.6402229821197,2125.6989009288413,2139.335786375567,2147.3607744534315,2167.3345435398255,2171.9497427422743,2195.5341956236875,2193.4296401995925,2173.0421330278205,2181.2083246297607,2182.245805605779,2211.2359897139054,2217.624596196257,2245.915237046556,2277.287499253993,2304.0165405787334,2312.573852988405,2333.0086541917467,2342.6517808066505,2358.598978159439,2387.018204605167,2394.5620354317225,2411.986149974058,2419.4447081437,2457.398510256524,2484.1915282574328,2504.7023912562327,2526.029037226323,2546.615524892689,2565.145758397929,2568.9742392251583,2592.4026396521663,2600.731226604689,2615.108619123515,2641.59013033015,2657.2117928497737,2665.184117507505,2654.3158917303995,2647.766332537393,2667.7796973389027,2680.4268806384175,2706.327487996729,2706.142304474253,2719.1952364891513,2735.214570017677,2750.981019626317,2751.940907303086,2760.487118137608,2762.6188705751156,2779.8121931592814,2795.3204194141813,2790.1195608872354,2794.1368023719247,2785.6404175658995,2805.4871651068793,2803.150097465887
395235,89,"Winston, NC",msa,NC,943.5032838646473,943.4222460910353,944.1666499118928,944.3575405385916,950.3668576403026,949.8011878986483,949.5279756724483,949.9028694158951,955.3538839737267,962.0389403782427,965.3090393441192,963.0587135547996,968.5750051883574,968.6781137708101,970.031139381144,971.4043254663862,971.6751826476095,980.7990934069137,984.2311737458529,989.4559736647519,988.5161293904503,988.5779955508349,989.8545216261748,992.793661996623,993.2812649323457,997.7084348769366,1006.8804311571782,1010.9477508233485,1013.6747498326752,1015.4248675401453,1020.5001713147673,1026.2654333962446,1030.8160059180036,1033.2439251442838,1035.1572832524696,1036.587616875185,1041.9735769616643,1046.3895950433462,1048.749538999319,1056.9390191314399,1062.0732688294333,1065.9976413881031,1064.7532416136362,1069.082518123512,1074.9175676445154,1076.9594810871768,1085.8200018728319,1094.220129145621,1104.1142249259728,1105.174692682987,1108.9462166268206,1110.8280365179971,1115.8534142667081,1120.7216836214488,1129.2794595294863,1132.7526710630164,1136.8023599512298,1144.6003022792436,1147.0420211447915,1149.8508944642215,1149.7341768828735,1156.2431085268563,1168.634505315763,1178.5884933957063,1180.4152574537156,1184.7942131036523,1194.0749933884194,1211.6937249236933,1221.7000181132626,1231.2061010750945,1238.9559142203707,1249.9522540995792,1267.263910912431,1270.2936123519723,1285.011020280782,1298.1762202896502,1320.5571494415105,1336.8130876046455,1348.984726809275,1363.5891457944795,1381.590208903553,1398.8576819183936,1413.9735215708333,1422.5393415995184,1429.9172544945984,1450.8646717025943,1458.4133601854105,1470.906334852507,1472.3743290459877,1489.2767967155698,1506.843414586451,1523.7138798425617,1540.6242796115794,1548.7725775667977,1556.3107573898951,1562.7069758890518,1572.4931195325985,1571.678905319145,1577.4120823257194,1581.515162555043,1592.3110303263575,1593.9789634355784,1601.528152793137,1608.6140384836972,1614.340235702969,1619.3409022050564,1621.651403692132,1636.6492387562143,1649.0755944359196,1665.890700118015,1670.6516883111253,1675.0769613140208,1678.7168146545073,1689.196427414218,1690.939669376666,1695.5353941407889,1703.811950074655,1715.707099646088,1727.7515622543135,1731.5371812407095,1735.4177892041912,1738.4713073288494,1750.0066003640266,1761.3497348723495,1771.741952958803,1778.0270835831152,1788.0414322829295,1796.1081375103934,1801.665220473496,1806.556511582946
394528,90,"Deltona, FL",msa,FL,1043.9494346686479,1052.8815991855627,1055.769784982164,1060.8782177284124,1067.5258048652386,1073.8036182378278,1077.9089424871554,1078.9158430925156,1093.793847641234,1103.5921636997323,1109.801195729596,1110.0245157867964,1110.0189581269722,1114.988539729953,1123.2733887382635,1132.2846342236328,1139.5703874381693,1142.788340087481,1148.5168530541946,1154.9950701098865,1155.4340135297614,1157.4126266207957,1164.1979285626621,1173.8353120898516,1186.8610290933395,1190.456300872673,1183.740104944207,1186.9858408462565,1194.4827800070466,1215.8291235283596,1221.7005670138742,1227.2750092697313,1226.3715176749704,1233.754212786134,1240.2184515681079,1250.149090021279,1254.9196696598399,1263.1358955339133,1276.3335645435823,1282.0497186047014,1284.0741344043954,1284.3668110612355,1291.3713697721967,1300.8626000730922,1309.9222311774267,1319.2832488805302,1327.054629121469,1331.8658817673754,1336.080452269599,1339.456407048545,1346.2394285190228,1353.3471152829866,1361.4262765501649,1364.341737808093,1369.4776534923762,1372.4825150486893,1379.8621007151976,1382.2775068334597,1385.2791451344124,1388.1284386489203,1393.1374518055613,1398.7185657645612,1403.9193480204208,1408.618823224461,1412.1206362713363,1417.914826713953,1427.4779588988158,1437.9746408771268,1453.235129200034,1461.3577921618507,1473.503011153625,1484.8773910250222,1499.0087244664826,1514.9542836713372,1531.179626148645,1552.1870999957298,1569.7665467432944,1588.6136078435147,1610.5153050453282,1641.5406281138664,1675.5042407842964,1715.1777369527886,1742.795658500817,1763.40810438725,1776.0741663266854,1797.3558701448271,1821.7139763695482,1840.8790249841204,1864.660369657692,1888.0400666253206,1907.562129315445,1911.5789074808129,1916.4985648344052,1921.0262729544997,1924.2536288238819,1924.9319318248606,1926.4668551031891,1935.1047838061397,1943.0921642081428,1951.6888204698557,1956.4213460923638,1963.3198669191881,1964.9251882033868,1973.0860169793896,1972.5512666299153,1976.2599962042723,1978.5678216412,1986.18503868125,1993.3753218908928,1996.887476381548,2001.7529299979005,2001.9247418300424,2005.269632565369,2007.1963495175116,2013.2610504398658,2016.4436827418976,2016.367122088098,2017.8953925904548,2024.6330100892178,2029.5655835063087,2035.5568197810717,2038.5577623916017,2039.8243566891995,2045.1569873404585,2048.980041978187,2052.8874284875487,2056.9285435458055,2062.86986046157,2075.290201004641,2084.3364052723737
395143,91,"Syracuse, NY",msa,NY,,,,,,,,,,,,,,,,1065.4351299754544,1054.8521048194766,1080.5826953641963,1078.870930653371,1069.5988177027452,1072.0061331570168,1095.3104809632932,1097.8956598407174,1124.3701988660123,1128.577301141146,1158.58454546867,1145.0707771710715,1136.3467974709365,1099.9172493436824,1112.0818090525888,1116.0898124463683,1129.3399569675717,1136.5372945281592,1153.4205869508155,1160.5535939752524,1154.108754900433,1151.475326842101,1154.726897012293,1166.745895821015,1179.4659536847769,1192.5967551179426,1181.5557274650123,1162.5376930213893,1160.0827931507333,1170.706434185079,1187.7584606548942,1209.8544340057813,1198.6754133497914,1203.5682209322306,1189.711187612549,1194.9523166459028,1199.4443165525752,1217.8775015287963,1224.1200505680094,1245.277347422464,1250.7170989424953,1246.4144549232158,1227.7659514517811,1214.358688623814,1228.9807484532664,1233.1602693930786,1242.998669779579,1253.6997932860763,1277.6909807055904,1296.1843237971177,1311.7332363603678,1310.2289493876322,1316.1603201648809,1322.8179957727475,1336.7655549017602,1342.6984961447588,1344.8846247682852,1349.2769868937748,1367.669284593267,1371.5269476218364,1392.0149763634931,1385.509254895959,1392.0939108323116,1398.2681001557983,1421.3211829542493,1454.2467482207114,1458.8009081094272,1459.0979337841338,1489.0664123926708,1520.2063779817647,1540.3027093246446,1538.7053211262964,1535.0116321314688,1568.1594782505572,1574.3135159674237,1601.3890702129695,1606.1623451486448,1621.3596600856567,1640.6560752983253,1671.1759730670701,1656.0993249655312,1660.5399475475438,1658.5796309967448,1695.8815230798064,1711.0630911034493,1710.231996532729,1724.0863589399823,1721.418617052527,1747.223454955995,1730.494711328927,1757.2422019467028,1752.996364786335,1796.4325414920131,1800.1238699839034,1828.4323498509486,1842.1095060037687,1840.8688952070588,1859.2288489977955,1862.9660979968905,1892.9666059810645,1872.3601972568674,1886.2889403510278,1892.7099080123758,1906.6584939068687,1899.59234507886,1914.2703198540937,1915.3344108810531,1912.713346531675,1933.8344371825403,1940.2973745907984,1956.4403668926725,1955.7439544562417,1984.2992904001553,2006.0263605079185,2011.125
395006,92,"Provo, UT",msa,UT,1264.9332210814396,1275.8582371032364,1282.1809431796935,1283.3658199401202,1278.3594802221587,1281.814366631932,1279.7342433298347,1268.6525602382562,1267.746812802774,1287.9147372270088,1329.401071170025,1342.2736789743149,1336.069313391206,1326.1862547240357,1317.4520509068186,1322.369993612223,1328.9405359124175,1335.122006160016,1346.2750692882087,1366.0876949173678,1377.6288987665398,1386.5140268247308,1372.0725497565736,1382.0443800135674,1382.4495064815649,1397.6177742771947,1407.943535020646,1410.388459550991,1427.6811109469961,1434.1487796684582,1445.008745801349,1447.0165904808316,1462.5334593558716,1464.9427684897396,1461.9986006213676,1458.5121400541161,1466.7303680752534,1470.6513318995362,1475.990559374822,1492.5917863325692,1504.2932278871601,1511.120696290183,1517.5197961759231,1516.8609494283253,1516.8878921918283,1509.8512757480983,1529.6710471489737,1540.8075873462842,1558.9587044066548,1556.434407636326,1563.317067351891,1562.2589975684555,1557.1245700885365,1561.18508882665,1562.450249415134,1572.0000995437863,1575.5848170444938,1590.9323200593371,1591.8754689617122,1595.2599517017486,1589.5980260828596,1598.5412355928263,1615.2791895577163,1614.5588364969778,1607.3808449579385,1613.942691337646,1627.4216376741217,1638.9741746004174,1651.3503853037773,1679.3459111818736,1692.8940152939304,1706.2773623775283,1719.3991650561536,1740.1632790804172,1764.918149564591,1785.0261963714433,1820.1736406116866,1837.2947912586244,1858.7815660497274,1886.522335507361,1917.8968771508178,1939.4490187005838,1955.4418397944503,1969.7932950428992,1974.5572757140467,1978.2278782928638,1996.775132426071,2019.0310869428044,2038.538308109241,2057.526591717288,2069.111971679395,2074.1558682005907,2074.351202532089,2064.1435279733396,2067.5798268644244,2086.7792218288128,2106.6519402720896,2121.283672020202,2106.0412748769945,2107.6171765143586,2111.4484503472363,2120.0396204802605,2129.812375636343,2118.2415638519487,2118.99380327221,2128.6758522469167,2136.0097103561275,2141.4466170914907,2158.0436677356743,2174.194893010211,2178.6178718702577,2172.521534240064,2170.3051427612836,2179.006431766724,2183.0713817144047,2193.556547545169,2197.441277415766,2200.331955403852,2203.968745031127,2201.5716955033276,2192.1870871525966,2185.8273830213575,2199.375768496063,2212.2567056110697,2221.3184417967996,2220.436784225965,2223.930515857601,2233.90752004033,2243.9519188059985,2253.08837836959
395160,93,"Toledo, OH",msa,OH,756.2238553283073,765.9627320662563,758.1560574997366,762.6733929224854,764.508113184676,770.5881004429781,771.5380377325356,774.6694016051401,775.3850969699063,777.1096214385866,779.5982670959264,779.7957547264818,780.1078177467847,775.8442256084661,780.6018925312172,786.9772764877805,790.6170171212559,789.4322142883865,791.1768760750252,793.776780822736,800.1069473183809,806.0884292138551,811.9885534721027,814.3662646284099,814.9148638431326,817.0615833776734,816.3225507796693,817.0466585339417,818.9385474260395,821.567883770976,825.0039589379431,823.5622244408668,822.5954336449229,821.8976804768049,828.7426082351968,834.6971092064607,837.9973467454006,835.6822821349012,838.8487385168967,839.4725295476456,845.181489707142,845.1299542996007,847.1065163911187,850.8339996318457,853.0078913089999,856.5443431784811,853.3843545295281,853.450785096257,858.0180640350918,862.7483794113058,865.4880343493787,868.7382284290252,868.1426970628461,872.4850622593196,874.410152335928,877.1613009353861,880.2666953363616,882.2895459792811,885.7847916972813,888.1859941569978,888.7292645465569,891.8001800622357,896.9900495445419,900.3766152130206,899.7679819813133,906.0989376498179,910.2885313815341,910.3991080127794,919.1001258320301,925.6390908915229,936.1165482906924,933.6173495967917,939.2523703329418,940.5904952134762,947.2870634814931,957.089328526109,970.9779837072169,980.353469452208,991.1084110030919,1002.0106403867169,1013.2884155088957,1021.0760862924483,1030.3117244397356,1045.3120642941933,1056.5481053066405,1066.4780308225756,1077.0868619611886,1083.4618603752729,1095.5291594569396,1107.0632476280541,1114.2302631554141,1120.1973652469644,1119.745539653813,1123.8812766026722,1122.7584146237589,1122.2670091940033,1123.8021880854833,1134.8665771609988,1148.7894662651202,1155.2944191306722,1151.1377678112885,1147.3612309962352,1161.4060865914482,1172.667780127424,1183.847437155161,1184.3200668294805,1194.5283691785914,1203.7518293198254,1215.8775876493783,1219.811510131677,1222.5253504033392,1231.3543516843783,1239.2791896001252,1253.2784247540992,1251.1229211862676,1256.7504782329436,1254.6060821698316,1266.4551781659716,1271.8274092989388,1276.4848287642724,1278.0754497487164,1281.3286077223675,1283.386252766054,1285.0520249084782,1291.1780985640942,1292.3917611058625,1297.4369310555053,1297.7771974320392,1305.2006628081278,1305.8848010244285
395224,94,"Wichita, KS",msa,KS,837.3073527061048,839.8160982575615,841.1753444121135,839.2495454607935,842.982874761485,844.0543139574407,847.788591176486,848.2799656846641,849.2546888555688,845.8541198492074,849.0740413915115,851.8843456469059,854.4720056032932,854.9808013019345,854.3389496864818,854.8698683972758,849.7597720999029,850.8324299504981,851.3713122895376,855.3596186282106,855.5015564311369,859.58733071637,861.4237098335927,862.6797076576628,861.3228955712019,863.7938341919981,866.6395752734422,871.5666034507472,873.8931061773579,873.4474925831034,870.8517048206883,870.2659884159406,872.2496734283408,874.98133894074,873.7164212455353,875.2012565485172,879.0246114182975,880.6295428858882,881.9443026642807,880.8682887456882,884.1240519536675,885.5734549967547,888.4964379066666,889.1695406267958,889.3295965033305,888.6609513878184,890.6529839789105,891.8897000058588,895.1944923558269,898.8010493750197,900.7890257675399,903.576136473368,905.3706628636401,908.8256729987651,912.319761264647,916.0800342140712,919.8449944148059,923.3931807562435,927.2455471019981,930.6469695996784,931.9649577568131,933.6172203076152,934.6371053171773,934.9421662276833,939.4527011659275,943.8510549077628,951.3485461534831,953.2376095992036,960.3191017079066,965.2832527574442,973.9342702972202,977.8725666609021,983.2822999803077,987.1415322205734,991.2173734221162,999.6347843695701,1007.1418692769741,1018.5922951827602,1023.138472037328,1033.4847404892548,1037.252472910849,1047.6326540560306,1052.6132942142556,1062.0614074158575,1067.9006758822618,1075.8294037349995,1083.790964646472,1092.355367614813,1096.495026678209,1100.0922317370441,1108.772206368617,1117.6997663564905,1126.760232862019,1131.5941513453047,1141.081289744186,1144.6609891676076,1150.6776652353612,1154.181161673361,1162.5692821483453,1167.4903024261464,1178.2768358902126,1182.5836677676903,1188.014023183322,1185.5704010754566,1192.1649057792383,1196.5027469823438,1200.89859169928,1211.1392752380286,1215.3370961908668,1223.1568208018875,1221.0907425476228,1227.9362447274584,1231.7304508059085,1238.7648134447109,1239.6498133787852,1244.344269910978,1246.9590131968391,1250.4824427682058,1253.402706899493,1253.9359770512183,1258.7088995369568,1261.5593954672117,1269.5980203268446,1272.274304853841,1275.439138389916,1279.4137256535776,1286.774701949194,1294.9747650874522,1300.5991917612457,1307.5547535112753
394549,95,"Durham, NC",msa,NC,1199.8155604738295,1211.0706681471463,1215.5543943792752,1217.1979111511937,1226.7808361902653,1229.7994518222993,1229.8148451917882,1233.661476469366,1233.6129453796746,1237.8996896592757,1251.6112241074682,1261.5377452585185,1260.0568090952797,1260.0286446308414,1259.7963493204727,1268.3435110937817,1266.2606785145178,1272.895838291299,1280.0602900102167,1286.3182141489197,1291.0012507457077,1298.649432441295,1309.00598381805,1305.663329449248,1310.232975532281,1310.021960218424,1323.4320022330176,1328.1318331640282,1330.2480138321523,1336.923192824215,1342.4539370860257,1352.8056704034493,1355.3046638799085,1357.6176270757219,1347.5877156982453,1365.4035646265022,1371.0623843410253,1386.8330353793222,1382.692593967045,1387.1828874275157,1394.0397507387086,1396.6747402730523,1403.503764963089,1407.6953995970619,1414.5788131021477,1426.4091163697674,1438.3318964081836,1436.630988174974,1434.1874539271844,1435.0597350481928,1444.0129828687466,1449.0444559661034,1455.8697414656915,1462.1947141975174,1465.9529515871789,1469.533161571859,1475.6569988913604,1477.3886768404413,1484.77385199536,1491.88230224956,1504.794472038663,1511.2772838979135,1508.6114518327506,1509.008359814885,1515.7016256167906,1518.9675198966308,1532.6645790639614,1545.9034075721472,1557.2069608327422,1571.8729383036875,1572.7448260807687,1581.7072094608407,1591.8996949023604,1607.404789975583,1622.5653815276116,1630.4008294398639,1645.0329467164788,1664.8864355820422,1677.2642111845628,1695.5010380142269,1716.8745660497352,1735.0672463253654,1748.4425117509136,1761.9536078635497,1780.2912581309754,1799.0536331588207,1810.3623148943916,1826.1522002686095,1843.537702966775,1853.0753631806097,1870.9800577779154,1880.2096016749372,1888.1228096812158,1891.7929931651336,1906.3333499483235,1913.6104341239159,1913.6087232228633,1917.9286304579698,1924.365389063603,1943.6188888979877,1950.1956203606298,1963.2066763176017,1965.8610726277873,1970.9855800639616,1972.1406423951128,1984.7780725970376,1991.2579459054834,2011.8949792846963,2010.9481045018701,2025.9658350901418,2025.8549801880765,2027.8159661393959,2021.4618539222129,2030.0991936608361,2037.8555078379716,2053.689041653636,2058.7354918174306,2054.3217287172133,2057.4260080247236,2052.474980379733,2066.332831162455,2065.1397508483274,2075.809358583218,2077.4945323011875,2091.1523010832484,2091.3312875553997,2095.6250868085735,2093.938066004738,2102.5313763442227,2113.6465648172966
394352,96,"Augusta, GA",msa,GA,890.2697090334779,888.8056674861657,891.6656808975033,895.1295105988561,904.7268059049738,908.1324434493746,912.3356617007657,912.0887790294024,911.8209240161344,910.5022599970622,912.6246575619481,917.4434408401024,919.4745098970712,924.4265757085433,925.3895053648749,925.8682725755114,922.4089350628756,925.6548358552503,931.4352350491857,936.1443715058745,938.5180419386721,937.6331824728715,936.6126805068745,936.1491533587321,940.3564973222093,946.7766444210652,952.5407509339964,954.213935324662,956.5094338406079,957.0223174362432,960.0501585637293,963.0301268765509,967.3643667659459,973.9238165037347,981.8942502070141,986.1179154592787,987.968221968932,983.7365076964977,985.7460555017936,987.8379700697461,994.1602400979921,995.8414674441776,998.0830167677699,998.2945645721031,1001.2306802538853,1003.7840631205864,1006.2715632045276,1010.0157784905801,1012.5644747699972,1021.6616854401724,1025.070022349829,1030.578457893305,1033.1721626418216,1039.1627227942015,1043.0024406300724,1048.937475203274,1052.6916439304368,1056.498150997562,1059.7219496505786,1063.790365457885,1069.1885707711874,1071.9797562111696,1080.7096776719204,1080.425284049825,1086.4680402558324,1092.5781381728063,1105.698154460677,1119.25581513233,1131.1756660487727,1141.436012610918,1147.2095892819334,1156.2498427649775,1161.5427345012674,1173.841899255341,1184.726996479967,1205.3480564646559,1219.5630344297715,1235.2956820598451,1246.2054916374398,1262.6660074559068,1275.7646909682164,1293.4809920059545,1304.8681348762195,1311.1508964461545,1316.9676518138203,1332.89759796153,1350.3979995230147,1355.0528968020635,1355.3623976573035,1360.479053055793,1371.6924608354066,1380.6563805954595,1383.011786100485,1384.2306541337323,1395.499567355264,1412.2351988182559,1433.196314194545,1436.3941195292061,1435.1777764090991,1438.4419361834157,1451.7333560897275,1464.0095474849604,1472.8947153306872,1474.9867835895884,1486.1406945384615,1487.1508709873144,1487.858758807064,1489.7918772234018,1490.7180457414347,1495.1872101287026,1497.0375216974808,1508.3624642969446,1515.8310864231707,1525.1314130513822,1532.3723532392655,1536.0512051801218,1539.9507492362416,1557.9588631804236,1568.3710612169136,1575.7195099929284,1581.649068004454,1591.0366476180052,1604.2328734751045,1609.8000454277974,1614.2537330305902,1616.4680715365712,1620.7070423691175,1631.2959375554371,1638.3011729363918,1638.9780852280853
394957,97,"Palm Bay, FL",msa,FL,1087.7187224125773,1101.0830261877563,1109.81360894998,1116.47663847616,1121.245277263425,1127.8799002935539,1138.4058819289194,1151.2363116856907,1158.7024740173476,1164.7664356796206,1166.2240932602065,1177.2693312497915,1184.7110764784222,1190.5784172425028,1193.6795442014393,1200.9223543459007,1208.2620808160086,1220.4168521694705,1226.7003504382176,1237.88652617879,1243.2838101733444,1248.955103312359,1258.6860631619895,1266.13094870151,1275.4793832176688,1280.950866162764,1290.2198315949406,1299.370377032385,1307.6847843485891,1315.2505051021146,1323.3054385844175,1327.0297654452672,1335.459305612303,1346.431948174695,1354.7118723860233,1360.0114673610442,1368.5832311496065,1376.2033770638398,1382.196022918478,1385.2220350960527,1393.6265595056148,1402.6746737231767,1409.804921487395,1418.4167464513055,1420.4491896519348,1427.8856877052401,1432.2578876905534,1439.9846560301203,1443.1747770666093,1447.5722874135706,1453.871393440155,1461.5372881396397,1465.3187504873595,1467.7312505425512,1472.5064553548166,1477.0149334955681,1485.6272362092088,1488.5102563453565,1494.3542052797302,1499.1396043610116,1505.3953957689134,1511.9954695672827,1511.9204362347596,1516.0669217489256,1515.7843515498944,1528.1491690967637,1535.6316022932463,1554.423602885217,1563.4016571682866,1583.8453610557208,1594.777973229422,1607.1010557032641,1619.321073713169,1642.8209546887279,1658.9138713121522,1678.5652759678662,1705.8950123665265,1732.9195311053209,1764.2350093968626,1784.5569431733593,1820.2108192401663,1849.093396865372,1880.0907996224682,1904.3065324992465,1925.3688427647658,1941.994487626763,1972.998400285565,2000.2651058635465,2023.755310210779,2045.5990893941341,2068.0673474053074,2083.9139852451635,2086.3497620302187,2086.4840666575774,2094.469488191167,2098.724788175055,2109.476095224121,2114.7991941201117,2124.687457916796,2124.18367905935,2132.4693701015954,2131.3514809291573,2130.8346885230503,2131.1720208273327,2128.616476527551,2128.3656438045236,2134.3516823265622,2148.6330934890566,2167.4942555680636,2164.160178909967,2155.538994000786,2153.117657357034,2151.7103268302903,2160.4663425741037,2162.126752323919,2175.6034962007047,2183.2712424304937,2194.7513248508862,2196.754923737103,2194.7323430355746,2185.9390060858386,2196.474687328192,2205.3193870046175,2214.592729620842,2218.7842580327297,2219.455029259419,2224.282549685199,2220.579790697644,2224.161632303299,2223.840812022379
394711,98,"Jackson, MS",msa,MS,,,,,,,,,,,,,,,,,1081.413572161206,1086.29053826195,1090.7866367193408,1101.0500545875088,1099.3762201657398,1100.0946683801453,1097.7513664184908,1104.0616706596793,1102.9393946079535,1100.3440328769175,1100.0839859126083,1106.0174256373652,1112.344130398061,1112.4760691428141,1110.0666747326584,1106.1381863144622,1109.1673189686542,1115.9996805324638,1124.9753235052294,1127.6572054717556,1132.55210362683,1135.99150201568,1141.4539684006638,1138.2117148072111,1140.3928577710408,1142.494845891937,1142.9047958486087,1138.342363929203,1139.3698917836064,1137.64758220462,1141.766441343006,1144.2385921306113,1147.6469156214177,1151.1132749865353,1152.7970060518187,1156.9241269860368,1158.6315283441747,1161.5223724375264,1167.2574234905726,1175.7867740440495,1178.888338658351,1182.0051114977498,1179.9088530906633,1180.4169029098186,1180.4468755584774,1181.8626618265916,1199.320245959828,1196.89511539322,1201.6605186590562,1197.7626391130132,1197.6102881227257,1209.584238088577,1219.4746266339391,1228.468835822143,1227.8510580235009,1233.7889006156017,1240.0091698408216,1245.0749822199966,1248.0443628483788,1252.9641696853025,1262.5160594209267,1274.9821256247326,1285.7455811575655,1289.11129895206,1289.6466993147362,1294.9045343591874,1306.9175001185722,1313.7544827949835,1316.1827478010175,1323.5083084079836,1336.9975535656972,1354.9671367404937,1359.181153849223,1366.4483897377572,1375.6034842240451,1379.9972906525134,1386.6916349046853,1388.2152651421354,1390.1180479540876,1386.3412377334978,1395.2057086098994,1405.756977062127,1411.8359158256176,1415.0426111085806,1424.8830906925152,1437.5715804723131,1443.7959787722855,1448.1504602622942,1459.0511976269202,1467.2021943446584,1479.3770960144157,1485.4317327861384,1492.399723027801,1494.925837451943,1499.0786428745043,1507.5692320736007,1516.3070364940027,1523.864704405395,1528.0504871382286,1539.391996889334,1538.8777106011582,1551.8359636085383,1556.9158786028604,1570.5531242593631,1577.7286912950815,1586.3641925763577,1594.7496793015953,1600.0284352459862,1604.636671439112,1607.9029071679508,1616.8421457021143,1622.3655704907542,1633.318838790423,1635.8451592399306
394666,99,"Harrisburg, PA",msa,PA,1077.5963996588603,1088.1718280972755,1097.9798419835608,1095.8085177783214,1090.2872214301458,1080.8646148794498,1081.5975085764055,1084.1509664397183,1090.129648922855,1096.8795678718275,1098.0217410458943,1100.5633174487834,1096.29605735251,1099.2937941598027,1094.3141759818789,1099.503964426289,1100.841544863588,1112.4928482217513,1114.0622671725303,1112.7775628042377,1113.8210146271167,1110.89757915492,1113.6454873617959,1113.4256419563283,1119.068023152298,1122.370822152705,1131.2953515357956,1135.9770482044878,1137.9199048394134,1140.5117813011298,1143.4602011688,1149.2440165283676,1146.270761815702,1151.3154633901122,1158.2094052367315,1162.8760101952178,1163.5924274149388,1159.578477082736,1160.4432597680907,1166.2894612595728,1170.5959941268277,1177.8145648575362,1176.1069417646704,1183.0329636890676,1187.2994994778999,1200.2577898611435,1208.494155109772,1214.5122733524595,1210.2512194663993,1205.222288950521,1208.352938716994,1208.4367740100884,1212.5549283044154,1212.565480294658,1221.588955954433,1223.677943015596,1232.1295779784452,1231.2945578355552,1232.8908093610123,1238.5436478664765,1253.7817391285016,1273.281056182287,1273.8577186532953,1280.314166328998,1273.8235447152106,1285.7361508662386,1286.7736469567953,1301.9827981170079,1303.104955169809,1310.215900445575,1320.9930040044428,1332.2292918146168,1345.0581365959551,1348.7941383953819,1360.14566625037,1368.4612807884812,1386.8433038345609,1403.6209407205665,1424.038062465636,1440.4109366121793,1458.1314462197777,1471.884828714138,1486.029374709985,1501.8187981992307,1513.9058803875537,1521.461506254003,1532.2225088694022,1550.0271855806113,1566.4062451080367,1567.9742183927788,1566.6396303515537,1572.9135785133976,1582.8540168377667,1592.5938638590046,1596.1640304003267,1604.770475624497,1611.4148304637492,1621.5853329117006,1624.6394065642867,1629.9756541954866,1637.7067904375342,1647.8737760119725,1666.4801598652323,1671.9937671713428,1682.7949649668271,1689.912623600058,1697.445163314517,1695.8890823406668,1690.5930477249667,1694.7154337979855,1709.1414917305071,1721.2869672925485,1727.874701286666,1730.1079225209105,1728.483949892564,1729.7752736633227,1737.1902093791957,1746.1435043135043,1753.2980522893733,1763.9926460455179,1778.8790929266754,1785.3017212206034,1785.5715827497756,1784.5314583883671,1786.0656868179105,1792.6767168691058,1798.0284990742766,1805.8952681464548,1804.8668780135583,1804.0818780702502
395113,100,"Spokane, WA",msa,WA,1019.89703469317,1020.5502904857171,1029.8735120453707,1034.7055129789082,1037.6779171551154,1035.989833542619,1038.6963275404416,1048.1637768721712,1053.3909711148478,1058.0780202649405,1067.1332150186877,1073.228205581839,1079.2724169833375,1078.7502532221597,1078.5751683368294,1086.13223328956,1090.0653576947818,1099.074508110319,1108.648000545907,1116.242904807421,1125.9036674908032,1132.472036602778,1133.413669881542,1144.328538772071,1152.1194489572113,1174.2347484097531,1176.4373288338506,1177.3721837268204,1182.1516483260066,1192.680462653888,1203.4506330714942,1208.6654947639406,1214.67365994059,1229.4932552449143,1238.9918239457832,1243.3541238077196,1245.1265309356354,1244.118538397233,1257.5817194828296,1265.6302288152333,1280.8436973814821,1290.5583484180067,1297.984367242559,1304.2113935710402,1302.9882009818862,1304.0792269451563,1316.5777680246697,1327.8970363952635,1344.193939027253,1345.3846854730175,1352.3332508962817,1362.8459609459346,1366.678809245752,1371.1058564130099,1377.2531565681359,1387.8843928408592,1404.045919419032,1414.7860587314522,1420.5873068124429,1428.1007341941195,1433.9846684028957,1450.6513951351433,1462.1448763685914,1464.2220243878676,1461.561986925078,1458.360042643653,1476.3726478361125,1500.1210241589083,1522.4740328650955,1542.7337388068515,1551.6325045400515,1580.929930766978,1605.814580161538,1636.2499117343643,1652.111881064942,1682.5884575166483,1719.7401180412182,1760.9108449920438,1790.6132510316386,1816.631614169867,1839.6733139508146,1858.3494255793532,1872.2931251234033,1883.5713781906122,1890.9382849941076,1898.755986174313,1910.3991704991518,1931.1533286629294,1941.5151445116514,1943.5104460039654,1944.292844558786,1951.9693242574187,1961.1525486233468,1966.0824277871868,1966.6299284632598,1964.8076220169526,1968.8978638667663,1974.029583324343,1979.7571016478273,1977.944579887286,1984.5686106064197,1986.0346907570151,1985.2048687423137,1979.0734962497845,1985.9719124149387,1995.6067766164308,2014.9038565720111,2026.4188172048193,2029.3987994055658,2030.2421436427417,2029.9650264792658,2034.9502766555163,2035.8400783502402,2048.6764933340014,2059.8681772204727,2069.1123566361334,2068.489669994401,2069.276763517739,2066.6760477711255,2070.8475335338244,2079.4166858394306,2088.790486829418,2098.272031819659,2104.8943167139378,2112.3665514228933,2114.608197121532,2120.006762550928,2128.4053031351455,2137.924075898448,2146.2720286345934
395075,101,"Scranton, PA",msa,PA,,,,,,,,,,,,,,,,799.6405651802125,791.3085769575629,797.6351908176205,792.8818179091988,822.7029020601836,821.3252099548081,824.4995369268092,814.5458124704854,815.3084470829434,824.4386955722008,828.6179862352658,836.1759596915061,833.4521554338091,838.62866275782,838.8836921642121,841.8358727257998,830.7852193920079,844.712143847956,858.1546605242437,870.8806791455161,872.9361532559288,847.6029637735877,859.0655891128968,864.468461955497,885.1600986454768,882.2356838255316,880.3039611937595,896.7596668549123,896.374071042312,909.011409622422,899.654732188543,908.2127371238611,914.0971783178493,933.4884075988001,933.1595737512232,936.597597054536,928.8257849093301,940.1683085533393,950.27404910596,946.4143786738557,955.6488090935933,948.0583997131231,957.4535335384433,955.5636472058922,958.3123452982428,962.3359829642,964.0562001998305,979.8511542812605,977.7065127485793,982.984906082653,994.0575667369072,1007.5096699843599,1020.8791037347877,1033.4109833633377,1045.383293072789,1049.1262367420416,1082.8420447202072,1090.9414724316905,1106.6476541516581,1105.091692094915,1125.8164559542681,1135.3489661435058,1138.802948689356,1153.9227609884024,1161.4133613391234,1182.521917597383,1189.7037937961315,1210.4399852351316,1194.0202178530024,1199.005332199729,1207.4153419106726,1245.3085665557455,1272.6353781452785,1291.2160554088175,1306.7650919437506,1298.553382080002,1307.1781980489884,1308.7397482755155,1312.721535939868,1319.2349045188848,1322.9059427145169,1335.495662870565,1327.7212788839774,1325.141764196605,1324.190710578252,1330.3189897595023,1331.0816316688336,1337.6194536040127,1354.6841869525963,1368.6605818018966,1388.3810487972826,1386.7069362021318,1406.3369719911602,1414.6556871522694,1430.0612975148865,1422.069354915173,1411.3860449176052,1404.3154931464867,1413.7448853015342,1439.3175215966007,1440.8595112290388,1442.7004760519694,1436.5965308031514,1446.5151443889245,1448.290221600345,1450.1159916319668,1455.5632130317886,1469.979497405587,1487.378601559387,1500.558891822911,1504.1187938359942,1496.4744866353706,1499.0101741240499,1504.1389262373366,1512.5109649122808
394460,102,"Chattanooga, TN",msa,TN,1005.85213808311,1012.7946287732073,1008.9127118566425,1008.960820563682,1003.3247972079139,1008.866843969835,1017.3736401479994,1018.9154777314461,1023.9813847126454,1031.3479500122326,1041.8265364990004,1035.7951110326374,1043.8547860445622,1043.2666958967275,1067.3079720795104,1065.4537415884563,1076.6240645087166,1064.717886366128,1067.2943219768213,1062.260157257519,1068.085196076098,1069.7350822038986,1069.8793099921054,1070.4287503840565,1071.219901699314,1085.7858018900765,1084.0494859674043,1089.8765403930918,1085.6889790273194,1100.8119393350823,1110.7805990902634,1122.5666259929183,1123.7977733965324,1127.15994656268,1122.0520166428882,1134.1257749210517,1137.5233089009166,1146.4818083181299,1150.7970673713407,1156.6018059300725,1170.6831154677013,1173.5945390501226,1179.200746941684,1180.707675386453,1184.7697585725612,1193.4903482988975,1208.887932672169,1210.9187402563612,1213.8961603404239,1212.4737560144538,1217.18208576382,1222.7274950800881,1224.6538655309398,1230.2489367747592,1233.558987560659,1241.2468499413628,1250.1048155805834,1255.291748646367,1260.0575609969849,1267.15245669107,1277.8202067687923,1286.726979538479,1292.4929492582157,1294.4270799259068,1301.5994576436444,1304.6546121246984,1312.0228568804457,1332.2948622627437,1351.3442814714513,1368.2572525826781,1371.5713007367908,1375.1263690856658,1383.611110026893,1402.2043871488079,1407.0266644998123,1431.091316180892,1453.4040089713167,1480.4600016505492,1504.8958808057719,1518.6409637319946,1546.974563293658,1564.7002274383199,1588.022606185515,1608.5262631037247,1619.7824463342101,1634.8620531231397,1653.4616461547678,1668.0594637562367,1678.8207297564552,1689.5159319424333,1698.2108301064536,1701.3914043270872,1702.158273025656,1709.1121042234647,1725.710764456364,1732.9465805438751,1748.7074425926721,1754.4768416611703,1767.5786212165124,1766.6617088551022,1764.2723183366975,1768.7173818619028,1782.7330505550287,1799.0907997351396,1805.0701769448765,1808.8311127941427,1815.5604773523721,1825.3089928415816,1832.6349405042915,1832.949533141631,1832.4934047648571,1844.0994474005067,1859.5344171119161,1866.7532236520774,1858.3084910657951,1856.8799701115868,1865.6800312435155,1886.81931390038,1887.15962752833,1890.0425791010791,1891.632370928059,1901.65923514359,1907.4277274724082,1910.1779261184502,1910.7929734038219,1913.353268630522,1922.8344922936656,1926.486879531239,1926.5752967571507,1916.3531073446327
394871,103,"Modesto, CA",msa,CA,1178.6864327775932,1176.587699602413,1180.2867814288156,1172.8082339741597,1196.481640458991,1205.1325399237319,1217.6879672755204,1215.0223268036968,1230.0535896793383,1240.4886384569113,1253.0978800884122,1259.0432402277252,1258.780658384733,1274.3098967011401,1290.4349464382276,1316.4949819693088,1319.5747417490204,1324.298470634669,1330.241752824513,1346.8752297896147,1351.9828051984116,1367.191348192642,1374.067554945925,1388.590206310908,1389.972736690574,1399.3462534545693,1403.4107027011453,1416.361029581921,1422.0515584253237,1438.680456035108,1451.266282582985,1457.6089707205233,1462.067144634691,1455.0676656394921,1459.7109516699638,1460.540810632084,1478.8648468815024,1484.8907667160279,1498.8708815305117,1494.4359711478799,1505.6680133542784,1510.5174637499586,1524.5087251050454,1527.549343462672,1543.2895366091661,1559.0029782923777,1572.818148269845,1576.5776011720382,1575.771139064543,1581.2044129076291,1583.5671883902596,1593.950241513715,1600.1224557470048,1605.8987309293627,1606.1625325578595,1616.3060119631814,1619.2647859480555,1625.9183854376065,1629.8035990554197,1641.9555193628794,1651.7027981668518,1660.6236702205401,1668.3467757108065,1680.836592557015,1678.9165342293186,1696.9569741404891,1706.2327166874368,1722.6175062130358,1735.8596305187784,1767.9315962459257,1789.5159537972056,1804.8319737398258,1825.5270852398612,1830.359767847264,1856.696884257786,1859.7132446764235,1917.3639455688576,1941.1861744610612,1981.866674101235,1991.2550515168246,2004.0016733349319,2007.9054665916876,2025.0451492232712,2054.1444935218333,2075.3223440689367,2096.143829483624,2113.585440689912,2148.6876153106114,2141.5175177125857,2148.2563756870027,2136.4283771566547,2158.4079525290376,2166.119044515853,2176.791856065509,2185.1148605486655,2188.530092365035,2201.5194388976984,2200.505364678007,2205.851984801735,2204.479475270395,2199.7763747167423,2200.681081253604,2205.5816228688304,2218.256487792026,2235.5469510859084,2245.3047740303127,2251.3239388021548,2259.2212512314863,2272.372693299126,2278.2189966985434,2273.351245316273,2274.8729360714556,2302.021093996725,2327.968545647901,2339.8542559876328,2331.5896295230527,2330.384172762737,2344.3154597528674,2352.2270907011252,2358.133310089543,2356.006280707458,2366.3755519719775,2381.0808274060837,2390.245394003362,2387.0435293444802,2379.391486532657,2383.0439905204557,2391.1672861743864,2393.597046862614,2387.010566646501
394768,104,"Lancaster, PA",msa,PA,937.4153389576303,943.0527214177947,954.0596019215178,959.8420032783213,962.1682042316438,958.2703175776832,957.1530448619874,955.324339569047,959.3972703437769,967.9413258626787,973.1825767167727,978.2748251592327,974.3716305814589,975.732608755135,967.5437021902343,977.9749542981385,984.9341850724122,995.9986278178949,993.9099487591932,995.332340762116,992.0322487333053,994.533436303485,1000.7905520451895,1007.7049074703484,1015.3041912188052,1015.8176161373553,1018.648935908515,1021.117778357221,1018.5967570210629,1022.0741604147571,1028.5543817215364,1040.4130435618058,1044.0519928008337,1044.1877794205145,1042.7274166251423,1049.577743631746,1055.811067874575,1062.4203588077346,1063.3970865088174,1066.7920284793795,1072.200760388566,1077.1045602053016,1079.978300063208,1079.1745547305743,1086.3381694692316,1089.7353849786089,1096.7212412807044,1096.7058140362235,1100.614473699691,1101.1270856549454,1109.3705011273494,1112.0388542797732,1116.5610564658862,1117.8001257935555,1121.7706403709763,1125.1623197475465,1127.2585002739238,1132.7202281893458,1135.4346168015045,1139.3057513259123,1140.5112526258622,1145.5258481976898,1157.6907840431484,1155.714378694575,1154.298496980965,1165.334816314502,1174.1514327843877,1176.3763920595786,1182.024496675576,1199.7993742396652,1219.980087453001,1231.8484349782136,1245.5497730939976,1241.5530329891722,1254.6780857947726,1277.8480130280577,1307.4546779560285,1321.1378484692336,1330.6820153626068,1348.8584360569948,1361.8157360636637,1371.469024083983,1376.0716465889343,1391.373018526987,1391.4181336952051,1405.6602266876862,1416.2920657321238,1431.2758494838015,1427.5035814559908,1431.2727141685539,1440.3605006731516,1453.6785770303031,1468.147418477009,1479.7842862212804,1495.7920702365961,1493.5014703022257,1505.2837517369599,1516.9816934903154,1535.3642693725924,1535.62307334542,1545.2608444232303,1558.8857119932634,1572.5026732991569,1577.6026264415348,1573.6180956533017,1574.1818032883991,1570.0329864169942,1595.676871505073,1599.4660440686712,1612.2152745770766,1600.545434780972,1612.0838669765099,1618.943374721759,1633.6789760861486,1644.1738432133652,1649.865902322667,1669.7551007894897,1675.856192126014,1690.9675715382602,1688.9301113625884,1699.9001133042336,1700.6683362715646,1716.9652265555296,1722.4301346247864,1730.2774240541041,1728.1026675247117,1727.6458494608282,1733.3776838290985,1731.717993740288,1738.6061728395061
394997,105,"Portland, ME",msa,ME,,,,,,,,,,,,,,,,,,,,,,,,,,,1567.980614150573,1596.0442739887667,1611.70693943684,1611.2777200356352,1623.260201277932,1613.3467052912833,1623.8003880500203,1602.673349362202,1598.957357788261,1613.1673758297661,1645.266464503209,1658.4025374638916,1645.214369072702,1617.795038299898,1630.179684712569,1643.1035774194547,1657.4855678727008,1666.6692455113694,1677.7052612497582,1691.8743232608215,1710.9343626822747,1715.5911607313385,1716.8448340243667,1701.9039634325536,1715.3469752668225,1735.4356105743982,1731.4787193707978,1733.1820010585639,1732.321257986959,1738.2775909142,1736.4894995727047,1745.1706967562636,1746.4145712579573,1749.8561409769702,1749.1439836243683,1766.6787777354896,1829.681974955529,1859.2062514280924,1837.2738399212374,1844.5459646059176,1858.930753173765,1893.3823008528213,1902.6027293639806,1917.2851400434852,1938.6722449951565,1958.804964744429,1966.4894712304604,1996.0589877023945,2016.7096099876103,2020.4273182663674,2037.4419465627773,2087.202154854797,2152.612339725215,2201.065958561529,2218.6624520893,2238.4713337311273,2251.324265976917,2269.848305184168,2310.5132024706186,2304.4587359893967,2323.5999059364885,2340.8004454489965,2392.4709583259055,2384.993317241608,2384.4536904863553,2383.7993492183523,2399.048819032308,2425.709848741345,2417.467572946172,2470.3321544811824,2487.7975622601575,2500.010849519378,2489.603386340566,2490.855517407719,2510.8934549154947,2518.57884209158,2512.664003482049,2510.8215766711382,2514.0517653335996,2506.0893802392693,2533.474817157813,2559.3353470775296,2596.4503421961454,2574.802133889888,2592.024555980962,2599.633827592603,2643.5947632583475,2632.148209909917,2632.7221071615145,2625.775306514617,2644.861193414973,2666.498739134179,2670.4378017742915,2643.6995459080586,2622.5702340835423,2658.7292548297573,2671.525284421942,2686.9583712085805,2656.8879513092734,2687.0918666311845,2713.3185834571973,2744.2274077241777,2749.994840079841,2757.65742002064
395245,106,"Youngstown, OH",msa,OH,,,,631.5216916093198,636.2074717922949,642.4528956918444,646.0255724853158,641.7737261888964,636.4823073983023,624.2781050207332,629.9896719462745,634.1975597530655,641.8252966071617,637.8405374719215,643.5385620067515,647.1426691056977,650.2793246489258,645.2626995598774,649.7914415676798,656.527697825339,663.5046382367086,670.4211806583605,,665.1785557861942,661.2500999552911,662.0147233552126,660.0098038206677,661.5102180680447,661.7422976421258,669.0147822330886,673.9659143751333,673.3153369501715,674.6105804032409,674.0931591011233,680.660349907319,683.3076573719277,683.4936228362551,683.1259498000315,686.2066343046521,688.0432574194057,693.9275365906968,697.6643649906425,699.0798024300575,702.751038770634,702.7276238112825,706.1914982129679,704.478846979337,707.4947519247966,712.7980477756734,716.4234694792976,718.769526501702,720.5384727767727,719.9053416204665,719.1669943754134,719.5288665576941,720.821831747448,724.1750257863495,725.9847278329297,729.448829469455,731.6769306463719,733.2623774294805,735.7423344032779,743.8573509474342,743.4109181383978,751.5223542582272,755.4321732156201,768.4081308284492,765.7083173380616,777.7516491615617,773.9921860008051,787.3832732852558,791.6311553433752,806.581594576454,815.9467050608338,827.127321673259,844.1653236639556,857.0461636392723,879.7794329522754,890.466908554374,902.8658782984346,910.1964499624136,914.267515245544,917.603456096116,934.469377889295,940.9560502757618,949.7282478746681,941.1010427154453,956.3056561765985,954.4054385445457,956.5867135627342,951.8358851336201,965.4298804923773,968.0994666153553,986.8691715831309,993.7645201182906,1003.5166381450402,1012.6027820221927,1017.3699268294863,1027.8568824963882,1019.6639081139732,1025.224855071121,1019.3341503451911,1033.0634209198506,1035.2138794293078,1052.1661908739866,1051.3050023351325,1058.7153633250693,1077.321303225004,1079.8037914747038,1089.4012230019086,1087.3583541566327,1105.2597092782564,1112.1171457956254,1123.123894685953,1131.129254325009,1142.4452555199878,1144.109089816058,1153.096814692545,1159.430689755893,1151.9034367146912,1159.5889649274154,1163.1139262327533,1176.2355847395002,1176.7651889126312,1182.305740801728,1188.5257855282264,1187.8389048195033,1185.566131036081,1185.0668103930195,1183.8680555555554
394770,107,"Lansing, MI",msa,MI,961.8310989394082,974.1996163745765,974.5883156815422,976.0661250362608,967.801522284274,972.8896111228253,976.4034967922712,982.8951549819374,983.3640702549167,989.1824720997798,999.7433639904554,1006.0680582166735,1010.1365337896037,997.3018176538674,1005.6591432761635,1005.9162942674039,1014.9867520137524,1010.9680563626969,1016.8645810416015,1025.0008475925613,1023.8359528233069,1021.2797828034475,1016.8510272031091,1019.665226346465,1028.5380289851341,1042.8937263842338,1043.2512782399267,1045.5675809038753,1048.528810536624,1052.204645104202,1044.702774065003,1041.4316517210348,1048.1592495783625,1058.552117351291,1067.3865002648383,1073.4573617610647,1075.763182727019,1073.570069868556,1079.2765489226933,1080.1345810663772,1088.0556376974014,1088.9197413315608,1101.3200389888339,1099.8885448666726,1108.9555429496227,1113.4827888912441,1122.316336259046,1129.0755677816232,1121.9009122081836,1124.8733061707849,1128.087571654273,1135.8884015245592,1136.5189986732041,1144.878067207595,1147.9857191076856,1159.3165350887111,1159.6804191129604,1162.1758738112142,1162.7505466919315,1165.3798524265897,1179.7732231730242,1188.3857310695275,1182.1771222869274,1175.7228297483302,1185.6561827090065,1194.4169362419948,1210.8127798223838,1216.7569951080006,1231.7115198868,1240.8297532557892,1246.2866121801017,1262.8942427495524,1270.8131057085352,1297.8898553698145,1302.8478746759167,1318.4473687197974,1325.0777918718643,1339.4344461904184,1348.9426557052445,1372.1066705944472,1379.4778562679628,1390.2811740255127,1392.3855040963183,1410.9580957837416,1424.461809363146,1435.7744902918262,1448.398565594958,1464.7642140602757,1478.83683997196,1490.0942600457179,1491.1755125921354,1498.6479149081483,1501.9437008996056,1510.5708360910637,1516.1399870452851,1517.712407390507,1523.8124887779766,1521.8357451391178,1527.1659567818517,1529.6171098744874,1528.455392625689,1536.6863701497875,1554.2650225411703,1562.4102409917084,1570.6318568852937,1579.5496206801438,1611.645783785278,1623.880378029905,1629.869406380674,1643.0236053312967,1660.0306442434169,1673.516327245085,1668.7802282869743,1668.9513116176445,1663.0251533988435,1668.2041853797625,1675.7423785878614,1689.0346790352341,1679.0699356278114,1683.5593407336637,1692.5719920954066,1700.2884956280184,1702.0314285167533,1707.089268798486,1729.229149097927,1743.6472115911745,1760.8672859162918,1773.0465748753356,1785.503712696465,1792.606045751634
394590,108,"Fayetteville, AR",msa,AR,955.339323417919,961.4893585778901,968.7644216834324,973.8457932952742,975.4055982210398,982.2667792577778,981.3615738486023,984.0521674294378,986.403257567351,988.3174796444749,994.4269785296825,999.7796379174562,1006.0404411591192,1004.8967347578767,1007.6861153641511,1013.420068046727,1019.9714239892272,1019.633221212816,1026.2517267536946,1033.6490609609777,1037.7180506301877,1040.3032509187303,1042.7386341481697,1048.2720325736423,1050.6282243487467,1058.5143786158603,1063.3350145075676,1069.7656462191678,1066.87023209151,1071.1885304147163,1069.8595382112078,1078.2452363505085,1082.1396457889932,1090.7920074588149,1089.8629249586797,1092.1287608889413,1095.2870860378105,1099.4678860579008,1103.6288632997364,1100.836179474093,1102.6601438384441,1105.0491991041406,1111.755023178933,1112.6604785677603,1119.6089295896998,1120.6226174173148,1125.4525141931235,1128.6956701047588,1131.703557909886,1134.0972585367354,1136.4892624061843,1142.822278631424,1150.0431440281982,1154.4514603181271,1157.001996582794,1158.8601273832753,1158.9814203548676,1161.5691824726407,1165.8491466646788,1169.042769199098,1172.6538851596347,1175.1996233682437,1190.8207649265207,1192.1440871237962,1197.6695047028957,1198.1507936009289,1202.339446852236,1203.40051907364,1210.498604272429,1224.2541128089663,1237.3161091915028,1248.3166274447697,1258.344698954399,1276.9703908320469,1289.0419707643766,1307.1688468798511,1313.3224420607542,1327.6118512940059,1335.404279396757,1356.3978029164452,1372.3327049978889,1387.8995688380007,1400.5585191442892,1416.3024741888294,1423.5404911599974,1428.1395105504523,1431.4235847566279,1446.523428856521,1464.4393267847477,1485.227166878783,1506.646492584251,1522.4442998241084,1535.85909646516,1536.8785341894068,1544.8485442309188,1550.895815917343,1566.0666115924691,1568.09462167492,1575.0660430145208,1575.9415795705952,1585.2994165347245,1585.2258078832365,1593.3048090403563,1594.87197703526,1599.8876265478093,1603.377829399799,1602.9725222633538,1606.229446853161,1609.540092330467,1625.445716366531,1636.2820108080025,1645.0031441239503,1649.1073138268816,1659.5056876998246,1663.1259491406868,1669.0176434278214,1673.6355609063778,1681.8602809508484,1694.1966379586986,1703.7220669968276,1710.2121114298116,1713.3146533428128,1718.2230216619828,1724.7404484300785,1730.2338050514813,1734.583827242116,1740.1819417272518,1748.0051397341704,1755.6201218416243,1763.6238550378337
394589,109,"Fayetteville, NC",msa,NC,892.8190177300779,895.5964755737018,894.876783362331,896.4200885715984,896.0922371769764,899.3431668966637,900.8565441034557,904.3014155555192,904.7977319547618,905.5957902760867,903.6794734243289,905.473881863587,907.662383573857,909.114992576385,911.3652900877071,909.8971944078334,911.2994712729944,910.5334833317356,911.1094180592326,913.3985394599484,916.197008033359,918.5614943732755,920.1896656812966,918.8559371234493,920.7424784667897,922.5349862840393,924.8761285555597,926.8906864680247,928.1096560578678,931.0679294667189,933.9059935360453,935.40772754803,938.2118516797873,941.1476335037493,944.4087631527988,947.5563390319227,947.5497310171205,947.6062093822447,951.4174836602116,956.2164177108468,960.0345087351533,961.0492928315082,964.4343745346098,967.3639132968832,970.1136892445212,971.1564743092088,978.3536021924499,983.3313209917518,991.1028030526359,994.353899758025,997.238241646788,1000.2847810033394,1004.0553714350423,1009.6115078455189,1013.2693391503599,1017.6671021760951,1021.6530400467285,1027.0984165708824,1027.8106481460368,1030.9126028659514,1032.7706426793186,1038.2426499521016,1052.2616885166515,1053.8750896718493,1058.01113652279,1064.7847926643205,1077.0416234936133,1087.9319488616275,1103.9779117247099,1122.4135856513071,1135.2683573147676,1142.0867818231288,1149.2712776866624,1158.7983858050836,1173.9489771501028,1197.9468526738726,1223.951040042122,1248.46899448911,1266.3709030062466,1282.4638794574378,1298.0902143686772,1311.9242100774225,1327.9827001023168,1360.175397863293,1381.3786840643395,1395.3337473123001,1389.3118581438057,1398.92785591074,1406.8997325672842,1419.838649318204,1426.6123527438162,1441.2007366843598,1448.895345538878,1459.5061629429683,1463.7898893058905,1464.8052894015761,1475.3150469147668,1490.831112834048,1513.3936719534925,1515.5910728720232,1520.7772779905354,1521.1476550517755,1525.1051085916058,1527.8394813067473,1531.269221410527,1537.6052374307249,1548.5845341289214,1548.8235984613702,1554.0203115515867,1550.545323448187,1560.6821013359156,1571.2486863933377,1576.6633698576575,1581.7052069415254,1586.526342991307,1595.637617063669,1604.3797002844642,1607.355467391084,1610.5988786932364,1620.0219656186698,1622.8679996337676,1631.1719236159443,1629.0684515877228,1632.7675749542984,1638.9129772241424,1646.3098236756284,1653.239210202492,1655.3594126751022,1658.5599763817597,1663.8338464696226
394792,110,"Lexington, KY",msa,KY,988.7974764217479,995.91634939698,998.7433691017795,1000.849055197248,1001.9967029430886,999.8990289191345,996.7895301837765,991.6813541051823,998.1426568731708,1005.2254102513687,1013.8548869736603,1015.0473008181125,1019.513524042895,1018.7008162688194,1025.7859085420034,1032.3356418032702,1037.5552782329905,1043.4076157775357,1048.3136891795964,1061.2503271522114,1062.7345530020962,1060.3338819477194,1058.3390743279144,1062.1507365385692,1068.271588622134,1074.898136449134,1074.9704061926905,1075.1095732465242,1074.2214674025256,1080.6901476894543,1084.5629841862653,1085.6755244884134,1087.219277356124,1094.6650490818774,1098.706194792819,1103.3317426757694,1102.7650569022396,1103.7503483953553,1109.119359912674,1113.6023207349226,1123.4848913789185,1122.3059739999728,1124.8463651869627,1122.4899640801962,1127.8928601601735,1132.9533545327615,1137.6791887627621,1142.5885669282482,1145.816132059666,1152.4397477865944,1155.5690241307843,1159.3109890636422,1159.711909118468,1164.8637369656267,1168.6666275406235,1175.9306988414394,1178.8888165180495,1179.7991989978846,1182.4387872784184,1183.5016082441946,1187.722006564037,1188.423714197119,1194.3070006005262,1197.2092637897515,1200.8094798075174,1206.1637743201138,1215.7938367553936,1225.4119415225687,1232.2118421098812,1236.026897714253,1242.011203623382,1251.8595142394238,1261.9748446487333,1276.5338918161024,1282.3475739911355,1291.7405324752947,1300.9565286367692,1315.9781686232554,1331.4608128707796,1345.5517200372879,1358.9640761963024,1374.611928507899,1389.8402072793192,1403.2456925530591,1411.462984165122,1419.1226613640267,1433.2245513088164,1449.1716921419631,1463.6191700326733,1473.4511235403959,1484.7404400291612,1492.8809643042568,1505.1908226622736,1514.6962714602787,1524.1655066263418,1538.3431430687708,1551.6007633062425,1566.0798410926416,1571.617850784616,1579.376074222997,1587.3913728555974,1594.5528502432305,1602.3341907800104,1612.0034659531352,1616.695193665438,1620.7268097281135,1637.2849239047825,1657.1151684779852,1673.9577291584262,1680.619550145916,1686.9594823091984,1697.400457660772,1703.9934942065206,1715.6329494317538,1727.405903311717,1743.5335734736163,1747.5736723316368,1762.6236326154626,1766.0944131267872,1764.7582536360933,1767.6974108313693,1778.0463730839074,1792.1630973954693,1801.1724011818862,1813.3126858078008,1822.567086860372,1830.8551683468907,1835.2416562091717,1850.7361601623545,1858.4430306642055
394971,111,"Pensacola, FL",msa,FL,979.4424388011902,981.1925340154605,985.4224212157687,989.4629711616163,995.0432180515276,995.6040458235425,998.6454740650665,999.4696421054558,1003.9255858264045,1011.4769813159154,1014.7735688628812,1017.5664133234087,1020.3098103213042,1025.1561739125284,1030.0007489655338,1032.5537083567094,1034.4905294122402,1037.7101909749088,1042.5192109784837,1045.389162243238,1046.9394362789667,1046.7709496553243,1052.9044979732823,1059.9101733552263,1064.4198981996099,1066.851340232579,1067.396809206485,1072.1714986267873,1074.222255044952,1079.610520872313,1082.1155299487004,1088.5186147704092,1094.285606480624,1099.8649106261003,1105.6105933559952,1113.6907979199555,1120.5218159655449,1124.8177733071286,1125.5079279882402,1130.7333517729053,1137.6238821456775,1147.144078646292,1155.5696706059632,1163.696367806229,1167.5408098687278,1169.5791260185024,1172.1635021962757,1180.6726694657134,1188.7771718638676,1194.7390496414814,1206.6164985632633,1213.325191291901,1220.3000037249622,1223.358678999611,1228.4737210074427,1232.4141295247016,1240.3961799520441,1250.3618072580343,1258.6546169242633,1260.872107190053,1264.648887966716,1271.870492675314,1284.392595455125,1288.934802068758,1290.74683192172,1300.734469544081,1309.624503426028,1322.0091437153083,1329.401330940544,1341.6294153492292,1352.6868199733337,1367.7181642214657,1380.2585850973644,1407.2847154610668,1426.0317176315514,1452.4215920638392,1475.2058864979645,1498.298184453456,1537.9905635626865,1569.7864154495228,1607.1699994975977,1632.8663790009211,1657.721989570325,1685.9484510261798,1700.6650630526258,1708.7975778082673,1716.9779449358793,1722.8238024470795,1739.0925045591634,1754.3412169781775,1757.4826153389338,1760.8957143043983,1765.6303499955807,1774.67991780207,1771.3205830453646,1766.2603958901057,1776.5579920087705,1783.4529856174634,1791.6346316361494,1796.8923179801752,1805.7227567033121,1811.5093471776436,1808.3226995620169,1810.2335019751126,1809.7112740828593,1811.9946069224552,1813.4392589947772,1821.4746252029531,1829.4363764353764,1842.9472285806814,1845.751433810632,1851.4907150357787,1846.35203090279,1846.2368073414816,1849.5302128248538,1856.3161826651803,1861.4574163325374,1869.3072355281374,1878.9394421178013,1882.940746528973,1881.9287504557597,1878.733091046491,1883.0009192467098,1886.3262356302769,1893.87121856238,1899.0442188063917,1907.555567232074,1910.738234453975,1915.533639370972,1916.0218503972799
395068,112,"Santa Rosa, CA",msa,CA,1993.2421199919356,2008.965921133716,2027.3647801407192,2044.7529825500799,2058.799280889381,2093.359470081404,2106.492177614347,2117.7734487238477,2119.4093783021194,2147.1774903812243,2153.3948438731695,2183.0763212795327,2196.5834522870905,2230.395764346907,2243.185843207207,2256.0008650992804,2264.2176746618893,2269.4173322552215,2269.108651103819,2284.451615252252,2287.9420413578337,2298.8867103941748,2297.4320601519926,2286.3410713462285,2291.3527776531528,2295.1561257266403,2315.1601299452486,2332.3326922589786,2354.0428336724704,2373.9982708493276,2391.310957795625,2394.8360898919277,2417.9990540158187,2436.0987192522634,2488.1698949295064,2512.3871571071422,2539.24331207085,2549.3889546006567,2580.5525805780135,2578.2360041915567,2571.651037247124,2564.6222752455515,2581.0428616412255,2582.5397456918195,2573.301093077647,2583.0392335652887,2580.7270452254775,2598.2893611787017,2566.3915380669787,2566.027166252032,2548.406432408612,2556.861315438116,2566.9542115107547,2577.65152688489,2573.518149867643,2583.6792510469763,2594.421933098309,2590.7755313840767,2582.759008847754,2575.2942432788404,2601.02567122191,2611.5285511468396,2621.3088580226986,2620.2673476286277,2616.1524704161047,2628.9637648921635,2639.6054701191424,2673.5821060338326,2682.0331748075305,2710.3676903812457,2702.3685172055993,2721.3143297725205,2710.5500538123915,2729.0940682172004,2728.6459215069276,2745.670097817694,2767.3029567825024,2796.446271753358,2817.763462077848,2815.2057242646147,2845.7126505571327,2843.129712348393,2890.4277190758075,2890.097108157231,2935.285193797412,2940.6791067401064,2985.4367286998104,2996.544467402042,3002.0127289666534,2993.0626341064467,3002.742284913907,3016.8922371494446,3009.683940956657,3025.122701435548,3013.319880169459,3043.8388479194355,3044.7575939095846,3062.2647700447233,3052.218947876509,3067.543338458083,3108.619769215803,3115.0173993942235,3123.5615387010857,3132.1611363621405,3163.9725959625625,3163.529415425309,3173.2584112085356,3182.6469892071477,3203.9473250039896,3185.789310974525,3174.3457202842774,3179.1231654478356,3197.333582149025,3230.9153483477585,3237.235358765582,3241.6960754318,3224.627394435412,3259.250417085822,3273.695294234262,3275.5091989640573,3273.529900833837,3299.973406916157,3326.642324712181,3333.6211049377303,3317.195428457152,3308.241073541297,3314.8397237157346,3321.694953990772,3335.8847860435108,3321.2211594202895
395019,113,"Reno, NV",msa,NV,1313.0576299680495,1329.35805578506,1336.8120952240185,1342.2993525705112,1340.9822727914816,1350.2680778096574,1350.9299638264977,1364.1195794298676,1373.4794153827245,1386.6679881362825,1400.083871587882,1413.161556438368,1419.3555667088594,1423.94749551575,1423.3347060685842,1437.1299394305674,1451.340356353846,1457.1300718447858,1464.4101567457717,1468.3210774541387,1480.4856594586654,1488.5912074687715,1492.7888794797504,1502.7027136314732,1509.6614354615708,1521.4268709193648,1538.9568345059145,1554.8237457625555,1573.5166068913202,1586.9852554352285,1606.3576340416157,1616.408131147056,1630.299408291312,1632.0617453839961,1647.671047169484,1652.85961699919,1675.5483378093,1681.5040130284135,1685.7686058997433,1693.4697673457533,1697.8997634278965,1713.1815753850851,1722.5141438458325,1739.2799239765611,1740.0819086140525,1755.6361342776572,1767.7195941137413,1783.2620925095957,1786.4212648009682,1793.1141091334443,1805.4255915903252,1812.2991845772212,1820.2346562727284,1823.774829853028,1828.6237451951458,1832.5852581567042,1844.8874629614322,1852.362586364337,1855.6887803691595,1860.0376527605354,1865.324229236289,1875.0319733430308,1876.0019534083171,1879.9117966327758,1874.8750828383868,1879.6356866554274,1880.8136228284786,1906.7258494105183,1932.6752619795764,1972.2765665202849,2005.097026723793,2030.8033375725104,2044.0599780022612,2055.61363551695,2076.0562949326395,2097.4362935287045,2120.678693881367,2137.0498141981548,2185.615515251235,2215.741890306247,2246.5928297047594,2247.6852460093914,2254.757385318222,2255.8094216520376,2276.562278442718,2289.5101699527872,2306.0200318620114,2313.867573891579,2323.4550297761934,2332.388936568051,2326.1653738790246,2323.541140392884,2315.9351969580953,2320.3422777930846,2313.9378725653182,2332.037303783033,2340.2992009453674,2343.1532216393452,2337.9241061668263,2345.877432894894,2367.9136033578216,2378.7982159831204,2382.8703507618006,2386.0168865011497,2387.3264269809824,2389.5268883606795,2397.318494426588,2400.3397884390247,2414.848659156645,2414.0074960242096,2425.1439892408007,2423.387130412421,2435.1328305271845,2441.827508993221,2449.148676423942,2451.6163331094294,2463.020432685219,2468.8959607678835,2480.1605858406524,2484.109987827926,2480.135048437908,2492.1625950708544,2497.823921766734,2508.7051048632766,2501.795152008117,2504.810330329335,2512.83183100191,2524.957732286003,2531.9794233673806,2541.170313374583
394698,114,"Huntsville, AL",msa,AL,925.6085962930621,929.1774702276296,931.2814815304553,934.9975670873521,931.8338752156842,929.3533861484198,926.3095534162508,926.2617947318718,930.5456106627647,935.5403304858511,936.873055408664,936.7543911891211,942.1652409118257,944.9888362159003,949.3603882991772,947.2949321750322,947.470419732038,948.8125722080715,952.4680861528395,953.1385578268922,956.7922180605665,954.3237635585483,959.3160804860099,964.0997337031741,966.4934883348806,970.3274979597576,971.3473784392735,979.5411673483654,981.6662719789039,983.0243324683577,985.2120710374804,989.6119666837278,991.3298595044256,995.325853579877,997.8297685903409,1001.9307087107899,1007.5859276930141,1015.0169959451704,1024.7131662696236,1026.4471611583103,1035.9718221061771,1043.1923483869475,1050.6414056880371,1051.0148899027915,1057.365000393703,1068.6317767838016,1079.4142644407234,1084.6993823152711,1081.0453172016255,1085.7490957162324,1088.9344019369519,1096.742928820043,1101.9803204093987,1109.8285367382841,1117.225005160088,1130.2253226387074,1139.732377827844,1146.1321063874361,1152.9590773175194,1164.293624864519,1183.2757317064375,1195.4654941684425,1203.1285458281116,1204.1885933451988,1215.7334960789053,1227.055461794871,1247.2995318110839,1253.55996256281,1273.5317840946532,1278.2710497396902,1294.3954805629276,1298.170835690135,1315.3034988266672,1322.8021296516963,1343.7780936359793,1365.738014011825,1389.1604816471956,1402.3610209349467,1410.5228124698576,1421.8214785159896,1438.328192162606,1463.56912524331,1483.5252967695576,1497.3217187088817,1506.8361979757706,1515.3180937124907,1524.205400747527,1527.9095255915581,1534.7338027773962,1545.6155720913985,1553.6832185280414,1570.7732360780356,1566.6606476028103,1570.5073536783207,1567.2972019654449,1576.4826392084565,1578.5703688578774,1586.874198845712,1595.4371746677973,1608.1565736348557,1615.3038015632862,1626.1244742929032,1632.82234989226,1636.4344252624464,1646.5954626966247,1647.4422554930068,1652.0974940289123,1656.578001163011,1662.2377632490845,1669.5195331594055,1670.1723260982055,1670.798893975764,1672.9394250046973,1673.5032133894315,1682.7894057561332,1687.410723087972,1693.01108037508,1696.7355155229902,1704.7438584168415,1707.8376995524075,1713.5323187662486,1714.7652862712353,1719.9721693884226,1723.7177790998771,1728.1077215829077,1730.9613235344316,1729.534539487355,1730.7485072122147,1731.9067949900548,1736.5936293436291
394995,115,"Port St. Lucie, FL",msa,FL,1237.095567925489,1246.3890393214022,1249.8982289665366,1256.1286422179649,1259.7880421754455,1264.9815129008043,1274.192076301367,1284.86850946633,1298.0428180329259,1308.7892703250786,1321.765284322117,1327.0262788850089,1332.1389462437987,1336.5498677424391,1342.2517803979,1348.9361514075026,1354.0862762102265,1360.177124353356,1365.0436047078101,1370.9900964793696,1374.410622474769,1376.8966049375101,1376.733204696348,1380.8123920660198,1392.596840781801,1405.1012481683672,1417.0785833652826,1425.341066317279,1436.7021890516153,1448.0235339997735,1456.0115979383168,1460.5291071436031,1463.6630626137578,1471.7325169642013,1477.431470515082,1491.0097160618236,1498.921732751693,1508.1143815753296,1513.0840745029147,1516.3004979210236,1522.0429703930301,1526.5202248239702,1532.8405941210676,1540.603463355158,1540.5649877909677,1536.6475569425397,1552.6503944305352,1567.7143427818612,1581.9774909276694,1579.5751829084863,1585.609069241132,1594.1398896720054,1599.0293332151264,1604.1335422156544,1609.1171252181834,1613.7601696918207,1625.045283869818,1636.3482935202808,1632.7946437327114,1624.5995352135053,1617.6044639677903,1621.9638504258198,1628.4414980453657,1649.3796646085998,1665.2682449234378,1671.4930937131373,1693.0292432810636,1706.756761605945,1731.572524686012,1747.9184744651454,1765.415353830508,1776.395997043477,1808.700428165897,1849.4471416748356,1874.7867877497572,1881.3404671878684,1898.8434252568045,1936.850816114095,1978.8004074380078,2026.5519016641863,2051.597137083153,2091.120536405327,2166.107749187023,2242.22614790265,2325.381903787871,2321.0181092310827,2340.2824360246595,2349.772056598345,2377.5025673442356,2402.068596658002,2411.776110407042,2423.1783154883415,2443.443665201081,2459.366259809692,2444.450616099681,2434.952538992435,2417.069939034289,2444.38275143308,2451.7628652666913,2477.915152919327,2495.428265176603,2513.8754852136017,2526.09302948992,2537.8568196440224,2553.9998438548787,2557.7313118274296,2549.463041472148,2552.083436935087,2543.544403776525,2549.238764974822,2553.1371036356695,2572.0386274101847,2586.985602050985,2579.8680523690196,2575.8979638050964,2574.955870080732,2573.6067867704846,2585.2347315767493,2606.12436735547,2615.228365117791,2633.7128985464838,2636.0616560750304,2643.938472046307,2632.2281990200304,2622.7567238869306,2628.720030194091,2637.5676579927076,2642.856245563785,2644.2591766414434,2640.7931722964126
394761,116,"Lafayette, LA",msa,LA,,,,,,,,,,,,,,,,,1197.8008263623817,1189.7883652281268,1177.8359578165566,1171.679023704216,1181.8572823779257,1179.8034117640518,1196.0002015658367,1188.9353581510545,1201.6259121778353,1195.009785066077,1212.2806131107623,1206.7265361216623,1215.9785865091878,1208.329551287502,1209.8879644849455,1205.988132633021,1210.745603632392,1206.102800058206,1200.9580402311783,1199.8273202593134,1204.8707209212187,1215.7702187469731,1209.137736633073,1206.4888675732595,1196.237691540154,1208.6251555331094,1215.004268582763,1226.454433788783,1219.9818027827491,1218.38501935889,1215.4752248521213,1223.2344023331566,1221.3044626679725,1221.5228489239523,1224.448000628405,1227.9828489883735,1234.856448836435,1233.3303605026986,1232.7978379953006,1228.8354767420353,1230.9583895934818,1236.2425573134733,1239.3074444156537,1236.0375084118525,1233.797610661937,1230.823576759484,1242.6697907844612,1245.1217673671154,1254.8501717551585,1255.300437045536,1263.2655101974372,1268.9214814899324,1293.971939566011,1310.8036160646177,1315.8498754651275,1314.7598447014288,1316.7385809875154,1324.0333302563135,1330.9142374381156,1337.5910143067103,1347.6298735642558,1359.445841699914,1376.905870293324,1388.7633417677316,1395.6023564944212,1390.7240083705956,1409.7711364039583,1413.7206631283718,1436.4546705219736,1441.9010899101036,1456.818218495294,1461.9865265366782,1467.5409058330672,1472.2166477189917,1473.115041948365,1475.4048076677743,1473.5235742351458,1483.539751856804,1482.4294767596539,1494.361038108376,1496.660135116822,1499.5815152853081,1510.2569466476757,1514.2004695968194,1514.878091982186,1510.5100405380294,1513.3266458739918,1526.0576569546536,1533.0926949075642,1541.4084072058372,1547.4973376207022,1564.7058177577253,1568.6745627133164,1567.379583695726,1549.1757183225052,1551.8160330499138,1562.0456591089207,1578.9556074995644,1580.295589647948,1587.2248003559023,1588.1827804122124,1591.987667866477,1595.1503468812787,1586.0830079895918,1587.4799002109266,1595.5270527059138,1610.1847523850176,1613.5553764804436,1611.715637348713,1606.5252055222436,1609.7064234536253,1602.8801548456834,1603.8569466270578,1599.288254936121
394898,117,"Myrtle Beach, SC",msa,SC,1095.3739164108379,1094.367480723208,1091.3700600263417,1099.7949094896933,1118.5824974094985,1120.3709262471862,1127.1092258519625,1129.107858966604,1129.7613426739463,1137.0124087256163,1137.84951884404,1139.629687506744,1143.5793837978192,1150.3055370782206,1164.5125908789212,1161.1558364920495,1151.0082942782146,1154.754014119397,1162.6255398880794,1172.1692442400642,1181.4676677912314,1183.388188230141,1191.8654186606398,1193.7643369698992,1203.5497058104413,1210.169610260154,1209.0583488318175,1215.2368118425309,1220.4011939551979,1232.5526748355903,1236.7997364536948,1240.1396498731663,1242.466147627031,1258.84646467898,1260.5117492194597,1273.3401480496784,1275.503060390982,1289.0925391840528,1277.2811705214303,1277.1710076759532,1281.1572341539304,1295.6043353374391,1300.6622008109039,1303.2734149865883,1300.2484333655018,1310.3770189280012,1321.0615660802414,1317.2946559886198,1314.398874936059,1309.8868712755402,1328.8577739423638,1339.2277527991437,1348.6224218957586,1344.3202616315134,1350.8202232236838,1360.1198851832596,1375.2132355927463,1375.0851998641726,1381.7953849933908,1396.604463030779,1415.3833359740727,1431.3305534384706,1416.2521710769354,1413.1010357935763,1391.522906188586,1392.6217115840213,1398.4077781774104,1413.6027746513037,1419.3258669012582,1409.3600891198412,1432.0199420179454,1455.6050759483016,1487.5068572221458,1489.077953494017,1494.1805337758926,1513.207867888959,1555.3978365909584,1591.6214427187074,1635.524659706809,1647.7089032140818,1682.3346028386661,1706.3907654278705,1722.0319538986253,1724.3549273395486,1743.7214748196989,1776.3305277925956,1816.0691251662172,1828.4910209400794,1843.1998467778153,1855.430924862628,1864.681970856478,1884.1081124519715,1881.2826043277817,1903.9281245683987,1908.8998130259674,1921.2808208197655,1900.2422822447777,1894.5890861011865,1888.8684651159338,1910.6026134821927,1926.881416901474,1919.9430333128116,1923.126456313427,1928.222555451376,1960.4528913825782,1976.8399959285116,1969.8039642342853,1972.0756025740438,1977.8569292516645,1997.8238670384437,2010.1783736625007,2011.4493814499554,2012.2780730591344,2015.2919535158103,2019.0815232840907,2008.5177361843225,2008.4782295788798,2007.0788852522912,2024.4263697808722,2033.2708886839011,2050.796277679954,2047.070738892641,2046.746545238984,2045.9011157256186,2046.230855571426,2056.741055699267,2061.690067288471,2075.1522619023717,2070.4943923321925,2069.280644333205
395116,118,"Springfield, MO",msa,MO,757.8324313182412,758.3258720344913,759.5723905807725,761.1392346443657,764.8492926379413,763.8385028551568,765.4092299858384,766.5883747830571,772.5546831160768,774.5878797726798,773.0309675602069,772.7040105879771,774.8832316795445,779.0605361266007,780.4481255181025,781.4975791170601,784.4604960880569,787.8860432625347,791.7131374126985,792.0747055095065,792.3078350642435,796.94629686625,801.2016892423429,812.0889521299084,813.6494090995727,815.9610806387685,811.449740147058,809.3288350722717,811.0381626473563,811.8452746952406,816.1546722009568,818.6912037040322,821.8692091211663,820.0386545996988,825.4762468824057,816.7675034161513,816.8589303472592,820.2031545910093,833.3662264244787,845.3228933925044,842.1795641281507,846.3160647729785,847.7255813150488,855.8768199220824,860.2257833554886,867.1461612047987,869.027426009134,871.7246551636701,877.4286964446471,883.8366623706135,883.6593915785536,883.7715791133666,893.7367826519245,898.8734789312114,904.5733253139232,906.9237730606612,912.2406986143824,917.5949937533348,923.7267268096224,935.4388605021487,942.5781459148263,947.6523950025614,940.7639713303491,943.0099554142199,943.366200282106,945.4628675048514,953.314667310579,964.1035706966708,969.3384069696367,976.6355355351537,986.2007008556095,999.1675712233238,1014.6930906228089,1028.7516435751634,1041.815768914568,1045.920136114834,1062.4178690700878,1083.1560596677427,1109.803279605276,1119.2318224967341,1125.9069667017693,1135.9428918065294,1149.5082193471192,1165.300204825785,1175.393045781235,1182.2022089287782,1190.2853604952024,1210.4116157473254,1224.1644042815026,1232.9211860077814,1225.713573195116,1232.5465625941792,1241.8492050013015,1247.2175781236315,1254.5995362213084,1261.6936118774345,1266.6867769564449,1266.7699784141962,1265.6060630651145,1268.4255589941845,1270.0091615274468,1270.4330728190791,1280.784958593978,1287.060624849105,1294.7403891814229,1296.7624641000107,1298.3256390674164,1295.924808403591,1299.3346294813052,1305.6232754589146,1315.1001869583454,1315.9075635770687,1317.3549883570947,1322.3344428709815,1325.140653120881,1333.3662608675604,1338.4483578565626,1344.7838272151746,1350.605671491263,1358.698252866643,1364.0377378686842,1369.908138585053,1373.2846488086066,1378.7926141360085,1385.0866387910062,1389.8546702532426,1394.2467764827556,1393.7144149246667,1394.137749085618,1396.7961910386064
395195,119,"Visalia, CA",msa,CA,,,,,,,,,,,,,,,,,,,,,,,,,,,,,,,,,,,,,,,,,,,,,,,,,,,,,,,,,,,,,,,,,,,,,,,,,,,,,,,,,,,,,,,,,1723.2049606772857,1737.6917337195932,1772.1638126141777,1794.9231013853962,1812.426826602468,1810.9501774198602,1790.6620109238738,1784.423111860612,1790.9895597194252,1795.7948625802342,1802.9593249875818,1815.90839751688,1818.4666772030748,1806.6575806909987,1805.8048217242253,1808.2181992305232,1826.4484512298447,1832.9979759974156,1846.3196802187429,1839.107604017117,1851.446139426863,1863.9435986237772,1869.8916541523656,1873.6008508540226,1874.6327307476765,1902.7680615202114,1902.8912289226464,1908.921831773669,1890.0977404767398,1908.8490892294715,1916.2422713771014,1935.8640563483957,1938.9831839301833,1943.330093185806,1948.8547924043528,1955.4964021690785,1965.773902962873,1961.6781344782821,1970.2697929108529,1975.3151312341502,1992.3918444763356,1989.1051587301588
394746,120,"Killeen, TX",msa,TX,940.7684548939939,939.528318559787,943.0399823423984,944.7586459454718,946.9147199350991,946.1203196792351,945.0387551567821,947.0301999918379,947.3424670012365,947.7806432483522,948.2487370256487,948.4197666337933,950.7026831710627,952.0109946065863,952.0155341487589,948.7140228725232,948.0926760600768,950.5675068457908,955.5910529112989,958.4121660715928,960.3864342969906,959.6018549920287,958.6438098031775,961.270632586187,962.8905105995879,966.6170216520314,968.3087092949482,970.6446944011783,970.2750013843379,969.8876944745222,971.2471500017839,972.7591429965539,974.5804410116601,978.5947754493018,982.570816019041,986.3852055606262,985.7929822635303,984.3096405793533,985.8079403926903,989.4964610417784,993.4757461762422,995.4918062457028,994.5789228782186,996.7685452264933,999.4890223119598,1003.8048147969803,1009.1503940261695,1013.3695591867404,1017.308101521555,1020.0907007787157,1024.5562534322662,1027.8556521680541,1031.8714484889879,1037.0771750767667,1043.4233108779677,1047.8346515581243,1052.148849240924,1054.9141144290475,1057.2183335937389,1059.9823029285849,1065.5763748571994,1072.3288549986792,1081.7219143115067,1084.1881079411537,1088.494690385429,1095.1951690372057,1107.7592335276584,1123.1888261804368,1139.0239980846497,1150.4397542643362,1161.5889401915692,1172.3784164720018,1178.7789318303505,1196.6834658840535,1212.396858032508,1243.6396850666104,1264.9978116150342,1292.237477564508,1310.0805541260565,1329.4004991264458,1353.1282928594715,1380.2045438720963,1399.9797895538572,1420.5123395918151,1432.5721029385718,1446.2741367095111,1455.1182172042475,1459.9769328891252,1468.2105502832292,1472.6710455017405,1481.9792038402334,1486.2668800884503,1484.6556340977538,1477.423683514236,1479.7048237879114,1484.607886999592,1490.9660364027286,1487.0304948371856,1486.1665799759132,1486.3627014783167,1490.8003809906415,1495.1823553294219,1496.107240750436,1498.937475016177,1497.8664235109395,1504.1485070833226,1500.399435835703,1496.047734305022,1492.873678543769,1496.4251363218675,1503.147322936383,1508.4371650794901,1509.1792810754077,1510.279239748467,1510.1454705372782,1509.0695608744752,1511.5155946883347,1513.4450338739448,1518.9944713726247,1523.2342375594249,1527.3876008725867,1530.1988974020555,1529.8093524685692,1530.0763384681552,1531.248801253837,1532.6556299566757,1535.9112822258244,1539.8469069458547,1543.8627377944597,1545.6096718635144
394338,121,"Asheville, NC",msa,NC,1156.026635253006,1159.1019834385816,1184.3421284076603,1182.5901689083714,1193.5764078484947,1190.1536615145383,1201.2559915405086,1214.0345214712333,1219.0139020485283,1215.9237194309756,1214.5577162595418,1230.943356321255,1244.2573593841873,1248.1398195470513,1240.2404170288298,1247.2787295894666,1255.478680601378,1266.9181539291442,1274.0649694630304,1277.254609320286,1287.4259228936241,1290.2904988579332,1303.3136745692434,1294.1119028700487,1297.1966890002136,1298.2104950444448,1321.111849746819,1324.4339186000252,1334.3743472760414,1333.6372177397373,1336.4672553470477,1342.2266484764912,1346.7349742973513,1365.284149432286,1365.7576024283849,1381.06851106662,1378.9540884010685,1392.5507935414107,1398.3015384313687,1409.1872636872467,1411.497437586209,1409.9686785871968,1415.7846299603534,1415.2501205491276,1427.3699785947063,1439.3663000619729,1456.3728584163916,1454.2788231209302,1468.8673654590186,1465.6929297876409,1465.8412706443585,1469.6286265084,1475.7574166772986,1489.855085871691,1496.4353350538613,1507.0707084364985,1506.6150987195351,1500.6566954650775,1497.4143634504026,1505.3874991551438,1506.512689367835,1513.7898682139407,1514.0904824921802,1519.954179723559,1515.6696981345106,1519.968301405556,1536.151674003255,1551.9444320529474,1576.676984986521,1590.9778823173617,1601.1276917196005,1604.4270583462285,1621.2809282558026,1654.477283626946,1684.4886437790824,1709.7868735699155,1710.0265688046097,1734.340903077253,1756.251393058966,1789.2522058377144,1802.036283983825,1827.3302019089056,1855.1352810069227,1884.7224114313453,1903.3948193170443,1912.6041047588742,1925.0695584097639,1956.480478529924,2004.290429035878,2020.2323190379059,2025.178495014707,2019.967925220779,2035.3400480342714,2053.653383947158,2067.541958800663,2084.1077144224428,2102.9892859761962,2105.990616796722,2121.2702437526464,2109.5555510036124,2116.436006005856,2130.4751745489793,2135.3024285633114,2143.750872882561,2146.5785891625983,2155.4810756200613,2166.8695058283333,2174.036343811371,2176.079344092021,2186.8059009746653,2189.3439552325217,2208.68254144979,2217.428953887279,2224.8732443105973,2232.825767465501,2237.306267227052,2238.682745618361,2238.2366694387015,2235.620913262129,2233.9616420450247,2236.036721618992,2239.880730727829,2242.1821294841116,2239.885716567277,2232.747332612906,2228.128584846551,2228.9012548835008,2231.109269541961,2233.6806573595745,2232.6053038164423
395244,122,"York, PA",msa,PA,869.4318622291213,876.2157998157085,876.9543874241051,878.9849939349024,875.0597113543126,876.5922066407184,877.1472996670794,881.3030955128224,879.5572690074376,886.2901966245158,885.1519329896752,884.8613355003832,880.4178350104387,880.6646867822635,882.8381583535246,888.8073030156062,892.9878274778034,893.7355494479092,894.2863694159714,888.9201872447551,892.3036249567733,891.1178555586554,899.4499684671074,901.0947660922063,909.255484828234,905.715032523312,910.8784648830506,910.3916232524365,914.8969103580062,920.3491393149088,920.8991364342625,929.7705463409345,934.2351830693594,941.3265254049124,937.8493794494143,935.6137076858928,931.0275474974162,937.162028284369,944.260728383267,953.506451088061,953.7964151627591,947.852390588757,952.3853231507802,963.6182957575033,979.3423542876164,984.4657834927851,988.1804993842533,994.4702105501133,998.6964026115259,997.0323864101128,996.32876171725,996.1353420952511,1001.2828558197147,1011.6766790284125,1016.5675424519172,1013.1979525507506,1007.0810381462413,1008.9497896053375,1015.5079690110291,1021.078210006687,1028.2814749955596,1037.1633050719863,1044.3359898414774,1047.6967202565556,1043.1761391554141,1051.619433578529,1060.3810400587463,1064.7649706048246,1062.9208064410066,1073.5241555216403,1083.8108377870394,1092.3924522404327,1097.3852146414054,1108.3243894167113,1109.4445245062843,1117.5249750546664,1125.4579214045916,1139.385057466895,1148.528815533629,1156.695676509582,1174.669352802162,1185.4321738156573,1194.7407030402212,1200.0317617138348,1210.01456415587,1212.389701939563,1222.275280479288,1227.3366895257006,1251.8172678160963,1261.9018143015774,1265.8066871118983,1261.1630161966302,1272.2310694528298,1275.4089900123927,1291.9318501318078,1299.715067551207,1314.37670594548,1308.1730405794858,1310.1024091777144,1321.8902897938924,1328.070325073302,1331.490000783692,1331.115169388918,1355.5627202581734,1354.1942473367417,1363.1125876852377,1363.7396585265355,1372.1239036133472,1378.314043504059,1377.675214630288,1389.2024722682283,1394.4359480163644,1391.2708510577029,1394.3527205352555,1400.277292766791,1400.7113005260276,1412.4480030400412,1433.4026794805584,1439.4383232303455,1444.287753130135,1445.6077998176484,1463.7051943681688,1465.8899493047068,1468.057519768266,1474.5679214693466,1479.8709187073734,1485.478954824306,1483.562740862448,1481.1790080187252,1467.3649425287356
395183,123,"Vallejo, CA",msa,CA,1673.1305967886035,1681.5006297540529,1692.0090465276376,1699.055144285734,1702.3071772090334,1717.0805415742316,1730.1683402587946,1737.8568012310834,1749.8253499009843,1770.2280695743575,1780.6321538140974,1794.063617075313,1794.048111569246,1799.2489341583025,1812.2803177017606,1827.9715660894549,1841.0460196810163,1847.0103306406952,1849.8202778738519,1865.3320180584547,1869.1913833435442,1873.0663096908409,1883.7758194702585,1896.2716597186552,1927.963413774384,1935.4687797707702,1944.5420741438638,1941.1877040166746,1970.6037762135386,1985.254439959816,2005.1481444007702,2007.8857811693285,2024.0228617904365,2032.2875053504777,2039.5167690328026,2046.957742638465,2052.543277536388,2070.7532628336016,2080.769324335042,2091.8379270829355,2090.6685228195515,2097.6431434730744,2106.6254966068354,2117.175439709726,2132.458985671948,2133.7135066954943,2150.0369615871978,2162.4613163446193,2173.622654151055,2180.510475991418,2191.2497774721387,2206.925168180147,2215.370228182782,2226.180863307306,2233.134122393857,2244.7347700402315,2247.632537205507,2264.943519309304,2269.159335343442,2275.423416669992,2279.349512457622,2284.8127074594,2288.0489242793624,2296.9470656702542,2306.1424025317856,2304.0541588458686,2310.334915611512,2321.0206794940073,2338.174457458908,2359.8651119876445,2381.093075135461,2405.6763347130036,2440.7631677369654,2451.7865405507723,2455.719987347038,2443.9652656444696,2457.9042975040456,2490.6490740828967,2527.597556283421,2551.628783288114,2565.0302511996088,2582.3930976639886,2601.995143735727,2629.405306048907,2637.617370507417,2650.0652801106576,2662.6869282000976,2693.4287662972147,2708.7116144668053,2715.363105458684,2712.871127902053,2719.5431817445674,2732.5865115593747,2727.9478358786655,2718.3223380613667,2711.4550858321295,2720.0491419403784,2738.95645832309,2746.6081979920314,2752.1684650134853,2752.807572737895,2749.4972563671704,2759.9084033478434,2777.4895354438595,2783.591424416225,2796.7571097546193,2796.609247108257,2812.302862032017,2804.3386006443784,2801.8159486047957,2809.1653393658253,2829.3993743970436,2859.0354208103936,2868.6987918114273,2878.851019813082,2869.1084901614445,2880.67712295144,2881.346759724282,2901.383514556759,2905.346860286266,2922.974747910528,2930.533232969274,2935.4230399148214,2927.1975925013485,2916.0491907302758,2922.8900077078224,2923.844721364858,2934.3005078256756,2932.379603756881,2937.7940453045835
753917,124,"Santa Maria, CA",msa,CA,,2266.045285045833,2294.380954107361,2287.8083354419427,2322.900248012099,2329.154566368804,2334.928996109325,2347.882626273106,2363.1903384222646,2362.944542746716,2387.7330991682643,2406.790029557956,2437.94979103091,2463.8556348220272,2496.765167423773,2517.1956076854112,2488.688213070772,2481.4244283988905,2492.441828763255,2509.1543593743263,2520.230569626091,2522.0094446435855,2532.153272876145,2545.9049354466715,2578.4062705355186,2565.904918721818,2602.705917478854,2612.145782536238,2638.143281417147,2606.0878237788493,2594.148003693397,2593.620429095288,2649.6822266479235,2701.8052919184106,2731.5639002532857,2721.881195046894,2691.9817710398847,2744.4709690568106,2766.098306203749,2774.9568952564455,2747.1544246655294,2742.913640470797,2800.8324011238005,2794.5067782963315,2790.057478420723,2774.5887155180903,2789.2283400109195,2817.4085434812223,2862.3353622367663,2845.8148310514093,2835.134808858961,2851.770585088064,2896.3855934750577,2948.259870061077,2935.3888789703683,2965.9475336853825,2966.5174861047,2981.1827893527193,2981.1118901085924,2989.1899472038886,2990.422168191856,3007.835444822457,3046.681828675601,3027.569898402001,3051.143026138346,3071.044217215002,3179.4495657786433,3170.35725682423,3212.2964408262146,3228.8913369710394,3309.3136955293826,3354.8682964450004,3366.4919045773477,3414.8598464117235,3453.88526684335,3517.416009568952,3529.4044635686605,3565.0485283937915,3625.065603721223,3740.1392660521024,3813.9138283867087,3834.4937397905937,3886.0037872330045,3965.435489296742,4054.992622532464,4077.1416801549494,4137.384518653523,4256.4292772529,4302.158220094652,4345.552608469561,4268.048809313056,4292.121749825217,4291.239390802412,4377.85342705893,4362.06601107502,4373.048905521859,4411.426561782197,4443.912459851045,4467.1570781373375,4383.866453096605,4403.203609690104,4386.880445673817,4453.184059358615,4479.111836964045,4515.51880239759,4529.887963396792,4514.527258967309,4492.358274389815,4444.4874405198125,4440.444617036478,4425.390123500898,4517.29313799804,4547.310927766191,4585.792765927086,4572.063171539524,4564.37603453522,4584.365224920648,4633.878027208919,4693.862732787794,4738.180373588539,4784.784354182748,4810.575712432302,4837.95179954474,4813.679303033813,4803.148564712314,4800.162560387762,4817.972459184977,4824.090404216528,4805.720739096656,4753.223133848133
395050,125,"Salinas, CA",msa,CA,2131.5870090970207,2123.0088063670087,2122.4555683028725,2126.3520211770397,2119.1910586223157,2133.8199453972893,2125.938763755682,2161.694674910667,2173.235504571068,2214.1400448495892,2228.697461991216,2289.6668361317325,2318.1319265662446,2330.743385670389,2306.2494315746862,2321.2186218205975,2358.190231565632,2397.5037659820405,2420.6159363258766,2392.368662843208,2386.4925551589263,2377.5546674181437,2383.215263528688,2376.8346302217565,2413.1430495512973,2431.6813073340227,2490.9853331291256,2474.4580653528787,2507.9357525630844,2502.0453111257357,2509.3424143562943,2521.6450187306114,2542.560409831643,2582.9019903927765,2604.0157145392873,2604.4605505024097,2590.120445245813,2616.0731889887848,2638.2445799153807,2668.207620192518,2657.2216231124507,2672.7665733512295,2682.610295132446,2714.121006496104,2725.7619557087414,2741.7410156354817,2762.3486674385977,2769.8000140323115,2767.1984793902634,2759.021518933043,2746.580838792351,2759.4251175719755,2774.981449830569,2789.5232438389558,2807.139395868275,2815.3420202931534,2831.6371316049813,2835.022495278295,2843.980827969767,2876.024147666618,2916.8348111751934,2947.8001164170637,2915.7868175543663,2929.6385818120784,2920.680921615667,2933.211642608822,2922.990029041641,2939.967788185354,2952.53814844761,2993.359274183704,3014.0097437915683,3047.1445609843854,3033.8732975595635,3073.4030166202188,3089.0752100805576,3112.0699921013975,3133.1417197922574,3137.0376941039844,3181.3842191717104,3203.35837543733,3249.1319958506983,3263.5835429842855,3291.7137653138398,3305.9046223200094,3335.0077160095802,3313.0307811553957,3319.7448299319794,3347.4235905976675,3401.647283871304,3450.700770294241,3430.696753762651,3445.95382300416,3447.051453101438,3505.92897202988,3562.4427244424232,3573.525500962648,3574.0286039347548,3577.5431515156956,3597.8374564120527,3595.4553699880703,3588.5257906473403,3628.0352140192044,3679.035948408935,3705.4899310406336,3718.4652734614965,3696.5978230289857,3670.515958749285,3694.920407864475,3680.819018289759,3737.53146646661,3748.72676289218,3815.800334251816,3837.2569694607396,3818.137717384106,3836.14511295115,3878.5157128349756,3929.158391937187,3943.9061881303737,3979.5125475230006,3998.982661512764,4050.8002477390432,4050.5476946897684,4070.3305882343748,4049.1436463758496,4059.1243420021224,4076.678733967887,4070.2592078991584,4047.645869621325,4024.8737216089435,4032.398941460642
395048,126,"Salem, OR",msa,OR,1182.8583158294375,1182.6959454634984,1197.7941051829412,1203.7225278071824,1212.174664840275,1221.4290372057935,1240.0872412469914,1259.293008664938,1271.5251897640007,1280.651829511725,1290.4256335537273,1301.9050974264358,1304.0226350619155,1315.4043357292167,1319.1015645695466,1335.5098854562268,1349.400060199927,1360.4867627313888,1362.7673753023337,1368.3405404302214,1381.93144436662,1403.1251251677454,1404.8703739093723,1402.914282270895,1405.7087023632948,1422.8642106565833,1442.263154324516,1461.1895090059122,1466.7490470793257,1479.2083414995361,1483.1942263270612,1490.7403229363454,1487.6853975516524,1467.2298758528077,1475.152657759711,1494.366060535734,1521.6170251031967,1524.312130865557,1524.4382391088818,1534.4237852641625,1536.6160523323565,1543.2385193900582,1547.7599099582014,1565.4467854169893,1560.9311496178045,1570.9184869201836,1575.8067455280575,1594.6092959130724,1601.8162630566023,1596.7419211187662,1603.5926809209868,1600.2969327330377,1610.4012703465173,1613.9860156250163,1625.047213864138,1622.5610020942318,1640.558750483817,1654.1522235689674,1661.158986903251,1651.6747496473506,1646.2498993381832,1659.1971834238068,1687.5519449572416,1697.7250051723026,1704.6805588205075,1719.3263775969663,1724.4989449396546,1741.9618288146482,1743.5861299412466,1754.723861347089,1781.5034245567865,1801.9027937305284,1809.886397343259,1832.7167571623463,1839.6719680822346,1860.6700778520485,1858.7436653142179,1882.5393106658373,1909.7208220497475,1931.8576811441849,1947.0426677261785,1971.7259349022515,2000.7043035822867,2022.9961818579936,2016.071274249717,2010.188969048079,2035.1316698181363,2062.1497964895652,2095.4891559577527,2098.1060793373904,2112.545145265867,2118.6262051536023,2131.4640786880627,2142.1409538724165,2144.1182303652304,2156.22978002232,2190.4727408407057,2208.1579333445056,2208.9157809743033,2202.854869017196,2195.697422595819,2206.939217253892,2209.117056871672,2227.1018323153376,2244.1253952938314,2247.5766784774873,2233.964660181559,2245.5608340834683,2231.111103179009,2253.1884060332586,2245.455517857354,2254.593013560763,2260.3675033088066,2269.302152022242,2293.8520142039074,2303.970701348855,2307.8666784166394,2307.358946030644,2331.615265555249,2331.7564642565003,2346.856189342157,2340.0718381611805,2357.5968355253203,2363.290856736914,2370.285273700993,2370.353370666659,2358.9504746085086,2351.9653883684505,2347.702129230244,2352.363888888889
394870,127,"Mobile, AL",msa,AL,809.7936300408786,816.4866858794187,814.9162211877006,816.3737935266035,816.7591781127428,822.1351047575829,817.9992945786811,822.4501831887758,822.6166613948208,825.2616314054757,823.3203706931254,824.1869144096571,828.6441573227969,832.2508886746699,835.290646281427,836.5782429061666,836.8893939478969,836.6667184900268,839.9692578842436,846.6137261971539,847.6865506645119,847.8662213186993,852.455161722198,856.2310773978514,858.3547603493422,856.9988157031304,864.3385582343557,871.0322659504793,871.8029303417449,869.2333350700738,871.4696767655594,870.8458855866011,875.8696003787701,876.2779549004118,874.2718437571942,875.6168199610754,874.949664587409,884.2192032988628,882.1321945703925,884.9980751430247,887.9633634123115,896.4043317499934,899.7534223454028,899.1907418084622,898.9407703221444,900.2941203640582,906.2632344752918,907.5434491817763,916.2170662357381,917.2173175161158,920.737873392536,920.9939446571158,924.2291570507824,924.7700144769443,926.3518651174475,931.347044325574,934.4301036452938,938.4555034083332,939.061293612257,941.529677106175,939.3402854161031,938.7066574047541,943.1222702264423,948.2878176814613,958.5988524117006,962.5555857892472,969.8126692080028,968.1135390544243,974.909923664948,976.8611130289534,990.3401904839958,999.303843250067,1012.6490862682093,1027.5872334769308,1045.0794498960997,1061.5635486087292,1066.4820989145455,1074.9348952915525,1081.7093903101993,1107.1549269571044,1116.935010523108,1130.0471274597066,1129.396063806832,1147.2786223174949,1157.1971857129604,1162.4902755814828,1159.5565446056091,1167.7248265582093,1185.3311646226718,1196.7547641047217,1215.8626478066578,1224.5313462653316,1235.8513092805113,1246.0772818409728,1255.9287190915504,1258.509414640917,1268.3694242812567,1294.1935680583015,1312.8079003249823,1310.6471200525239,1304.7937736591666,1321.4227778453353,1327.0812646411161,1332.3414284310225,1344.2573009246005,1365.3380800233415,1377.8923228877643,1373.6560381604966,1365.2263838564181,1365.5307219942608,1379.975029983705,1398.0770884330186,1403.9498199237635,1403.4550086699053,1404.50250448915,1412.414229693991,1408.9971017519488,1402.2322894883337,1404.2739709191278,1418.4402402828957,1433.474312706329,1434.0942778789176,1428.8560588893847,1428.4804748103754,1437.3002085769135,1440.5536037004501,1446.357301952968,1448.6353047721968,1456.1150607645613,1461.5858585858587
395015,128,"Reading, PA",msa,PA,,,,,,,,,,,,,,,,,,,,,,,,,,,,,,,,,,,,,,,,,,,,,,,,,,,,,,,,,,,,,,,,,,,,,,,,,,,,,,1281.1118228724306,1305.1588763771176,1304.6324475514743,1302.0246159683863,1311.3822784163299,1340.3928669352867,1375.0708614654282,1360.7926674769756,1379.880181069061,1378.4699694115006,1415.4448941364742,1402.8730165702052,1407.3007435526454,1416.1794495968163,1439.5028491023836,1480.2166513767877,1512.8051728624584,1513.9624174010348,1489.7286823645995,1504.2677569639259,1515.2276011681279,1556.3299575869053,1578.1665340103145,1609.928125834706,1622.526032666929,1633.252922187297,1634.2328418542272,1631.319275113911,1618.7825772435217,1630.5300576565148,1636.21103619254,1639.3942775730718,1654.6003749314661,1655.0583748845681,1665.9831781813855,1687.0014844025477,1701.3238692030034,1712.2609987356398,1706.749726412942,1704.6817546804136,1717.0532137524299,1725.1101701151213,1749.0660348553188,1764.6786747145102,1765.2138460502636,1765.6589052644263,1761.0318587133859,1753.295678285662,1757.6963655637305,1764.4720579519358,1786.4115136438238,1803.5417624476192,1815.583207642031
394502,129,"Corpus Christi, TX",msa,TX,1376.9537477481588,1381.0020726050018,1388.4546300286836,1390.2890515041663,1392.6960262841294,1392.4772088876505,1393.3357413312176,1394.015582752973,1390.100391206335,1393.3866433304074,1392.1592131535665,1397.763459349,1404.3175417319214,1413.8450485524863,1406.1394099322563,1398.5022527715066,1392.8906440483086,1392.436426571846,1398.8375512778628,1400.1734210220786,1408.0310493637578,1408.596537297549,1411.3807822145757,1405.8354403412864,1396.9953069553228,1398.6586567179852,1406.4099120266326,1418.4103061651035,1413.8008913311749,1421.6055582885251,1419.0207386405223,1425.839596545743,1427.8641488236008,1436.7239926511365,1440.7891061914968,1447.7807551213,1454.6018142295457,1454.8130179250497,1458.404522354415,1460.8572738718747,1470.6884372403251,1471.926194490028,1474.7110356260962,1476.0798086243558,1474.7400307180733,1476.0045796206987,1478.9092192939768,1479.2538852413809,1479.7418202480542,1480.4671728172602,1481.152642265734,1481.1725943541587,1483.8352629068984,1486.3038971462297,1491.6714253773914,1494.9456451234412,1502.0425580350652,1505.6656059971683,1510.6143062371777,1518.1650295348365,1527.0075007980117,1537.490080737491,1531.3269980962805,1531.6225439615678,1519.5245522848925,1526.6263836729943,1533.9532224293973,1552.803314599745,1562.1803599340458,1573.2679079837046,1578.4341093121393,1587.2665278839827,1596.8261448695127,1594.726798096044,1598.7939311792047,1612.3129382810268,1645.9361062930654,1675.2199905866123,1689.6312701935142,1695.3650860266769,1700.9158522667637,1704.5187830246355,1714.1713332771687,1715.714547825865,1735.4804457694138,1744.08625737757,1773.7539500877592,1773.197101916101,1778.4032185236588,1761.9242887446248,1772.6635185290552,1781.3734108309975,1792.8208996703459,1794.247914157982,1791.1747279951976,1800.4077481116747,1804.8781790801283,1816.643677416281,1808.304678888226,1819.3755387250026,1819.495043167437,1834.8073657920543,1830.0589319031824,1832.2983445609184,1832.54036165908,1846.270310862842,1849.0624052322066,1847.5303383806422,1847.1236600891045,1853.842228547261,1859.7956186442634,1858.6236864667017,1861.4402234061276,1875.1654638915977,1878.1472258386157,1883.5092296313317,1878.4784824508095,1890.5584987939035,1900.597700569547,1909.2295225829607,1915.212160850313,1914.480195524518,1919.3409065273781,1925.9313557975809,1932.8148904566708,1928.1479462382501,1936.2429143629522,1939.5313804351454,1950.8419501505862,1943.9836842105262
394421,130,"Brownsville, TX",msa,TX,,,,,,,,,,,,,,,,,,,,,,,,,,,,,,,,,,,,,,,,,,,,,,,,,,,,,,,,,,,,,,,,,,,,,,,,,,,,,,,,,,,,1542.832638121478,1592.5881431976156,1577.9100746302074,1598.5685142493119,1605.5582191603235,1629.1291984939667,1634.5104895211632,1632.038247512591,1633.3244447999484,1642.6365231444133,1664.9585469914357,1675.0204158425886,1702.3818919709377,1726.757795407145,1741.2116537970119,1721.8722793744707,1721.0446582685095,1723.3416801336357,1733.7214521278395,1728.7428411282185,1748.335282525993,1760.4668662315698,1762.9222750830634,1760.165964727537,1761.0482920316233,1763.5513269554026,1759.022936120759,1768.5702071675857,1785.399500921322,1806.4928459600112,1802.7871982951235,1802.1345197194623,1783.9198436505678,1793.9935391902484,1819.572561508181,1824.2760369147975,1824.0068082497194,1816.4108097432454,1831.426293551959,1844.5379012806259,1845.212511690497,1837.2386170759153,1847.2198291549637,1862.9817172931691,1879.7597742458913,1875.9115655081455,1862.6296296296296
394820,131,"Manchester, NH",msa,NH,,,,,,,,,,,,,,,,,,,,,,,,,,,,,,,,,,,,,,,,,,,,,,,,,,,,,,,,,,,,,,,,,,,,,,,,,,,,,,,,,,,,,2381.9771900090172,2416.0621533255903,2402.3014185850334,2461.8963984920147,2467.0323146027226,2512.871146470364,2500.937371434853,2526.2579742042235,2535.604270541998,2537.548153372601,2562.3912119162687,2554.7956227701898,,2587.999204179076,2645.035646086077,2652.3102281610595,2684.1995124132104,2654.238043079465,2655.8593270556316,2675.6742488928544,2742.1223606923754,2784.399240140439,2781.9589183118933,2731.852631305829,2730.8367280375683,2744.3701229057015,2795.576985877179,2800.050984547209,2827.9276308244534,2835.394733473994,2845.5751178688197,2862.4068248425547,2838.567106403259,2849.3297341701377,2867.5864728187803,2931.873457271779,2944.6695911497277,2962.5227261080286,2926.349759865512,2935.2453857997043,2923.5314983728013,2949.448253136523,2968.937179931422,2965.098864478327,2970.0502348241116,2960.1884920634925
394612,132,"Fort Wayne, IN",msa,IN,819.4024135813485,821.3600260684957,823.439224447245,826.0838944073931,829.4570227780522,831.7310416152477,830.1007666456986,828.0253187967536,828.1921358406264,828.6892323081163,835.6144304534179,840.1393510961927,844.0049338644255,852.09765828908,851.2747244747178,855.3372675146234,849.2587767965427,851.4932345829451,852.1788054555349,857.3830381511956,862.9782119461221,865.7009022133709,864.6851086537617,859.2212267374283,859.6338033057098,863.0831567406623,875.3111338987695,879.5368022086366,882.4258103787712,882.3123067498736,888.0432397792727,890.0265831536757,891.4791905409749,891.5954527664181,895.6930083912669,907.5163028534918,917.181711170287,926.4503917451008,925.2184168906415,925.0041144242468,921.984505846829,927.6008617724815,929.5229396880698,934.1491640547321,931.2665182974479,936.5886071216222,941.8660822738077,951.4580931781974,950.5662509337321,947.3218345044974,950.6880389144435,956.2945158513917,966.8140190918838,970.3394996042647,974.0984250873889,976.6072318493706,984.9760141615565,988.124937886182,989.802437566753,985.2327206717326,988.8601297219524,993.8180998876791,1005.9831120251838,1006.0702957060093,1009.1899909560321,1007.4301720221038,1016.3622402560877,1027.9655951139,1044.5696879831287,1049.122725396656,1049.168124055089,1044.957310077773,1054.0004935096852,1058.5965223206738,1067.5150689999286,1075.440679363092,1088.9084822223713,1109.648816085158,1127.5933201251644,1147.0933024540464,1155.8785688903206,1172.909593717663,1193.8629969396688,1215.0801392172386,1221.1656735381812,1237.1626869520203,1252.8231346778753,1273.4082390387007,1284.3903613471045,1286.6931547348347,1287.9527587342923,1283.1873872031376,1285.6016788868387,1288.150933581611,1292.5158640071425,1306.1496237711788,1320.0223314813873,1333.5632242786553,1334.764425207659,1341.9020650384828,1344.6488616892232,1352.7110406761924,1349.206066927912,1352.7342070298369,1361.5434354812828,1374.1113169815492,1377.2413379629663,1376.6954395911832,1383.7472920968426,1393.710606206007,1404.13559678938,1409.4517763693568,1413.7053642316775,1417.6394541334375,1426.542152464764,1434.2511798570954,1445.1987772470618,1447.833127845264,1455.101972947956,1460.4019208870482,1462.5547608044326,1460.461774861344,1464.2185178368127,1467.7616768083094,1476.0762904941473,1483.235656628712,1492.3704741965857,1499.7583112110183,1500.3289933229232,1504.8112321999417
394658,133,"Gulfport, MS",msa,MS,898.4508492056199,897.0694793969902,899.2231242264514,898.479078527182,902.9244496394322,898.0022642637673,895.8827771176094,902.1586283094327,901.7569451604841,914.201536028653,902.3169600887321,914.7797131398652,914.1236668978368,928.8606087380798,925.738997399078,927.3058416579911,927.5020563182713,935.382377649047,933.3819551886072,932.578490406558,941.2774785720953,945.1100898418206,951.0086004938357,943.0627331585506,944.7578296382723,940.1319714844941,942.4513111353483,941.5209494701576,946.6953477508346,952.8363460365886,963.7772676439561,961.3495590713358,962.3906018038848,953.8162174963076,961.9899255311732,963.1369362432202,970.2031025969411,974.9152091593177,978.7003441241544,982.1137633670181,980.0584166190487,989.4912040899842,993.628175982084,1000.4615396906285,995.1403239994941,998.6446533436408,1000.8585837857632,1011.8723606517044,1010.6109290516682,1011.5061729126023,1014.9506878232313,1019.785268195093,1026.2965652720093,1022.3976428178464,1022.597402985037,1027.2000987057702,1037.9747545110263,1047.7626617545268,1050.6810213431372,1052.764821200287,1060.2517357084325,1068.5901856347962,1075.3015786147407,1087.1504457234737,1088.3694485774006,1092.311193407679,1100.2634706976178,1097.937712733673,1110.5458045491011,1117.3375417318348,1120.0337157001186,1132.9676453866493,1146.4074926643414,1164.3649350118794,1164.6382383486234,1167.8299321864326,1182.9049558622091,1194.031748107986,1205.4348642631846,1229.932100743913,1247.048734791546,1275.0578751841842,1295.5479137944435,1314.8246648845134,1323.1352968012159,1333.8019470465817,1339.8136378796598,1346.3555369401372,1347.8419097242274,1374.099463407405,1383.3964038706083,1398.548509940081,1392.3705345734481,1386.4423507999832,1386.4288807401604,1393.6927258630376,1403.886812685727,1401.023178188577,1405.0610993048176,1424.7640282333628,1445.4538798587187,1457.00564483638,1455.7037618766717,1455.1527065292485,1462.4315855421519,1476.2598718758563,1475.8865220521209,1460.0574316353905,1462.6736133970026,1471.1951446014573,1501.3638588361905,1498.9446332292855,1506.4834852147333,1493.2473075852,1503.153149671575,1499.8155601017938,1514.522985693021,1518.303060736634,1530.7206415900914,1550.98570959332,1557.5384635822652,1565.0394692783545,1553.1455276702,1558.6924177935043,1556.7748522389297,1570.504952711862,1576.345991418124,1590.4345491400475,1590.9529007017545,1596.0893640350878
395051,134,"Salisbury, MD",msa,DE,1206.6387335642157,1214.344810290323,1222.0251148068712,1222.525660105266,1228.8896778928986,1228.1979281939007,1224.577510566874,1222.4240716235925,1217.5113409876383,1221.259401794588,1225.58358129518,1238.2720103271174,1242.7607900581572,1234.7318009341454,1235.1964845020925,1236.6754323192201,1238.8475657434774,1242.1420588818628,1257.951420704299,1268.0105536795697,1270.711002733988,1254.2614262120087,1252.8671558158446,1242.7480146653709,1246.7788011776283,1246.6627973240309,1258.3945182345274,1267.919400257955,1277.3579739603508,1277.389037639413,1262.2288322250859,1266.7153783946596,1270.4752329744242,1286.1061859727752,1282.2936818568858,1286.949226182551,1290.5618732842092,1299.1091490651315,1303.6871393056474,1305.0378216748445,1304.6168421338466,1305.265681782258,1304.5261159585227,1309.837926755117,1315.6059174651768,1325.0941236610947,1321.7329756895526,1321.7300607768461,1328.3462677783036,1334.2576769802154,1333.0642804893573,1336.0388261114915,1340.5599736197346,1349.329873254132,1364.637898778492,1367.163955222211,1371.7868444536396,1371.620125888662,1388.6570358285435,1401.0149890239572,1406.7569303952362,1412.4586791994998,1430.5331833604125,1415.5261225144532,1405.005364490778,1401.7755770282859,1423.5595089985225,1449.1155393551826,1456.7040149893755,1459.3360682162272,1447.1677263059266,1455.8399248916362,1465.9832073349469,1477.3780064563098,1488.3656052410902,1535.834603958375,1574.3571277805718,1628.9939455981976,1615.3369632110057,1638.547565120242,1630.4518164980925,1676.677645088216,1687.9182463184163,1705.2592023370987,1704.802527666158,1738.266708924013,1762.5095032959084,1783.542315155449,,1807.525309596505,1818.6967646461796,1809.0610588165673,1830.5633440503468,1839.4056247601998,1863.8735598508003,1879.3980480169866,1895.4342812135924,1887.15862591219,1904.3060483193738,1909.1325285760881,1898.85063325138,1894.999672949243,1899.150614200812,1929.1866239876588,1940.663854495596,1940.2606198828469,1927.0828151234762,1923.6093553832345,1932.0363459162263,1959.6110104511313,1964.327004699401,1982.273488983821,1983.9127396429383,2004.081057272189,2002.7356633195777,2005.7689146769512,2003.052308593546,2013.7402107261344,2031.0098782036991,2042.9645605236005,2048.9364135400483,2044.0369575731947,2046.6261757976213,2044.3390147948644,2062.044125037809,2066.3171239698763,2083.1849122865087,2086.8674719035866,2098.3476451606916,2106.2386414754837
394596,135,"Flint, MI",msa,MI,570.1538810936361,569.0226956760982,579.84338254265,578.166050675339,574.8491426509385,575.8051678209217,578.153387548337,589.815484114736,593.3148164031093,589.6052054464262,591.0708178274041,592.3611725426169,598.9614817281679,599.0507339440492,594.9335584258414,598.0402794130234,606.5587414589581,615.4185716704743,614.7414989072761,612.5815221495657,609.5191651503945,612.7170923269416,612.8720134953674,621.8657771487998,625.3220416599092,630.4109503105456,627.4830359498346,629.730007427927,626.4873356359142,624.6816847392055,620.93963754866,622.2786174012908,627.4653803217537,637.404989149976,644.5934358617003,646.0744025833975,648.1849287701012,649.3080433487862,653.3975051348473,651.2279667073426,651.235652317244,652.2663125316876,658.2837873809731,660.3176646585072,660.5558592735441,660.6590931749862,661.7192371289328,665.1121561719241,660.5359167865846,667.6122256609366,672.4554060780684,678.3174005859611,684.0691766876793,687.9690180244938,690.7723623903426,694.100477829563,697.2865884452106,697.0948235946485,698.1882557455916,698.5046149746901,705.8884260590654,704.3028166692559,698.8547744750348,700.98092850433,712.7866039652926,722.1490249022718,713.941115114999,716.8096941790047,723.1434468292581,742.0257950627235,762.1353772751435,771.6543832750959,773.5477799114569,787.4903645723509,800.1377372802716,821.0108715907859,819.4985515505812,813.1987467027964,823.8492495639682,830.0727497079276,853.8964264308037,861.0577243949306,869.2277364536047,863.7349427646317,868.5125293849959,875.6305442445789,898.8043664372607,898.5869139753403,903.8721030971384,908.520759244132,913.7600790751688,924.2482779770311,911.5834245166113,910.9336369610483,905.6056369602525,914.3154678623898,917.5674396196995,914.4493802904522,903.0557831252017,898.0134411984122,901.5563120580902,920.821328805249,933.4908153431876,936.8877723388138,939.4439235435808,943.1445357321076,949.6064289385452,960.1800531316181,970.8620260046384,983.7068449655552,997.6113097247156,997.8766303633716,1013.4027889101803,1015.0182204684683,1027.989861687977,1031.3976192174528,1040.7598127679576,1034.4158315607938,1042.3415855306705,1042.7685318950594,1044.0052691611022,1045.7220031749941,1047.3854632401644,1061.4009072368526,1058.1760664858311,1057.6494135444161,1051.1056505968127,1055.9181075291754,1060.927816501338,1075.262962962963
394972,136,"Peoria, IL",msa,IL,,,,,,,,,,,,,,,,769.3277061076084,772.6254505791842,766.2523512830791,761.9608087568363,766.1502902992198,772.7508706910947,773.6763911109111,776.5957287182749,763.4686201504011,767.953081615363,767.4841771577899,771.1545313732971,770.5478473644844,772.6518196139784,781.37640486787,783.1672553593925,784.57541648846,771.6741641740115,774.8783852422159,775.6010168883424,787.8127963764981,787.9985594627258,783.5216749371698,777.2291573371484,772.7891823336466,781.3613800338286,780.3850751087654,786.648262658082,782.1315053015506,790.4033357276883,790.1449279980347,795.7264998152397,804.4438543043897,804.1126733920332,811.1366463971851,816.2024019752384,823.9241406502554,819.6705525985619,821.3993771052176,820.2170119883177,825.6138403985492,827.26888523318,828.5269567951029,825.9655540171874,817.4325244817727,818.1404664061492,816.0326004967872,845.0456426079772,843.8008319068805,849.347706081317,846.7751932350546,852.1006678393632,861.8760570063766,865.5959929623747,876.9626693168736,879.2820402758535,893.9914422738955,898.2507022109336,887.6794068065326,886.1268211741291,894.8720942005197,916.4368632113776,928.7110706192724,928.3020488780726,937.5952414388267,948.8552928571636,968.1994302418827,970.9178790215238,963.5985591971184,946.4975900608716,973.0130596312576,989.8497907859039,1003.0686612841786,994.6467476661425,1003.7078350133993,1026.0302204575362,1033.534204438584,1032.5930886991666,1021.7430304761216,1030.5072401945765,1046.796993103703,1078.0520009521706,1072.4063891412684,1077.3187998665214,1074.1109650287192,1095.5356720839898,1096.9744705710987,1117.2504196482898,1127.3044118813768,1143.3880307520162,1145.0987631135674,1153.657578515176,1174.6353512751373,1186.025323736369,1196.2199061948666,1185.1096140782897,1187.9075867463198,1189.6240369438917,1205.4340552609538,1200.7580199908327,1198.8339833776417,1205.997168944167,1225.1157554265571,1232.4343714276786,1227.9774048715092,1226.2746392668387,1235.6027436443774,1258.3787251950998,1275.705080311319,1285.7627717890316,1292.0101020749803,1302.4148965826835,1320.1958876143585,1329.9863160111322,1340.7127946127946
394439,137,"Canton, OH",msa,OH,,,709.1866110895778,714.9619036009649,706.1800923421266,699.0726708442737,695.5741023891678,702.700649702374,710.3614415544406,713.340797199407,715.9209852912363,718.3506559267288,724.6870634015615,718.33087470174,715.9963829355113,709.4586096904723,715.9678519741537,717.7252942148685,717.9782081631303,716.1723516713221,717.6462552652501,731.8990730652595,728.4184856099564,725.6838579866281,720.3774847472337,727.8051306436973,735.9460144725077,741.1343736555676,746.2145928790154,750.5051937103253,753.604337204708,752.611866950374,754.9711000499927,748.6091205545348,752.8266578428914,753.5272887124923,755.4208514163473,754.1381338775643,755.5163050344885,757.0510952349713,759.6561802401418,761.9419565745994,767.7537499128297,768.6463774289683,771.028660301976,770.5655986842913,772.5332094158714,775.7584030984173,780.6470468952178,786.1984707948072,786.7548055433898,789.4612597517122,789.3162345221059,790.9386002966933,790.7772748485249,796.6908948443332,799.3045505815088,805.9401650842362,809.2806160386514,813.3639647127642,815.999837002984,817.5515639879463,821.91746319061,825.435834079524,828.29168623193,831.5021206551555,838.6850526950453,840.4098912533728,854.3087103462859,858.155774308904,861.7619565503634,866.8864386668959,875.0780664340115,887.0886542668056,897.3824936956642,900.687420420126,914.3974276139329,916.5027437661403,926.0940779743595,937.4720214739477,946.7740917553825,959.6445684248519,966.1497274141515,971.6465228169844,975.3997393552752,981.2221793296402,994.0619469529257,1006.1915151442404,1012.2854415652752,1025.2722382943407,1037.1583253750725,1047.837141421903,1053.9778114677915,1054.8534241282136,1058.2468684879364,1063.6168171672555,1072.5151502671927,1079.7519293055532,1080.5941211058432,1086.5227881540322,1087.6558606913081,1098.1679383692192,1101.2943744482604,1113.0373809055027,1117.8950893062683,1132.7098570464093,1131.8684879993332,1143.4131685591724,1140.8838842302605,1153.595494099214,1153.7163735632814,1160.9144753035441,1165.2197054933702,1168.5124488327563,1183.621217087298,1183.681184011162,1192.0407145058964,1183.930863670429,1197.0063673612378,1199.2689278433677,1210.8727436131992,1210.4945537409028,1221.7048141204457,1224.9410486273591,1233.9345424518303,1237.5985681779023,1235.8733881650817,1241.7765099842202,1245.9922932497916,1258.952614860661
395070,138,"Savannah, GA",msa,GA,1098.22358494412,1097.2219933169256,1101.460667470662,1114.7674435678978,1119.762802536122,1119.7321007266462,1118.9978136689965,1122.7592840285408,1129.3435731285324,1131.8593711430601,1134.9324947217463,1132.7661592456475,1140.547623098355,1142.8062549375004,1149.192999918041,1147.0808190087967,1150.8174497418377,1155.0840006030735,1158.4205303847266,1157.0214951224605,1159.9324594510547,1158.579026448451,1164.6223156188685,1173.96638561599,1179.5428815695068,1184.8391908233423,1182.163185065374,1187.860212381402,1194.8625287969815,1192.7714572683076,1197.1403699408304,1196.698753062943,1206.6063239495816,1212.9369520501753,1213.806247284346,1215.8525519810364,1218.622083059763,1231.061645019555,1235.1863124965573,1240.8984142684697,1237.3852310455,1251.5023189046512,1255.303996380858,1267.4089905438038,1265.8657886884525,1277.2749579832364,1285.335154284673,1289.0041003445372,1286.9554883858198,1284.6775520355277,1292.5268714043705,1296.8024709024753,1307.0609685181248,1308.5080113665483,1315.4163330818317,1319.4899392749928,1328.2601048440854,1330.1695382809935,1336.414126964485,1345.5000647612014,1359.7817341116272,1370.150047788817,1378.7405375294693,1377.5603600280617,1372.9776106389947,1369.1246973256955,1378.5964015178454,1387.670188624956,1401.5174319517891,1411.596498957585,1424.3317506987091,1432.2417542342243,1438.5502979851303,1451.8217975665948,1457.7106993348025,1481.5486586272202,1505.7047349019037,1542.4062303770602,1560.5782024318273,1588.7460112278045,1616.8451563076321,1643.7480262560505,1653.862771082285,1669.3318127733367,1683.3589148645021,1708.668071408775,1743.1184174320376,1772.2432997135427,1791.605154439088,1802.51312034388,1828.5260462487297,1846.7816443614715,1864.1927062594616,1886.1038276587526,1916.8328604286853,1937.6804487319193,1948.0869881215617,1958.7372911709165,1960.2041361663123,1965.783816890859,1970.9346033258978,1987.9908332264772,1997.6324113117792,2016.097979429629,2019.1060449287606,2022.0100445472985,2030.5482477626538,2050.7014550008485,2074.4199560046554,2081.7231753898845,2097.462770373832,2100.5252241220032,2115.779971653267,2112.8477807509794,2132.1660409361994,2134.729385715553,2147.387454178744,2146.3725876404474,2148.7859303841565,2145.293253630065,2144.0658348532193,2151.56032004189,2154.2434198491474,2164.1861710763233,2166.099433043589,2176.438528790949,2169.7384483285527,2171.967778354004,2173.5839491027727,2183.8924369747897
394327,139,"Anchorage, AK",msa,AK,1652.5306415412215,1657.999672359024,1661.5593301829667,1688.2992266681406,1685.0471515855859,1682.7196329620645,1674.2860835377967,1675.1113900672506,1681.8998121398201,1678.096664277079,1688.7658489013402,1687.8734125152105,1692.6845493768508,1688.9906965515797,1688.2499542529035,1683.4660204300847,1675.183257505866,1665.837319056614,1659.0058555274009,1655.9298567950789,1657.0743948769277,1664.5563692140713,1658.5735879457145,1660.1565132826825,1668.1606267211941,1674.2298413426818,1674.3312298876467,1664.9939370655986,1662.9524427986491,1661.563676827224,1662.5118562296911,1662.2154677846725,1653.0421420107948,1657.2710062475728,1661.3099658045962,1674.7060296934985,1665.3955945890348,1666.8690888926235,1665.9426208627715,1673.194347824003,1674.7006720812299,1680.7916847385384,1687.9583752049098,1691.6171642598222,1696.6495017267898,1686.8805184898329,1686.4864790525412,1682.6707482269765,1688.190583418907,1688.5882494670566,1692.268734662366,1694.60219361692,1699.7973445422276,1701.5604423881232,1701.3074986492268,1703.4475672667788,1708.2092800568912,1717.192001357239,1722.0349178897686,1724.323407859098,1729.3948699084272,1734.4123903771188,1737.56764208795,1728.3470629897795,1729.2091135363717,1730.3793577696877,1737.304705357559,1733.5947682810593,1746.0826483993005,1762.0551909364617,1789.3820811743747,1798.938839101408,1810.6278772949795,1809.0779039517436,1805.9992654436785,1810.0254390666516,1819.8178127836215,1835.0493301525757,1849.6074705403082,1870.3889105248556,1892.3795491478947,1901.7570675011816,1900.4461336438806,1907.0892837322908,1919.5322075972797,1936.3200322769376,1954.1419800151164,1979.9453605879523,2005.1583307623514,2016.7901789416387,2032.9009718981174,2046.1477981803678,2049.4036400089653,2054.171798306749,2056.274796492367,2082.240125196873,2087.21574252332,2113.694688651132,2121.588468787963,2136.790313729751,2138.176273843396,2148.864086331299,2158.578102651739,2169.07634853854,2177.725650527453,2188.258609371024,2198.1514926124137,2206.739070040742,2218.5374813255853,2220.515190056921,2226.7866055149834,2226.4299685372507,2217.465309343222,2231.486826668086,2241.8565828275323,2255.9192846951582,2260.8040662807566,2267.6501300009427,2281.810832755198,2283.2427094412496,2291.349974358554,2295.4390328908094,2305.3805625825003,2314.6692976902473,2337.651238333477,2340.78766629476,2346.352354457713,2348.920064692107,2361.7581049397863,2372.1442448680355
394372,140,"Beaumont, TX",msa,TX,904.925045360381,919.4489673754688,917.0002405568912,919.3730308006989,920.9038929525867,931.2189596103348,938.9657890123531,931.8706637581838,936.5582288939733,931.9103875514221,941.4078968941576,942.7728842973029,946.0885340013466,939.6642148444872,941.2840883933364,945.2751668244629,952.6981041060986,946.4756351607241,948.4218172008059,960.7515377996248,961.8826410991601,956.0262805360991,954.7130363326964,962.6437047476195,977.3125144241558,983.2613624689102,987.550804717201,989.664090317801,986.1983344797383,996.4523843687848,1003.768912708506,1007.635679687506,1020.4120737488665,1038.009256955512,1052.0055274993542,1053.0664862141546,1047.0994792022673,1044.872556897791,1052.270336231296,1060.728907789582,1077.4101519536327,1073.6841859163387,1067.6384304677877,1065.7089169626736,1065.3721275526943,1075.8400343698058,1078.8898223700692,1087.5434658361066,1084.0590543628866,1087.4836469699815,1088.3953920997028,1088.7662085725456,1084.7993399316808,1091.9405472869066,1100.6689300481198,1106.2037598406457,1108.0490134526217,1101.0222357835924,1100.300611855959,1099.9621378530142,1110.7596840301042,1116.7583844063306,1123.7865328876962,1128.7687207737072,1132.5824122805898,1137.729564144567,1142.050534463371,1141.8552372827553,1141.4734213794998,1151.13333136501,1158.290067814094,1172.8023020748115,1167.8063697982836,1167.7475521504402,1173.6245660908564,1186.3667315349078,1193.4503323519193,1194.7862510908546,1192.3835346136063,1199.2149365188486,1209.1108877363383,1208.0736040173238,1216.2154126705734,1214.7172186952641,1234.3370710805755,1246.0359373493689,1255.7538081962614,1255.121785269668,1254.7711456994582,1260.5329818148593,1268.434634427039,1278.3045119911064,1281.889234908196,1294.710712855014,1301.0130954730505,1304.234839179785,1298.8778045559998,1287.056055166823,1289.4607484785893,1287.4773548049764,1294.6386971129255,1295.1057086477908,1311.046489230647,1320.8426787706728,1328.768420094931,1323.758733811088,1323.5331525096394,1330.8265727657665,1343.2219715951474,1352.1993537588485,1357.458170444171,1363.2411898244022,1363.5793752439645,1366.736934801416,1369.7835205929862,1370.9082684522073,1384.1247751105548,1386.8141187667998,1394.805080705266,1400.3577916759243,1402.3151122596732,1411.8094749478316,1417.3536400493279,1426.7276363011417,1435.8792572439836,1445.25664252994,1446.6016950831445,1452.192643373527,1450.63590805516,1462.5969072879827
395096,141,"Shreveport, LA",msa,LA,953.518788553063,958.4441495458276,954.7110813540477,954.713926614791,952.285830765353,957.0666675235914,949.8665406625659,947.6763329948853,946.1835233339506,952.1177213971004,953.9774398229812,956.4692238810707,955.351257617758,953.2162228150161,950.1475276625866,946.7454577195314,948.0544178972664,949.2347663341608,953.6657917176467,953.5184548929833,953.0756601955753,948.6371581531384,948.5619557226314,949.7499468537966,950.4453380526197,953.5618204855185,957.2001658687193,966.7188703589758,965.12438384938,961.0284825237692,954.7500577925445,952.4043290743704,955.9032643701208,957.9571451137446,964.1860417888815,963.528125612181,964.6551466827218,962.4656831072078,963.9687096461406,965.2920595583413,964.0013569309165,965.8214268985525,965.7431351759818,968.310550134168,966.1925531876976,968.2852427613274,968.6330291206899,970.4520289008369,971.2959648137836,969.8795941966816,969.4635982674502,966.5479640658173,970.225142892769,972.6631368706775,977.2939672015669,978.994787483928,981.6797089966336,982.701457246075,982.5296023879412,984.5385587893081,986.9183920532503,992.5184068046062,989.3267617414591,992.1442752476336,996.2995540283652,,1022.8964568340654,1029.570774857367,1029.0506264675694,1029.8986607279342,1033.6827851644266,1039.3052767770375,1053.112613735105,1065.0617132386128,1072.2382970388212,1072.3915541367987,1073.935977522124,1066.239738143109,1073.3525720896334,1081.0143055577078,1096.8253779301194,1109.114867926199,1124.5066217332537,1130.3626674288469,1128.5902368484662,1128.6561606842274,1135.778099932491,1143.7063071415591,1149.4071089695276,1161.0916269043846,1167.966457629186,1170.6965275408081,1167.0633469165932,1171.966939351169,1168.155877950387,1178.2286122013838,1181.156975087787,1193.0824447253076,1196.586905946768,1202.4879569569132,1206.5541588091203,1208.4725962149682,1205.9483565758196,1211.918863386598,1217.6493447389546,1218.7185573035836,1223.172921003369,1220.522540559007,1222.6462238926424,1224.4835583226682,1231.2673595074996,1239.7548266848337,1243.1612451275905,1248.8930360847794,1255.365132297247,1255.228201462471,1259.8178019534291,1260.65206288085,1265.6090960732613,1271.0258664571338,1277.6923594047576,1279.7651842785795,1280.8120503014666,1279.391929957322,1283.2710067179162,1285.5288064372678,1289.9806310817144,1296.1575727136621,1299.833461330088,1307.0308371575582
395164,142,"Trenton, NJ",msa,NJ,1491.0514737294063,1498.8830147827628,1503.3271631258103,1521.9589685268425,1526.0083414643489,1523.3136438980646,1519.373889988812,1513.221125305694,1514.7618364262082,1518.99574755648,1537.947232229922,1549.4122488533594,1551.181162254399,1551.4957030169421,1558.19099077496,1556.0969286690063,1558.8918753901137,1562.3983845507203,1585.9025063476115,1591.9129210054195,1599.2511683931095,1585.4473787210823,1590.4063621808984,1590.8979721949959,1605.9504781713292,1601.4000406117657,1602.8676933513168,1590.6988769654608,1603.21097480086,1605.5273206134889,1612.5943442229282,1610.2885668088709,1616.0950139057948,1632.2509396405699,1632.322544887327,1639.3187622310004,1624.8594866017816,1641.5892126609556,1638.6943307898641,1655.4729303818192,1655.3846172628437,1666.1645578068785,1669.1850070197358,1675.1705953552691,1671.3098745872937,1664.6950513477084,1648.3828969919762,1656.7283604628224,1676.485013955142,1685.9110612425102,1696.0481028134134,1699.3085331143604,1702.9828087717317,1703.5873766338275,1703.7275042080184,1710.2815458989396,1719.8350227901867,1731.1226210442398,1753.7390852455378,1755.1431455731288,1755.3375196554837,1752.4109136500651,1768.0279549131778,1774.0364536937457,1776.0795776755951,1781.5272666763917,1788.5315933515985,1802.4307259097764,1819.115108570987,1838.605639983129,1830.7479678286766,1843.4031762268378,1858.8789053683831,1880.1323641892966,1884.1097617426103,1898.4886459194604,1915.2519818630701,1945.9620589490962,1962.9988957560302,1985.6049759692928,1990.2339312035883,2001.067914891285,2038.8676571996346,2047.4243016240387,2072.9954806154574,2087.465610864414,2126.353660094063,2130.553335110518,2129.2359317762325,2139.703154866713,2161.626125490025,2189.3456570195817,2205.372812830404,2216.3510297071703,2224.3322742599485,2267.614780899873,2278.2356830497356,2285.1291006593283,2281.2115923436954,2320.602335021263,2349.867524242117,2367.207886252791,2387.80601233536,2405.2435891437726,2438.9945557072,2458.084090770647,2484.792280322165,2456.934143814192,2470.2342502765036,2466.232631268081,2506.4677056394416,2511.3072758551725,2527.100601200419,2550.2393082394183,2558.4841195405843,2560.9866041245377,2553.2492483564615,2573.664326380731,2577.993340639739,2611.1762991181395,2624.9169763999926,2655.9850042442845,2651.3440163482937,2658.7383531992314,2663.4022181536225,2664.899558935408,2673.731084706836,2686.8058550174474,2702.170913257968,2703.164021164021
394875,143,"Montgomery, AL",msa,AL,900.4757559616771,903.5626782870725,904.1940922737695,900.101423074471,893.9042318670171,891.2307589474103,897.7463225252972,906.6359140142025,907.977720053117,904.0343429997398,899.4932683529116,897.2075436826392,894.7216845591383,899.22632652425,899.9500076082111,905.46078270234,903.0424558349916,906.6845061448653,902.5747819835807,901.0440774690904,901.0187280425488,906.3335798869788,913.303890643284,911.7199327741092,909.7672349996767,908.2146802906431,917.1975370183665,919.4705744039584,923.1968567200989,918.3992333035051,919.2173901980073,916.6729051762859,922.3721910851601,924.9708754394779,930.1574159320182,925.6494511129785,931.3045739557778,932.3409471177943,932.2950447688992,929.9657541767308,928.3606041739265,935.918979077518,940.8311934533506,941.4130578379585,944.2268798211969,945.3318873837395,947.4263872648777,948.2489440440773,949.4622032542378,949.874535169909,949.50607216181,953.5480850722834,958.3831146503193,959.2160980593562,961.0901387382264,967.6084193949496,968.7722798294454,972.1852569510131,973.7228161985031,983.0415781918199,987.7758436047908,995.6387371810204,990.0328349424911,993.7218208054373,993.6864010046288,1001.3722238200926,1003.0948937269412,1006.6597599087662,1012.5539568276638,1020.3917489951714,1033.4534710361943,1040.3538724336856,1047.777824435943,1051.1149073149447,1060.0675318621684,1070.9809625671373,1088.3673106314832,1092.5283142234096,1110.6527068835458,1120.8030296928268,1134.5964053724829,1138.218789554541,1142.86753627735,1152.5411515596275,1163.175829298076,1172.9490982333293,1178.6763887520465,1179.597285884429,1181.874469232085,1190.2456141781704,1197.4325420748316,1200.7352350515428,1203.2748035401746,1211.4954378803284,1222.5561036791717,1229.1362666908553,1223.5531718868242,1232.385074404014,1240.2228162223767,1258.9111522206467,1253.6175203656528,1258.0623991713182,1257.8210930570897,1271.9401161136498,1279.99530461078,1289.7581472158472,1290.5053778166177,1301.1472756750545,1312.0805877535047,1320.5634467208356,1325.0791378187134,1328.5580872381306,1338.3821794059113,1338.2911575065268,1339.0006173808506,1341.896147986082,1352.2323825082008,1361.7472947093584,1370.0303323375972,1371.9575123800528,1379.6008618348812,1381.965485523515,1388.5174842967033,1391.140711546222,1400.4383571142162,1411.4762769761671,1423.9782437930226,1428.191304652786,1429.5884062751268,1429.6911696667387
394520,144,"Davenport, IA",msa,IL,961.9762816124188,967.7586152305522,958.9945048463461,968.4283925109532,967.6243712073422,980.2097279965673,967.5151909834321,965.9041665813313,964.4706144504013,970.4478753146648,976.5216427799903,979.2331914213472,990.0434318002949,985.985291477045,995.5133235036939,986.9360693021756,983.8579413957157,972.3299981350715,977.0486096012505,984.5485564421857,988.8200231936606,984.949841941717,974.2166276317269,973.1050931145502,971.5688631765062,985.0463772446803,988.5560258208313,992.4069667411572,992.7403477779485,997.7554060233435,1001.8146488079349,996.9675811843383,989.7128145324164,992.6704114107897,1002.9069084873822,1014.575556523906,1013.974753139479,1011.4564994531069,1004.167860630618,1004.6644016879536,1004.5799072479475,1008.8895396830466,1011.6681145115876,1016.6721801533996,1021.6099788875649,1025.0215532916352,1028.1029934460576,1024.8929782024268,1027.150316090342,1021.4824809255151,1027.1133785527443,1029.7372989579399,1033.7517312556251,1033.4332360595893,1032.1567527055652,1032.5620552710698,1034.796033630902,1034.6964226111527,1032.7787712818338,1033.278871819247,1035.4719051608772,1041.9838700013804,1049.6444201001573,1050.1204045989039,1049.0922675250329,1049.225833253902,1062.2053720723118,1072.0956512457399,1068.8914831558277,1071.491652290597,1075.7005414691862,1087.9456863615728,1090.3382671117995,1103.030012880839,1099.6123535290383,1108.8006870309277,1111.5929756339387,1119.043474579058,1123.058559143491,1123.0032671111392,1138.4087699032686,1145.6242764434464,1157.452522391137,1172.655058844987,1183.349518517774,1177.7254890477755,1170.0775672125449,1180.613918329691,1190.3093662776478,1202.2479225722245,1201.1705927418193,1220.0504288032494,1235.2375594721357,1232.5264331057322,1236.1091400989367,1228.7969822528962,1243.4554911756,1243.568740000108,1255.7018476057212,1256.066495673764,1267.5989198173522,1264.3453797374502,1269.7154437021347,1263.8164929906839,1264.2329135442044,1279.001724841106,1286.3443214989659,1290.720304725577,1296.8857093565186,1311.878433469538,1322.4352555040075,1330.645804021373,1327.7950687066498,1338.3327680369885,1346.4706709920476,1357.9997529190307,1347.8177593797457,1354.2970344829268,1356.5642036312818,1365.6823452892957,1363.3154480905007,1364.520857936626,1363.8675197396449,1366.4139366295701,1371.9120998548626,1373.599880815721,1375.4711685714442,1375.9445469035422,1389.7595838516213,1387.3322368421052
395146,145,"Tallahassee, FL",msa,FL,900.2698323614267,894.8724684115173,893.8059106537607,898.5863815003412,898.3685532972851,902.7644356662305,904.9913730159365,907.7493037071523,909.7634564473805,908.8502342316073,912.1849354549107,914.5217777847618,913.2284250484377,914.0635308548534,911.9649765368149,914.6282691826507,916.4063660747489,922.7296360715277,928.2029137871685,927.9268410144393,926.020127176033,927.5761874559595,928.4789274569694,933.0197103853077,936.0968506340258,941.9803977437283,945.8446180586076,950.0728729940149,957.438122270614,957.0890387877567,958.481783078166,962.1298742000922,970.7004445318566,977.9784344509033,979.9307520300908,975.6952651362305,974.7222576073893,976.7831089382566,986.7394496958373,992.8596610071388,995.3083716307103,994.3691382001066,996.3308241995089,995.749376413432,997.3784505627899,1001.1393933971912,1012.4111815518153,1022.5576111434999,1029.4142723522739,1027.505735742772,1026.237798842688,1026.5299397871256,1028.404554997134,1035.6619560876036,1040.0528296947925,1046.4841256120567,1048.9074065831087,1049.5498595687557,1046.8308991913943,1047.2368474625578,1048.8399225327323,1054.8380568601037,1067.4070017724064,1077.6832942708922,1078.1411608514718,1082.9703382284374,1081.6276969323396,1092.2762125562856,1099.107131629738,1109.3784788389353,1112.8059559645878,1118.443870279871,1123.156780208032,1133.3591193202033,1140.7979720774963,1149.449212306353,1157.4729866351838,1167.7902797581514,1182.5317977900384,1195.0611025552123,1210.855764718374,1226.8962755766827,1239.3211370558208,1256.2027827791585,1268.3429499436181,1273.502893029852,1283.8322750729458,1293.2742168561772,1322.2161448742415,1338.236687134056,1360.5484276309157,1373.0203529419489,1385.808092473305,1390.485433996737,1398.3949457362323,1406.005710388435,1415.8815644595165,1428.3249920909725,1435.6610581324703,1445.735799914311,1447.5145740793353,1453.541651401752,1454.7693095066704,1455.2982466550022,1467.9241430844286,1476.2645257209388,1491.6480300224118,1489.939729595878,1494.112253109632,1494.2157362166097,1504.721334988935,1505.790958616662,1511.2861228460708,1518.2561275859118,1527.976751091073,1531.3248322818743,1536.7463296499643,1535.1952223419166,1534.8857532236814,1546.6560172214,1553.7295934453336,1563.9725746380075,1567.4112750954164,1576.9086729594985,1582.600772842723,1587.9172317568489,1592.0419585863756,1604.0153795788997,1608.266056435899,1622.169609255715
394576,146,"Eugene, OR",msa,OR,1075.0041573377523,1081.7382088585507,1086.332039199935,1087.9426415277023,1094.0518241393067,1099.13550978216,1107.6835908848504,1111.1358060557218,1117.0038150679532,1119.930877324626,1134.4148275759753,1156.623161333973,1165.5962685189143,1172.6219924680033,1167.0641139606835,1177.1584590358773,1180.5980441243005,1188.173139912177,1190.4119219186136,1197.2145733598318,1203.233751348772,1217.5705304562016,1220.6972595114974,1219.548755120698,1219.688176018201,1225.2194128565518,1240.448686051716,1244.3652505042169,1254.2172447936434,1258.850843912043,1274.6540695092683,1282.7275091098752,1292.9896558049973,1296.3982276739498,1297.0854791128613,1291.727116891957,1302.6305485093226,1314.472633111359,1326.5865917467574,1331.4595622369848,1334.1165743505376,1343.1142108110662,1347.8362247978018,1359.8842489133926,1366.419585123011,1371.3527059859061,1384.6166555175655,1392.2742454895165,1402.0745615428668,1403.6251222208043,1404.1040068104523,1412.8811967696356,1421.7599085043732,1427.4211128977436,1431.8267735310735,1433.6428837689546,1438.839206195869,1446.9534447355063,1451.9503160090885,1465.1557366712052,1468.3074795191524,1476.2541089921433,1479.1527225503962,1481.686742947555,1479.2034018780391,1474.0838740175495,1481.1038917228861,1499.897081038084,1516.0979423393512,1538.9279489361982,1549.669944166159,1562.129584556344,1569.654004340125,1592.5298474653011,1605.7012485865769,1616.1499921750956,1631.6491112864549,1656.0242366563714,1676.7380426961106,1690.0742198316598,1699.2754710547126,1719.6922404939492,1730.4171926258978,1746.270155557351,1754.4429735394503,1768.8121334827988,1781.852065728869,1810.1909762486061,1834.7763267757714,1851.684223102402,1860.305806371752,1867.0000268039305,1879.4604807315243,1881.0803560762402,1890.8461061872385,1894.8454923144818,1904.7610864841138,1895.48342882832,1896.7481226548944,1895.5305203255812,1905.315250115212,1926.5731477549673,1945.348295530256,1959.8109628107804,1970.614840899281,1976.2236856493653,1979.8219990494676,1970.8518463473897,1978.027971253314,1990.616117373071,2005.263930344792,2008.6885046086174,2013.514227712305,2010.6031487163982,2018.9949149597198,2022.6061219328024,2031.2165239470987,2041.6391928877356,2052.747650458024,2074.1863947236557,2080.603592845473,2089.320015410858,2090.49062727786,2097.4277719854845,2097.47227783716,2098.344160971146,2092.899067375639,2093.1989579747683,2089.230826858236,2087.0957966764418
394901,147,"Naples, FL",msa,FL,1785.1425358074919,1832.2147030413817,1854.491272619778,1858.3562846598224,1866.4198764268156,1908.1952376760266,1917.343811082825,1933.8229044069437,1904.7548439404238,1929.9901081333635,1936.531766623611,1963.7171968367477,1946.558389700816,1945.0489184840173,1967.4983685343263,1982.399188652677,1983.9463783041788,1972.9348312870036,1969.812655368742,1992.5885484468527,2021.2364649886,2031.7989972842686,2052.9484724586796,2038.297924077438,2060.7698177351767,2049.0896520427127,2050.57041994493,2063.142086916059,2084.287022736224,2088.666987998255,2094.776668001362,2088.8836003329043,2080.780674036333,2070.0430314849077,2077.040641844555,2113.938372248416,2126.7513677462352,2147.522198771519,2157.893712953471,2178.355431943017,2196.1097674515954,2223.708897593841,2221.2447836362467,2203.592357452891,2204.3247334910343,2220.8013133287564,2252.6974709548085,2260.2545244647763,2259.312011675219,2263.913800795832,2271.6982067032427,2268.261117541432,2265.5709298656675,2265.6622159257977,2287.398356631535,2320.7620119514227,2341.333351191815,2352.8340245736035,2341.1109559419438,2340.0158374918847,2352.0810531990915,2362.9683130656467,2384.9243056336654,2372.0556602865413,2375.281229882461,2377.093991956181,2397.3715030612893,2446.966460714186,2494.311304861472,2531.0771317915423,2566.1032158383855,2552.126798078915,2552.0341578446805,2568.7252229219844,2641.2432744619277,2727.7843215822886,2801.476310854084,2929.9381340472924,3010.119992310392,3107.5754317100623,3127.5924274830227,3281.664032060693,3346.302025001754,3470.0021104560888,3547.742228557501,3581.1016144656473,3642.0284382384266,3649.1309209412952,3745.044167942912,3734.467908289514,3739.876439790546,3669.483540185555,3722.26550626692,3724.0426394161386,3830.37215495608,3863.6658498463967,3874.30489955114,3916.969968417241,3945.5975442669765,3996.175892990347,3948.5194233983825,3960.9035455351673,4006.8737049926376,4061.8706045401136,4084.736581297901,4044.851931945169,4005.2588454836396,4022.2642054957823,4053.3927779860915,4087.9678191414314,4020.041956059627,3976.1872343391756,4013.0605221759306,4028.356694930225,4064.8599509899227,4076.3112871784524,4068.5635527315953,4053.1666496621906,4047.2269779521407,4021.9691040431126,4005.3406082943043,3977.769360706463,4021.6046350465904,4046.647233260299,4036.6946401252994,4032.609154488747,3993.0380791856314,3981.294504750923,3974.560301921573,4006.798908382066
394332,148,"Ann Arbor, MI",msa,MI,1805.635632477124,1850.9297372004899,1845.5239710594874,1844.201089404035,1840.634199572607,1850.625740351689,1865.6657278231194,1849.4024963651464,1855.566504076065,1851.31071196429,1880.324615745443,1885.3729707282744,1897.9960528329552,1894.9173498716418,1892.8246886900477,1894.6909760407204,1885.8125709189535,1906.4769978812626,1917.0020881285218,1943.7412777923778,1946.76929042787,1957.261077962936,1967.695780589243,1967.8193977229046,1980.93771203196,1974.7678027846673,1984.7814663182417,1980.9723722675653,2004.8148159270202,2015.5940969045978,2031.9166307732587,2046.9192176577822,2063.1957798114363,2067.2744035374008,2061.7658911471367,2065.540851465002,2063.759857886729,2080.8685352783964,2101.9446082372706,2123.3591852509753,2131.483963894606,2118.867118467426,2129.0600806011475,2111.18734815902,2121.548479819524,2118.7549813351693,2140.017778374764,2149.573688716785,2159.9212857345588,2165.3451584300046,2161.5959600226383,2163.6179931774,2164.20786391047,2180.3027997556137,2178.3131707334765,2196.1499981766606,2196.1362535989065,2210.908309714691,2210.3905445056794,2217.2789376234014,2223.217420610279,2228.2301634030546,2222.0830477127,2220.4812400958085,2224.6119146668098,2223.3527716277213,2233.413323331347,2223.9654023900252,2240.098587613562,2261.345402821149,2280.9396134398185,2291.413827379642,2294.139942367641,2332.944142335336,2356.2924728957364,2376.9675249982415,2368.965250976917,2391.133577740599,2404.649002300737,2444.1310619027454,2462.8834841490975,2468.2713118813767,2491.296836883852,2514.74979966489,2552.3313124898295,2526.279217040784,2544.839458280597,2565.896266132299,2630.374878210507,2659.0225011830184,2681.785482103686,2699.207192576656,2691.3780319094535,2694.0621564525186,2691.93175992966,2718.043017416236,2736.900099250027,2772.178690266773,2777.501561732948,2791.0562967896135,2770.41053174728,2769.0658835672707,2797.6408495462506,2806.9429648168107,2821.898523094476,2815.3870638914377,2852.097547017543,2858.622080280662,2870.6139281540013,2875.5402947346906,2916.5254288903648,2942.8063276008324,2970.0660071193206,2979.5682548699688,2979.5764242909095,2991.5212160337687,3011.90937333494,3021.122893197729,3019.735791210945,3028.1989341366093,3033.3932112399493,3048.961910041553,3041.9308694125475,3042.1419179877103,3050.3813618116064,3069.901951194823,3083.244883078225,3097.456994300252,3108.4239592827275,3137.2111111111117
394927,149,"Ocala, FL",msa,FL,871.2177067455328,875.9731222276324,881.8085516595866,878.9870318871647,885.1722923624744,886.7950961320918,894.2098910590577,892.8365341050245,893.7400558023091,896.7375117246676,905.0596332599408,912.7257570294211,914.0794048745944,913.6769361596532,914.418781959598,922.5079892478225,932.0000711980025,933.5362932964073,934.0043630464307,934.006033176379,942.0777856501055,942.8532476945728,948.0374407331155,951.1034211353049,956.1156268478771,960.6838596612428,969.8425627868018,972.9821831666121,972.7799571910566,981.0359272247334,994.3212877199107,1003.7506534453571,1009.5019384211066,1014.2802382256687,1024.816961014472,1026.5203452812568,1029.824967683963,1031.1169434158014,1038.5688907108215,1047.9112476220216,1052.0476236728823,1052.1005483174943,1047.6515817308816,1052.7512069651061,1057.3139276967975,1067.376714281357,1069.0789473197412,1071.3122784603586,1074.1913811679367,1084.9935979768736,1085.8094829980878,1086.9393523372069,1093.2704317838266,1100.3060580747938,1108.324147491304,1111.3164586461921,1114.829013361414,1116.062439464172,1119.814042670331,1128.117927239059,1134.96885072569,1136.7391006220844,1141.4185267755154,1141.4737702583282,1146.4700094940363,1165.6572299605164,1186.9290714957049,1209.452347155731,1219.6709597198972,1221.4194933218475,1244.056487112385,1258.023078915256,1278.431479295174,1288.4740895541863,1299.333320270104,1323.3833396898956,1339.5120489008323,1358.2565129850132,1363.4153439567567,1388.553483394005,1418.0533059624865,1459.9545216288907,1469.7458459382779,1484.7343098029,1495.8536115445895,1518.1346513502995,1548.6084345336678,1555.3918742803983,1577.0434069236533,1582.7609969141222,1611.8042919988366,1609.0985477275667,1620.954718874972,1616.052884287987,1633.1325237898352,1637.822475030625,1648.0678857563653,1653.9704802702186,1661.3323631704957,1674.9912169902407,1679.629855601307,1679.3765678368368,1673.3881664732949,1673.836605189019,1678.4313407527368,1680.92139369545,1688.3439231860718,1689.0829729647644,1690.7032716702765,1690.84757970595,1687.3767356876403,1699.453036034938,1704.8601788566993,1723.45335168381,1719.4620424864845,1735.7670513308158,1731.8141635733837,1743.0261662572027,1742.3306062678043,1751.185149962754,1756.336450960545,1761.8259654792514,1766.851888177501,1760.4920615216936,1760.0939438076807,1754.3764660185427,1763.4620469412948,1758.9175932250462,1763.6729104477308,1759.8766000339529
394679,150,"Hickory, NC",msa,NC,,,,,,,,,,,,,,,,,,,,,,,,,,,,,,,,,,,,,,,,,,,,,,,,,,,,,,,,,,,,,,,,,,,,,,,,,,,,,,,,,,,,,,,,,,,,,,,,,1533.0303954478084,1549.3087993789632,1581.983954167425,1564.5997047340163,1579.5656538292487,1559.3922512429083,1578.4495507877994,1580.3840838869316,1598.8799067261439,1594.402204798868,1595.8757985457455,1607.7534437529603,1622.501806681617,1626.0591374364317,1632.4574528671328,1651.3507858574287,1646.463236300784,1653.1626469353796,1648.0199455654858,1657.7672730838574,1652.258284061111,1653.4050115908517,1667.5466311267294,1681.0220076171815,1671.3173541413148,1667.2035177660412,1665.5480617355256,1674.5619787590329,1687.485394413082,1701.5441383380987,1713.2202096523329,1720.7196000277602,1729.886260036911,1744.2883547008548
394697,151,"Huntington, WV",msa,OH,,,,,,,,,,,,,,,,,,,,,,,,,,,838.0342170835107,828.4260939166844,837.0905578868537,831.2994546560046,832.6173671687208,830.5261483027447,821.79521658545,829.9520303647251,837.5359242579132,844.4286208849422,837.3204524967485,824.28752806375,833.0242639673949,842.4709761283345,844.0018362053727,836.557943505586,830.6787276688908,834.2579725938642,835.895935508405,835.096222036227,843.4693762161868,851.0732223653448,858.3071247992017,852.0318483443883,851.2835813343249,854.4716041514142,853.0945968600114,858.662903491633,866.1624548221059,865.9340039955454,869.7824238529231,866.8795228566421,857.6822546645604,848.9389364445992,846.7763635680406,856.4073932749985,878.1170974842402,880.6220830721707,879.1819378124774,876.2994404022209,878.6080734475235,882.2619718357054,885.5649557426301,894.2199129055539,908.068550432221,912.8610035859189,905.3488914012703,900.727985827927,906.3229824182474,921.088126420716,928.7886687984278,948.7619352949935,941.7275473552256,948.1441448913343,941.2503661278956,950.8880578280946,943.3231625711885,946.500856168021,960.6461143961275,965.6319965029775,974.3986042593152,969.7260580806243,987.9342699088896,978.3364091839045,995.4133700310849,995.9524538624013,1017.5574042825723,1009.5663123277898,1017.4635381665269,1018.8820376456844,1019.3755304539017,1016.997099184994,1016.6430309023697,1027.0800761401827,1027.2730376184159,1037.1437204124093,1039.9570841263871,1052.9055205783784,1048.3886347593852,1059.0361068713642,1055.733549994502,1070.4150863123464,1068.6968424338936,1079.2702885214687,1095.5209550924387,1097.9380309454111,1108.2091852273184,1108.6106639606082,1123.0561830783065,1120.3221116601612,1122.3360879293866,1123.0962991171805,1136.7562999543425,1137.7653216429778,1150.8332124312537,1158.189615128458,1159.3928686951813,1169.3379362510657,1174.2774315488618,1188.6220917407682,1191.2875125314092,1206.5904996033237,1224.0626429157558,1241.75
394602,152,"Fort Collins, CO",msa,CO,,,1502.6865329673967,1500.839748994224,1484.79921071945,1493.3326473454067,1509.4294925714883,1527.3061546657814,1539.3959058237945,1541.8953160045203,1536.5189248329302,1538.3212913543307,1547.595662142542,1554.9248081546023,1554.8272153344951,1548.5281007599267,1569.4629121521004,1575.9277775345936,1582.625924471513,1571.2502572878834,1561.32482613963,1559.326035958004,1555.3951945097701,1580.4490001086674,1584.4925311021684,1595.5629640935977,1592.3255641065728,1608.3152415617694,1618.0403571367228,1620.5482536463096,1617.0653319905368,1621.4479399658774,1628.5324657770286,1631.1026349057354,1647.513978073912,1623.6916667050336,1630.4093298721127,1625.1077738462595,1655.4860588858103,1668.0633282037772,1674.0866524876897,1681.723670216662,1684.9072463097443,1695.5787572441493,1696.0151531917118,1703.5623588369742,1704.5070891299276,1733.611043432876,1745.1700926674196,1750.1389316563518,1739.5696973795511,1736.6313275299863,1736.7627868725829,1741.404791653885,1751.9556361486818,1756.1762734046997,1766.5557622852307,1771.663198096119,1774.909744684198,1769.0055506903268,1765.8894543702013,1772.1035116731,1786.2170726747681,1783.6532448426008,1784.8798959829924,1785.926745363514,1792.4653012483045,1801.3887297176561,1808.8284756851717,1815.4607973117306,1819.1825684722583,1830.5538040786712,1840.3243424115888,1855.2768811648298,1865.2996927803715,1887.6202950973823,1901.9078339854689,1917.0829971525059,1928.9176356297767,1945.8861896501417,1967.7656160453182,1995.665843902767,2005.5321118078036,2014.9070797047798,2017.7007952108627,2032.5774939651483,2043.1939613096804,2054.435584960504,2069.162626089429,2089.047149950786,2101.1402325696918,2123.3313541532425,2135.312575151707,2160.198567429533,2164.02962904162,2163.220498500357,2158.0183663806715,2162.336920104535,2187.790740513433,2198.183558155969,2208.206737341296,2212.7520809470134,2227.1679547100784,2242.5217682177404,2252.536997863054,2254.2375561448885,2276.8118886091006,2288.8606377411547,2294.891517557686,2286.294368497316,2286.2981841626993,2305.415517280628,2320.889648471463,2339.088000035615,2349.228611361987,2348.1686225898325,2352.441934943021,2352.060686372274,2355.132611640435,2367.6244661200258,2387.832488300256,2411.129531405912,2417.3072437293995,2414.888238614667,2414.5214831749095,2413.3056749329544,2414.9492390762416,2422.282230082348,2429.942127972128,2442.045769228841
395033,153,"Rockford, IL",msa,IL,758.4161046783832,762.9054253949797,753.6992485240172,766.991264687771,771.6959231393889,787.3732412152328,784.2138394051465,784.8732866487372,786.3688166119675,787.2491521285161,782.9037823286124,780.0217236783334,793.18535646869,795.9629114392249,800.7666188427083,799.7473095656504,807.9202910194429,804.5309893663837,807.6702358711603,805.2484117403884,814.5373751844882,818.194565471476,821.7588378759112,827.2267430460801,823.3212693451278,830.9453705312519,832.5456267908044,840.7435425020341,831.7101633524752,829.7749513574227,826.8253488399932,837.8262177784433,839.6348843626665,846.5505601297629,852.1965462322937,856.2129983840501,855.2898394447024,856.6062255622883,862.5068629669556,864.278328595348,862.5756032090227,865.6515708301578,874.310554931973,880.6454075712624,879.9762579545609,877.2737895167191,885.0264536732103,891.5519429064826,902.5015711306097,895.5832166751921,897.1372420035807,898.9809029440967,910.3156217868042,916.5958885461603,918.1254044381735,915.4050476248249,920.3581125083721,925.5698056832555,923.3974451296102,922.670658083241,922.4395121782276,932.8083971423758,941.0553031286271,945.9391697512782,943.7660805164163,941.2165329593457,941.4085101607948,958.5043628700708,975.0661589244583,984.5796878488437,989.301759735089,991.1285567743951,1005.9423026688052,1022.3676653846635,1028.1409183855512,1032.4430355397028,1032.3304818054,1046.300514016235,1056.4543066293265,1063.323532572509,1067.5225195009718,1076.8457391368972,1096.175439333611,1108.1699022291227,1117.2004095965526,1115.4574076157,1126.8981287027311,1143.8099133898352,1161.8384762632465,1163.4775082132555,1161.0828988597964,1161.4784799770616,1167.4844170796136,1178.0034018417214,1173.2806358706164,1183.9635972114966,1176.3201192245901,1190.2592315077343,1198.1856301962553,1215.3056734083941,1232.361892620255,1242.6114387337855,1258.6831890490105,1263.6327804898262,1286.4188509011262,1291.5704408262152,1308.2417007291433,1310.0108492998088,1326.2946905865917,1328.8933314498292,1332.057858054129,1328.1419267329202,1345.411745151214,1355.8036079255362,1371.6019066735405,1372.4021133027286,1381.0249772848974,1388.6709351148547,1396.7080223049852,1409.971457794737,1421.81819187604,1435.3129601142014,1449.0184525413247,1462.190125846554,1458.0030187474952,1466.8572944251823,1469.4097698688704,1489.853720003525,1493.1925051848502,1505.632026143791
394796,154,"Lincoln, NE",msa,NE,,,,,,,,,,,,,,1128.5320456445031,1120.3028881132384,1110.6213441169714,1105.0883007440227,1118.3213931591215,1128.6881796599139,1149.4145486321167,1155.7810873460062,1165.1760192326728,1148.6683329536472,1144.4182395271555,1131.0818493390318,1135.9278359038162,1140.3337735750965,1145.7332459889228,1150.3841378284765,1152.325716052584,1160.6227390210643,1152.4927426298136,1146.7250636742178,1147.632480133858,1166.6361318622442,1175.431858418978,1179.831561554766,1179.594993498834,1188.3473814498925,1191.0711176291416,1197.7234804530046,1195.5623659271932,1199.9848279393318,1206.900548224119,1212.1503577400897,1211.1770807989622,1207.6367237326012,1213.6656880557878,1215.7359173870893,1218.2605459882689,1217.7379431232002,1221.1859182371954,1221.4188409663514,1225.970582374157,1223.1886726657176,1224.3993783691124,1228.5421548054712,1233.617944972475,1236.847795613419,1235.657777131402,1241.5695910136803,1246.1237549840903,1261.5698442349706,1258.2351528366903,1260.0901202085277,1257.2441572767193,1274.6545577596369,1286.6682331274872,1311.6774530218568,1314.6744844413809,1307.289066295479,1305.9547556463676,1308.3846393441308,1324.2616127320155,1333.6021268080253,1347.5589435188076,1360.7480962292125,1371.4295514409116,1382.1302753787165,1391.114953891132,1397.496073656268,1404.8318964897321,1418.5033967793909,1424.7165933321285,1434.1316434037692,1428.9058536250689,1432.657737171415,1443.7844523042138,1457.700437901181,1475.407051897255,1481.9456495479417,1488.6084451122,1490.9508637203269,1505.1632807109088,1513.4331838471583,1524.2157039306603,1524.6094492851241,1531.8215579170367,1539.980637353016,1545.439755744645,1556.699940732561,1561.296957416596,1566.496064253925,1564.6090476321817,1571.7438416169616,1574.6718173923164,1589.9503580704832,1604.1906408805219,1614.6308931665067,1626.8078847275958,1633.950543104576,1643.6935429164746,1642.3911062094826,1636.8989513590193,1642.9096504402867,1653.242505455991,1662.8794144678066,1680.0610581027217,1678.6250584962795,1678.0316391100157,1684.7006713041876,1688.9914463460555,1694.7563125898682,1697.7734390037165,1705.594612287396,1718.9348194000406,1725.187534639467,1731.1483371354223,1733.7213453708055,1729.4281746031745
394622,155,"Gainesville, FL",msa,FL,1058.8560814182329,1080.7473666231638,1080.938042609287,1085.5306654588273,1083.712649845387,1087.4275976602037,1091.977014147407,1092.9719325318551,1098.33346510361,1112.4892607866534,1127.2733677343108,1131.0427676114953,1123.344805058873,1117.6024089118446,1119.5380870838464,1124.6134123241854,1134.031970286296,1135.88295268256,1136.006715411579,1138.3969234803094,1145.484789895864,1155.483568330921,1158.5321268443595,1170.5563436264022,1173.3725639250583,1183.4800694217063,1183.359585548901,1190.7381188075935,1191.2682910213562,1196.429227404639,1197.063055029745,1201.6056571194792,1202.921053517705,1196.706842071159,1203.3899682144367,1207.3537805909039,1228.6657436373612,1230.6706026913198,1239.1699473616534,1244.596167024849,1253.237827685159,1262.782690381446,1266.1455012936296,1269.6605059802387,1274.4755729945455,1283.5764435768301,1298.172165513045,1297.5120615515775,1299.065931534577,1296.5954383602898,1302.8158013598925,1307.1554104012969,1312.0187107675347,1315.621339354282,1326.9825718071713,1336.1151189276911,1345.058700513922,1353.9114250558334,1353.6188896962226,1365.7136015529932,1370.0481417922974,1386.7416576496212,1380.257594848952,1386.559787822793,1387.35483660555,1394.9734889377453,1391.7977762666749,1383.052467761601,1382.0137697384132,1392.239073702144,1408.8537813139642,1425.1686304551329,1433.5712152612232,1447.202655422131,1454.6972692790248,1471.8423080767702,1489.9616054992723,1513.2513140656854,1539.420294083139,1564.1428253038482,1594.538100686657,1602.3016914571808,1609.852859990551,1623.2798022614545,1645.1504995847042,1656.8810551169402,1667.3780223937745,1673.9210328361694,1695.536755249345,1706.9005557098778,1724.1400598900666,1733.573225939632,1742.860851242922,1765.0676272925657,1782.2326547797568,1783.8173841379535,1779.777611298984,1791.3107442302885,1814.6573823110573,1836.7338972509601,1840.945510967279,1849.1521356400042,1845.7396744026005,1857.7281916750132,1862.5360547961966,1862.0936568334857,1874.0580955114724,1877.3104274543234,1886.3330834782637,1884.1100342115365,1886.5620297325436,1903.7211233204828,1911.037935923596,1917.703986005214,1921.5606051539344,1927.634797983885,1932.8451012200699,1933.547400322438,1933.3888185158473,1946.0385984679256,1954.8934994602619,1966.3185903340448,1968.0524725958815,1959.331427276137,1963.5989940175753,1968.3007096530935,1979.2330439169139,1982.325312416476,1989.3638531887145,2000.19855500821
394405,156,"Boulder, CO",msa,CO,1962.582029005493,1966.194106712047,1949.557555283817,1969.3266533660144,1978.6035097925408,1996.5655594056868,1998.8656799460787,2022.2322225604044,2042.944377437345,2063.1828679775867,2054.2102224804885,2033.39105706118,2032.714521163894,2049.3487137522015,2076.803794159928,2095.3743427658396,2097.319192809229,2095.3520359926247,2087.323058101546,2077.7817369833215,2077.2874698228875,2065.287101057134,2072.6344896771348,2078.0494354554767,2104.424729359111,2117.3817578490184,2135.78836713719,2137.7457766342777,2144.6649145390884,2150.3636646708237,2153.121662501715,2154.9016835408966,2152.466805715226,2164.872101109779,2176.9909447839636,2201.7003886899984,2199.4518669769914,2202.6577263969957,2202.9284435548266,2215.993793124593,2227.272140974875,2236.3797174619067,2245.7780698678935,2259.476109008936,2270.6202183217247,2286.687995809932,2290.957370107834,2295.6454630805024,2294.0307188875563,2299.092097431549,2300.9434614621664,2302.040636803516,2306.2514083082897,2313.260386842441,2323.094340062712,2329.20185189015,2337.2115819695,2336.2052161655342,2340.9519252386394,2339.915903049684,2351.804034652934,2358.5376463921275,2368.3852012644475,2365.9544508478966,2360.880342778002,2368.0612555046405,2382.788580431455,2396.684616596608,2417.783798040185,2422.895420332971,2433.306645690184,2433.608321356936,2468.0291406528618,2492.1121581615207,2509.336134605972,2520.659037209968,2536.262672817239,2558.20060140765,2584.086324455942,2613.5199163242755,2634.847783759718,2650.850465597633,2666.6548737111048,2696.4074734571077,2708.49639079229,2726.6227578104026,2745.1229890175705,2775.6064371263587,2797.308398954195,2813.7445625794417,2818.2875518758274,2822.90708515695,2823.411860279084,2836.873590850321,2835.8603985211307,2854.0626117414376,2864.391677878496,2878.194941684191,2886.5818632276137,2892.402783551743,2918.2439155504353,2931.910451431287,2957.4548095957534,2971.043378846605,2999.2630576415086,3011.5720878507427,3025.067533859711,3023.6701462724373,3013.9630591282776,3025.1816048701007,3030.016207296974,3051.022508050515,3047.9804357236962,3053.214820994415,3060.974694859495,3080.736401038817,3110.8698275193046,3113.1534884554057,3130.7670636416083,3145.1985999366516,3170.840158947523,3175.283095752803,3185.6394916530294,3180.0779383708564,3182.984079351047,3184.6680397106393,3178.7458141059296,3167.130666909402,3139.077276703458,3134.892330795387
394646,157,"Green Bay, WI",msa,WI,,,,,,,,,,,,,,,,,,,,,,,,,,,,,,,,,,,,,,,,,,,,,,,,,,,,,,,,,,,,,,,,,,,,,,,,,,,,,,,,,,,,,,,,,,1256.014062268759,1290.5240960107044,1305.8252671453222,1311.4368888893973,1326.548743441513,1311.3989089613249,1305.9628916194902,1281.7875933332214,1313.0878061910826,1324.669158844188,1346.6275749740062,1365.4212036019453,1377.6985236440887,1385.8943160121921,1378.3719070503394,1382.2885130923014,1399.4332179521168,1430.1396088570107,1435.2441279892416,1452.9293040386656,1445.2249028671902,1468.6912215156276,1469.9628394457857,1496.6294812749406,1479.0561533805678,1480.4166171523261,1473.7292827490794,1505.8139510491335,1507.107299065552,1519.5486568394504,1545.3336444748024,1561.4164395182215,1565.316533390438,1553.065572441381,1561.5742293697126,1551.6817183702653,1570.944077005034,1575.6086262449128,1597.108452796797,1583.534966835212,1585.0264550264549
394488,158,"Columbus, GA",msa,GA,808.1023578441886,806.0674130467801,808.5134024170195,808.7403827530527,811.5682622900288,811.8064521138658,810.9832850661649,811.5537745162828,813.9334051047878,816.0441614179508,815.8296102793106,815.070004255154,811.4155236232016,811.4469603103346,813.1230359454456,811.9710982033106,811.6165399580428,808.5105998347551,813.8188370638519,817.2450105183448,819.076956316478,821.2719390809598,818.5540471135647,817.7206227699314,819.5027502010237,825.8343861823483,827.7861005437854,828.232922646244,824.817548693834,827.1085424897733,830.5481693628797,829.8879274648918,829.4860229170424,825.8279659507624,831.3684289329096,837.8014539022532,845.137378097546,848.0811405251899,850.3885264311955,850.9211465414534,852.6052153255569,853.7887952153867,855.6859661337102,853.4500518396262,855.3377204804582,858.2101540145622,866.5225671126216,864.9708831214417,869.241289978512,867.6395067195389,870.6327908644724,876.6743659850422,883.8222765723427,889.5720783391414,892.8716764628734,902.0763799975758,908.6061739689013,916.3421976521164,916.6772260048775,924.5699354988311,927.5323567642349,936.9320632686854,941.650220331449,950.704583912622,958.5457415930335,970.5888564804445,983.227002190019,987.6775752171718,977.779615622659,983.4452676326908,991.7799131915025,1008.0591528230556,1014.5246601634082,1032.216842643026,1040.4414937129368,1047.2012686182427,1052.4554960412995,1063.525677255299,1075.242121978651,1100.682034587912,1129.2190975929411,1155.2626187101762,1166.2078973409828,1175.121484141786,1179.3673324473516,1171.8367573970518,1173.8916535969115,1189.0443657206781,1210.2820391601724,1221.408382207309,1220.7664175861046,1207.0269510360956,1216.9804605263375,1213.8585109704284,1220.0481908084612,1210.0317364841105,1217.318951871388,1225.964801794706,1224.061756537785,1221.536327191176,1216.1445846256938,1221.1980037133776,1244.2901916116598,1263.4299273800277,1266.8590746934544,1263.618382619834,1270.3800887287662,1279.4754902243374,1286.057112214383,1299.4890572727809,1309.1829333886942,1310.2602622839272,1300.498921670407,1308.4086314796652,1311.868924950212,1324.8538908357964,1318.3120697121594,1321.7614658000575,1324.8459826179255,1334.8589949434477,1339.731640951482,1341.0699978220346,1349.2621138320324,1362.1420651051553,1384.3402213439733,1390.1573953974485,1393.3852832362352,1394.500508645701,1414.9691553066295,1435.2369337979096
395107,159,"South Bend, IN",msa,IN,682.5366493381268,679.6723674850887,681.5367937222188,685.8234696892412,691.9861950569906,688.7763806472742,687.2369275746362,689.0722120046069,690.9310442548981,685.4223228274176,684.6214549245196,690.6589573767682,694.3807366647334,697.3787408056496,702.1612749520858,704.3236878788922,706.7005660546472,705.4732809262584,703.5317300872987,704.1815356145943,706.2135078144023,712.7485400323928,714.1745285572307,709.8481177743026,711.2173619198994,720.1572961152131,725.4450206506335,733.0190932260385,726.0125310595151,732.3285034448178,731.7601780972244,742.0116673037539,748.406498661677,756.9035264084187,757.4394019724382,762.3201437396323,763.9312780098663,763.4862301359361,762.2191241636518,758.7999723171577,764.8096884179466,765.5475468097521,769.843081597024,775.2886750465933,780.7844337914256,786.6129003551295,791.3615861784372,800.5763937336743,796.2942694276587,794.5764469657322,799.0205618580644,804.3703159360664,809.5793581326869,813.2086898814035,817.6248840661298,814.908534953853,813.9464141669257,810.9939376102101,813.9221212113913,812.316953749488,821.5514023425632,828.2105007353931,837.726331511471,845.4374888827524,857.1280300262226,857.4581659277948,865.3108831055715,868.5969281195014,876.1791013070526,879.5594786515063,889.3558741500071,898.4575406529483,907.8157950396774,928.7255370181548,936.3678140645121,937.1883601910193,935.5118106219838,945.9079748601976,958.5357429452802,978.0146159077715,995.2692368288929,1019.4974454953508,1042.7947009299578,1054.2908408315125,1067.79918856494,1071.804672796242,1079.6387057738023,1085.9582786672916,1088.161107321319,1105.948942919614,1114.9753266029368,1130.4959927090117,1132.342551290853,1145.7124849768356,1147.26949209038,1165.0586759580356,1161.402298495576,1162.993780589054,1166.1072114861336,1189.8167566077873,1216.532504344582,1224.755105336765,1223.716372784604,1220.1539503085999,1230.8221054222295,1227.1990877728008,1224.7392351892306,1221.2037650671646,1233.1246334050688,1243.7527270047683,1246.6762533241622,1246.8260576377445,1255.5540992575943,1257.2047009553507,1265.5545848346578,1264.9399573090163,1267.1439418575883,1264.1967768598186,1274.3595010743177,1279.6927982082661,1283.530225387952,1287.4356201176615,1296.2976857920207,1297.413243104239,1291.8148034266114,1297.4727824015135,1304.8462491891673,1319.189029075769,1327.8364192423874,1345.3374847374846
395109,160,"Spartanburg, SC",msa,SC,,,,,,,,,,,,943.6466474456475,946.7950580483017,930.62728882095,931.3076802711571,937.7929443510902,956.8894205436969,965.0292353104802,970.6604653153211,970.152837892352,978.0580621061065,984.8960439532017,991.5959747102701,991.7918444576817,991.4692517167164,998.3953231400801,1000.7417629541359,998.2210618938003,999.670329080061,1006.3476619437511,1020.7612157228233,1022.8985990353075,1033.4262039189443,1032.3431438365378,1030.5999296307432,1027.146294102435,1031.3964956870827,1044.545601978765,1045.1359491137105,1059.6890477856323,1062.1113254139693,1075.264446042482,1072.803425127952,1083.9387728554077,1082.2912097170072,1088.2392513170405,1094.2094740983246,1094.1961040050867,1095.6969275472864,1101.3770799978774,1109.894146378791,1109.4034097286913,1114.4271035193601,1111.130362774366,1117.0338415325211,1119.8354118278555,1126.936933844739,1134.8359366156637,1143.2011600401736,1159.2788164112592,1171.0193259032058,1174.158569339174,1170.2100598819595,1174.169485823621,1175.919554617067,1185.752798582898,1198.5515832141134,1216.5331260220098,1218.2284337826295,1216.46461391615,1212.485215462583,1213.7338922128117,1226.0991037189876,1237.0549989661447,1249.5850980185924,1255.6042116850836,1267.6863559415824,1275.9452145076953,1288.3770213428872,1292.0082671843438,1306.317900449787,1320.9928231147614,1343.1183216042928,1357.5175302570894,1367.8981940687574,1374.4130137682162,1384.0803942757307,1389.9883788516972,1400.9313413226753,1411.2635466450542,1423.473254369836,1442.0340816921964,1449.1478071599483,1455.3321517316003,1453.8153364265359,1461.8701859785826,1468.7408961074134,1478.4221875814417,1484.3280455623903,1496.8740259460858,1505.657263082106,1517.2120039840743,1520.5907573417737,1517.7872580421226,1527.7196486759708,1534.963406999889,1543.3556887346706,1543.7047032245036,1553.5413349399753,1560.9317888164842,1563.4356485927804,1565.2526287327664,1570.526670093518,1578.9890759525388,1588.3337625412626,1590.3606915535615,1596.567729603434,1600.110071620534,1606.4703724270698,1615.4391819067685,1617.6973205451507,1620.8842695501971,1628.638946892357,1634.2688764565928,1637.461002675954,1636.7575974479182,1638.6164743475047,1647.8221826827341,1649.0485308309,1653.4405637254902
394645,161,"Greeley, CO",msa,CO,,,,,,,,,,,,1637.8552453670015,1637.9975808383786,1635.4876505967816,1626.894554078259,1635.3796643177022,1643.4783789095736,1658.7776069351348,1654.3696478285713,1647.1829897856994,1645.459345972049,1658.929832334737,1672.3792817508088,1663.5692249642896,1692.1114098778037,1688.9088753453852,1699.9639034783413,1693.1771051051796,1710.261654735752,1723.351914741222,1727.8693251689406,1741.6210393694676,1750.6119111696391,1751.645757477386,1746.6948143757668,1757.3903583605645,1752.129463265794,1768.4029511605631,1776.2208422151682,1795.0459786618806,1798.3328060153874,1801.6419444557168,1810.0324600029983,1817.7601428941941,1829.4787320531555,1835.3874677203264,1836.8479259211429,1856.2028445226667,1861.7396281673011,1871.3534803359746,1876.5678158072915,1877.72794639067,1879.830723910897,1881.5206113736335,1886.8184530227659,1887.8924760446048,1886.164283915047,1889.049087658723,1896.781962603066,1886.4941134002547,1885.9746229911243,1877.5184789538841,1920.7995409564642,1925.9423677150733,1926.588893778454,1917.3028709427583,1924.8076488233564,1934.1687225138955,1945.9877857859021,1955.133358265487,1981.551150199419,1997.9525651912504,2006.9839042786755,2002.2031882915537,2003.7274065599995,2016.523293215976,2034.5117907777462,2063.442061980207,2076.0279494770693,2091.0676669746176,2100.630591944785,2127.7339744712485,2146.219416194773,2165.8630131224872,2185.717383952915,2197.6876706007333,2214.665070679261,2232.143763330571,2251.7002148760453,2254.7715175115495,2261.703872940262,2265.100496717568,2273.523802466878,2272.240091809474,2279.578017730809,2287.783686397577,2297.8060599178825,2319.554746415733,2335.178807212408,2347.7644196349793,2352.631171722219,2373.3890848557235,2390.718266056982,2405.3482417895193,2416.337259993534,2414.592686088644,2403.828119431339,2391.976053985001,2403.1640332604834,2416.6148176682955,2439.3897903026595,2446.199405285207,2457.4523317362405,2459.972590450192,2467.3549058465,2477.2191981673923,2482.1319344140634,2485.422266625401,2507.212874318743,2528.891759708663,2531.3987625241166,2527.882431318711,2518.8364443367777,2523.0795413792102,2526.9917155557505,2532.6954105123314,2535.9516265618086,2538.9493225238784,2546.074088283849,2561.411039272031
394808,162,"Lubbock, TX",msa,TX,1019.8728091880331,1021.523599522157,1029.7425665191306,1041.274528189828,1046.959167201805,1049.6563768654821,1053.7878792853526,1049.0030266103865,1057.1717269129006,1060.897268813416,1075.1466360713061,1074.570523308719,1072.698167364331,1066.8471559692534,1069.5313767689245,1072.2208211751438,1074.765179865681,1074.5076546586943,1075.351135830532,1082.5983335912385,1085.7360667270107,1084.8596973808917,1080.9589860599665,1079.7186407344584,1085.1638227117628,1085.8261541465235,1086.8772115295444,1090.4994842835856,1093.2055157568464,1099.4690980703629,1100.2554996507465,1101.427551455394,1099.0374903488143,1097.8369300123663,1103.468891172806,1107.7569540927145,1110.587551292033,1107.5632465768833,1109.4650330238953,1106.4726174640452,1111.7555489438175,1113.603039296481,1115.42545637968,1115.930339962019,1113.8765676849614,1118.5554927957203,1120.196935346894,1125.8609445618602,1123.5691890573871,1130.6926478899882,1132.708014023589,1137.2594472326139,1136.2199497603685,1136.9639654759717,1140.1040789670476,1143.2370992760605,1150.6412989199787,1153.4407429123144,1155.6763692568773,1155.2523213260913,1160.4457598905742,1162.4141416194,1166.7888144047156,1168.2364846236987,1167.9878276065517,1169.9018911396322,1173.2516570988096,1180.8608762212743,1187.7699882772692,1191.9107402991997,1198.981407347834,1205.5448831005237,1218.0412293077995,1219.2360951634903,1225.5289206210866,1226.743111445033,1248.0090660018827,1257.366223972095,1269.424703203969,1270.061185478701,1283.5901115354225,1290.904575927085,1292.6668992116533,1289.0545361770091,1293.9864873825727,1307.747440398009,1321.1876714922541,1330.5828903614074,1330.0652410371458,1335.1030450331689,1338.2672390971072,1343.710056713126,1347.45384727355,1350.0743490378977,1361.0911100237897,1361.920556071864,1359.8822068509344,1359.6208035217353,1359.4776873850044,1364.693340615327,1362.3995758147778,1365.1664042532482,1368.305343348416,1374.5555727245442,1370.4770205400937,1372.1589516693657,1370.4200772654453,1377.5614937266246,1377.1364972140013,1380.0570363887293,1383.560231976467,1385.2117084315335,1390.4952112275844,1394.193481388462,1398.7640037848098,1397.880001651671,1400.2706231354373,1400.797439275447,1403.043428783868,1404.223920293348,1410.4741721510952,1411.6274555500554,1412.0602694109098,1412.1393848406242,1414.3788136274425,1414.5381473308264,1414.0858921639215,1416.0467236985041,1420.348911475091,1423.556825169092
394471,163,"Clarksville, TN",msa,TN,913.3787579521031,914.7492712036869,914.9032450180479,915.2770106560034,914.3866769549945,915.9637379455885,919.0408604072703,920.2835791610373,922.2114488787065,924.7858242099167,926.1359709790944,927.0089354950823,927.5085425094251,929.4231316667791,926.0793676713539,925.6599132687321,925.2848981034933,928.1308143336912,930.0788847701659,931.154030365909,933.2948189961128,932.9865247065909,936.0844649916986,934.7491794821013,935.2596439109086,935.8418532429579,942.3881436532909,946.4586103634996,950.11746607299,951.1427211931357,952.6010796812168,955.1326481928619,957.8838639104496,960.1841943631871,964.6408064265389,968.8135989736219,973.9153240656826,975.4791877502372,976.8132228180185,980.1193352293088,983.7707979588326,988.5378939020725,988.9437448497623,989.7313764996549,992.6784101817876,1002.1991723262549,1004.7753352310982,1008.0749948331378,1009.7360108895066,1021.1646526009698,1026.641998013198,1031.4491687666723,1036.4982063682703,1041.450129096883,1050.0597200507827,1058.329530179609,1064.8247650507863,1067.0625374896797,1073.3582335298306,1080.467244953023,1088.2952990567867,1090.3024278404546,1085.8251354963352,1087.2529930228354,1091.450693366567,1100.9417748759568,1110.5933473566806,1118.9740918227915,1131.130381273436,1141.0838229200215,1156.4748234564763,1168.4971264392263,1170.2824795835827,1177.5141839252535,1192.7048126870247,1215.7767457967295,1239.0693282995687,1250.935644327004,1266.124135343153,1281.9216171930248,1303.7654270221633,1316.3983527041376,1322.9382817780609,1331.2153514397783,1358.830037565306,1375.080227172272,1385.519785123686,1382.2525374910126,1389.1466567437046,1403.839278925231,1421.602884531882,1429.7219398739646,1430.1216126145437,1431.4101290344481,1432.7228424336988,1434.6593033563588,1432.570749520897,1445.4118898350857,1461.2341087534085,1475.5457793398969,1471.421920766015,1469.984020557127,1466.0276353947581,1468.1663986081496,1468.1203685918663,1476.2917529275692,1482.5623703468793,1493.9803483876055,1497.1948091548802,1507.8125563659341,1510.9545035740139,1515.7691061732216,1519.5663855032644,1519.5601359514555,1525.5265313531518,1534.6777541286376,1543.0051741263808,1542.8957294987852,1548.2886678366635,1548.652456079517,1553.1998621924442,1546.490277001886,1544.8398298472616,1545.0501397205667,1552.5663338378406,1560.0322892550782,1562.9527674882324,1561.8708160225299,1563.428477466102,1566.9319584392754
395028,164,"Roanoke, VA",msa,VA,890.4833649544958,892.9337151810464,890.829118214577,889.5788832281833,894.2055670708856,899.0392357127902,904.9406554090365,909.491352808149,899.9545287754001,905.2869200253251,,909.4849000596039,,912.0384523175995,918.554466479222,927.5546185024572,921.3257025340273,918.7592363987682,919.6823100296218,929.0197856469011,935.9755220071081,940.8793301469346,954.6546760315744,956.9448618050018,957.5634998419165,945.9970327991449,947.9034372752474,954.1517111919849,956.4516097687572,957.0211292636238,955.8307008906088,956.6861916826791,965.4401254344027,963.4832598313418,957.9751032108712,964.3481222635897,973.3423044198734,990.1101245104081,978.7580269132443,975.8761038021921,976.4895303319988,988.0250774677465,993.3742542224925,998.7862594284188,998.2767820033092,1002.0668171263287,1002.9307205560106,994.4636361286042,997.2889031307359,999.6407079929647,1013.2858633356311,1018.2828317950546,1025.7822301872907,1025.0706056020706,1029.7076507793852,1031.915322433522,1036.1505677371606,1042.9772032859544,1052.8738273059535,1066.7301387210205,1071.4564483859665,1075.5345339853968,1068.450676548155,1074.1299438612305,1086.2835833865884,1084.5415506315107,1090.9926054134078,1087.1954772000438,1102.3180374467656,1107.2292258503167,1115.9168079159278,1116.9746437876895,1126.5088520161742,1131.7331483320809,1142.4216390419351,1151.4790459380208,1159.8723738588067,1186.362364658918,1204.5595727607465,1238.0284797187903,1243.2215353623326,1253.0659565686212,1259.9148967156243,1291.5512175568758,1301.037149199515,1328.0507901307249,1321.8634054054783,1336.9367245911485,1344.9389572549849,1356.036304379247,1373.8340416290803,1380.4531227241177,1388.4943211433065,1406.2234861289608,1415.9679353898143,1428.0301355382724,1445.2067923418579,1461.180958615062,1466.1551980401455,1467.1622764792744,1457.7884571532259,1487.100776006772,1487.6528141776441,1508.1418488581537,1514.5188057238217,1531.5562684518145,1539.768707572969,1523.6957373163273,1531.7684870918906,1520.022127834473,1549.4864582834166,1559.8749122319518,1582.3036480143094,1582.4737880292569,1594.2492335289837,1595.8885989503292,1600.2526231807285,1595.4432473125262,1605.0057033944388,1626.3820339138813,1630.8443724678534,1647.3289377294911,1643.3717465692669,1651.6170037167706,1657.054462087891,1658.166986445982,1663.872501818351,1669.0702389053802,1679.9985935110403,1690.0458110516931
394579,165,"Evansville, IN",msa,IN,647.566550833486,652.9457961101433,659.8866174698894,664.8224287288193,668.0096677550986,669.9001541757901,667.5345909778204,670.12495948777,662.6110050120166,661.0598509217405,658.528769385706,662.4342025336335,667.060008235368,670.8192248812428,671.7027900228865,668.0989749895501,666.2189080697938,670.9385696691753,675.2198520651642,681.2590417687175,685.2647625004766,686.1216898188862,689.5642366398591,691.6883482773054,691.3168854542731,688.8834829952178,687.0231889463971,690.3098996373255,690.3521973926162,691.4218859347092,695.8397251833918,697.0800019457513,696.5463854944289,701.0921256069593,706.5803563852043,709.5058654730017,708.9680232233051,710.7252710454538,715.0366749002637,720.9192749746613,720.1485625921096,725.5310854823673,722.384750616359,725.642135581399,731.4216794585952,738.2150027239068,738.6854618757187,738.6141787878227,738.2428292982486,741.5385436425582,744.3633991728967,744.4929523195918,751.3948105805855,751.927771367757,757.9417715408939,760.3486134043242,762.727385783506,762.6102299649742,766.8251006672249,773.2458355788771,782.5822774472155,788.7800701682731,787.0986240787603,785.509152894519,781.4599257111722,784.4519513123198,787.4532818521864,792.524702945181,793.5070675831787,802.0199072629065,804.2792251888995,812.3818373649261,810.1164751093957,817.7016404079194,818.4870176858618,834.2117964267791,836.7418963581015,834.0066229632864,835.2308973071549,850.4567260520682,875.3621094492302,878.9544027853582,882.5597616298102,880.711707281233,903.552592858145,906.1425245959583,914.2545480889601,901.8978024851655,912.242319366406,924.8810926407185,937.60566527336,936.2794987367347,926.1399405165284,934.8468797690118,944.8055984109984,955.5839136393578,954.7532492552004,953.9923929282305,964.6329359422724,977.8508301175497,993.0761276428738,996.8560071746756,997.542870563866,1002.3776536993416,1005.1547841898384,1006.6682784524266,1006.5633347705301,1031.2953040296604,1031.546224529882,1051.1927553553141,1050.6599916358277,1066.265946158655,1064.1527622603387,1076.4077725788754,1089.7301121341932,1095.1857724200595,1113.4162649765624,1109.4452619429758,1119.4190973563013,1109.3428538469218,1120.3008539770346,1119.9862095435396,1128.7534584644436,1127.3987295487736,1134.295146499961,1135.4799311595414,1137.1904723947575,1145.4803262748542,1146.3147949106356,1161.2890522875816
394747,167,"Kingsport, TN",msa,TN,,,,,,,,,,,,,,,,,,,,,,,,,,,,,,,,,,,,,,,,,,,,,,,,,,,,,,,,,,,,,,,,,,,,,,,,,,,,,,,,,,,,,,,,,,,,,,,,,,,1301.7740710304997,1309.9537965921204,1303.1961085978041,1312.8152607446395,1319.488567631004,1334.8350830601335,1338.0058026676127,1328.068145129031,1319.5708982097133,1322.9317218696401,1334.0234827270474,1345.3421410026058,1354.504013924675,1358.833978996044,1371.9928819133986,1366.8965300275527,1382.3605038468888,1388.8651031567913,1389.20368485425,1392.42687412693,1401.1787083929182,1418.3098330695614,1420.1485313893102,1420.6919680102321,1423.070455358638,1427.0557138350482,1434.2292622164957,1443.1834838133093,1443.8580560951505,1439.874997252003,1447.496444055571,1457.013888888889
394741,168,"Kennewick, WA",msa,WA,,,1256.045331774393,1258.4757860077248,1264.6007343800097,1268.597023259843,1275.1027242466596,1292.179775726263,1285.3412543585366,1308.2311735568248,1303.830639043321,1325.7686263169867,1313.8248509597,1333.1877972702373,1314.339925604811,1327.3238105300597,1327.4416913797604,1346.8921765491643,1356.768027702918,1359.2449041496707,1365.6804331263627,1365.1853528702422,1378.7598905609125,1373.0081600008205,1385.1705462219122,1383.2356091667266,1410.946135647457,1416.2171210122422,1418.7454627352406,1416.5665068024864,1416.1384267092524,1423.9911115714856,1422.6384350401042,1426.6004367356666,1434.6521179773276,1438.0229982527362,1441.661680160499,1444.2230736218587,1451.1437545159297,1463.7092157815857,1470.4351945304718,1472.7055445861138,1480.153334173847,1486.1945617357314,1498.0683743548846,1503.0746102808323,1509.6086048051322,1509.4598683864235,1515.1893900984037,1512.8170659357356,1509.1150986580901,1506.4081352513474,1512.92699055103,1521.6211813519951,1528.026110979597,1533.1304557864912,1538.8767196076617,1548.349444661733,1553.1106248152278,1569.4417287222261,1579.2208422197914,1599.0645315799165,1586.4978139458192,1591.1419742545677,1577.0863880862535,1578.4584365191104,1588.2752923182657,1602.3152114265702,1619.904064262916,1625.6217875656093,1644.2691551036446,1648.1690129954354,1663.806621969929,1660.1371113296575,1675.8138602177764,1697.1206047052442,1723.4544143660191,1755.7097268913178,1764.4629422278847,1782.1380541771323,1794.753393908717,1831.4113778084932,1845.1647432245936,1851.6874601396744,1845.5353720509447,1856.355216010451,1875.9311741150018,1890.3142833657325,1894.960856494791,1893.032713185363,1900.2709849314526,1916.5378744030959,1927.150264952997,1916.2832622979747,1925.198085151919,1935.2477261591896,1964.332935746739,1975.9569724081814,1995.1382420801183,1998.5153182171005,2017.461242518951,2013.2312061334094,2027.7391959741522,2022.9739433076982,2034.1564066855528,2053.4865241447237,2076.294043515585,2086.060185177586,2081.848578758956,2073.176327446682,2082.2227087163587,2087.3782441353505,2091.8978320155124,2094.171870369689,2098.654740981384,2099.4212898684423,2098.641572062033,2111.4891910342953,2104.616399193671,2109.4698628723177,2117.6614461222516,2135.3045688916122,2133.0763817425886,2142.9377121516814,2147.451656464459,2166.627306796329,2173.875993987963,2191.7770369305713,2204.8520198695855,2207.595006033602
395179,169,"Utica, NY",msa,NY,,,,,,,,,,,,,,,,,,,,,,,,,,,,,,,,,,,,,,,,,,,,,,,,,,,,,,,,,,,,,,,,,,,,,,,,,,,,,,,,,,,,,,,,,,,,,,,,,,1878.3846306791058,1845.6508662638996,1843.032643394439,1871.5158479922627,1866.6155224742236,1837.2212403006424,1840.7158251125966,1878.3531900330684,1918.091766520987,1950.7310326795725,1888.1303136406955,1871.3734713225463,1876.456688456731,1896.7000591012131,1945.7931740771912,1934.8498085911413,2005.090745098113,2011.468660999232,2042.5578426338006,2036.337234103197,2067.478458258257,2079.278842911223,2105.5418402762994,2117.5459223017333,2122.2431610476838,2154.4747331039534,2141.2376679667086,2166.0691705923487,2132.2453843705493,2162.5519321820443,2154.690047945733,2159.5898915615767,2130.15873015873
394660,170,"Hagerstown, MD",msa,MD,1068.5939198041794,1066.220712625354,1064.3708495429987,1066.3664636808405,1073.0490764133986,1077.0741258898342,1078.1757742205389,1082.7429083578297,1080.0818100514582,1081.5161494989536,1078.2804743066006,1079.1494117997236,1083.6865794209505,1093.328468938456,1093.5465192429324,1091.0026565691126,1088.1739026470818,1092.9478742005526,1095.2300257761772,1093.287856795527,1098.7423004999832,1101.420192509447,1112.6782071367054,1114.3345025283263,1118.839738039778,1119.5174219545563,1125.1120676747707,1128.71812043722,1128.0282636929926,1127.527492020983,1130.5526973068797,1138.1986041872126,1139.974705744087,1138.5266704470441,1130.2756648122015,1134.2865860508775,1138.0456324972265,1143.6644951215305,1142.0168132587244,1145.6304872188307,1153.2284112755913,1162.190029275362,1163.829280081501,1167.2734822516375,1170.5841353051276,1180.0575325335585,1178.3784498170555,1174.9107170999964,1180.9142605934785,1187.5395991295397,1193.257298284065,1196.4673943393789,1198.4920275875468,1197.9040404102302,1201.8487832343426,1202.973035005559,1205.7006087729594,1205.6350675678393,1215.7165103786783,1222.9721655591454,1222.1945964982228,1220.5172603666279,1222.6611898332465,1245.041059975626,1251.7845435857782,1265.5309411252244,1274.4721411774462,1282.734187694505,1292.1630074399777,1299.3547258384722,1311.2224827278503,1308.154979083349,1333.6822691058471,1347.9586941142193,1376.2391895635992,1381.364603520379,1392.982342022758,1405.971940621523,1417.5598093156725,1450.2030614410928,1477.7511192166662,1497.3815177546346,1504.059269603237,1522.475488332108,1533.7560180101898,1535.8429305455672,1526.7010432136046,1541.4256881847655,1569.0328116572853,1596.4297900421006,1613.6818954875675,1618.11919906442,1620.2009201790916,1629.4578779130022,1633.2188789553861,1665.9679176483908,1657.5691722025015,1673.038498911321,1683.007394385944,1704.7857934553242,1702.6973383497282,1689.1949812252765,1679.8077209030312,1688.8479477869396,1695.3791763619495,1719.198254906344,1733.4228310551264,1728.2631309737744,1743.7047062227884,1740.5946181349314,1759.8659281966125,1740.4876170487325,1759.095458951394,1764.1039461690104,1793.9569491681216,1793.1911296382339,1810.434059107582,1804.8159262529225,1811.028406305698,1814.5901827824664,1822.7011677627645,1834.9261561996825,1833.553233061614,1851.2028546035028,1846.8083319311897,1858.0147487421743,1848.8403030048546,1855.4787190479576,1849.1848596601844,1849.5285256410255
394543,171,"Duluth, MN",msa,MN,,,,,,,,,,,,,,,,,,,,,,,,,,,,,,,,,,1230.923182119273,1238.3646798427112,1230.680673157634,1235.8564047531893,1242.9639792626801,1250.584805433296,1255.2109480659476,1274.4633033341825,1273.4392335604937,1274.3748126215767,1262.281814471978,1270.9592977201112,1283.9525055865272,1281.3733072652276,1285.8014234442542,1282.730392539077,1291.6978447242384,1290.0403013690673,1293.4717013396523,1287.6969877415354,1291.5294046331048,1291.9922153152022,1302.57953050182,1300.529296561817,1298.8161578948288,1306.1224756623174,1312.1867545250439,1316.1136439786453,1310.8536501837239,1329.883825589222,1341.2699323470586,1350.1058749732204,1355.6058540001889,1362.7681635341594,1372.1731491159728,1390.8363284477982,1403.8790334803075,1413.8254682877077,1398.4978323363687,1410.6399415068918,1421.0733464926598,1437.6325299169312,1433.6948368189064,1449.343845610788,1465.6187558491733,1485.7311157400609,1472.3989383707842,1473.573893559232,1482.205831963745,1498.933860348133,1519.0954539439715,1524.0562413434234,1533.9935015153756,1540.8511697125696,1565.8869006383065,1585.3340004799604,,1579.3875277074535,1593.0404825924245,1643.8917842749845,1631.880858337796,1644.5065921267444,1630.8013053725083,1657.2390565608125,1663.7894968005269,1663.702723416331,1677.8989020003603,1685.3344877117156,1707.9701360489628,1687.6987247867717,1714.8178441816592,1704.3869961414105,1744.1602548786957,1729.1033046460052,1759.1769678983412,1760.0153894240173,1762.2811296028872,1773.2387070029704,1767.996743919672,1774.740694741065,1779.0547284289507,1813.1488972346654,1809.7226875769345,1806.0325274727786,1798.3810204515758,1820.555157770586,1821.2099284919013,1826.8485832320912,1840.789380704928,1852.3048913034984,1865.953057128696,1874.6606518064252,1885.640745500779,1889.2807034761543,1899.0944314955432,1920.6625780209954,1933.8111111111111
394937,172,"Olympia, WA",msa,WA,1320.5367363860164,1330.2887632160193,1331.3484133410232,1333.5444711369528,1335.0114545005397,1337.0376984064062,1343.28344969789,1348.2778024573263,1361.0207401428427,1360.2885225210077,1369.4291026312555,1369.0841581906689,1378.4305649469632,1373.878113624101,1386.0391982248987,1393.6866456024188,1403.5726636592792,1410.5177365632903,1417.9049306866102,1431.0650690663508,1436.4861061084582,1448.0384668446247,1448.1681041919176,1463.458048918393,1473.203086850137,1490.9490854139076,1492.483649241835,1498.410450842714,1515.0541407824714,1526.8538377262007,1538.919622765014,1539.6402281715627,1548.8865769596846,1558.7453342040553,1570.1232760871405,1572.196407339184,1574.5097375431685,1581.9543314162133,1595.9625136667044,1616.0997111965612,1618.5042269988785,1626.2071930641307,1620.4931989168817,1632.4818158512746,1646.1035272463387,1663.7809817479658,1674.456929283546,1681.6103822729733,1681.2587691554568,1696.3186533666524,1703.187760653131,1703.9262018683473,1712.739135566103,1720.590254366734,1738.7468269359608,1747.422934423864,1751.8224214871566,1751.6169293169723,1758.396540244204,1769.5318252653726,1787.377108275614,1788.941482570963,1790.8567688347346,1788.4914422429683,1798.8783534066793,1807.212466566669,1835.734537555526,1863.6799726558243,1900.0095448766979,1917.4830203745466,1940.1930782339975,1937.6426540070358,1959.0584286702767,1981.20880389154,2007.8376929074493,2037.3781497249868,2059.5547684766602,2084.7493408337828,2095.773256990159,2113.6142699514185,2140.34471489352,2167.3930575060085,2201.1087174653335,2229.2180502146894,2238.975354304919,2248.9648699177087,2259.1531112786843,2272.5648507403066,2279.759971774787,2292.0901116405935,2301.993365435061,2305.729305614532,2297.033284664885,2300.7789738544298,2301.018140980275,2306.1934107349084,2309.6824163691726,2315.435553729988,2332.2372540348656,2343.234785069884,2364.285218010377,2366.296744070593,2373.7313645686213,2374.0952650554286,2377.5593589842756,2384.16944725759,2399.275766481374,2412.3569924077487,2441.1660047185414,2449.4170017530655,2461.8351831328077,2451.428608455115,2454.9742722060478,2457.3046898545513,2468.9918595507784,2476.6849725469915,2493.3842602872496,2504.3022803745957,2505.5913592356724,2508.0495760085278,2502.2581295239534,2511.1391895627958,2511.251745583446,2531.054110942139,2536.8665444702274,2551.909423533719,2557.9151632034477,2571.503941142886,2578.925754382819,2586.6782647812397
394803,173,"Longview, TX",msa,TX,,,,,,,,,,,,,,,,,,,1001.6869815087258,1007.3973059323644,1015.9005976633828,1022.1304701934857,1011.1797964205273,1003.6240414717524,1006.1651032327522,1012.8390399185621,1020.3943343038646,1023.8880922753749,1035.405632272868,1041.351624209013,1039.8293723298139,1034.3989260659764,1030.2478811908766,1030.9140303907893,1037.3181871993675,1042.6916203728524,1033.689423832749,1035.653759644521,1038.0197384397904,1047.375716738418,1041.188120169087,1038.760594976079,1039.4052535007645,1042.863615130067,1053.3453255619363,1062.2573021128858,1075.729820901032,1082.8894201612102,1087.5466173518712,1080.2058856363842,1078.555240005425,1074.597416886802,1076.7668241656947,1083.2545543819365,1088.6781826268182,1095.1033582299087,1095.4537450179776,1095.2158132033758,1092.1539224521039,1094.3044816975787,1103.7516314821503,1117.287924582506,1126.4676226995578,1126.221813265698,1124.4175455077486,1122.5923089825494,1119.0815181660034,1132.1267843671299,1141.869683867291,1155.9017659912217,1156.802389067484,1163.1735804710288,1177.6417565657407,1172.9888785723076,1174.968048964739,1191.9242927267044,1199.9743137557514,1222.7246812612677,1228.9186126746222,1246.2514379467038,1256.158478201711,1269.3778841266474,1286.793642505394,1302.9228029495196,1314.9575013811232,1332.2281567356429,1336.9223801225019,1335.3318319226548,1352.9135410100296,1349.7854374456886,1384.2945101818598,1393.603331540464,1420.3357166137494,1413.1239039571574,1426.219958203289,1430.4097282378411,1432.6822233226308,1426.3984679365644,1436.8657870542581,1435.846453656064,1440.9030465894693,1439.4504817999973,1451.7025984623806,1447.651174253191,1445.830006445386,1453.8780146871543,1461.3973191614132,1482.4471973625346,1478.7456776619647,1489.1962743228785,1490.0065031231761,1509.1623918398527,1506.0821282380864,1512.215538890351,1513.3171697161279,1519.7216021132658,1525.3906151811468,1534.9679846697409,1534.6701807438628,1528.3350940383214,1542.8282648237068,1549.9683861521785,1558.4634006434662,1558.9051933660169,1569.472013057673,1580.0859489217355,1579.932340588703,1589.1389041416376,1594.3776812134874,1598.7166666666665
395229,174,"Wilmington, NC",msa,NC,1105.6815341657361,1111.3572973606206,1109.4997376002534,1108.4304600003666,1108.838229251184,1113.8197085988377,1117.3684570147514,1119.113785785897,1127.2118308859888,1131.1850049114812,1140.0395134279718,1136.8312442141173,1138.0215237954178,1140.3467831135135,1148.6249810820536,1154.0645338658371,1158.0855821966006,1165.8095967456554,1172.9085957704478,1176.6839188031126,1173.3552023181896,1177.52417192615,1177.9775729046346,1192.510526998454,1199.4026472846729,1215.7565495523402,1223.510711228592,1229.4259596708353,1235.1921767782846,1235.1367385155174,1232.3800418637181,1241.0032855910774,1243.0760606014744,1249.6842766304583,1246.3350437294564,1255.846499841063,1259.3615073333392,1258.3836512721173,1271.8978441365116,1284.5011228328294,1304.0615484043797,1301.0378465998324,1311.367691992189,1307.9391236026815,1330.9608010345253,1339.259822237913,1363.684375532678,1366.2631258150936,1380.9129067296017,1390.9957375803447,1391.955335684509,1394.9073016628724,1392.1148624027683,1409.04207082222,1416.2510460890996,1428.5169036664793,1423.1793411566955,1424.8292476838274,1418.472843267734,1418.7526957242571,1413.350900533835,1410.616059208854,1440.5263575444678,1460.592493118502,1480.4229346203879,1490.6068990952094,1496.977235786656,1498.419676176869,1495.4079601746218,1505.8606176053706,1522.7213361546917,1528.0956736609303,1545.556380671169,1570.6823801577668,1594.9213381399427,1614.2571218893036,1630.870564799506,1640.1789568202128,1667.1609561797338,1696.7441611417755,1748.8479073678238,1763.1524797493366,1790.7746711470247,1831.9116844786802,1872.1518576340056,1875.359816666259,1874.3865468505924,1881.1745608937777,1911.5227847380377,1926.3104910077284,1956.5999183710517,1967.9752714712267,1980.829995046938,1985.7203164444115,1986.9398788641029,1999.453282017569,1996.479227403696,2027.3172170264263,2027.2056839930958,2038.2220764995182,2039.997494866067,2066.3158839106964,2068.0896633840066,2067.345249443268,2063.4807178241344,2074.643565697686,2083.2583512883284,2068.4494894227482,2091.8971220750536,2082.466686475136,2100.448629895883,2094.050212653828,2096.721505832101,2096.2587258490516,2101.4692554974363,2116.3676126615437,2126.888890870136,2138.454849195382,2147.1538649646186,2164.918048549818,2159.5545353967436,2169.77846633007,2174.4053361522992,2190.148932336777,2197.7387052124473,2198.2993656735343,2202.0323776898326,2202.4962199877896,2206.1851600229934,2203.6043629497117
395061,175,"San Luis Obispo, CA",msa,CA,1695.5200091345419,,1719.3336303114727,1739.6960500960404,1736.581705548734,1753.416922314178,1774.1434920382312,1799.78062992349,1823.7753220474694,1821.3923892155503,1805.4012106942348,1812.6485490331959,1828.2267321889055,1868.9127257465043,1852.3388012653825,1850.9244748333806,1840.2961106246526,1856.9154915942343,1869.6234169784511,1885.7353805410335,1880.5868508421213,1898.98737778812,1907.176563454143,1943.2963878412786,1959.8217813066378,1963.8364613930087,2006.3599907656874,2004.3260316914916,2025.5075558143797,1995.0265767807234,1977.495730893749,1969.2397895638694,1990.8827203574936,2004.6522317793765,2021.422173868114,2029.1973861395695,2062.6980034060416,2069.9306931529204,2061.5128941967387,2066.038653590851,2059.486450970249,2091.6627351377424,2100.433218279372,2126.29036134197,2129.9725717968167,2136.1875884765655,2159.0954448094144,2163.6236056390217,2145.851479115199,2127.587099294007,2135.3146416635263,2151.2865946390166,2166.7422684765725,2169.9849140309307,2185.3731515765353,2181.2103539360874,2183.289218126632,2182.8340087709794,2170.7458932623695,2170.6924566222306,2178.740618699403,2202.6619139206664,2238.2694435522676,2227.4339148247436,2211.863586158241,2219.2032347369204,2228.5704084248036,2257.9855119511108,2277.4924682960846,2301.39137405187,2329.8996178334196,2372.267776817981,2393.4215098618347,2377.5952014051127,2369.6904404042903,2380.9891574911835,2411.4422085452306,2434.2098279594397,2452.925884960044,2463.8764051733942,2487.9999661872957,2524.3580799357305,2547.585125281018,2555.6391382379297,2548.2264025740346,2569.9215135442264,2613.2666484395277,2647.838520146636,2671.935955161308,2677.6393668850546,2716.808655085175,2748.4839982283156,2767.878933630604,2723.678074798044,2744.5110135065006,2724.5234700622077,2776.769598912328,2755.8236877080885,2813.0199676512016,2851.1824507924584,2905.941035563885,2916.706233272633,2898.6478174261088,2897.284985000046,2906.0059129384176,2955.835036496361,2963.3495297219733,2994.2317665886653,3004.8079059486186,3039.0161029484184,3009.786893798338,3004.8409108258343,2997.0295354769833,3015.5041616938133,3035.1031586191325,3058.8829227942,3067.952064798787,3120.694121075191,3140.0192221536413,3163.851019254764,3167.7881970070207,3185.2290284153746,3204.4628025058255,3215.522134709136,3221.0484607236667,3231.5360763814424,3246.711021869516,3250.1351480666726,3259.9778339212844,3224.803675856307
753875,176,"Crestview, FL",msa,FL,1131.0313677096153,1128.2021066188574,1132.7539941666503,1136.9307555308203,1142.7989151733045,1146.808093963711,1150.4428074697196,1151.5661496304197,1155.8395945497668,1158.9830629905448,1164.3104341021585,1170.256758881884,1175.6047013357143,1177.8420843504914,1177.7153645799258,1180.0634644640304,1179.178058989685,1179.7629665099141,1178.9303853758647,1189.749815216687,1195.2095314338192,1200.5813153762942,1197.831184452831,1199.496860184328,1205.8104922392026,1218.0821889668891,1223.0928369903374,1226.9452710221765,1233.3442892630123,1243.9514869946122,1250.073515010355,1251.3014429053867,1256.2488567023888,1267.4732586602227,1277.7130898947569,1279.2455338231691,1279.2488887780964,1279.2247940386085,1289.8698934368233,1299.1597278744175,1310.4642930676819,1315.8546475141286,1323.4343809362329,1326.2957769350733,1332.4198848471133,1336.890506203947,1352.3868255421187,1371.8279923354798,1384.4345506909492,1396.0008709452839,1403.4468342050648,1412.0250070711943,1418.2096592578037,1426.642052710305,1435.9815611205968,1449.1723588256834,1458.7460847384211,1466.166926243964,1466.5608819815254,1467.0834419195082,1472.552776102146,1477.18269556789,1490.2997315257387,1490.9671910245427,1495.2709181224675,1502.503241081402,1506.6812156156113,1516.9385857946195,1524.492168184836,1547.7698834322632,1567.527427789765,1586.5389539575547,1602.241676410586,1622.848319103022,1642.2489274023499,1667.0991609094845,1699.035270089915,1723.7796780950193,1767.7702732411828,1802.4829043414604,1837.1205994945472,1852.9550896394264,1876.3740110574568,1902.3156633919562,1923.087000327522,1935.8458998974186,1961.8020780186112,1984.4537772841775,1999.8409322793418,2019.9456487592367,2032.2604524035178,2048.2215529085956,2055.4454788405683,2055.8370338965665,2054.236204831075,2051.8968276108317,2061.2011188029655,2064.4438106971206,2072.6488140360107,2075.310843102385,2087.21827591953,2086.400418359259,2075.160837858459,2062.882826979299,2061.450988078246,2075.442428851999,2088.062668449953,2094.5489337533822,2091.476751803659,2086.982696478716,2080.197757654734,2082.976857151341,2083.4717393625856,2084.8186454574425,2091.0209538876416,2103.769823150168,2109.6465595843747,2108.5133480434984,2107.6373780353715,2110.2511313116843,2114.853701213446,2124.1101795819372,2129.4104480268343,2129.859754573642,2128.3062731249493,2130.718838398132,2134.6220791252786,2132.9908198223957,2132.536689458431,2131.334237449571
394851,177,"Merced, CA",msa,CA,1053.103668703877,1057.9282864583315,1070.5048405791686,1072.775861485491,1069.4871747267393,1076.3909101869554,1082.8824062905232,1090.7239566133082,1085.1669075987736,1100.8969358064676,1107.2779481046682,1124.80263834888,1125.2516954553544,1137.9776004383803,1139.41624823938,1146.6176302385334,1155.2471204769436,1169.7292171421157,1185.6733616469564,1193.3743088644176,1205.709217448106,1207.797352155448,1216.640212613027,1223.585059712899,1225.6803774798962,1229.5099857645782,1234.3133454225188,1253.2466458472013,1273.2517216435103,1276.7513922617982,1278.563188518517,1283.4769475873222,1297.7369219468449,1302.0345517433118,1307.224928431589,1319.1683084256065,1350.1402548454098,1359.804131298056,1362.0171380329616,1369.8106626112447,1374.5006340631062,1379.6276020701741,1375.897466649762,1380.0604521654802,1389.4349043612785,1390.143815945974,1396.4056384353944,1401.8272215202403,1409.0527594645685,1419.4289048405835,1435.0722871815526,1437.7473705034408,1442.05327288786,1452.8408992775462,1470.9356667854233,1482.9570816027335,1484.9202486015013,1500.5773392640765,1509.7987454662812,1515.9994865640656,1512.2241298810418,1516.3683836740233,1527.8695272466189,1536.914412968191,1522.8151430237656,1509.8121555826933,1511.3259979318182,1525.6169745524858,1543.2061288051184,1581.8132880147632,1608.7864542608788,1635.7842226064338,1642.705771566811,1641.981803628688,1664.5965649433476,1683.8066966194294,1746.8308591763116,1808.5177563439368,1852.8631144558117,1890.089755210424,1913.0679577221958,1918.9898741662796,1940.402171798001,1951.9840619926465,1970.017197985203,1990.8596340987017,1988.592430519211,2011.285110759351,1986.705477950832,1988.0755611863278,1974.720302003401,1969.5858834554138,1969.8967492998654,1976.885994350941,1983.7421430985821,1986.2935311217068,1998.115241092513,2011.3123740295543,2026.4503108656456,2037.568648444132,2035.5054803833664,2025.9097188488545,2023.0063185898362,2032.110875334617,2039.8685770500526,2045.5288750241614,2034.107492094739,2036.514878300116,2037.7870009171572,2052.625718039715,2065.990063929066,2076.8830123821963,2097.490150511622,2102.6834877644924,2118.2900436215778,2118.121486620927,2139.5622510379703,2145.946805217637,2165.8278631850962,2178.5647344451013,2186.364719047353,2181.8529971419944,2181.244239772498,2179.234899860222,2183.6868361622764,2198.235363152623,2204.257535947038,2214.360439043963,2206.575630919916,2209.7926628716
395197,178,"Waco, TX",msa,TX,,,,,,,,,960.6911607106204,977.2140113685039,989.2223415610563,988.9222826897749,985.9702901279943,983.40369740601,995.1069710022657,994.0556481212219,1005.6946651908976,1001.1384360696994,1002.9453193955261,1006.2227090524595,1015.8809312613752,1017.3932585830945,1014.2308721036063,1009.040025895031,1005.9323525374238,1018.7245630733412,1020.6497740855142,1027.0374981440814,1025.3642143898358,1033.1745325268696,1036.9806696808143,1038.1275949696465,1037.9451809058369,1038.5377368425738,1041.4162884353204,1053.5853762535862,1060.27405323222,1061.670712640815,1054.0715465533726,1056.6972359450788,1060.299420498116,1069.9202957006091,1073.0749798381748,1074.0494782527398,1070.3116395739783,1074.89343562132,1086.0589340329439,1088.806640059615,1088.8558326928362,1090.2070687046196,1100.2871142206097,1102.9561795157429,1106.9226157906826,1105.0468689464549,1109.0753607175868,1115.4091129003727,1124.9326175024787,1128.977414637964,1128.1164096881387,1130.0249776038518,1136.5686250495405,1141.2411172679704,1144.8607127286477,1162.4280285552684,1174.1599683695467,1186.265480872266,1175.1475227907608,1178.1272052136087,1182.5277278892372,1205.494140779193,1219.4254412392404,1213.7923308026266,1220.3840708651069,1231.5325799048112,1250.863802970541,1231.7384408202176,1241.5743076525673,1262.2991625991042,1302.347471142463,1321.6623621094545,1326.9678500261236,1351.4882423802185,1372.3761478139443,1401.0979248818874,1394.0208722023328,1404.845852892247,1408.8482345792052,1452.28188618594,1466.7266116009223,1488.327963398935,1483.4126499288093,1492.8245994298243,1502.719273320045,1499.3882004069485,1500.8874799328262,1510.818240636651,1530.222419068633,1533.3720262844715,1528.512952897241,1527.4871851335863,1531.334578733894,1526.5934994020683,1535.629193266749,1540.3820128936507,1560.142572592174,1552.532035284702,1554.716675232653,1555.946754713482,1562.7999919482122,1573.8938008281277,1582.1231227845385,1581.9858192374675,1577.041151756582,1584.4067236470162,1591.279354654848,1603.3434054625607,1600.0927992479535,1598.9312519327111,1604.8078704882973,1605.9495966687405,1605.1684089759544,1604.768389740467,1611.28341491282,1614.94330630216,1624.9909216036754,1627.8840403921745,1628.9434079268715,1625.862951222774,1627.3631022898478,1642.845598845599
394447,179,"Cedar Rapids, IA",msa,IA,,,,,,,,,,900.1441431314258,906.1932785518374,898.267362732747,,888.801679839519,900.0881556578604,907.9759101576203,915.2272846556417,905.1446396362866,910.6253960175222,916.1965475064243,921.3960338622762,916.4797515566015,907.1197278488412,917.8321132171751,919.7573639696442,926.9508627164354,917.9374493532782,925.3563588065814,924.0519855107128,926.8424466810235,920.8773528975688,914.3620799351808,918.6863459439381,926.969694082487,935.6894067678758,924.9131386102447,929.1053773411804,932.1094663568579,945.404841939791,943.905861763316,945.4720603137649,948.9592784012126,951.8930559631223,955.3399572211063,956.3337212003878,956.0350880800078,962.0658327185513,968.3814265901619,970.4023203133979,965.4466631888898,961.6628998729345,962.294790873694,964.99115468751,967.7053119474149,972.1234640105789,976.5924974027821,977.630255457736,979.8155459040278,977.7946184062555,981.5556144091081,983.3520773440817,990.0696389219028,990.5181255666665,992.6803875194694,994.6641843563672,1001.357404957276,1005.3779431391014,1014.4319210263147,1017.0628677666856,1021.1599227759996,1018.4357488329755,1019.1121072415159,1034.4037552644643,1044.0881948910633,1053.2342573635474,1053.7560652217287,1056.7063181060926,1061.6768111723832,1059.6477733824763,1062.266005084196,1071.3057553072292,1080.9618780106362,1092.6139777222013,1096.8089309707616,1093.5707810912559,1097.2311357521817,1104.325473971458,1111.9527715291645,1115.3952274737755,1119.0598888650823,1137.3384099084442,1143.7916732265553,1147.7137980272805,1147.4553485485978,1145.4183115276062,1152.5803438071268,1159.982538955865,1159.126927159511,1163.9575162449194,1170.034549209027,1185.652429860809,1189.9699667840932,1194.8893727782827,1200.5292178903421,1203.3763324844097,1207.8328631918832,1219.3541027365166,1225.6840222072876,1227.0538308463604,1233.4864736954837,1239.9429868110678,1249.0716049297687,1247.6168427594343,1251.2020682952516,1247.7791122737867,1250.3174774651213,1258.8402745345438,1265.4694159996789,1267.6504878552864,1270.9225964117395,1279.1807219508771,1286.587629653242,1290.4701187690812,1291.990941722562,1297.9876061650973,1306.1214126909572,1316.7821596236467,1325.261352109026,1331.095681443927,1338.8666666666666
394348,180,"Atlantic City, NJ",msa,NJ,1033.413002142023,1062.9970481958376,1061.209801686315,1069.9946359578294,1098.9221938434289,1087.1942636071094,1110.7948301152032,1101.0697899999973,1131.1665351927695,1118.538316012956,1130.0741064410633,1116.6561226484253,1148.9714432582634,1148.1338150294505,1159.4669139519276,1155.5968447035855,1147.9224910299376,1166.8060073686656,1170.24455299008,1156.9574924372994,1136.3360267691583,1133.8227360691208,1137.3261403668196,1158.8628625585263,1166.1951643293514,1173.8887419275834,1164.9218363502976,1157.637575361595,1161.513061738939,1189.1432442384603,1203.315250690484,1217.9311433639887,1206.767946706641,1229.3522062111351,1232.5802675350417,1240.0238486122666,1228.3964372605685,1236.3369438154648,1252.7829537553187,1256.3346376826412,1258.4083082360096,1255.833693640823,1254.0926007375615,1266.3558942358275,1268.2383827251122,1271.6308408146983,1276.2532810609182,1285.1753002041726,1294.4017549513958,1284.669833816935,1284.9834739130815,1297.6727616962291,1306.4134733916762,1302.254838373807,1306.9220000126475,1305.1845491573756,1324.9532078046432,1324.3393478362036,1330.9690898116341,1329.3700752329198,1339.2315493942579,1355.5077487900032,1379.940892294762,1375.9332178404868,1353.5764976919845,1375.4212645779257,1406.3299281590091,1460.3526880793627,1501.6433088375063,1522.7224325954471,1522.3015723096912,1465.38535751194,1476.1892582551911,1477.6669242996134,1541.6985681651606,1571.7470139261102,1638.2230841892408,1627.5350782575,1634.9125861051357,1651.1285818819922,1678.585167098639,1689.2060311220973,1670.6127204940833,1764.5334639845944,1858.661388084892,1939.5655712231078,1919.2254238630137,1938.8999480629375,1946.475856199026,1990.4377764264902,2009.1260820081943,2010.382293563214,1998.9200146801693,2031.6643740419681,2083.346963982315,2141.5256999229628,2099.580188714346,2118.8432166283956,2088.421530950159,2083.1063755066075,2085.976523150663,2161.995755302922,2190.249661871311,2216.620570590493,2169.2651435629164,2246.565860651425,2254.6012775028244,2269.222333761044,2277.835177499197,2310.258305313644,2342.6161016021238,2382.6507654831366,2413.5303853106216,2401.8537499072927,2382.7715918079457,2379.2529409074,2473.7221203930612,2473.213139119911,2496.604655000094,2482.8409913654205,2527.060061336266,2523.3411420045727,2569.8679635938533,2587.970311202511,2610.649505833744,2619.685594825133,2668.251195410312,2709.5755556385307,2711.9625742423527,2712.9783549783547
394412,181,"Bremerton, WA",msa,WA,1384.378545828071,1393.297469460065,1397.4242410205197,1400.2482060614159,1393.8947982947032,1399.170709833382,1406.937479254887,1433.4239921139228,1442.7426232844268,1470.192647608688,1471.9280782780693,1477.5867297010934,1471.9367087756602,1471.349327873772,1506.6638880874302,1518.4379326630838,1546.7320848862535,1539.8545306166707,1556.1003971142634,1562.9999444730463,1573.7713414426016,1570.1476897640437,1573.1509317420055,1585.8456846762717,1596.8168694621747,1625.6410558855443,1623.6686458424476,1640.0274508957611,1634.279950595183,1658.335322191971,1669.4491987109727,1670.2496324274148,1677.57426521847,1683.4843461591934,1703.750118054107,1705.0540382942597,1721.2207954127057,1721.0308962248837,1729.1124668541459,1733.1358454934295,1755.0441277638947,1769.462565377021,1772.2051601287408,1774.0750517570418,1786.2450266626947,1809.8682575083797,1819.0684015890986,1830.9144752931038,1831.516223665228,1845.077806077559,1856.0517921046364,1866.343415346294,1870.494326808615,1872.6514382289536,1885.5829138518804,1906.0656754068177,1914.41717352183,1916.8511004803447,1922.4378548686345,1933.37167250033,1946.117448704512,1952.8105124875765,1967.0907478847466,1966.8134569671863,1962.6686300433075,1965.1302108749167,1976.3054346521603,2003.028387118377,2027.7442238009635,2046.6926374370887,2054.427686766449,2066.433266194285,2080.961298533748,2090.984811639683,2103.406425108621,2129.882149998182,2162.3366318453745,2191.6925804105094,2216.70867142217,2236.5870481215857,2270.0673000068477,2289.721118351631,2323.257041837735,2335.941249904094,2349.9319334927995,2362.049397524396,2381.257819678694,2394.043520650315,2410.6376517037884,2424.1052655852686,2438.5439447552767,2433.3092168856256,2428.342730937432,2432.7159205818007,2437.7741413362796,2445.216834275772,2448.0967807844945,2455.945706723005,2461.9153184822007,2463.7862737295222,2466.058091273899,2466.889164346336,2475.6102853067932,2491.209513266992,2496.3655987068337,2513.622841037028,2526.4369536018435,2541.62850938519,2544.118446105338,2555.1800706424247,2553.784692541122,2580.135051750051,2576.494581427381,2593.6629027529266,2591.6533307194686,2614.190553482688,2626.0361418244524,2645.0356451412854,2651.4733869891397,2658.601945064182,2676.924621991033,2685.7567479841473,2702.980780358923,2700.4995220262945,2719.729045917409,2723.3366081129393,2737.1561825565364,2731.5801368045227,2738.497163475217,2731.166795366795
395103,182,"Sioux Falls, SD",msa,SD,,,,,,,,,,,,,,,,,,,,,,,,1085.834765959274,1092.9605255448998,1120.5434009372066,1128.4439417001593,1133.3165613834565,1125.8700844981313,1137.7566285068026,1136.2007356621357,1134.9406844779744,1132.4167474351495,,1158.552005013561,1155.9665137365987,1148.3245689722496,1130.023137940797,1134.4444304139172,1150.364584603117,1155.8514588729072,1164.758090140162,1155.5603200469463,1166.3180438115744,1166.8529150935012,1173.5852018134924,1152.331600513193,1158.4572798942877,1161.2899639015975,1184.903917120353,1184.8515127937649,1177.1706636183158,1181.1968624238712,1175.5829933398054,1191.6495311795084,1189.6454804763268,1195.436569199897,1194.6923968933163,1212.9468793976605,1218.4894771422528,1226.4009504000367,1219.4175651950914,1237.9268027668984,1232.5598906447647,1239.313500160622,1253.217241140486,1266.7790328842716,1271.423703694306,1261.2066722313941,1264.8655302416173,1273.9915641857883,1284.2444178771495,1283.9365461153088,1290.7304474883333,1304.7700473457917,1330.78827521385,1366.449166127905,1379.9233852264454,1391.254781623552,1400.396460858425,1425.5525227807716,1445.6971041046854,1463.8273273016464,1480.995164935088,1506.856678041953,1525.5986908240718,1541.5786698821755,1559.8000660726789,1551.8004410523442,1562.569762312356,1548.5676335881362,1562.4734571410934,1562.3245411911548,1592.649841377311,1601.5893361994854,1615.0918864479534,1607.7180284539845,1625.9639605257744,1629.8851415991348,1634.4043059835542,1637.8246550559556,1656.1391198775582,1678.8507464158915,1681.1823145611359,1684.5951398635773,1671.8561618713711,1678.627804653094,1660.3605430998819,1661.6947919312775,1656.4622589616997,1673.5159882658595,1677.606309128083,1685.4341711704972,1693.715667417229,1703.3149148699674,1715.7002112799805,1720.3448240808123,1717.5336751183038,1721.0299172881992,1740.6547604967748,1753.6722046001357,1759.6496861258108,1755.3273406773806,1759.6439862651628,1766.5360549865438,1762.1143490793716,1759.477670942827,1758.5475519371714,1765.0225544926232,1778.4278002699057
395065,183,"Santa Cruz, CA",msa,CA,,,,,,,,,,,,,,2567.794073224357,2542.2813005779312,2533.634897562617,2504.9890481669863,2566.1916958993597,2554.63839901349,2564.9786357011626,2582.8285290107947,2616.9718602093753,2614.174760893418,2600.401788341542,2610.295184608827,2638.424771113937,2670.367589437258,2692.934507426846,2692.9415699286533,2713.962198619245,2726.4294081161956,2714.86908673718,2728.8631772120857,2721.7807811026623,2769.593760047926,2818.731997154928,2818.3497754982764,2776.2838806571967,2772.550830545441,2837.148764097422,2863.7063803793153,2853.646241280743,2849.0497137028437,2869.881455183633,2879.3474774346996,2892.8466155029646,2913.6602901291576,2910.6289206597417,2909.003694416678,2909.7007227467398,2925.2839058767795,2890.5335078960265,2905.0957375981648,2916.2318234109966,2943.022848271279,2956.973126734144,2966.476843258969,2979.6322922972454,2968.6857433603996,2980.163617247749,3011.2249882622486,3059.8243169572916,3023.7252203342814,3036.504471699526,3001.8065608376496,3007.136277867831,3027.529407285172,3052.7064630555947,3096.0100487722357,3088.0535696243924,3125.846720963913,3117.1506554275174,3129.636190813408,3133.503928868418,3173.9048214754744,3230.459645504113,3249.2082779162324,3294.2806094949306,3304.9300881174017,3362.856333559531,3382.7549984904585,3438.138959333863,3435.260730807519,3469.24556089235,3547.7057047958738,3584.1228780067645,3630.326854641226,3601.4073036384884,3659.9495432954304,3662.404167010185,3686.8908995063193,3690.786730725662,3726.3328369165883,3789.3542931866905,3827.826009558887,3842.6105319384887,3754.0454201266066,3756.371613947299,3760.882246851744,3791.2320884107526,3802.981886688906,3818.183644671213,3888.9769604382977,3903.2902141600803,3893.4235810612213,3850.9387705996974,3813.348473104358,3822.2201844539773,3845.119948280143,3919.7267368274056,3974.933497532242,3980.2273385407184,3962.3631637818,3967.35449149096,4010.40151889539,4056.1883985146496,4100.3670881397575,4038.844043607373,4086.70193587443,4101.577271199432,4144.50527304187,4109.544596624716,4085.358436449469,4102.144789392357,4127.819968161261,4145.1739590519,4100.842392174251,4085.6545360436426,4077.3886013428596,4155.674329501916
394572,184,"Erie, PA",msa,PA,,,,,,,,,,,,,,,,,,,,,,,,,,,,,,,,,,,,,,,,,,,,,,,,,,,,,,,,,,,,,,,,,,,,,,,,,,,,,,,,,,,,,,,,,,,,,,,,,,,,,,,,,,,,,,,,,,,,,,,,,1280.0212963703605,1286.7552646080132,1302.4542897092347,1310.9076736083537,1305.4910387711104,1314.598155243575,1320.2253809475876,1330.5377531386841,1341.8959914187733,1359.8674242424242
394924,185,"Norwich, CT",msa,CT,1349.2770091575273,1361.6612133119086,1363.074719086111,1360.4985840948953,1353.137535725927,1339.1999226910073,1351.9076703705032,1367.1988490237552,1378.9114452120905,1392.5583586324046,1394.6394085019201,1395.1336815638483,1406.624239479923,1398.9390070618813,1388.0762525294854,1390.1170135738023,1405.9537200356126,1435.7648849243872,1419.3333463130473,1411.9707921326471,1405.310873307937,1413.086932793174,1422.701055960606,1423.1250539159164,1425.4477283230603,1413.4865941758146,1426.666215983944,1421.1255296963702,1442.7544480463355,1426.3379420606884,1449.2355700468265,1446.8709718623327,1463.3487201879068,1447.0360416693477,1444.6452760000595,1431.581552352282,1433.9016454123257,1447.1794874586271,1452.1709287216638,1455.2391705015468,1443.9580678420182,1451.0723336348544,1445.4994815196349,1458.4540987244397,1463.2604937257602,1480.8661419610505,1483.7951775087142,1492.4751393034137,1490.2596290933552,1496.2292958505125,1496.366458098231,1504.7159273789753,1508.6830095754387,1514.7095707126218,1520.252810915443,1522.0866596533567,1521.4131288743965,1523.9357566106685,1531.3043639199961,1541.6740552557744,1552.2918689464782,1554.7309815053895,1571.0854767828123,1584.4896777626823,1602.693933066272,1593.813458891909,1621.793231603932,1640.203155954462,1681.343109690362,1715.8981390992876,1739.491051220549,1732.577967111053,1733.4303551676016,1749.246037470728,1791.4319662458613,1793.5814006621868,1821.1072876674982,1824.994336148687,1853.584929567005,1852.6743346870503,1883.5855600723748,1890.7670515627144,1922.7231615954406,1928.1879020647484,1994.448352185257,2022.5894813705756,2024.6620754388478,1984.417109793065,1958.2005969261922,2001.1882483130678,2040.7152927122086,2091.479150177661,2075.9202266199904,2074.856357494834,2055.880267570617,2094.3642037487703,2093.914801944949,2116.7090619561463,2123.7773686696696,2250.7519736918935,2280.5789835971646,2310.285531448569,2223.0913802378577,2257.7312482959305,2280.532734981729,2298.602499273496,2317.1993337448043,2312.00631615777,2313.4491482778412,2312.191708260192,2353.340114689403,2358.5834073481547,2402.1060704594897,2395.713374916919,2431.0261666675556,2392.9635712711324,2418.152622458983,2472.682797069607,2501.102734189027,2523.385622356212,2546.053235811585,2566.0107461065936,2564.440906730499,2536.2175932330547,2527.263773478502,2541.438381861489,2581.5273633710617,2614.0286160103974,2615.070661566935,2590.0925925925926
394323,186,"Amarillo, TX",msa,TX,,,,,,,,,,,,,,,,1040.33011074468,1045.6544091639753,1043.54673556934,1053.5429349312215,1047.223077422418,1041.4788110229183,1043.8394742119467,1040.5619089912325,1041.915112033404,1036.8619167454651,1043.0077335751962,1048.8791381270466,1054.7999743167613,1044.2984462855284,1047.1371934853794,1050.1672800306876,1056.9018596926828,1056.9639740049536,1049.698251363127,1049.348940408475,1054.2331630802519,1060.2396447034553,1060.058527239049,1053.783114627871,1057.845186761246,1069.0049724667676,1072.6502598895927,1070.9688349627852,1069.1102233433858,1071.5792709323098,1072.4437024239708,1070.2347921625208,1069.8887899704591,1071.4604738015319,1080.6487182210335,1084.7776359231962,1084.9051410764969,1084.7213620507669,1085.6988077456597,1088.7426339156943,1092.8779466877088,1096.7534216509112,1103.9831281715913,1111.5618678626124,1114.825419722896,1117.3922029313292,1114.985148530519,1113.0733696932266,1109.6168957771938,1101.2612448667624,1110.5005088651792,1111.6429653241657,1129.8359870722866,1128.8098072358341,1141.1073982859425,1152.3530481740167,1161.920676688691,1159.9318558931268,1162.548980240395,1170.779086324808,1176.5167162437187,1195.1910927613883,1204.8634886719246,1223.8688757021157,1228.0094194839241,1242.5471305594815,1249.1765307383098,1250.8068351533595,1251.7642562998144,1267.0263766189223,1284.6971530909877,1291.2814379571823,1310.3995767510569,1315.7068727434453,1338.4637522614885,1341.1687273887194,1344.158159349864,1340.953516683534,1348.4698572199447,1356.4430638494723,1358.5615035929306,1358.5985908646594,1360.4335701645023,1377.9619111157685,1383.8717039772555,1390.6506661197031,1377.7526032019805,1371.4180777030424,1371.4793848685624,1382.8568685217508,1382.0857855241293,1386.4404900707227,1394.7747271875728,1396.315219704018,1399.4878280900052,1396.7834821850183,1399.0982981794405,1399.3613189352354,1401.0520078990553,1410.9668890565629,1415.4097333768054,1424.2079899096175,1430.2940513651401,1433.1888740108138,1435.600071980598,1441.1344670468332,1443.56968407812,1444.78651066438,1445.0899834016675,1448.7468916953499,1457.19643918597,1459.4691048074735,1462.8528860759986,1457.5984719574278,1458.0639730639732
394772,187,"Laredo, TX",msa,TX,,,,,,,,,,,,,,,,,,,,,,,,,,,,,,,,,,,,,,,,,,,,,,,,,,,,,,,,,,,,,,,,,,,,,,,,,,,,,,,,,,,,,,,,,,,,,,,,,,,,,,,,,,,,,,,,,,,,,,,,,,1548.491738698619,1626.0146407175341,1619.9676343799933,1600.9556369619381,1584.739788324626,1611.1934654805152,1632.1603186547547,1624.704933564636,1638.888888888889
395171,188,"Tuscaloosa, AL",msa,AL,,,,,,,,,,,,,,,,,1192.472404729696,1196.048994040223,1189.9978211481812,1171.2028075628825,1182.3581664879232,1198.0644335546701,1208.8302360574633,1218.1943887749924,1230.109551744176,1234.9137873377624,1228.807972851781,1228.4575799533332,1223.6120555939285,1221.6164638899677,1223.2193916245856,1246.7758863182685,1247.8648783082451,1258.212272425391,1248.7942882149323,1252.8796694428406,1252.7906539252497,1255.070394417614,1262.053873169969,1272.8484058678935,1265.3843161932716,1271.391891678586,1264.7632638921275,1276.4813779860224,1274.4849280769106,1280.6707760562954,1283.643677164816,1286.2392405827356,1291.674848144641,1292.8147594268005,1302.4827347915286,1300.6702133094677,1312.2298029830895,1315.127668409661,1326.2123187672933,1314.5081734219843,1317.886973007723,1310.640533952521,1315.094795134168,1313.3049347334857,1310.9640773011042,1311.6501425337808,1342.4726570596054,1356.1311822716627,1358.2695045234484,1351.1281769799211,1341.3647768181788,1347.2247472657257,1359.0167668526751,1375.3179537815092,1384.4237743363647,1379.1752939125038,1385.9355251374095,1386.7609462184264,1392.8311398887224,1394.2975911315862,1399.3348491363508,1414.7380937866615,1428.4235290932709,1444.726776777032,1444.154645816513,1449.255819492788,1447.980988353696,1462.989497388373,1472.1682714170975,1484.4766927565902,1495.5669897802507,1508.066228094821,1523.7881352152372,1528.6490812146635,1537.7860518457985,1536.038661021696,1548.1986350485106,1548.2874082446663,1570.201248502011,1569.8777970119168,1581.1638912368942,1587.6200309924589,1599.0783420181228,1603.4478481096867,1607.150726073895,1621.8052383645388,1632.9206044144594,1649.5445090738492,1650.2874188814455,1661.283225897763,1656.7804805000019,1653.103555531584,1652.7178002060336,1657.4868497398525,1674.1296726436751,1679.3608488983452,1683.9036832259478,1696.7903939593682,1722.108523025729,1725.7386896770572,1735.4854852883816,1719.242245419926,1731.35538438542,1751.229854069068,1763.8842239996034,1774.9297798637826,1774.520039473159,1787.2722614794277,1800.6820106136406,1804.6014514591056,1800.440176051279,1814.0075313084,1829.214853623584,1863.033250337172
394483,189,"College Station, TX",msa,TX,1466.6918962461446,1469.6899342930922,1487.5886122832092,1510.161328384488,1515.8616481874835,1528.8158324780852,1535.7075802752358,1562.0195867109446,1547.0422862544547,1552.7910829734244,1550.6804915704092,1581.2365544136267,1592.7779152393605,1589.7048057844725,1583.4267986578993,1577.4638960440686,1581.6389455183041,1591.4342901687598,1601.4921543969588,1619.6302012710996,1603.0107909172111,1591.7349203866472,1577.3275187173147,1603.7123700244601,1623.5437765319223,1635.5677357705495,1632.5369489381349,1631.0797798338958,1636.4259038328396,1636.5214916458447,1630.8023728375342,1617.992617685091,1632.1453622543052,1644.1612296230912,1652.2354204607514,1639.523111278182,1636.3801379562117,1642.6351124553855,1649.737016640029,1654.062444165547,1654.508070081529,1646.5214264648712,1643.6933167268526,1640.144779715,1652.7742305012223,1664.5429900303716,1672.6507984501527,1679.198548317533,1673.2624271695329,1675.0743983438215,1680.533570947467,1686.89180993953,1691.149555717119,1702.8655825514284,1713.2448394240646,1725.185829636816,1719.0486811450628,1712.9390003279766,1712.3568311421072,1713.5348586852376,1721.487674295788,1720.8473962492037,1747.9122163772481,1740.1965809034923,1741.1997974878466,1748.9217121208997,1759.8839961641302,1777.1582672184168,1787.52660279399,1804.4146068408156,1804.4963459744831,1809.1821465154505,1812.226994187973,1827.5265427815411,1826.7125158384413,1842.5117370157361,1848.7101052335124,1866.7456230312202,1886.5528776335052,1914.0208328431802,1905.3756211053078,1918.3386409617726,1918.3596798701315,1949.974874031428,1951.141566275572,1959.8929230478896,1989.6440813959728,2007.2443243754976,2034.1451437580781,2045.7671564269306,2067.4824690163045,2069.575680262956,2095.262660880234,2098.219494645681,2107.385407915355,2116.19192211586,2136.168405667909,2150.0777043842145,2149.512670674293,2166.1755675397335,2177.234967049949,2191.110330082587,2191.5141463737177,2191.9577469115593,2183.6816680032284,2180.4731537421053,2191.154306423643,2211.444000859248,2223.9780357099467,2235.207674484171,2249.524436973256,2267.4426331542763,2279.2671868144266,2281.7897408022145,2307.696024051354,2304.533350656614,2316.516440130135,2328.2779566656054,2341.128353431751,2339.7608406177274,2346.956729366743,2357.199440179086,2369.376859238316,2373.41648391035,2384.830578810709,2406.5685477976504,2415.8871569840094,2453.456548176889,2480.985154911648,2512.2081662627593
394732,190,"Kalamazoo, MI",msa,MI,1055.636217201553,1063.6791341610776,1059.8767695499184,1052.8883819651635,1043.3400241482743,1040.7412535137942,1060.6043482523744,1078.5855233412278,1085.8546474393017,1083.4708074521143,1085.837143876862,1077.13004202652,1083.7264075402009,1085.0539666017141,1089.161169918582,1092.50333320418,1102.211556066309,1120.2414210598122,1115.831958669631,1117.0080997145521,1118.7916145107588,1131.2444044190333,1126.137856126142,1134.254777693457,1129.3797151226054,1138.1177717406524,1145.600882848044,1158.0066991406636,1168.0318144524047,1164.2238722930329,1167.528235326259,1161.6610239219,1164.3463048308267,1164.6048908996834,1177.9201024915587,1189.8548765555236,1201.8620647576874,1204.5590380227393,1197.9577058236448,1211.0614535695122,1217.4257063821012,1225.6528932847546,1228.6634735700811,1248.0491124485334,1255.7090017358157,1257.6802980276273,1257.8188307371513,1240.8731696182253,1262.242953788483,1274.5161278986282,1289.6414776067759,1287.4298904786,1291.0105831006367,1298.444590650649,1311.0035156536555,1314.425505688087,1323.4460919327844,1336.4759163430601,1348.2766149390152,1372.3906620867556,1368.209738438284,1374.1406641316569,1355.595862494992,1355.2782384424993,1354.8110018442967,1364.3143412506104,1370.2875817228214,1370.3931064746982,1384.5586899718212,1400.6423722827594,1412.6518264459303,1414.2174525939718,1417.2017948526418,1431.7537534850671,1446.9541964586367,1467.7460145870946,1493.3362747481901,1496.810682429925,1517.0215150707486,1536.9122620720527,1536.0227570394704,1531.1573895461631,1525.1866188356785,1542.3228157857877,1564.9724315118594,1566.6141529270578,1575.2767817545725,1579.7485684924823,1597.6025012050966,1615.283030060644,1617.7250346682295,1614.5998388014877,1635.338859868037,1632.6013084244964,1649.936806321799,1635.0601282981079,1657.44389805748,1657.2203332216156,1668.3810651934782,1667.7980293557546,1660.5521431276852,1668.8204520612178,1676.2022789023558,1708.86047729016,1703.540842843811,1726.3635488377206,1720.4338745779794,1735.5275982326746,1742.634097603213,1766.5007207909264,1790.2136634108917,1798.9378682563486,1798.859915643101,1792.1534936715623,1790.2599904330739,1800.1524447397412,1805.8522997198204,1847.504230589244,1868.8606508363225,1885.1480568590314,1886.0784273037339,1889.254040195317,1884.3473580441528,1897.8942225682272,1918.1969156790037,1935.7393249301253,1952.0382317330734,1945.3620374385703,1956.513895965795,1927.652976190476
394811,191,"Lynchburg, VA",msa,VA,872.4840413104539,867.7981597538048,864.7865866623366,867.1272586129354,877.4845848738886,881.769282177782,889.1006392223323,883.2095555372614,885.6741085687079,883.558643252372,893.4726787271647,897.5458434500704,914.2761350866837,916.636209061909,919.6829184541066,904.924327308756,902.5439490378443,908.5998511273857,912.7263804786502,919.7111471997589,919.3952797977915,924.718245247356,917.1974069102774,915.8215465089029,909.4430846778088,916.670941911379,922.253181348077,935.0603354490217,933.1879537636809,929.5509204250924,933.4474821151639,939.9348502467197,948.5889521142533,945.3133459378896,956.8706205337102,958.018485477981,958.8825582611088,949.9403233764309,952.5721739833006,954.390196771524,965.3317808357352,964.5535183595542,964.5864037090961,963.4415865671664,960.7641182688686,965.0700636403101,963.708962498985,972.2346642036033,977.6033563769937,994.2994902832039,996.3726938927351,998.6160328435541,998.0818810344139,1005.702590510915,1009.1607913498729,1011.9107597033192,1015.970051659121,1019.1679211082608,1021.4870039975928,1019.6124652255415,1020.65740717104,1014.7686115747181,1017.8112580401415,1019.3661347576834,1035.5289892922913,1034.300406163132,1042.3568349340446,1050.1837610075552,1064.1118339544773,1062.0680577030707,1064.6618835557229,1062.3232366434652,1069.2798857512237,1079.5794353366357,1096.5902016764057,1112.9714548417073,1113.1170010021622,1130.6803638691176,1154.4226609670498,1163.5712240726052,1186.0568427140697,1207.027658242862,1235.981272411857,1224.7867870891391,1234.4853791701114,1244.849124661935,1283.0935553244926,1287.4541970625194,1312.7761313475817,1319.4982223006818,1320.8935990699897,1351.795828583049,1356.5304774353492,1381.6102417711543,1376.2948536480376,1439.4739887962817,1445.9981702878993,1445.649883742257,1394.703294068947,1404.8740142418385,1422.3236361774325,1437.8973580996553,1448.752284923793,1443.9485891939398,1458.9275232711616,1465.509265222946,1468.9692446376166,1459.290475630844,1470.421716912376,1487.6253506268572,1505.503403156281,1501.6280179033215,1495.837466822244,1496.6384700281355,1501.2372488962678,1506.8603958590975,1505.8377522651156,1500.567253354524,1510.572456555654,1505.3801050357652,1507.561563575348,1507.7362468886934,1525.0840222379768,1536.7382157677641,1542.054307100601,1546.6422663182227,1551.7949700107538,1558.133226734334,1565.4847867286642,1576.3582202111613
394455,192,"Charleston, WV",msa,WV,,,,,,,,,,,,,,,,,,,,,,,,,,,,,,,,,,,,,,,,,,,,,,,,,,,,,,,,,,,,,,,,,,,,,,,,,,,915.3506776996729,917.330847561969,905.321005126431,926.0041697218526,942.9938120741416,959.1204455146996,938.4040650565663,936.57694980758,,948.1593817478217,961.2217381138684,960.5930016563975,960.29807700671,969.7331116642856,994.5235567929866,993.1951910865326,990.5847499295401,974.2363855969988,989.6209578081765,989.4658246133107,988.4503627769611,996.9789587975922,1008.6479252234432,1033.5475068526148,1035.2554225807057,1038.1902848611212,1024.9207167686104,1030.7287907795821,1035.9643857406434,1061.9900546777283,1085.7080125050231,1095.5084444864563,1095.659020271675,1085.9185756786317,1085.0604411421064,,1087.649395728761,1096.5117733123661,1108.6405000834952,1117.5605237528139,1122.2126917274586,1126.2820901150883,1122.0452106737414,1119.6417093549774,1134.07039975348,1148.970015139874,1155.9186706031019,1161.8818030406112,1170.7182792796232,1175.536047104632,1183.3835968575659,1188.9562976234931,1199.1508447544552,1202.3499210201194,1208.0314296231338,1223.0555555555557
395240,193,"Yakima, WA",msa,WA,,,,,,,,,,,,,,,,,,,,,,,,,,,,,,,,,,,,,,,,,,,,,,,,,,,,,,,,,,,,,,,,,,,,,,,,,,,,,,,,,,,,,,,,,,,1669.0223040458598,1751.9437002551697,1759.4173246411979,1770.731479285263,1793.0856605339648,1825.3374878698005,1839.6183911291844,1839.5078641300527,1825.4175052095252,1786.769136595925,,1849.8714988507109,1887.4422503987855,1886.009671261903,1903.2725585703608,1890.3503925446253,1881.624944031674,1876.271741199716,1901.1215931321258,1931.3372184664292,1925.1295520987915,1948.38089793596,1956.6277026694888,1944.983602735529,1928.5798474976953,1929.5111911678505,1958.4004678007686,1969.8785055156584,1986.4892859891477,1997.741690607691,1994.3267477503693,1988.9983490179509,2011.9638294755944,2022.7671578431932,2028.2331524318056,2036.9078871485724,2043.3879802443919,2040.244684181794,2022.0451867979257,2029.1666666666667
394585,194,"Fargo, ND",msa,ND,,,,,,,,,,,,,,,,,,,,,,,,,,,,,,,,,,,,,,,,,,,,,,,,,,,,,,,,,,,,,,,,,,,,,,,,,1515.5117520447795,1542.211406540429,1562.7300826618027,1567.3678205806407,1547.3860766683783,1568.9086421843062,1574.313204303933,1605.588681854445,1610.3469128542608,1627.1769666840316,1649.023939078461,1639.1319869063723,1639.1442970912299,1636.1076643210556,1662.110879887962,1677.0018225887177,1697.8416780205055,1702.3456518456014,1704.14020972687,1702.3133892536794,1717.0571795205312,1735.742639461786,1746.9960082197217,1765.6157449039129,1777.8573441465235,1782.4674001832193,1769.5227120991933,1773.5186156788213,1782.3236200117422,1797.5551358569699,1810.7148228995934,1814.8579251056726,1819.8427976199634,1818.2328697986686,1833.7352810823688,1848.0904115370759,1865.6889583000182,1861.0519852656842,1872.6831608351615,1880.8658448486776,1899.2643930500897,1904.4777087652085,1907.854120260984,1912.6570700843247,1923.6618033472948,1938.6390438739973,1936.6235877814458,1938.3744567324964,1937.7580715273073,1957.9482874110117,1967.4555987064155,1973.4647220191814,1967.9539836009674,1971.1848727141737,1977.3790390460304,1986.365231239838,1986.572425279342,1985.3373015873015
394387,195,"Binghamton, NY",msa,NY,,,,,,,,,,,,,,,,,,,,,,,,,,,,,,,,,,,,,,,,,,,,,,,,,,,,,,,,,,,,,,,,,,,,,,,,,,,,,,,,,,,,,,,,,,,,,,,,,,,,,,,,,,,,,,,,,1809.43985232288,1844.1366038513088,1954.680271408215,1980.1885380134802,2015.4634601447206,1846.6658533859875,1915.1867641486292,1978.1922527519598,2026.237522383248,1982.5381670954628,1984.5181982000179,2009.3567076623292,2066.149497040092,2103.58330403872,2104.3348517522622,2150.1397001753685,2213.676490717765,2427.638888888889
394609,196,"Fort Smith, AR",msa,AR,,,,,,,,,,,,,,,,,817.2807234013779,817.9856110339636,809.889427577432,813.0243838899534,808.6676818492298,808.0648400728059,810.0260951635053,818.7577714625005,819.1200757742133,822.0368810157325,820.8038170706991,814.4209350241218,817.196250886849,817.9841626926186,827.7503105243346,830.1226675310784,831.5731987825889,833.3656900493623,832.7201963546879,833.7781945175235,836.5196827550456,831.002473436414,830.7051351981723,830.0171397730923,839.8597686072122,844.1164316819563,843.4565732762765,834.8328347908838,836.2142695390246,844.7279247133098,853.8163490846894,850.9830201569971,852.1947816525607,849.3117214587943,852.1481238603214,857.0188721707508,853.0475294165034,853.8363479768276,855.5993698492654,865.659379453597,870.0800314255372,868.9748256780692,868.2057226763261,874.9819560007423,879.6783326306829,891.3438171876561,889.909822392114,890.8276742911822,893.8402121835585,891.1763607669004,899.8541831008185,906.611074725667,915.2267141327034,925.6405366211605,935.1444368843086,938.6287902501181,942.4115660708483,942.1282901371239,957.723830719868,968.3438848138919,976.2243260008671,989.8237931010268,1005.3766350649212,1025.47264296768,1035.0962042155465,1041.9456308665237,1050.470011395539,1058.8752912268146,1076.4176695001772,1092.9687655440994,1097.0437790756837,1101.705746429086,1103.1093081776012,1111.3333730204722,1115.8913908344848,1111.9057071725251,1116.6751029000977,1120.0090443540475,1132.4365319466765,1158.2472746498217,1167.0715734277442,1176.883140325714,1162.4641399826157,1172.3037660873838,1181.9122428975218,1191.0566049166478,1187.5359445668598,1192.9554895695412,1192.8712293290378,1205.0327138263353,1198.5601546719167,1198.600732451201,1196.8048191594871,1200.5994198578608,1217.2261158727786,1225.1176328338456,1240.655111128448,1248.3993260123605,1255.3425602837801,1254.7313210069565,1264.3002723192717,1266.8880718297178,1278.1892596328687,1277.6084174409677,1285.1679665103345,1288.0261395925927,1294.8662480428352,1296.1580875983216,1292.1068055527444,1292.5103671246463,1300.420487281345,1311.041368412591,1314.6039604413243,1317.4268317853457
394334,197,"Appleton, WI",msa,WI,,,,,,,,,,,,,,,,,,,,,,,,,,,,,,,,,,,,,,,,,,,,,,,,,,,,,,,,,,,,,,,,,,,,,,,,,,,,,,,,,,,,,,,,,,,,,,,,,,,1489.0060195097226,1507.4771955852052,1479.4387682677548,1465.2364447630885,1471.2740809179404,1507.227533075382,1525.7880146435618,1522.5097543789352,1524.4612134146994,1523.8526907166404,1544.0266529005373,1540.0896518996306,1533.828671847409,1529.1570319696882,1540.0703531297618,1558.6838790952634,1577.6186203557113,1576.9094204720882,1595.3713453938374,1605.7561025482885,1605.80108649367,1621.3518020667902,1619.0298304269038,1636.7529462607154,1638.259242984216,1649.5916677551247,1669.1114042497104,1677.3562726781665,1670.939370276165,1670.3211794707715,1662.3366552045059,1675.84126984127
845160,198,"Prescott Valley, AZ",msa,AZ,1157.6103008408293,1163.9121130125504,1168.0854095279187,1169.4369373362128,1172.7099524079365,1183.9698360986206,1197.8921880040189,1217.5088926647313,1225.2411393326781,1235.9041127528028,1231.6732748767374,1229.7018301433834,1233.8795521751263,1241.4385023831085,1250.9652751387803,1259.0389936861259,1265.9469966257554,1272.3002679445424,1270.1740060598154,1276.6302559458975,1276.3110454211183,1289.36565952625,1296.3850304325133,1314.3892276044894,1321.7275255778397,1320.3663457380537,1319.460902617591,1329.1121822486944,1343.7448242039763,1350.9335301818694,1354.104966254442,1361.838204786789,1373.460719601773,1372.8226666108258,1387.1737443200755,1388.872859384564,1401.9332452992273,1408.7223018654408,1419.019940228133,1418.1765066784935,1417.855884741586,1424.1428119038576,1447.336593598828,1455.1272826556249,1463.5026782621978,1468.3537996248551,1459.4799001381011,1467.1318711788235,1462.6272562922916,1482.5126980667646,1489.448969063541,1500.231066480226,1508.15302866046,1514.648152102444,1511.5752895278006,1516.4016007053779,1520.7695258578995,1531.2779922883672,1546.740259965768,1553.3899497278126,1566.0324571197207,1564.2901202597434,1565.8014967756349,1549.266483732813,1547.458583112202,1556.5937932083586,1584.9225633730805,1608.6861765265678,1624.9160836210222,1632.363463289613,1654.8035260341865,1667.964652033449,1689.6659080806483,1720.9786590248445,1765.800461820864,1808.775894274602,1839.6285110148497,1857.7061345071484,1882.0700403899928,1902.5900272452695,1940.5199964614205,1981.5922846612896,2006.4168505013877,2020.8604261639082,2030.843543274665,2029.9325382243228,2037.8106609968295,2051.851781550516,2074.856636695327,2102.284164312127,2102.675118722719,2113.913639061618,2100.540349606281,2092.8433086268506,2093.5506024686842,2099.7422014677845,2116.2110170809797,2123.145470143695,2124.405901485977,2135.3543587190534,2126.236740823379,2121.1077058787337,2115.9695507596352,2116.0215128643677,2123.213396112849,2135.2957004328077,2150.7047081282085,2158.5462121653622,2143.5110769943276,2159.434973223134,2178.7117077063604,2196.465310865785,2188.713827060263,2181.457649886713,2191.3611346699618,2208.93934201401,2231.1106087819353,2225.86982044247,2224.4668121393534,2227.969801740055,2244.1166313566955,2242.0675653688845,2237.5296320003667,2227.626853718482,2244.9470701691826,2258.9577038720054,2264.4188795801233,2258.447676988972,2249.1042558389954,2256.2344827586207
395161,199,"Topeka, KS",msa,KS,740.1639768720348,738.4952874863103,739.4994203828611,749.6906904949918,752.0415708333592,754.7495490448326,750.4735297466212,745.6001890700885,747.0636389193412,751.1879542028773,758.6763648524466,755.4750604228558,755.9435506973233,755.0339249047319,760.039667422868,758.4874433134224,760.522769359053,766.179858087298,769.3272882580353,774.026190977198,773.4511112696629,777.6841306834191,777.0364783748412,775.9754484230848,771.4480967594419,772.7132424745736,774.5377562906555,780.0800826646023,782.4421925855528,781.2559756847024,783.5693055220286,786.391463790449,786.7371959689534,782.8120014081525,782.9262232063011,793.6353325964569,801.5200220012532,801.4957048743117,796.4265259804944,796.7963228906247,798.5440565242844,802.594174902552,808.7597716045399,811.5053833646501,809.4598376279504,812.546620410729,816.3262187813322,826.9879043112416,829.9175440741698,831.080907578671,839.6251236907365,843.139723084733,846.6444093216202,849.3826835942177,849.4732049440214,851.7093408215796,859.8620289600588,865.0443005119222,868.5022676179148,861.2994393586638,862.2632485910491,867.2374520734169,880.7493434830803,873.7403446660862,871.8567520136531,869.2524402418334,879.1034611125225,886.3862446120678,880.8585138124507,888.5128589083051,889.1312139524682,908.0774091369378,900.7626006813626,908.0802831515931,906.550092583326,926.183346988573,936.1027715534291,943.5128248470697,942.3306511723009,953.0347874353027,963.2826907699488,974.3983372733783,978.0923727941664,987.5170812303368,995.3835656242977,1015.4752580102337,1029.0600683779571,1045.665646692728,1041.0877631064654,1050.0242356976562,1059.5043109991602,1070.8180066876535,1077.183729386521,1078.7152791192527,1089.938608678933,1099.327019014392,1114.7880350791884,1101.5437768704335,1105.7744594107562,1105.7536979831918,1125.8535461204835,1137.8052768647945,1142.0336234153765,1148.9332501513845,1148.0301812053956,1153.1707611045206,1162.9388721870512,1163.0267655830671,1164.9135662599872,1168.4490198755827,1171.4181250367333,1169.9857275021766,1173.375901781198,1184.95256739236,1203.1082338073804,1210.8243200732827,1219.5922005724706,1223.7512784649857,1227.1226235135714,1236.5620643183015,1242.4581569058444,1258.2343656144674,1267.0560671386354,1279.962094653172,1283.153375877622,1280.79069698694,1277.214728374015,1279.6697018666734,1286.0120589686871,1293.7053429027112
394813,200,"Macon, GA",msa,GA,,,,,,,,,,,,,,,,,726.2499063981547,724.0154299559151,721.8018968257028,718.1704329101601,722.4630480265319,716.5783463995687,720.1321909641567,726.1948387348323,732.0895067130156,730.1193006122178,722.8396562273265,723.5296130267635,722.9167533407034,728.8986541041721,731.8793798014974,738.3707177703227,750.012944910669,747.9356275819711,760.6936571562107,751.3977348964546,768.7371217563546,768.1401290276822,771.196075917326,767.2990967686926,760.9347626796437,760.6381393693206,763.3501418982738,777.852106391503,782.744393304089,794.0918714160368,793.0140370425696,799.6911131975592,791.1497765813813,781.7905909776639,787.1368197263946,792.1533741602427,804.7435260197544,809.5379647633324,814.2178513503839,808.0438620308662,805.7529809754218,807.9606686531318,811.0406750453949,819.4323266031462,827.2295568160482,846.5821500992815,850.211276308702,849.9816609009398,841.8034602012962,841.6275452621629,862.7986425960108,882.0124175187909,897.7285124980019,898.1239424493931,902.5482848191617,909.7865460254558,918.8996949654088,920.7110712218685,930.554107023181,939.8390061098758,,956.9207683602315,963.2052105525156,979.9958939584282,1000.7949978112578,1019.2918993783184,1032.358376486278,1035.2167238607497,1044.5122666382981,1062.5172173709939,1071.6979268462112,1088.125604670881,1102.3593262521183,1123.6887222906485,1129.8096225015474,1122.759531521655,1115.1088439509547,1114.3054734396114,1127.7829697459335,1147.5557883958743,1156.8056105580465,1159.2227563755484,1165.1465523018273,1182.471920270854,1199.792863405534,1199.5743904957437,1198.1680529551968,1208.4227311284908,1219.1476419042137,1237.383972289243,1238.191724258611,1241.506023481617,1248.9670996413063,1257.94626613057,1254.3900662547198,1251.1482233361605,1245.6171261281004,1259.069202122988,1274.870215861322,1287.7769612894358,1289.0164412109498,1286.6573340845123,1293.0071750800346,1295.9334938708153,1299.3224820146222,1303.1267674789997,1316.308862542682,1321.442534392284,1328.6201504684016,1328.019162895618,1329.499540473428,1329.5779923777886,1338.2006031782144,1344.0127713920817
395174,201,"Tyler, TX",msa,TX,,,,,,,,,,,,,,,,,1119.2611398449271,1123.6221792874464,1134.3847565953556,1138.3262821143076,1133.2816014353748,1131.8373395315948,1127.5927848992108,1125.554514283416,1126.8766900465162,1134.8734688305267,1145.461606596,1149.0435773907047,1147.9215330104935,1148.988770868783,1150.3506649218543,1154.1425152784038,1160.4583321772093,1168.4540963303932,1172.700787615636,1174.0078879550738,1178.7514429470757,1181.6268652790081,1179.800462860966,1181.8002681661392,1183.7654251910772,1188.7411695448766,1191.1699199293062,1194.3465688177437,1199.0384672624941,1201.8757572604484,1203.2583586476587,1208.6630183594352,1210.048096502971,1212.7230494750913,1219.495619691599,1226.2349235114534,1232.8883883984226,1235.749634405548,1239.0671194718207,1242.1103538037237,1244.610238063814,1247.3028405313967,1253.5548125553396,1257.6855052910894,1262.905091565857,1266.976114622487,1268.7881227689052,1272.5409707863764,1265.3041840618848,1263.227398418992,1263.9506746997058,1271.802029985023,1281.6770358764704,1285.5101764256615,1287.3124879873583,1290.4891018548008,1305.7206308491993,1302.723201217458,1314.2563111849774,1325.622832945974,1358.1963728809255,1377.3732726474616,1390.9236861008624,1398.042450813121,1409.147983072154,1451.5053661120587,1479.965129233264,1505.6830405742862,1498.3415728499572,1514.5520678195126,1525.5725784534143,1538.7374174090153,1539.0222869856166,1552.4459257671494,1570.686953679437,1588.5124342212905,1608.4507212647618,1610.1798530354163,1620.5646451736259,1616.4245648851686,1620.5774806278525,1628.9029127529034,1627.3867525100152,1635.6270803092896,1629.8510327441224,1637.5850751751684,1637.7549125326182,1646.5225528386159,1635.962744813084,1622.2542614439244,1615.264743678374,1632.3460663658764,1655.5876041126169,1660.9765577423843,1657.7049403699218,1647.2687564874616,1657.390045531708,1662.6839046415837,1670.8264614861257,1679.0578921566062,1680.5712966121005,1686.3400785704357,1693.2381328669371,1688.588524685152,1681.6546013672944,1681.89997524006,1693.7347766562777,1705.7118118469164,1710.3871324352424,1709.8207148062502,1709.7638472092149,1705.6912232037766,1715.4146665085068,1726.200259989053
394361,202,"Barnstable Town, MA",msa,MA,,,,,,,,,,,,,,,,,,,,,,,,,,,,,,,,,,,,,,,,,,,,,,,,,,,,,,,,,,,,,,,,,,,,,,,,,,,,,,,,,,,,,,,,,,,,,,,,,,,,,,,,,,,,,,,,,,,,,,,,,2673.216627690659,2678.843742369491,2662.5907773641056,2702.847641301945,2664.1412090607914,2714.4707094765326,2720.638013664774,2778.662408862254,2786.001414848796,2803.037037037037
394519,203,"Daphne, AL",msa,AL,1147.980756619668,1130.8469350488047,1117.639915623977,1125.0115676181529,1139.0761434237274,1155.788307867682,1144.0178401866524,1150.2082901160989,1152.093628421226,1155.5193065997403,1153.8716262949874,1147.4632748424408,1158.2917088046759,1171.732607642536,1170.9155412247937,1160.5021553421786,1157.7743843880512,1166.740688795382,1185.432500496109,1191.5664005563494,1191.292110147324,1199.3137193155758,1197.6838688802954,1201.7056990698202,1203.7434940853063,1218.1083019861414,1225.647596114455,1232.1212289318476,1225.7295859562548,1231.3831972752987,1237.2587065199957,1258.5357129655422,1259.090970843093,1250.5368873146554,1235.6583211321754,1243.4364533311125,1252.1438798288139,1250.006000609896,1253.091449858285,1264.4734697383356,1279.81216375451,1274.7593469997653,1266.0341544473165,1262.162601366405,1276.452983917357,1289.5703723420627,1306.8311921320612,1304.8392290986,1308.5871812290527,1300.6019928728506,1304.1804046898653,1303.3906149588606,1304.6906482033944,1313.6256071808536,1324.6169501715403,1326.8631722045868,1326.937514180149,1330.8922543220197,1337.4761078969934,1347.1885291459844,1352.4503419484113,1370.0049649064,1377.6153794347913,1380.990029726235,1387.4032329177558,1400.113062276814,1407.624020938313,1415.227123191835,1431.2014297021099,1462.876665048996,1468.9019616958426,1474.1448331752506,1473.6130688747626,1500.4495739666518,1529.452943586342,1544.3013091641265,1575.9671325744828,1584.9931551180814,1630.5332757474957,1657.4607822923722,1668.7011795601704,1693.249082103866,1704.8205955337185,1731.8486198067824,1744.3195861134748,1758.735380002817,1774.7894910368475,1785.0515499473663,1782.7663473732462,1780.3636764008718,1790.5077029517915,1798.9372923082944,1818.2472314005263,1799.5807692984731,1819.0100275393902,1836.1020180568528,1848.9299426627301,1860.4395128650692,1846.114856414745,1868.072083579754,1858.898528037406,1877.7769025425162,1860.4790135311364,1857.8756849859442,1867.0228669338435,1877.2342165564419,1883.6133963413547,1872.8845614877189,1888.1543409092665,1889.8008416163862,1908.5312223391081,1903.6001835484806,1924.944693825321,1941.3241249896523,1956.9577330852444,1960.9784438551035,1946.2658597981408,1942.9795120785773,1940.2869155443354,1948.9814909918127,1943.2945856131123,1947.9768726104799,1951.8586109635605,1958.0674354997586,1961.5442238360083,1956.2182970536148,1965.7815709774736,1978.4609742182588,1998.434717535934,2017.6543209876543
394378,205,"Bellingham, WA",msa,WA,1373.5805749941426,1357.5203605740282,1368.3520635567284,1383.908355046951,1387.9700329440773,1388.5340824076243,1396.1678179227986,1404.5904869274536,1405.6555742562866,1406.6246153875352,1408.4479972963961,1421.9132483234052,1440.2811781891016,1454.6048248883426,1458.2722858122988,1453.20433986128,1454.9396394333173,1466.415277143825,1481.6505212569027,1499.592594989555,1524.957613035823,1528.9042546930573,1526.3449655303737,1509.1682788749679,1520.948941082248,1532.7606432997964,1558.9439546028846,1561.634554828183,1564.6418052085432,1574.0815742097418,1587.2385012776522,1601.6087045886825,1594.1134976465962,1609.5215744696739,1604.9218767957852,1620.2882534793316,1609.8621220531836,1639.0877912992894,1647.2275350100392,1674.073355582578,1682.413979178676,1699.2164425131925,1708.7826537027163,1712.5275253555187,1728.1857682004302,1730.0471209320979,1735.5427366089157,1748.982493976302,1770.0778055891496,1782.6788839080045,1785.2490026240039,1787.7198226838361,1804.3488021336082,1808.9421588227708,1816.5329978431091,1827.6325785924353,1839.5274517657715,1855.120856245706,1879.985369923199,1890.3229712461416,1901.4432498412382,1898.1473590838782,1923.2885598076448,1925.8334996849003,1937.5878545413752,1927.049115307735,1935.812096669187,1941.3678070119888,1958.3278554931037,1962.072640936644,1965.3334029948182,1998.683312051971,2049.2905561676175,2113.953836949629,2113.95988502007,2120.8496649759873,2117.7770829721017,2151.484106501276,2171.4931512162866,2214.0715751921725,2227.2581765887544,2306.433749314899,2364.681552739777,2391.961369913835,2355.5644471942037,2350.7059562425043,2356.197544909478,2372.4313221113193,2385.4493357980705,2419.7685385239724,2459.02202405129,2457.190203011578,2453.5017556510243,2442.03009719945,2474.2050342644397,2521.2312842046076,2526.962552057212,2487.27783682848,2487.109421066136,2516.4289757108672,2556.0679589596357,2561.5932118144374,2548.882974996201,2566.672511893992,2614.151593886278,2631.7372515537477,2621.173104501988,2581.2188915066013,2595.721348597885,2613.352594058605,2629.8300396672635,2642.259067433568,2661.6587981115586,2662.242302613107,2677.6490560127954,2686.0631849262572,2688.5098612754227,2670.9007249845167,2676.1787784253347,2701.051272441165,2716.3422747000573,2743.1459150404207,2749.834219393219,2740.3678439722153,2720.307734117174,2725.261526325175,2726.6779878232896,2725.693425470976,2715.285657446619,2733.498245614035
394429,206,"Burlington, VT",msa,VT,,,,,,,,,,,,,,,,,,,,,,,,,,,,,,,,,,,,,,,,,,,,,,,,,,,,,,,,,,,,,,,,,,,,,,,,,,,,,,,,,,,,,,,,,,,,,,,,,3182.4710286793993,3252.7174292909544,3274.9543533592837,3306.6677308388475,3348.68199352599,3339.1604182050796,3343.945086677707,3316.283401037521,3378.3817229941033,3398.353728841201,3431.8113940173,3452.174535570368,3449.7298340384136,3465.3557143398843,3496.934102734664,3548.892409352979,3573.9135026936574,3560.077733874804,3550.418306558395,3565.780752064628,3586.553277588754,3591.515855872656,3620.5871294533995,3618.843003063167,3650.898589423339,3630.020601533904,3621.5126542026246,3602.8997823391437,3592.947858151414,3627.738418834909,3635.7333090656825,3643.2894345289596,3610.8055744747717,3608.3333333333335
395030,207,"Rochester, MN",msa,MN,,,,,,,,,,,,,1192.9044857350295,1201.977468046143,1197.4860691484191,1185.0661921894343,1172.6142926237424,1189.9332829018563,1204.0686032920673,1211.9451502240079,1216.5924814197506,1210.9155338503263,1222.4107469663884,,1215.6010333323595,1202.1884394141957,1212.8009818426299,1223.2035964654065,1234.304953949998,1233.9885280538933,1236.724789017611,1228.0746824032562,1228.7340585917184,1240.3850934819532,1232.4858267068228,1240.5579649930678,1233.036333435423,1261.3204719228386,1267.11614119124,1276.5476779539356,1279.1794156084468,1275.817467049649,1273.156208585976,1268.5688984619949,1279.6236115975316,1281.4225514516252,1296.619170278433,1297.4603350491143,1305.1914812473192,1305.3593638815137,1305.6690296966435,1305.4216273954864,1310.1681437492355,1319.3856674837632,1327.0151526091024,1342.4735687966045,1341.9135251929454,1345.0810626094446,1343.958158465938,1350.582616532908,1356.4123377407698,1353.7997192530486,1332.823730982835,1344.3409846930433,1355.1013433933463,1359.128875338275,1366.7798209720704,1359.9038917088553,1366.4709343873583,1372.44889286988,1368.7794779002825,1376.383094005681,1391.0788728759908,1426.6690395183912,1437.8662531948214,1441.5281926528642,1441.9937168344563,1456.7821918066172,1470.0233960420135,1490.8777099189506,1499.9246982805134,1499.7936342465475,1517.2109335482946,1511.6952550674916,1533.128487715472,1515.3145627236704,1549.084769517463,1546.892238471969,1563.3738924591557,1566.3138585600325,1579.5987402379803,1587.0881092364464,1599.0920053854531,1605.5403321240697,1617.4784239595574,1647.7863997991317,1665.019330561229,1672.966502365698,1644.5216515891848,1644.9443186968651,1657.2679569754478,1670.2264263465204,1665.6714668162226,1662.371837652502,1675.9124087368969,1699.963045445749,1689.8194315996539,1687.016766634043,1680.7115258627618,1702.2861062718628,1716.5596782569826,1734.4205909324805,1738.8673577439924,1736.6264584707292,1740.9559096890955,1749.847257703319,1751.1966784785038,1763.77252409058,1781.5763363857654,1789.5166042452788,1800.8425614902221,1802.5075975613936,1817.501620426431,1823.6149858050435,1830.2386979873859,1844.2802018800903,1859.9468730257408,1872.385530259068,1881.6958884541543,1878.047619047619
753895,208,"Lafayette, IN",msa,IN,1054.9222517958085,1058.4386559482869,1062.0769328405042,1067.166758801751,1067.0871850741871,1080.6574691805047,1084.7028132765938,1089.005621420042,1088.6532261526336,1090.5551165531942,1092.073696789207,1088.2755398001302,1104.878582320186,1108.079969108301,1112.119914445502,1095.420167721949,1095.9461611210427,1095.3258493395167,1107.3289044383346,1122.5789180690879,1132.5221480746347,1135.6636296963231,1139.1402305829781,1135.807862246254,1136.1020839436633,1136.8259782582718,1140.5464147813666,1144.5804585853639,1146.9056114110474,1151.4651468232337,1154.7746142211508,1154.5910447960373,1158.417105313258,1161.723215685599,1170.3121153115685,1185.4682886923133,1195.9924434659308,1198.8185335889143,1195.0762128689778,1196.346708482358,1203.3882131497126,1204.7817355437182,1204.3311241079155,1195.3873739800051,1200.1000337973303,1203.2751756265943,1213.487929155459,1215.429832026708,1216.3448157032904,1216.824474384486,1227.161800832752,1237.8801096181205,1241.5992358906446,1248.4481101546905,1255.1396522947898,1269.9348029441244,1273.7842976599657,1280.8992369980722,1280.1222480426384,1284.6417226083865,1291.5073501008117,1303.3154412314655,1304.1847515918737,1305.4333386923836,1302.0009888057039,1299.9710668052846,1305.0729439535985,1316.6461479020682,1331.4019378563216,1342.636136899279,1347.4137696944276,1355.0965876325472,1366.1779155141714,1365.8464117477504,1377.4161876063877,1380.3767281230673,1394.8538360993623,1407.2157218366588,1423.271714817667,1438.5974145590367,1448.5255553809288,1452.8355908316626,1462.144807073832,1468.5895955585906,1474.2600973868014,1481.4774377869471,1494.950699826223,1518.16334887413,1532.3001751116421,1548.8587043543805,1551.3775406672473,1562.8331932619985,1574.780138613494,1604.7417824169538,1619.420815123,1642.4310243516293,1644.890380671162,1673.656816475005,1677.9178677280204,1694.2849822057397,1696.6848433219784,1714.6567084697326,1737.730537629338,1748.6040312912378,1740.603413593164,1732.5330604227343,1741.641004843499,1788.5315184617173,1807.3387347774049,1810.1236617266356,1803.954409868787,1814.993690244769,1833.5114288222885,1827.3505512792904,1823.2160019639236,1831.4950804411642,1869.7340482625984,1889.3855615807997,1899.2248350642735,1873.9854049480814,1882.4259937269533,1888.9837128163042,1912.9356773850882,1914.4589826015117,1918.5694763491792,1932.6850806236093,1944.9494148506653,1950.6827509572552,1941.3472199943196,1942.2335839599
394454,209,"Champaign, IL",msa,IL,899.2289963610897,911.0512640236959,923.3758472491139,936.9746201974987,936.740505216332,941.2259922737234,947.4032097308553,949.0558499743847,950.386785097244,952.5221680029076,960.7520080064594,950.6773269170238,950.4090191630467,945.7041670428528,950.7021241338875,951.1272344343839,950.315807550063,950.0273801916713,951.9404344798438,954.8319085206556,953.710790823539,948.2104680995964,951.4389879433965,975.5081506113199,984.9749408126042,984.334189897552,969.8082163348588,972.0819211248142,980.1139944078814,985.0941268562734,984.4756692743852,981.7890951704302,979.6159850400513,984.2078649023312,979.9074886215151,974.4622004900286,973.8389755514419,985.5683107085757,996.5267352143354,996.8510462307917,995.902514001009,999.4749425313211,1004.0402865518038,1005.9341561251714,1009.4993994165205,1007.2508748069074,1008.2609344447968,1021.972914301685,1026.0778093420158,1027.5218957288266,1030.8427263261206,1034.88641399784,1037.5127969290247,1037.6316545270731,1038.907324489615,1042.7426308985916,1045.373786540652,1049.549620029735,1052.9594081369717,1042.6889653873666,1039.7961109786324,1034.536894051019,1059.0925856555475,1058.0289615729996,1063.0464150194277,1062.0547918326577,1069.0661496547061,1068.754233851598,1072.1083092786982,1081.1373681792468,1092.6285820831781,1095.3186658379282,1099.9101052716844,1103.232673457918,1112.053292108372,1111.2800945973877,1109.1561243562371,1117.0526695349847,1125.725978804511,1145.2163476456383,1151.5459807316333,1167.9249447613022,1167.8353518631773,1183.0133267311805,1187.5873697952024,1194.6053495476822,1201.2019754720009,1209.2304578088545,1226.5971102265764,1236.6102308195527,1238.2900296109838,1232.3045092337454,1233.5267350806112,1228.273524315799,1242.9206640714542,1242.612401193799,1242.7913433711713,1240.3508309763433,1249.2319745834548,1270.452040147887,1279.5971779338329,1279.9066813310624,1281.1158522029818,1299.2772701674553,1314.6673547527548,1338.4576926871084,1325.1275373221724,1336.6199897761749,1339.3696773481256,1380.5915874896777,1385.6012180900825,1382.12416940198,1368.8793608869316,1392.478579662293,1412.6428241931972,1429.890704096456,1433.0063035248086,1407.3028899842598,1429.0732339349458,1436.355902487045,1453.6070193798082,1441.3796185871504,1453.2319932255318,1465.8403097027058,1491.6863666656877,1495.0057862173642,1503.7564965985214,1508.2398328063796,1525.5151909892313,1563.8541666666667
394848,210,"Medford, OR",msa,OR,1110.5865005638107,1118.7825062050806,1134.953529916925,1139.2500215751409,1153.8516819840756,1156.5136840232024,1159.075531862143,1178.2431072132597,1187.5262258715566,1188.7349006500765,1194.5483396097072,1221.57040249837,1256.360646618691,1267.7819463802834,1260.0281506660197,1252.1597040006743,1259.6267398942255,1270.0764693911788,1277.3372434273624,1273.5997648564335,1290.9111462427684,1310.5168617385482,1314.805259510231,1315.777969337716,1315.792399809754,1334.7965987872421,1361.0813388252159,1369.3966704670631,1364.2885772988543,1364.1620465904055,1378.1541018456617,1402.4103532061854,1401.2260476644183,1405.7352698329476,1419.6196699678374,1426.1218961964923,1428.9242912228071,1420.8602607652347,1420.5154036100407,1424.5405828941139,1431.3088678672382,1445.5105245663224,1452.2964185379353,1452.2352180641553,1449.7854845144152,1448.5278159035074,1445.8398242550406,1440.4406381904753,1441.5212337953876,1469.2960011342734,1471.5551339752203,1479.894394548478,1488.437395491663,1488.0216639641394,1486.7345511089763,1487.0861805270395,1497.558670851374,1503.8389281338552,1509.683360594651,1521.0303607030712,1529.027158502907,1517.2804950243276,1507.0976718518532,1500.140696016635,1515.242949188866,1500.564690615568,1526.6024665852299,1547.7895470120163,1569.5622013220654,1596.1518911049086,1610.814379634192,1635.5922013509892,1656.121217284031,1675.8218665491222,1679.9671673822156,1691.6443759960553,1694.9271946468778,1706.775873301129,1724.6902275439957,1751.6798377678115,1773.170188789563,1764.7518342856056,1775.5831918767612,1790.8978627592078,1800.093802602921,1806.3065515802198,1799.2374239090852,1821.241309187955,1819.8305356690228,1854.6842293760822,1837.8389564254132,1836.9063010387858,1825.164792094549,1848.1421863218077,1853.331062089069,1847.8001933432245,1843.5576978393472,1859.305699647761,1883.0732983702937,1870.4014119627986,1885.1407924819266,1875.7725150768326,1909.1323704878,1904.4277062142132,1904.2891071624226,1890.2313508278626,1899.0055978268747,1902.8936590096923,1929.8972290969073,1925.5360649057357,1937.0168268894074,1939.0705439850633,1941.8534217019667,1949.009841280986,1966.6184311508428,1984.9958845018023,1996.5857827813518,1992.3553650883143,1995.6923421981626,2006.6450156393485,1999.9992632303085,2008.3169691353069,2003.6991085964469,2018.0839471080333,2023.591896933444,2029.7206105094617,2017.0126688194623,2019.059110234334,2026.2384295135362,2045.7590053565289
845164,211,"Lebanon, NH",msa,NH,,,,,,,,,,,,,,,,,,,,,,,,,,,,,,,,,,,,,,,,,,,,,,,,,,,,,,,,,,,,,,,,,,,,,,,,,,,,,,,,,,,,,,,,,,,,,,,,,,,,,,,,,,,,,,,,,2340.2663501681054,2355.944551884856,2341.672292382721,2337.3618117043025,2282.0177476437725,2313.362205139136,2325.1523822884687,2357.492331205322,2318.2412988612045,2361.9140978166856,2402.2346354493466,2468.384083293493,2430.104686854464,2433.765802385487,2427.312061384458,2415.0768415239545,2432.520965853614,2427.777777777778
394459,212,"Charlottesville, VA",msa,VA,1326.2178082581354,1328.6319568191484,1320.0426443451024,1357.4357915043395,1357.1452455682738,1359.9659551969132,1359.4804040737934,1363.8018057860472,1377.277720726857,1390.1239928023713,1394.0479747104025,1391.668809081261,1424.0458238112733,1433.6555690746482,1442.8194984910401,1413.1197463615226,1419.5827676624233,1423.1708973524442,1427.0188467527323,1430.3842100937427,1437.5238472374544,1440.8963339853906,1444.921207110699,1431.3738995074282,1442.729018126694,1455.8445519784755,1480.6693453839546,1483.487320201595,1489.7172324010996,1500.8900121947536,1515.5464255399647,1529.2827343864658,1534.2084252997122,1540.1105296885269,1544.1569741134347,1555.4827323496372,1545.6096189458456,1542.9203831163343,1542.604482580989,1553.184937825742,1562.0960330500843,1565.9700781683653,1576.899338922527,1593.0260452112013,1602.773981928084,1596.9691239907543,1591.3680484509873,1608.009994534338,1616.4761631070742,1627.8022380604846,1628.1441526598394,1638.1199857370807,1641.3260783242933,1646.6324132065708,1644.7600640309543,1639.57899438126,1642.8573283399758,1658.6513518658462,1675.3547060160904,1675.126528379035,1685.1134568345421,1689.7546155710934,1695.2172111761734,1694.7050251231685,1693.3843904303528,1702.1589498446008,1706.966165497158,1712.3082893325784,1713.9077975889197,1729.2119176024423,1732.0970267884677,1745.7554018285223,1755.4354425171148,1775.891437764113,1786.0851371978906,1788.1412857471992,1809.5686489264774,1824.3778636755096,1843.412392334449,1857.1903958094697,1870.0343674937455,1878.7792877675317,1892.3949709942663,1906.2728818259116,1926.5197684311793,1941.3812354034055,1950.6868315278562,1975.902538026903,1977.1481049458819,2002.1795595316212,2008.9265206232396,2027.8894795173146,2043.728981670346,2064.4549553002585,2079.4999216143806,2091.5179055516273,2092.689250203837,2092.0859118488183,2117.978960567495,2129.023819217467,2164.295339385286,2152.9897282965103,2176.970416780629,2194.786387688127,2215.590345249457,2223.5376844848292,2233.6565923066287,2229.866334761731,2241.847143207429,2257.346783763359,2287.1823428878515,2295.882984966239,2284.7968743518145,2291.6270720697344,2297.670977964785,2308.572620119714,2315.8459681861805,2330.7015899286753,2342.1091972312565,2364.983032567509,2379.2468951236947,2391.971880240382,2380.545539042296,2389.8258153667784,2406.4078050822854,2427.7093390166633,2435.0674739950173,2438.8637906693575,2444.2508235569726,2448.790774891192
394763,213,"Lake Charles, LA",msa,LA,,,,,,,,,,,,,,,,,,,,,,,,,,,,,,,,,,,,,,,,,,,,,,,,,,,,,,,,,,,,,,,,,,,,,,1111.9964283576512,,1274.7999674760613,1304.150306855192,1283.0581218191235,1298.4121002742727,1297.7024212095507,1291.1762462837041,1280.5108845372297,1287.150954375573,1301.0683010752605,1298.8866725234288,1299.6000174431479,1243.346504925498,1237.0856092304602,1218.4291354990223,1223.217238179673,1210.5089788922442,1213.0695075665444,1208.835206923213,1206.018110277364,1190.991492049747,1192.734688720683,1196.7098984845977,1178.2004720709683,1168.8629830997368,1150.6267398269968,1165.772954370806,1176.9811017229008,1186.3752220208996,1185.9855200674554,1192.7430834084369,1189.9811903716343,1188.0754150270184,1162.6528971316357,1167.652302593476,1179.5055921356322,1195.027030651375,1198.9754055404549,1178.8259174151583,1156.674505859383,1158.9070236888451,1171.0155362094245,1183.0459134675498,1183.5543268441254,1182.8356109688643,1185.104381303643,1182.397190467365,1183.2884345731002,1182.540469365485,1187.7665021328185,1198.1361924974417,1209.4286789013152,1205.5546209746105,1196.5010417353794,1185.972938038965,1188.7286973387506,1193.9944064605036,1204.863835911654,1205.3651079686308,1204.2774410774412
394773,214,"Las Cruces, NM",msa,NM,970.659583426806,960.7040432574375,966.9991304930949,973.0877401973966,981.578092575351,980.3469964135104,983.369046434236,985.0961477794311,984.9559332408035,990.5503310711933,989.2366008660945,993.9508183329526,993.9951329088698,999.169505041155,996.5441952089858,993.5512153899151,994.9332979872166,998.5455407482922,1001.4097826822918,1000.494158417435,1005.5364600168674,1004.9589897266678,1011.8541044648603,1014.6665365512924,1019.4715802682598,1020.2398959805274,1021.7123744204114,1026.2605406341154,1027.3855773424311,1029.6439961463846,1031.111635743076,1034.9669614961783,1035.7062405318998,1038.3132210069477,1036.025582229376,1034.434667081417,1039.9305353163477,1048.8899263998085,1055.1974392001728,1053.4182748167557,1055.7152081893337,1062.4681243633904,1064.2953914892582,1064.3929575164293,1064.8658598802854,1068.5965554564789,1076.2801351916946,1083.0937725507763,1088.3003284392037,1084.6338083524165,1086.9872982973072,1094.3368886670235,1099.3527576922968,1100.3781168432054,1105.7707331608856,1112.3116812598046,1118.997797027265,1123.3435371347482,1125.8282925711133,1129.5132743260272,1130.7928387836726,1138.0700713592962,1141.6484532170525,1152.8875949449798,1154.7696286179296,1168.2578965785817,1166.4975592481505,1184.962288843903,1191.577848764384,1213.1688733341744,1233.3883352736104,1252.5353454298452,1253.4140574292442,1260.0875403297398,1248.8772843488314,1267.9599907616212,1286.9134699469128,1300.8659882031877,1312.6600858492814,1331.4694482177767,1381.83686758748,1410.2565297746426,1422.6411074994462,1417.0992637525083,1441.71510218693,1462.7983995266766,1509.197729015104,1519.4549600270118,1519.9077928927347,1520.8117354751919,1530.0675646119153,1534.2450321288507,1507.3772057016545,1489.9659068714002,1500.1846128300201,1529.637819443731,1561.5142698026698,1570.0792658761732,1568.0267812172647,1553.2253485293504,1568.913490987574,1578.002168285946,1604.7686983855058,1606.258568769606,1618.4781166164719,1631.699553343206,1637.9914894370127,1635.2121044829598,1623.6144020550576,1618.539813493966,1626.3868858824721,1630.553182339611,1632.3770225416915,1641.16062931453,1638.2680683670621,1649.0740340875748,1643.7907154245595,1648.3166909087113,1649.2451281851395,1650.9416356642241,1652.1769968406034,1660.7273975702408,1659.5698428134094,1674.024147014492,1677.0360944616596,1678.0550779418115,1677.4734623580202,1679.7749219182094,1694.5479801973083,1700.4400871459695
394464,215,"Chico, CA",msa,CA,,,,,,,,,,,,,,,,,,,,,,,,,,,,,,,,,,,,,,,,,,,,,,,,,1458.6037793688693,1478.66716942,1498.4089772352572,1516.031690428683,1528.345392443053,1545.4268941973962,1555.3260840636897,1567.4987619855847,1586.7386576308556,1602.9128368435095,1616.1437436457722,1621.2858216303323,1625.5012844407986,1627.074736249449,1612.1151805255301,1596.4715130818313,1600.64757833742,1604.75061007725,1625.882312338336,1643.704668117322,1640.7691201115742,1654.4703487414845,1656.3702483278555,1682.9741126445817,1686.5580981578257,1690.8495828243138,1692.6013840438159,1718.866886015673,1729.7321732597388,1745.5881394933479,1742.2699312194168,1747.938128933854,1788.4634750797175,1795.811463407295,1813.0504748992848,1800.5015001291722,1836.2311805148217,1843.3286584035268,1847.0724011500254,1837.896718950938,1835.8140079444936,1843.7594338569252,1844.6641028830325,1873.3493214037549,1867.3002351824339,1876.3442316661447,1867.9702991647093,1872.7046861488834,1863.9644683240174,1880.3354140361355,1902.0960066945618,1920.6217320519702,1936.6882580838555,1938.1353589618166,1946.7475143403133,1925.5735281635061,1915.9366026275743,1908.4600123891205,1915.8869510545633,1933.269373033378,1954.471569605244,1965.167262129474,1974.3141856416762,1978.5779056518472,1978.003692634466,1972.4291116909508,1973.5314099120153,2000.8577100948467,2012.3191128312096,2026.4530227491487,2035.941971897039,2036.3237440244043,2031.126008713963,2027.7812374856048,2024.0890479565014,2027.9694772326384,2036.1619961397635,2053.16664873547,2063.4694304260524,2061.452232690241,2072.0000676506456,2077.090277777778
394681,216,"Hilton Head Island, SC",msa,SC,1314.6841643373639,1315.5687064954338,1318.9231008196448,1329.9697748495298,1337.3352883924422,1340.7305155429892,1343.8452344912225,1345.9420770513057,1356.2204271012672,1356.688635218381,1364.9295816790516,1372.3930315126872,1373.258158879545,1376.3872187246136,1377.933491139448,1383.419364934431,1387.6140145767922,1403.388461023458,1414.8961484347612,1421.8540723138165,1420.318757493167,1422.4607639620642,1420.6820538133031,1427.8084900638005,1436.501865487948,1444.3772226737794,1450.4435805616727,1462.652497848481,1472.5951287813862,1475.234653760543,1474.870883885815,1485.9504263426602,1498.292592761144,1516.9730968080257,1518.1886850387243,1523.3177204322003,1521.3448873096158,1535.8049587010757,1538.4955349770291,1535.7294515388087,1534.8208591635318,1538.98385962899,1551.0502844078878,1556.0385058831023,1561.4052253736552,1563.9303193209967,1575.1494196563299,1582.5335709872763,1589.2563987002532,1593.5316205121524,1603.9765885714821,1614.3024433155147,1624.6857277211668,1632.2347007580988,1635.962417251362,1640.5300255809495,1645.7882198841994,1649.514321982669,1655.8021970954458,1661.0710483812693,1670.1545950438856,1672.7249494843381,1673.4044312703058,1674.3084988918367,1681.7816647395564,1691.4923076392279,1693.0534168775832,1698.1602630441048,1717.0854421097144,1739.203084664508,1758.317796949388,1785.1350208489557,1801.4854426420457,1822.769047474209,1828.2545588490984,1849.0384409300739,1865.7669701923191,1903.952813188492,1937.9974616116672,1982.669593527906,1993.186813020437,2022.849118776511,2038.558340836082,2066.3782224829815,2099.024040843933,2121.0184067942955,2164.261492421899,2168.976185790873,2202.812140650721,2226.5486884805523,2268.5878071849074,2273.6576847642737,2312.3628983944386,2324.7919129253005,2359.065697164996,2356.9679175848796,2358.173289485252,2369.4384574641995,2381.876260379293,2427.7331412738968,2444.98101029108,2430.3532839789823,2404.4089411984305,2414.7820042360613,2423.803388145138,2445.351946509182,2434.5107391371516,2463.6046325563893,2461.388195197306,2492.0198113888864,2490.0469568261947,2492.1150183148475,2477.569079157333,2494.771105509901,2521.4612587348447,2563.5799555936037,2560.581841823792,2547.2030998637174,2563.4863456930843,2562.0800141345135,2581.4493767673102,2570.937995488446,2579.7143479463043,2575.448040932189,2590.658600573539,2596.8064907552734,2595.7163630419277,2570.9882940421444,2573.9630441296404,2581.9666666666667
394346,217,"Athens, GA",msa,GA,998.8782632230416,1011.6273270735041,1013.6716598696664,1017.1687427988758,1020.4687238368825,1027.163939199647,1031.098054395225,1036.5168268218317,1032.5642498847774,1032.7282074306356,1040.3399017199647,1043.491203688385,1051.4724371802645,1048.643832869081,1056.8651146732216,1065.9992547848838,1078.2264779780696,1087.627756599299,1093.6652867966575,1089.9752162337165,1087.509566425876,1098.5643344813466,1109.6800097097569,1120.8868596498887,1117.863904724675,1125.5346031389722,1134.4743604309979,1132.8704830442452,1128.1302741854151,1134.5814528854655,1146.6938686082776,1167.3448915334623,1182.805245635654,1186.235386036848,1186.8047038145035,1186.548557631936,1211.2785506264327,1223.1218822879407,1237.147250618319,1236.7259755842026,1247.0883335160413,1249.8163273524467,1261.0109676775494,1267.9409142920456,1269.8268170291412,1269.0493542448196,1275.899122008613,1294.9227558208145,1294.8228804871458,1298.6138372161722,1299.6570804633234,1317.8323690717925,1328.7256918142318,1340.4760153477496,1343.7294862063804,1348.4909864430688,1360.683110616208,1378.5789815673916,1392.0671395445127,1396.8615239916799,1407.3831853036565,1420.3646327574975,1421.3210535546748,1413.03044556924,1408.364060405172,1414.867786288176,1431.0728190148209,1459.889752461031,1468.4075952359528,1491.3955759637167,1492.480795179549,1512.4177049106313,1517.628388743947,1530.6899380238924,1547.9416142853809,1564.3034334400554,1577.853966376023,1584.4818646176855,1604.1436553719457,1621.1773630028488,1641.3548040945861,1640.9766819843487,1664.4103528255978,1687.6935437522718,1714.2679619529565,1726.8873947821598,1732.0108638346342,1755.8604196705414,1785.268112777862,1814.4204836308597,1824.715730014987,1824.590436729082,1832.753299327979,1840.2659945153916,1845.7585315018239,1850.8797661358308,1878.4926789066226,1910.7657910119137,1944.3937881747875,1951.145825109823,1947.137753108092,1957.0568049464387,1971.9485358410682,1987.8271187657274,1986.2525884872066,1989.5182549363262,2006.3518031460667,2013.5120082636242,2012.1454012390682,2012.4634641169664,2036.9080370126446,2060.271048335764,2077.358908227174,2086.1258764856807,2092.5036669639526,2101.660575608459,2097.7744890028794,2105.6178164146604,2108.3447804064845,2117.816815544994,2121.9110151187124,2125.3448317936886,2110.712102729721,2106.5018039989927,2111.5143022000802,2116.295573916471,2124.0923519649727,2131.454983919891,2154.9343537085497,2167.696302265198
394765,218,"Lake Havasu City, AZ",msa,AZ,886.907814613106,889.0585264791106,900.4488427220156,903.9871526779277,906.8170265532266,911.8639385699391,909.073378431833,906.1651071524639,903.7946978987712,909.3083294410927,917.2526020603495,929.8265152136074,939.2725264946197,943.4248223668937,940.1892604682947,937.1275343603583,938.4678826228181,940.2630142637965,942.4401011566454,953.0454913082633,958.7414227079355,964.488196930381,963.6984845990125,967.0324696560741,972.831131395444,976.9980677193453,987.5201845508907,989.2176120073934,1001.7822886905542,1009.1564626350695,1017.0373696779571,1019.8370507383435,1022.0810645583393,1028.9604825818171,1045.415052028431,1048.6727021010086,1049.2946344517575,1046.3381721480496,1053.0147677573054,1067.3815780993577,1074.674314601908,1082.2878328211975,1089.356383824746,1098.9321037809616,1108.5843985844117,1110.706388274247,1105.6595813790555,1115.0638605075349,1125.3827706803952,1148.8462667030594,1154.2674200840702,1158.4149411717376,1161.2823212946957,1166.3608327660504,1171.5538768018403,1175.2751203081984,1180.1292936219734,1188.056886117044,1197.7042625314052,1201.1683296111325,1204.325535252354,1198.7725871094372,1214.0310555036135,1211.887551603674,1226.2159130395703,1228.8071808030006,1239.3973305794775,1249.8120642078159,1265.4937743325622,1299.200868700066,1318.4783855571056,1347.0936426861224,1346.9116986618976,1363.3774159520701,1390.0478131386956,1431.8199644866984,1472.4566033074734,1498.443017005271,,1521.3788592858339,1540.8533824166384,1547.468763009907,1583.8725961240987,1584.8083500163284,1608.9981632888155,1627.365652163792,1642.809955549337,1647.740965780209,1633.2427605137054,1638.9485715779028,1648.6137206571525,1664.6938110159067,1669.4087124937118,1662.3250856968868,1650.8140017672883,1667.004306373177,1682.1248949937956,1681.0387517989134,1664.7861810067425,1666.7316645640155,1665.1117458288463,1664.8064577685288,1669.465117082405,1673.051181891335,1674.190202250825,1677.867645357795,1687.7329040520074,1689.8949287630135,1688.9289703842908,1695.8275478647556,1705.9429475845316,1716.5740169500245,1724.6354776116436,1731.267688327924,1718.451704924028,1729.173017498046,1738.2272247777976,1745.54784693873,1747.4520375204493,1748.6721239261747,1748.7692653362571,1750.917127024485,1757.9945942208476,1757.1266630203475,1763.649009759297,1766.5720229913713,1781.1919372312702,1776.6858779785368,1776.459042897518,1778.8761904761905
394485,219,"Columbia, MO",msa,MO,913.210275488333,941.1602355973257,955.3908304663069,959.0199819075006,950.8821644827096,950.8567731895603,948.4171204689468,965.5118122956364,965.8979660091314,970.1897287052853,979.2455644002688,991.73949596396,988.3883025654134,978.054513946092,957.3369545324687,961.2325587784851,964.68990340151,973.7678882453139,981.5251958820376,979.5728768970654,981.0957290660563,980.7221140030445,1001.6209238717325,999.182485634148,999.2789662198855,984.4542457862194,996.4040297762666,998.0903581886485,1000.336850580826,996.9453367326472,997.8933644568081,996.870383768278,1000.6809856852964,1002.7134567024311,1001.6765100198714,1002.8577052833904,1010.576448100032,1020.8124311219726,1019.4086723816418,1020.5231596642057,1019.2927933179343,1020.9901549099717,1019.3741911783561,1024.0202222542298,1023.4056471293771,1022.926067251659,1024.35157261872,1027.925186831315,1034.561122205535,1037.3069256600274,1042.590896759926,1046.1943358370365,1051.6120025045884,1056.0756390174854,1061.3401495294552,1064.1214739765035,1068.4626429860011,1073.9127066951087,1074.9238115837238,1077.9647233741775,1075.3177459073054,1077.7293442027262,1081.842205630181,1082.820023118266,1083.842354187151,1093.751144058482,1100.6041952597911,1116.231956970171,1117.9789702247015,1124.5298948003194,1125.6900016630555,1139.316465735387,1141.4403736461118,1139.1532360756794,1137.0737666924365,1148.9217642058838,1165.5747177669832,1183.0410923903892,1193.4390555209643,1202.8292377754638,1214.1916228648377,1232.6658855535165,1250.2947571879963,1254.856631057088,1262.2191796071413,1274.4874580378523,1291.6053430802417,1295.93902084732,1308.700345119246,1313.2837405335101,1335.9102548691528,1339.5370806958442,1356.0868614274407,1355.477814342343,1361.492836338709,1369.7613419772222,1375.8604856784814,1388.827375314671,1402.0828612042483,1425.4555665619282,1425.584711496414,1428.5592227866453,1423.089010675799,1436.7619233918822,1443.5478534776348,1453.1007700032496,1463.5805949616251,1466.8988855928685,1490.0968710229602,1496.7527941221476,1518.3119304366571,1522.2945859281676,1529.3732508167043,1536.9716138555173,1547.0740695722184,1562.6491804038978,1570.6218765022381,1588.6149407069147,1598.0264421989755,1614.6461985276492,1615.6748160628747,1625.448285375816,1621.6360832123007,1629.0750025321797,1644.066533176534,1658.8258017481403,1671.6785947038275,1673.861702914985,1682.1757309055236,1684.1914682539682
395114,220,"Springfield, IL",msa,IL,,,,,,,,,,,,,,,,,,,,,,,,,,,,,,,,,,,,,887.3811449122454,882.9969238888182,897.5765801239071,894.0338277902777,893.9721196276969,904.2378800865974,903.3002917428586,906.5897549424934,898.3416613961676,903.7991090926638,903.9720337984188,923.1825257562235,923.8182957732863,930.659099525059,927.2478731734823,931.9577254669795,932.8522867106876,930.9117098200707,936.1682942105627,940.0467275249697,950.2645682699093,952.8463410473998,954.1396555566921,947.0470831737987,947.9055505167062,947.986118908687,966.4717518179683,960.7489785496946,967.3200344263443,973.4900003804115,978.3210063382338,978.4653880289561,974.1562182522009,982.9342532231359,992.962666526285,1010.0958312037078,1003.7373125481046,1007.7775769275463,1014.6636780461001,1027.9213278368545,1024.1921971146423,1030.6499519280499,1049.0064285589476,1065.8126995119092,1072.2849967900552,1072.5773356128561,1064.09214791132,1065.2477483956284,1074.281887947311,1077.148481043545,1092.877330083632,1109.778831370744,1148.9211006314881,1161.5153106467217,1158.2094273822581,1156.1599263518058,1177.5874418096728,1186.0979406504473,1190.5321945238834,1192.7920264451514,1200.4796309809408,1227.462705457833,1222.417055125746,1216.554308533961,1192.8668646302663,1201.5111097581837,1210.5628973257262,1229.574630526215,1232.0576401317553,1249.2972657863795,1266.6144460346848,1274.7536810202153,1300.8044571184203,1287.7564949490659,1301.2281411352685,1308.5489579049736,1314.9495884792898,1308.4208541665926,1305.5013748754081,1298.4483188368672,1319.3235265079868,1329.3474881667016,1332.811337877684,1342.5010065630977,1334.4845134906175,1348.0934235971654,1354.635895407514,1365.962950577045,1382.9409911580228,1399.1257343150467,1415.6413265727385,1430.1487421392007,1425.8892093003824,1426.3755199049317
394691,221,"Houma, LA",msa,LA,,,,,,,,,,,,,,,,,,,,,,,,,,,,,,,,,,,,,,,,,,,,,,,,,,,,,,,,,,,,,,,,,,,,,,,,,,,,,,,,,,,,,,,,,,,,,,,,,,,,,,,,,,,,,,,,,1301.2543619267444,1310.6016797822197,1301.4185244561631,1318.46062768628,1312.4865698654783,1323.9357301119069,1314.4741740286638,1319.8034571062271,1312.9480722635024,1313.154359833412,1317.411313986152,1304.2026629234108,1309.3651463083029,1292.7560043420851,1308.925533093886,1304.74072336922,1327.4183603441127,1336.9444444444443
394872,222,"Monroe, LA",msa,LA,,,,,,,,,,,,,,,,,,,,,,,,,,,,,,,,,,,,,,,,,,,,,,,,,,,,,,,,,,,,,,,,,,,,,,,,,,,,,,,,,,,,,,,,875.9001770290374,891.4761411351146,893.989585822718,915.4644557273307,914.043558814092,930.8913379764791,938.4652125344787,927.9672015875124,934.5316401343373,925.0174428884113,950.5892117689958,949.1360647442309,964.023680694694,958.0480404753913,957.7657177400753,952.1903451003377,955.7698808865778,967.7956662597668,960.3472485950724,974.2428828099472,960.3227182906569,977.7801382348258,977.8600987210984,994.3762036847824,993.9182287188601,989.922938597734,998.1917598738675,987.3264423391724,996.6153243748869,998.6918122307294,1011.6650548448534,1019.0879769942377,1034.5408376683408,1035.1498257932367,1032.9681847694685,1032.0740079914256,1038.8040256905647,1054.9619043836778,1061.429680179203,1082.7827612992555,1087.875911699816,1092.1836555065279,1099.2777777777778
394565,223,"Elkhart, IN",msa,IN,,,,,,,,,,,,,,,,,,,,,,,,,,,,,,,,,,,,,,,,,,,,,,,,,,,,,,,,,,,,,,,,,,,,,,,,,,,,,,,,,,,,,,,,,,,,,,,,,,,,,,1299.436691308512,1356.993165162409,1345.4771108979437,1340.8860110608382,1306.5136715138647,1292.2180557084287,1306.4968929407542,1291.1962723835716,1316.7332614953066,1318.5035334788286,1346.2202789857893,1359.9782371949668,1374.064048471456,1362.4463665306785,1346.8202978284673,1352.9075228808088,1388.7535868455343,1410.229862653575,1410.8967649411952,1406.1306241134773,1387.3791326309347,1387.9475728392326,1381.408576616477,1375.4681104165338,1379.2587359621077,,1400.4130204539479,1410.5195367967383,1427.6666666666667
394726,224,"Johnson City, TN",msa,TN,,,,,,,,,,,,,,,,,,,,,,,,,,,,,,,,,,,,,,,,,,,,,,,,,,,,,,,,,,,,,,,,,,,,,,,,,,,,,1109.3685717840576,1122.3200533301138,1151.5595360160476,1191.6860335965325,1196.11489757294,1214.435460261,1217.2282566896677,1270.3925212288195,1276.3466380935758,1287.3349305321399,1290.4423882901312,1304.810518200205,1334.8623821742797,1352.5601205306646,1359.8067891146686,1360.5626688813288,1389.6775403985364,1420.5055042055496,1438.7543240533973,1411.2630389272424,1416.4938221997857,1434.4052264759423,1465.2524502884073,1467.753225069012,1462.908310775465,1473.466018220413,1486.2595469485505,1498.90920069491,1492.102058805615,1491.7849122694017,1499.4149066213754,1508.6858313041987,1500.4991780837777,1503.2842375600057,1503.614871607788,1538.6834116051964,1549.2848469256387,1556.050010340461,1560.7347021285561,1565.5468047248212,1577.6343090459693,1560.1360243028682,1566.0305602204191,1581.9813333554082,1605.581282958183,1612.627872870763,1617.0328653413806,1605.454993546902,1614.3653119375767,1621.6082600977584,1631.6459217581412,1643.507174537474,1655.1582237527184,1686.439393939394
395247,225,"Yuma, AZ",msa,AZ,,,,,,,,,,,,,,,,,,,,,,,,,,,,,,,,,,,,,,,,,,,,,,,,,,,,,,,,,,,,,,,,,,,,,,,,,,,,,,,,,,,,1381.4463574541833,1429.7788189180624,1438.7217883415724,1446.7194246254655,,1481.1888055390707,1490.3037777155673,1479.6800925401815,1469.8331189629193,1469.1191065833,1486.2952407378768,1493.6303238257153,1497.6896128189046,1506.3531942452912,1518.8687747300767,1526.2212108357407,1530.2036899412115,1534.8198711452505,1539.703018330218,1553.6384498417017,1547.857085277875,1559.0784203055803,1559.0791637321036,1569.035508193679,1565.7898339821854,1544.7792898981586,1541.0639303816165,1545.8648012403646,1555.565560770682,1569.5854051425379,1576.0513364204699,1584.2677028360108,1599.3384962761875,1599.6246709410316,1595.7632913445336,1594.8951776145739,1600.5468726335534,1613.9313057323907,1619.834772455963,1620.7989175225666,1616.8076899864532,1609.207336501932,1608.3064912541613,1604.4058446195152,1603.304664703801,1603.677365883326,1608.4230503795723
394623,226,"Gainesville, GA",msa,GA,1067.603774946878,1077.7076042941346,1101.2228724729775,1109.0442963304208,1120.383544893194,1108.7551992672745,1118.3545945253654,1128.1149574151077,1152.2189342021093,1158.5350757443473,1165.1769725718898,1172.4729686225198,1178.7638616818608,1173.0837783096367,1178.2892749264531,1175.692043319251,1186.7844852081203,1194.0617140821043,1218.1261213497949,1230.6596551358466,1243.5780042341287,1232.136374065358,1233.1946596086975,1229.1307632899968,1242.5054562155824,1257.9621820964342,1247.2915729763927,1249.9755534632382,1256.8222051044318,1282.5817469194517,1286.292065872548,1284.2202399810487,1274.3841443596082,1281.4187271896285,1294.7955063312058,1315.9737878569001,1330.0336693965892,1326.5681902715662,1334.2322509564044,1338.8360365313094,1351.167820922549,1353.754150108578,1341.5179904060942,1342.6062555777069,1347.9060289061238,1378.4301598204722,1389.067852421712,1393.2054445500437,1369.54151905095,1387.5037754190512,1401.325705469054,1412.954963742444,1413.2374331907954,1413.1065312001924,1431.6930605886168,1445.6329650530638,1459.8021743410247,1450.7663440579317,1452.09058258433,1455.8029428035825,1481.5306767333054,1483.4903659200018,1477.017681731781,1468.9593805534475,1471.0365781256937,1478.7964877100542,1479.0945878073187,1493.578190656118,1512.1445431411844,1547.775246416606,1571.4367046228383,1586.3335492036097,1599.7171265835264,1618.1840530851546,1616.3736624532162,1620.7037192329165,1642.9904510516394,1682.7486040885112,1723.3472876526569,1733.4639260547813,1745.2001223600987,1762.5029393443426,1767.8568788656999,1792.0936032845725,1804.6685398743543,1824.245881168298,1846.4625330211486,1871.1108451112084,1901.0404263132232,1911.7043360227476,1925.4196153700311,1940.7858199882676,1948.9155684433829,1952.6337592036818,1981.9926037398773,1996.3324197267702,2015.0453707703705,2008.5959153708798,2023.9645830721338,2026.865436966162,2035.0793492779142,2032.8349320158554,2030.371982521548,2041.6328563741365,2052.169819465493,2066.4309745493574,2063.082997939281,2079.0916370963214,2069.8143507320083,2089.375985001488,2083.1469176748346,2108.2682757522302,2099.744582837728,2118.52952686041,2118.7878838733945,2139.0065961217415,2138.9558532198644,2135.755683962243,2142.8369271003235,2137.9747666476683,2152.840362252357,2155.323340418078,2166.5295414340667,2158.187405982235,2171.168523201712,2171.3880054933716,2184.763024284552,2176.146623623809,2184.5724843071666,2194.1666666666665
394716,227,"Jacksonville, NC",msa,NC,868.6488329176232,870.7754600149473,869.8956647722375,869.1835074658259,866.5076565880277,865.9688658927462,865.2399996520498,866.9712825292758,866.9074115923333,867.4314660581259,868.0662748094863,868.1513366550145,868.3830545804166,866.7100269771954,866.1835088352731,866.5238443051294,866.5878888740816,868.2393278245655,867.5586974005697,866.328555650445,865.6821611080112,866.117757145165,866.3825915547687,866.6031994572432,867.4084787049766,871.0665718893458,874.2355374246195,876.1824151514877,877.0090251961469,878.0963204735087,881.1457777860968,882.373389173467,884.8783148881715,886.4245245024047,889.088994505691,889.8459584261363,890.2283692719078,890.3650563288811,893.8783893788393,894.3623785752063,897.8153608047865,902.1810301228936,908.2095458745546,914.1104229782171,918.2485759724443,927.9270332733166,939.8343458536247,956.5789454336619,966.0337715624719,969.7145218617682,975.9523583793624,984.7828770963356,991.6392302784053,996.946267107891,1000.0645289406499,1003.9517178557405,1008.1388553165564,1007.5302662439327,1004.0122130665104,997.0916376642588,995.418349613462,996.9747350201383,1003.6144678298679,1004.1673250447766,1008.7618835543492,1020.7541925092387,1031.434586322482,1037.9316122344424,1042.8051324111736,1051.624202811012,1066.135264088852,1074.6572462655074,1081.529916592981,1090.8819968856715,1112.4801029803607,1128.4943850680913,1141.2670524033974,1150.1017075192308,1168.0908297838414,1182.4145010300977,1198.8873238247002,1213.5377569690247,1229.341392707465,1251.8175996537834,1274.729663109132,1286.9260939699855,1290.6121612245067,1299.9741137690185,1310.9567661283625,1319.8138345144791,1326.7270935305835,1347.9114347008779,1368.235334674116,1375.0370330835833,1371.5474820306795,1372.517698156927,1379.2696751058845,1388.0815303860395,1393.6031726641688,1400.0904003769624,1408.780412687232,1419.288064595751,1427.1617676776082,1426.2918881793485,1425.3280887542062,1433.4359662160177,1441.1338890230038,1446.0039775390035,1446.6821090773517,1454.3747682357607,1457.9329430090368,1462.6826999889188,1464.2199050512013,1472.2007913578038,1475.8638275751618,1479.2504326968929,1478.7935347382424,1483.0917382022722,1490.9767661392175,1497.280254275882,1503.7651426147281,1505.9166544319048,1514.189440236914,1519.8217517126332,1526.5513854189185,1527.9853807751326,1534.289229763888,1542.2507504217126,1553.5235509581194,1559.6270040779846
394597,228,"Florence, SC",msa,SC,,,,,,,,,,,,,,,,,,,,,,,,,,,,,,,,,,,,,,,,,,,,,,,,,,,,,,,,,,,,,,,,,,,,,,,,,,,,,,,,,,,,,,,,,,,,,,,,,,,,,,,,,,,,,,,1286.7728470336153,1281.4840079787389,1289.9398450865926,1287.2762693149427,1293.35601443046,1270.5888629284602,1281.5668153619665,1293.1914399696357,1301.1029533815442,1309.79790377899,1306.5536252473526,1313.415182421874,1321.2734955062087,1334.1497806130621,1334.87294935005,1341.0936302229663,1350.7579810950783,1390.6391666516981,1401.7463986030336,1409.7238095238097
394680,229,"Hilo, HI",msa,HI,,,,,,,,,,,,,,,,,,,,,,,,,,,,,,,,,,,,,,,,,,,,,,,,,,,,,,,,,,,,,,,,,,,,,,,,,,,,,,,,,,,,,,,,,,,,,,,2457.355550991454,2514.1058627031134,2574.3767924086683,2553.986892049034,2579.2734267556552,2561.8241602498065,2585.121999597781,2578.507734933444,2599.8252966115083,2626.6094903399267,2707.0193092475142,2793.867735074359,2829.87730729999,2767.9910471379317,2732.0435935602004,2738.184709464076,2785.679370053908,2817.8661134256895,2814.683143097625,2852.4695722834854,2861.9471914449346,2866.0361221816506,2850.926633042647,2836.9789042871644,2852.465494909245,2895.9049740270766,2928.9952292250086,2953.876266822587,2931.6385851950295,2925.1075299972995,2926.515929258973,2928.0485058768377,2943.721575116798,2948.4754742354726,2943.35204341713,2925.7070707070707
395118,230,"St. Cloud, MN",msa,MN,,,,,,,,,,,,,,,,,,,,,,,,,,,,,,,,,,,,,,,,,,,,,,,,,,,,,,,,,,,,,,,,,,,,,,,,,,,,,,,,,,,,,,1375.3064251859269,1372.8610393740184,1416.5282106765487,1428.521390368207,1441.29796478379,1414.2148496540901,1401.4477989757322,1405.167848612071,1418.0139509859348,1438.0033205847992,1441.4240736182308,1447.7029552961067,1462.1642662953857,1511.1360725552026,1514.5634439279543,1529.5250834404906,1505.168323178982,1528.2310053406904,1517.4335095773845,1521.149215654034,1512.6298198406582,1512.082279599423,1494.7675065676374,1512.3338501531823,1541.004994303846,1553.3488576232724,1542.1222443561421,1533.008885252869,1545.1509049234849,1577.0785777989981,1592.3492621080397,1602.4125293129675,1605.1107215489792,1613.3153655887647,1635.9909197289007,1633.5566137439203,1618.6017352099516,1602.0378360912623,1617.5528719355946,1632.8454288907649,1650.6125282966334,1637.6391976539744,1650.8402913496814,1657.6503995681314,1673.6190476190477
395011,231,"Racine, WI",msa,WI,,,,,,,,,,,,,,,,,,,,,,,,,,,,,,,,,,,,,,,,,,,,,,,,,,,,,,,,,,,,,,,,,,,,,,,,,,,,,,,,,,,,,,,,,,,,,,,,,,,1484.0608804706228,1429.0688045330694,1447.9032749114167,1465.1895175135717,1494.4880399915278,1484.1457671789747,1488.9816298458559,1518.6664488065414,1536.4254840714716,1538.8896674571656,1495.827361413037,1525.328580942458,1564.28964628028,1582.722982482759,1543.5643710183322,1533.0621593908643,1559.6221627533328,1608.640724885959,1608.456438799803,1594.4894030123066,1589.9351353559598,1605.7789377806068,1625.6374307253598,1627.5929765457688,1607.410287974583,1624.4694848887214,1660.2834586177742,1674.3479378320658,1654.886450997015,1631.5721560891077,1642.7943338642558,1650.8095238095239
394380,232,"Bend, OR",msa,OR,,1361.6810035253516,1377.7510186778068,1385.6120722646447,1398.3474481915778,1392.8523977069308,1401.6336391125521,1415.6586506996753,1435.1142770925833,1444.5672446625008,1439.7873273019452,1438.946825690498,1460.258951667092,1479.4630636661166,1475.9368070458358,1475.48735457725,1487.8840326987274,1515.5410968188628,1517.8973503217933,1522.8370351618091,1523.9082809924037,1533.8282266606086,1553.7318075389755,1560.895903487171,1566.2326715669187,1564.6482548852812,1585.906194969921,1596.5501664945175,1599.3534429621145,1595.5821365929876,1607.4615905311039,1609.214378498856,1605.2792060419551,1602.571594065536,1603.122748565648,1610.637653999523,1610.1315341693983,1609.803408232692,1610.0816683375792,1622.1329893423967,1643.2367867533474,1649.7881014763839,1652.2942681463621,1653.6381864450311,1670.209838636134,1683.511215751375,1707.4760310455574,1710.5599717120388,1726.5972463224673,1723.026775222619,1730.2527752875085,1733.5247126309137,1730.9868163558915,1741.246111168044,1752.2852431294061,1769.0897106827872,1777.7367014966878,1787.122547249951,1785.038148145559,1799.0610025839408,1807.3667947377844,1833.1112866649817,1814.2145109710443,1829.4012925175052,1802.9241110561827,1815.7115217726578,1838.6753177301546,1897.542199030064,1953.4640620328191,2013.477263678012,2064.4326921901957,2122.042629116583,2173.8824373251646,2193.072789556286,2206.8088274586503,2218.75045986117,2276.8017041414923,2337.2433139407904,2383.6719006747458,2399.8915156681405,2397.2305985067683,2387.5999339453797,2369.002738095481,2365.39823464894,2372.251132447559,2396.0123639774674,2402.14534545417,2424.2811083064757,2440.9646062242978,2446.8672502669397,2444.294842272657,2438.2345201933554,2440.756869451568,2439.606701044015,2454.160104723582,2439.0801674326776,2446.7771929930896,2437.0214198333424,2471.9628921549765,2484.6164917258634,2492.048771506594,2476.298281342776,2473.40431011404,2462.9649003452514,2469.540258133246,2475.4192691628377,2478.921432559485,2507.2464059319755,2495.131766059849,2526.8433418191053,2522.3609899976896,2533.0964844236883,2532.6767480248304,2543.916573509043,2551.158386188262,2546.7127340265088,2548.8305905329244,2561.457447438239,2566.870989123061,2564.3153199940284,2579.955042389154,2568.351622150748,2566.797802436867,2562.1728218937506,2568.702407086722,2580.3118677218927,2591.3272290661093,2616.8895545681735,2628.2675820935706,2633.160292131037
395047,233,"Saginaw, MI",msa,MI,,,,,,,,,,,,,,,,,,,,,,,,,,,,,,,,,,,,,,,,,,,,,,,,,,,,,,,,,,,,,,,,,,,,,,,,,,,,,,,,,,,,,,,,,,,,,,,,,,,,,,,,,,,,,,,,,,,,,,,,,,,,,1127.4469947450805,1143.9409616394823,1167.7759741992768,1174.6451398189945,1166.4190889579652,1154.1666666666667
395202,234,"Warner Robins, GA",msa,GA,,925.7874017293765,925.1330075320847,928.9655024042671,924.679979526718,922.4662766467115,920.1038102810951,923.5493427213237,926.320120221985,929.487799408888,931.1312381106169,930.6002720340636,937.1370765228819,934.0559645469137,939.5680319141057,938.6457807879617,946.8772463920151,947.5060817291353,952.2802039144186,955.2970150968016,957.1897053251336,959.014372847785,961.4286548747674,968.662571683102,964.1669543839307,962.9663156122184,959.1350481619387,965.4550704811543,967.0071905802827,975.7484725968595,983.4531629731257,985.2397338500278,984.3120571678162,982.9374878002056,985.6481035430419,987.8588361303987,994.339865050386,1004.693146688169,1007.7642571355018,1006.6154675259672,1005.0667744384025,1007.9262385638864,1011.9587326907358,1020.7843806270387,1020.4361124879917,1030.2730945799497,1026.1110954148226,1030.9117436332933,1033.341117296736,1038.2014596949098,1045.0334390862556,1051.5199504486106,1059.3429776525934,1061.820912955745,1063.3122657518757,1064.3967960751154,1074.5729252551212,1077.2136876860434,1089.0069614508575,1093.3473548449879,1099.8887163014965,1102.3200179508735,1100.5327500749302,1109.4299150767793,1111.3276327733788,1119.5273856409435,1129.2397962685493,1138.8587735341898,1151.8425603157052,1162.1957594457404,1176.9687627652063,1182.6458083583495,1192.8241712977358,1200.7309644206248,1214.929423483766,1226.4262430473411,1248.0723838929812,1255.9358007594637,1268.3562073584374,1274.7453078978997,1299.7680454158535,1327.4728833771196,1342.2295836363046,1360.8215081213466,1381.024706389931,1404.1459742855725,1424.2932051375724,1431.9664785602647,1431.0930730456007,1437.314328240116,1450.5562630812374,1478.5234439543267,1470.8999413992717,1474.812588323813,1478.8138790859591,1504.9297644020246,1504.274500028665,1509.8523573231519,1500.164930219391,1519.7643769562424,1530.524065136621,1556.138232881305,1566.2880154523668,1565.6116364469376,1569.3200828561867,1564.7881296397306,1572.7396543268005,1567.9226914208225,1572.0536103293102,1578.8653488952616,1598.5944652876237,1604.3513131701181,1616.8646524175942,1610.814377873905,1615.2165289355303,1621.973066849848,1638.8511532949876,1642.3224213875894,1649.3368304186795,1653.789599125775,1664.0769310730998,1668.0656256041932,1669.7315818404736,1669.9883531356127,1670.7997955736644,1677.246288982766,1681.5396722906198,1686.0438995040465,1687.1429242817558,1699.7815004748338
395151,235,"Terre Haute, IN",msa,IN,,,,,,,,,,,,,,,,,,,,,,,,,,,,,,,,,,,,,,,,,,,,,,,,,,,,,,,,,,,,,,,,,,,,,,,,,,,,,,,,,,,,,,,,,829.8553237981458,826.0781135657378,820.7051051961349,823.3789541261374,833.91455512204,831.6148952257096,852.0558917368691,868.1958378634479,875.6524868725025,857.999002593745,848.6062411957047,853.6842574159525,873.9715275704133,883.986777892495,878.123308017385,878.2212889239078,876.7399475466938,895.1064644923397,881.8428188732661,895.3802485449378,894.1491899358583,910.5476653593948,922.447317775865,924.9736373605423,926.2672716218543,922.288685520627,939.8868727133637,943.5116958194169,947.0608557708155,944.5820009143564,954.2210385761796,947.5431698308365,955.3122799407575,960.8021942482451,967.8736806584918,975.2130881859824,979.6798170251752,993.909954691051,999.2761818121551,1011.8406806272907,1024.2319356817839,1034.948717948718
395162,236,"Torrington, CT",msa,CT,,,,,,,,,,,,,,,,,,,,,,,,,,,,,,,,,,,,,,,,,,,,,,,,,,,,,,,,,,,,,,,,,,,,,,,,,,,,,,,,,,,,,,,,,,,,,,,,,,,,,,,,,,,,,,,,,,,,,,,,,2987.6772515127836,2898.666023583421,2884.3352875825176,2924.261593503452,2997.2226977769005,3004.1174539031854,2962.188915639985,2971.6327685843444,2915.86998372364,3008.0
395009,237,"Punta Gorda, FL",msa,FL,1051.063369304089,1066.5292196485898,1075.5229895885752,1088.162674075632,1086.4721099141059,1091.8482546583143,1095.872233444904,1118.8092879754718,1123.711526128551,1130.0207599333883,1125.420111768207,1141.0123829542981,1153.5475113302953,1158.5633191348527,1156.5689198721898,1150.3076588431663,1154.4321755404167,1154.7723698060129,1164.3960143487986,1165.0288346485927,1167.9452232197102,1168.34731922952,1175.5269533188664,1183.4810841350081,1187.9456221021478,1183.6936571392341,1204.2797982057903,1219.425663048981,1231.78213747364,1228.7855027554015,1227.2181384347082,1227.2974307596126,1237.3589894366623,1246.4759590720419,1258.922430019278,1259.6906652162577,1258.1128623412842,1269.1950914338968,1270.2514669527422,1272.5514730480975,1275.4005499408688,1279.6389576875058,1287.7889714433484,1283.4502139515907,1290.7156864006452,1298.2564708877508,1309.0721692095688,1294.2301488880485,1300.2952172978416,1312.1990005253315,1312.861622377041,1316.4180488433744,1319.1479902565006,1329.0278309623534,1333.0409252633717,1347.382312704908,1347.7453150083547,1349.0010629682195,1345.0113614740374,1365.9566153435799,1373.052789505021,1371.55175612664,1360.9014699088723,1355.007496695137,1372.1543356935358,1377.8455499929507,1404.0340513910878,1419.720166091205,1434.053087766164,1440.8110090580499,1457.9296193018217,1466.663354294464,1472.4972371201657,1483.5691292900408,1499.4436540079769,1534.4442240538415,1534.851586906769,1575.4243177867688,1571.7179818951022,1626.1320558751925,1680.4122014127677,1740.8267344809328,1770.7029501362936,1777.9484166980196,1827.746227532481,1863.7381041148217,1884.3159429175305,1897.449715394018,1933.8089846614935,1967.67170293071,2007.7182382827316,1989.6581016446316,1979.809794408504,1980.2577446512364,2011.6664447816509,2055.017975995817,2049.7102992671003,2057.323096775813,2069.76792026735,2096.6174375311884,2113.683086401016,2101.184207843408,2100.290868510199,2108.4658359359896,2098.237828377545,2083.7860996747413,2053.3244877087377,2048.009802848106,2045.9469267631623,2064.741055453228,2067.149499288917,2067.8900016756497,2035.7787716189735,2041.4680065603443,2026.4894435375188,2043.545218189599,2030.5620459632396,2049.438513843048,2060.0211371657288,2051.108164100011,2052.3727757524716,2034.0413605272472,2028.23210553339,2017.6345871725864,2031.7841844751156,2030.1836769903207,2038.572945743753,2027.4249130753324,2044.6415494568294,2037.0782889874354
394386,239,"Billings, MT",msa,MT,,,1116.3482004405532,1134.7990819930444,1142.9703148065964,1145.8765844540549,1129.1555528162992,1127.7010022038812,1122.0511430293768,1137.9348809729777,1125.8243765324626,1124.9279293599343,1114.5660127971728,1127.098391235296,1119.6056381008514,1109.811667357496,1099.564183220357,1107.3006845829232,1128.6784340819552,1133.7577916541563,1143.80571489276,1135.1189846886084,1143.0838625989552,1128.5788690603122,1137.8219704236194,1139.1793093835552,1147.7219917494592,1150.1200205224563,1148.5925338227987,1153.8821392932944,1145.923501846378,1150.2158955635496,1145.4375254520253,1148.011159418438,1148.417340887539,1156.5098928168393,1163.8336488591071,1163.9865400993513,1160.6473980039975,1160.5600928744532,1162.3655544256437,1164.875101010274,1169.8464298190784,1174.4867074558208,1176.122581094202,1172.2863691741065,1177.6778248390674,1186.4216033404145,1183.5575956924656,1187.3969656205857,1193.141863134771,1199.4699779581993,1206.3688612409237,1206.126037422931,1207.8235209622517,1207.0884837457656,1211.9303017567013,1221.5458700564382,1222.102865085049,1220.8182786539169,1223.905904228973,1226.7521400263427,1237.4771689490726,1228.5672562688314,1236.311736395241,1258.0029544198424,1277.8167145030238,1290.7004325043836,1305.6002643337956,1322.7084892330995,1339.3988261263391,1349.6650498339488,1353.6027356132386,1356.7518768042714,1366.3902953111792,1402.0915771610416,1426.7920394265848,1451.2503605780207,1462.227889761618,1471.968048083964,1482.7081790233374,1487.024123732566,1532.267648409368,1538.9985065656,,1533.8297616268032,1555.3199237268511,1562.9029493683527,1570.7834113054741,1575.0746648050879,1601.8521853629502,1617.6929122197525,1627.3083080394385,1629.6336693733417,1622.2601503415904,1637.381775757352,1671.0389706527856,1689.6840075379469,1686.9970850093757,1679.1507440826422,1686.8270774963414,1683.1193632881657,1665.181336040216,1665.0653098185928,1665.1119552629634,1673.4259942842398,1676.3405128523375,1697.4717034921364,1711.439822725823,1723.6663048425592,1723.3924039540739,1721.2518789162136,1717.8653335399638,1726.4736970682975,1743.475390217795,1766.3164215824927,1770.8786538272739,1773.9069577233615,1781.0401351823546,1771.0989444949867,1757.5994109118146,1757.7444002583607,1769.9911436057073,1788.1124039371336,1799.7374895500889,1807.987404874022,1811.7498927774848,1804.0325876931693,1811.3587345499968,1817.2592592592591
395018,240,"Redding, CA",msa,CA,,,,,,,,,,,,,,,,,,1216.904710993158,1227.1526328770617,1221.9229833961558,1212.7186576681772,1215.0307229705595,1216.5443317904069,1225.447752496394,1228.5538065775454,1242.2813291174143,1248.6741418958086,1250.823587263738,1244.9048977670955,1246.0238656493907,1245.7374108496306,1255.5698257118286,1271.8867098182232,1279.7650735859504,1280.5300088504137,1280.9778870974324,1289.385184059221,1289.8438448274,1285.9583719292905,1289.1180007978505,1298.2126315643875,1314.0930721542145,1320.7053573600115,1331.213241023299,1337.8685074157722,1345.6836577482693,1362.060570215256,1368.3598873227036,1367.3210498967067,1374.8331097314956,1388.367219725492,1399.9758294962128,1410.4576975156945,1411.144716166709,1419.1746040672404,1421.6249897528403,1424.4449856126407,1428.150855211746,1428.6154643201787,1435.6757669716226,1445.1464669872755,1449.3546255696172,1456.401553336293,1463.8898106725458,1476.0065124214445,1487.1544102141993,1489.6720007106742,1489.4254270749782,1492.2028940821067,1519.3685173857284,1527.4024021443392,1545.9210870933193,1546.2872676562988,1567.113812495309,1576.5879242772503,1566.9760959949672,1562.2386158005684,1573.4826408721385,1608.3642301491514,1645.5640644879995,1664.5312094340122,1660.5165233627506,1664.4804519883746,1674.4693887600058,1696.2207425429456,1692.9561384646104,1700.7335254527748,1723.1295569384683,1770.781481757001,1779.235358345513,1789.978717597837,1778.705848408892,1787.365915044586,1792.575491725585,1808.745966327552,1807.6999969983551,1811.7784484104595,1818.9572189607425,1819.9427412977232,1820.6064038321545,1799.2134417071231,1815.0364928301533,1809.500253832927,1813.0266684835651,1825.1366272826654,1834.006000438638,1852.9632370018478,1856.525536983338,1868.3955505363094,1869.2604115386036,1865.1952653680232,1885.1052486265228,1894.8384103773772,1918.118522058448,1923.2784082480007,1933.3427898816237,1923.294883767705,1931.388277736883,1926.6919690769555,1941.5995519494545,1946.1205957326697,1962.97809591002,1985.3569515228057,1986.8962726607954,2002.8888230732184,1998.0197301594792,2018.015628452301,2035.2036029793812,2061.3577615244913,2077.801476301476
394748,241,"Kingston, NY",msa,NY,,,,,,,,,,,,,,,,,,,,,,,,,,,,,,,,,,,,,,,,,,,,,,,,,,,,,,,,,,,,,,,,,,,,,,,,,,,,,,,,,,,,,,,,,,,,,,,,,2358.559382086876,2399.880101928478,2374.4104023341665,2367.977343068666,2343.5153807719057,2351.6176348137137,2364.5438663340406,2342.7086552880955,2293.9683194930735,2306.6903341776856,2330.6539217660657,2356.267585564352,2336.1972249286737,2329.841658323332,2391.085278765908,2414.8128283021733,2424.6184801302784,2378.604360409846,2410.740979952851,2505.9554730504005,2522.4990173597853,2500.43987680685,2485.3216283046304,2458.298825427676,2468.7836419045166,2466.0263269911243,2451.559021613377,2458.172899889502,2480.9641491005523,2530.165484397209,2520.9921879504427,2492.9257934515126,2521.38136445621,2565.476190476191
394960,242,"Panama City, FL",msa,FL,1087.9881437639485,1084.9369914056495,1089.2365897826737,1094.287772598599,1099.034821458775,1103.038120695608,1104.6596848579125,1109.0691803960838,1112.6092714784525,1105.3810185815435,1109.361577669453,1116.9529066054292,1124.984717876065,1128.0567442399606,1133.597914622836,1134.3877810477507,1138.2042297310995,1133.4198579563608,1140.5153789105618,1142.176266613119,1152.7527493904731,1155.0832354349886,1141.223034699563,1131.0096383759972,1134.5476298902774,1148.6207894753481,1156.51897048208,1159.9645626602205,1168.731699377276,1183.7861798160461,1182.9072949846304,1193.080857714461,1195.843035102852,1199.5386464417063,1190.331839334836,1191.477103039526,1201.2790900149407,1208.4270990503012,1220.0313648041542,1224.951859495771,1229.6912676969641,1227.0363649348778,1244.4668294833148,1270.4026173913023,1283.6456199106458,1323.6508995703605,,1454.2761727972443,1484.6509708518959,1500.1657586935519,1524.0654512674953,1555.6335574919763,1581.287967700426,1610.3362787592653,1624.331828049353,1621.4428840542846,1629.6040189470511,1610.421426453645,1572.2895723161996,1533.8331221769693,1508.358582023063,1488.6377914386574,1504.0209047585638,1521.5007428994838,1525.6014960037194,1545.3401263899843,1540.3470573628379,1574.8514155179616,1593.5212888412846,1609.640370272118,1607.2627345752248,1601.3230186648855,1609.703966470703,1634.943093546609,1683.1809436944266,1696.6795259152311,1707.1147240768978,1693.7422771066954,1716.2818734113473,1717.1585704542379,1720.6661264283318,1760.1971448306126,1788.0426707995941,1840.3468016844986,1864.4222690346069,1880.1146859773448,1866.4466287797384,1860.911551591228,1873.245963114573,1898.992295917023,1912.6759116395601,1930.8851453593095,1955.1674656965322,1946.3692671063911,1947.3073453843263,1932.8942994875702,1946.887873117686,1951.5641965023822,1955.762733262507,1967.2068929520437,1977.8543203393647,1989.417139072075,1995.1345201189363,2002.9660685091435,2007.5977709080325,2003.12755189626,2014.6303730201457,2013.0133578608315,2012.177902680974,2004.2138489743443,2007.7479670609243,2022.9107746696773,2027.9430877835819,2035.3843839062602,2035.37637689429,2038.2528239696667,2028.9599832052477,2030.9138161587402,2028.4402417039926,2037.7740660202287,2038.112941650381,2049.272186117401,2056.7954112154953,2050.9931332918263,2049.4057336996775,2043.4518206746407,2047.242699594402,2047.9292132226412,2057.9068956872898,2069.3038021410116
394729,243,"Joplin, MO",msa,MO,,,,,,,,,,,,,,,,,,,,,,,,,,,,,,,,,,,,,,,,,,,,,,,,,,,,,,,,,,,,,,,,,,,,,,,,,,,,,,,,,,,,,,,,,1113.9573979163938,1130.555063136985,1141.7615450771239,1148.149529185465,1132.6786923395402,1144.4677968760932,1148.0087320586792,1163.9198447515205,1164.3014074104344,1182.394794474179,1188.132968445718,1183.376956846721,1187.7709904518033,1187.788831212129,1202.4763869630717,1208.4735684503191,1222.0998923194295,1227.9647599309692,1232.3757733089933,1242.5757790716707,1239.2738895697073,1239.8546278352096,1226.871018414568,1239.4254980398773,1247.3080156542928,1254.2998985531135,1250.6684790749105,1257.5618644611995,1263.0413365867205,1269.2333740459903,1276.669683129406,1276.0584845315636,1289.5615452892503,1291.5678457061451,1304.8819781449947,1306.6266724097493,1308.584601218938,1310.7404582084223,1315.0299001585931,1316.0648546350506,1318.9186320085805,1318.9166666666667
394539,244,"Dover, DE",msa,DE,,,,,,,,,,,,,,,,,,,,,,,,,,,,,,,,,,,,,,,,,,,,,,,,,,,,,,,,,,,,,,,,,,,,,,,,,,,,,,,,,,,,,,,1614.4640202367946,,1639.573857276038,1654.0860050994775,1671.9901686106384,1686.84205767541,1676.4985320555802,1692.91495566485,1704.655321592761,1740.6193568844526,1752.377438377498,,1735.1217208792318,1732.6387819771592,1726.0838178657325,1746.6774189427474,1778.6858569994017,1818.0963294142423,1818.017221514548,1807.8326851420493,1804.938164287798,1819.3116430879459,1830.228023045525,1842.8630555852014,1850.9270841083326,1863.813571889521,1885.000583439976,1905.4156735247798,1884.3345086092377,1873.030219529184,1881.8349223650653,1903.0419429518968,1919.890402078745,1905.9866242497792,1914.0846625983213,1924.2583759070455,1941.911501650277,1949.7968780417727,1953.8035736203103,1944.803755416089,1960.7160028059996,1966.3712347214607,1980.799856086389,1985.263888888889
394712,246,"Jackson, TN",msa,TN,,,,,,,,,,,,,,,,,,,,,,,,,,,,,,,,,,,,,,,,,,,,,,,,,,,,,,,,,,,,,,,,,,,,,,,,,,,,,,,,,,,1086.3414480220995,1123.2018590740197,1145.2639187530067,1197.2799525518371,1193.7051434379064,1196.8266525162248,1203.4632230376324,1221.818006662691,1220.5675837573413,1240.9433865993176,1261.2603646623709,1280.7711955988952,1276.1746931482978,1285.5116350601484,1293.2460598578168,1300.7484400211192,1298.1876802248896,1305.5913635069837,1315.5937906270142,1333.4987155316605,1359.7340529099138,1357.6881159420846,1369.376044057543,1358.0826121222337,1384.8004813516868,1396.1115068974334,1388.9582854544715,1378.2599589599054,1396.9467776111412,1420.4425253919333,1431.200395413181,1428.88006701333,1448.5374970963194,1449.5856593906326,1473.8224679580958,1466.5848691030417,1473.5165503653202,1475.4753000235614,1495.4158145032432,1511.5087309011085,1520.6436145588611,1518.7902605440772,1525.248996601882,1535.0011187576367,1526.6608734521828,1541.2704759365574,1531.129750473748,1556.547619047619
395246,247,"Yuba City, CA",msa,CA,,,,,,,,,,,,,,,,,,,,,,,,,,,,,,,,,,,,,,,,,,,,,,,,,,,,,,,,,,,,,,,,,,,,,,,,,,,,,,,,,,2050.67085673229,2050.923382895749,2078.957238793292,2103.43426903352,2127.5686003743344,2127.505320701975,2134.52420986099,2136.695984263986,2143.5386214358823,2157.693945593723,2153.730614948081,2161.3492570717763,2145.0911008353087,2194.951392698425,2174.790597867219,2206.0697428257963,2169.5904422986296,2176.852922512241,2169.930990428266,2186.1942049328914,2198.5350908326955,2203.709712990913,2213.7896144104884,2234.7684218130926,2253.917890822534,2257.397937157031,2269.449168042978,2242.8559543809356,2240.7063054912483,2262.580456728615,2297.258974843004,2336.5812106275057,2318.4510390055702,2321.989543683866,2327.0948931224984,2341.6362401621614,2351.8752711538527,2346.682904312802,2362.941205694015,2384.5311991293534,2419.808787489275,2418.1971408733284,2410.6352012285874,2388.987323494433,2412.06780223957,2421.3858522902306,2429.574900655523,2422.249921491819,2423.6111111111113
394406,248,"Bowling Green, KY",msa,KY,,,,,,,,,,,,,,,,,,,,,,,,,,,,,,,,,,,,,,,,,,,,,,,,,,,,,,,,,,,,,,,,,,,,,,,,,,,,,,,,,,,,,1443.9686843379393,1454.2068989984712,1464.3155740843015,1484.6483251282577,1485.6291697472764,1495.341200401203,1478.7034375042545,1482.6463608700974,1495.0798568146124,1511.267539332981,1524.9805595732175,1515.6908142931004,1511.713137015624,1504.3958800624584,1523.3187253408155,1528.1681862478245,1557.8791387681613,1568.5186746554061,1585.1539019694098,1580.8297197790253,1571.0890432602512,1576.924013632305,1572.1345575009277,1571.5913407938272,1572.6530435373909,1593.1333587977008,1605.1051123399486,1615.2759728982712,1618.2962122079289,1623.0465743573352,1630.6972486579155,1642.9433094914234,1641.4239712742392,1634.6727640931563,1641.3080255831876,1655.3107649491126,1664.42477269637,1663.2453945624884,1655.3514006464043,1653.858673167639,1649.286641356073,1651.4641003043298,1653.2030517963994,1657.2492429948002,1672.3487159517067,1683.2692307692307
395119,249,"St. George, UT",msa,UT,,,,1144.3641114310426,1145.6576348028093,1147.1435493987296,1147.906205083081,1147.5143606413985,1151.2362619061053,1157.8809169063995,1160.4747797010973,1169.330298050865,1179.1388296239636,1199.5687264286787,1200.9576828609975,1196.5018772681597,1202.5639707985492,1213.5036713037591,1231.8627321191927,1230.5617925659503,1239.1376937113132,1242.9241165007556,1254.071395403384,1267.60161777651,1271.1422735689991,1277.8177113266743,1279.9173969160984,1295.906050101804,1299.7177892938385,1302.5762484678376,1309.7888115253893,1323.7209377927747,1342.9190232215853,1345.425047390257,1352.2135944955505,1350.195495891314,1357.5434521646825,1362.8753241651943,1368.6523399438154,1374.1007738484734,1382.94971492476,1391.6170883808154,1399.6689042484365,1409.2274427470384,1413.3625904977996,1422.19563492775,1420.0669888765417,1421.2100023906903,1430.0022971652306,1434.2263623404608,1443.121409138109,1445.9229743260178,1449.89328618117,1452.9150609884211,1452.2705801708723,1451.3496462863448,1449.275982671885,1452.7966318636086,1460.6780192311967,1469.6592842460748,1469.639924973248,1472.5765390601623,1478.855656925926,1480.0967619846865,1485.3227763595653,1487.4818981035937,1504.464348153134,1512.5449672105972,1530.3159021354788,1551.393253550747,1581.5868224918572,1600.4907696970604,1620.3250758114236,1635.4489453242063,1649.4479039202042,1669.0982709091222,1682.9192652974507,1718.1827760037716,1743.5528103627682,1779.5447559163651,1797.6161783886332,1808.1823010287433,1809.7370785242852,1828.302366626007,1851.8118288727205,1859.6492287560466,1873.6146521987341,1887.2616993445772,1908.1082651945094,1908.371213845175,1911.828691618367,1906.2490543259578,1900.97066331831,1890.6556762962766,1902.8347363715623,1914.6279180226727,1920.675631295703,1915.1729784781044,1920.8468493826856,1933.3909844886393,1938.8281948953088,1935.4713160540687,1925.2449558038568,1929.5773610170593,1938.9466801065848,1957.1526892806069,1954.766736572252,1967.8520984493928,1965.3304135485985,1976.8736671462802,1962.5079652472796,1950.865718240081,1949.9788456604454,1961.6453269534088,1985.7728913716142,1984.5341221335539,1990.5606312071964,2004.5616488877363,2014.0004235413398,2007.848179825428,2014.7121389295912,2019.2216159632708,2036.3861628095544,2047.5956706866532,2052.04108193421,2053.6587695976255,2047.8801515482926,2055.4348852025305,2054.6189455176955,2043.8266096979332
394896,250,"Muskegon, MI",msa,MI,,,,,,,,,,,,,,,,,,,,,,,,,,,,,,,,,,,,,,,,,,,,,,,,,,,,,,,,,,,,,,,,,,,,,,,,,,,,,,,,,,,,,,,,1156.6825030342802,1167.1828966599053,1169.487039226668,1186.6516563204202,1183.723577831811,1206.2167879126696,1213.07812253086,1218.1594350763369,1183.1595664494585,1196.5051129546052,1187.3139581502414,1213.6837788541122,1206.8348043015526,1211.8151547071639,1221.3244983537984,1214.7138379381784,1221.668251206842,1219.2582235770974,1244.9487253614127,1246.9341470246836,1264.6778873682767,1279.6701993026825,1324.918242422109,1325.9112273118676,1332.4442018944508,1328.7815166370774,1337.6839292920163,1335.043837499271,1333.102530344399,1342.0323032319366,1336.222370866022,1346.56444116551,1358.4115194234687,1352.3236438346983,1332.9757583735932,1335.490399822599,1351.2960599386026,1367.1043369306942,1373.041390014398,1393.7646610682289,1411.1359439847752,1421.346760924121,1432.5
394299,251,"Abilene, TX",msa,TX,865.4223423925789,865.7709415993774,863.7845500040744,863.627364555001,871.38009242838,874.1422751454367,874.9071463016006,873.178370394618,874.6957045107481,873.8200294849892,876.4264036245061,878.8355657216235,883.5193108241145,885.2782167702219,882.817969679351,885.738277296614,880.2686485606686,883.6850564308646,883.5874030362478,887.1262364135862,889.5206056723047,891.6611113373806,894.2515031262557,891.0125815531551,890.9968083320962,895.1930481500464,907.7293245070268,914.0073306100568,919.12019248045,919.8121122859188,921.0869049115173,922.2161098678237,923.4598240634248,929.2901452802522,933.0619833333001,936.3518228729531,939.1607863651793,942.8110222897392,942.4885139273911,945.2993709422182,944.9263157741256,950.9812684256032,954.0295614590475,960.4386560199644,963.7938795343621,961.432307590973,964.0276886846417,969.4438031269924,978.5601672443607,977.8493393717147,979.9743872290878,981.842605460357,988.4909818865004,990.7791467269926,996.1081553445339,998.3460301260976,1003.214101922548,1010.5231135074375,1014.9643707635631,1018.8849128255896,1019.6050524063332,1026.9939792391087,1029.427502955635,1038.6229572731418,1034.99355009879,1040.9076875612193,1046.9129471283861,1055.1259006034593,1055.2305502365452,1058.5815575345082,1062.0481987182459,1073.2849886396534,1087.8542753367294,1097.6869196813343,1104.0117708679431,1103.0487917744583,1114.1430435991713,1118.174546554776,1135.4106217077465,1150.8126742146692,1173.0872697925695,1187.9535489642553,1201.8323950866027,1198.1471431612995,1199.829255247716,1195.5206671517585,1207.6570017441775,1213.1201450812111,1228.9850099546193,1238.737210461262,1243.383762674022,1247.5025804799302,1256.8923758943188,1261.6708578131331,1275.6222295747825,1281.6831249228742,1296.7005572150426,1304.1736669894608,1309.7914061045794,1321.6200512805447,1314.5007883387982,1320.5666726329018,1314.7318376474307,1313.1644768001493,1311.9172331610491,1309.3699085162777,1312.2762867493018,1313.5864342614427,1320.1272698040143,1326.4241729906537,1334.8889224762308,1348.097127024992,1351.1486068709867,1352.9459810365304,1356.3240687446234,1374.3475783174988,1374.3885370671007,1370.6849365555017,1373.0326444432023,1385.5052541505415,1389.6452824723485,1400.8973133839572,1409.5335500115766,1414.8044671804694,1436.6284537637282,1456.6505681786552,1484.4631454505984,1500.9393505158873,1533.1907464483816,1573.8222912353347
394707,252,"Iowa City, IA",msa,IA,,,,,,,,,,,,,,,,,,,,1651.9520634386865,1616.5373139021056,1608.2950742536552,1616.6072558389992,1663.052053173547,1666.968506691275,1675.460726036064,1668.7142297873365,1665.1397242203761,1676.1413950667418,1675.4226726520033,1656.9975546351054,1662.6472934305857,1669.1531087886958,1711.6125459712525,1708.2478224450917,1718.953532441504,1718.7516909405715,1728.108046126891,1723.181296900184,1726.0273801679386,1724.7540437047055,1723.962252286832,1742.0282233885662,1742.3617348992677,1744.675368742337,1735.3170326641784,1749.230626945847,1749.687921262722,1748.570354691233,1747.8138005522922,1760.9881277599673,1771.4248159160613,1775.8291947338057,1786.4537602904868,1787.351820553542,1790.4323712982616,1798.216601889752,1791.1753835228578,1785.5833839778704,1775.9925289368932,1781.488433627954,1780.7186986698202,1796.8624599046025,1803.1028270840438,1806.1853763750837,1802.7149441059382,1820.6447264883777,1828.2163059361567,1835.5083726748,1821.3732693448085,1814.336586309964,1835.0266998762431,1842.3120241174852,1853.9976027235236,1852.9188346729854,1867.5065309486333,1870.355006650858,1884.010640903566,1881.1198105102048,1890.3285117653597,1895.6385347216403,1916.4201240590617,1934.3899438573212,1928.1995606563357,1936.8096303059208,1942.9158644144522,1960.3596125801205,1959.550450302117,1977.490203295975,1985.541503392889,1994.5827786970397,1989.4913498163194,1988.9042457537062,1998.1723230040095,2012.961251852041,2035.5024801647683,2037.9889229588825,2036.6217375255005,2032.1676180343238,2043.3943607695387,2050.9332768890495,2073.8997176021985,2094.9494607366737,2126.303746196911,2136.1811661910033,2128.5254165732135,2118.3085753644796,2118.160723698163,2131.392713606853,2148.162621305899,2164.292903630861,2172.741754705461,2170.797747637788,2161.3780532841015,2169.8665414773086,2178.167205582248,2201.7591908037284,2209.758493531681,2228.3066859190894,2239.110321185276,2246.3241754433784,2252.6170691061793,2258.421407316849,2265.441444275995,2278.509998311415,2291.1666548617413,2290.947469361534,2287.9399311613524,2282.4024159475807,2294.4532693674487
394351,253,"Auburn, AL",msa,AL,,,,,,,,,,,,,,,,,,,,,,,,,,,,,,,,,,,,,1183.1730366243316,1181.5387456936592,1188.399005005783,1189.3690071786436,1199.7881340303845,1195.7332069926808,1203.1746385235206,1200.8496448069868,1197.363095724696,1204.4639662488776,1209.4599469533791,1220.5067871055978,1221.83807319049,1228.4372392955268,1233.7499770709007,1238.327522509471,1237.3417889966454,1243.3730242636032,1243.3587208777683,1250.9493588970429,1265.3846380209732,1269.626265551609,1271.874134244004,1268.867676890421,1272.2772469054685,1277.3722053962333,1271.1938028875102,1273.0215040337107,1272.5220750736526,1282.515837364828,1291.978674970049,1292.9730013619376,1294.3649890642237,1296.2942060997877,1312.0043756736825,1322.4428756055943,1323.083239651776,1320.556188719643,1325.3249904832828,1341.7671191129189,1339.1436010885113,1336.3105789808246,1338.029910731568,1360.6130318907874,1378.6127608805134,1393.143679847228,1396.550722182746,1407.6513969375685,1416.214324557303,1426.3023475939733,1435.609537082974,1435.6856934898537,1453.822148660857,1469.3078371623694,1498.550338663206,1513.7557349787803,1525.212382387067,1514.2989405580754,1519.3637481370251,1513.5801517160799,1542.8600671323063,1549.480752451797,1567.793519094317,1569.2365396480163,1592.481556272546,1609.5055221129207,1625.412915071006,1614.7432828545068,1621.0472164475655,1637.8748941276115,1649.4200208625555,1664.8066100192495,1652.51873507433,1653.145378028235,1653.4386186138609,1675.7440334425712,1693.657493543567,1705.7381624848474,1716.1036138888028,1733.0117783527887,1727.6059089637129,1734.5636113654018,1747.5663125970593,1761.6245770798766,1779.9672030179397,1800.325216333039,1814.9338781218094,1822.8640104435008,1819.7006318672184,1826.1548079235968,1832.098741753327,1849.987054980421,1878.5953795971116,1897.6115319865319
394860,254,"Midland, TX",msa,TX,,,,,,,,,,,,,,,,,,1724.55242236711,1733.4305099306155,1710.5766330887375,1675.3705297144402,1666.2985605323681,1664.118306907404,1689.0253052779497,1715.0657796637956,1767.7413478474466,1795.6518510628791,1819.0565663733946,1881.3824947201886,1917.7617758760823,1936.0089122190047,1921.1735997473893,1953.9328694269198,1990.4397431010918,2050.8924768023903,2079.821460396584,2105.9705675887553,2115.620726786508,2174.758733636034,2199.696389245544,2229.7548920868776,2242.828102190092,2292.522608223723,2333.1941713246656,2358.4446896048776,2379.03347657221,2378.125947322419,2384.4833160740286,2366.002209373188,2402.6658163979077,2387.360386315723,2412.4531746855523,2381.354110168037,2375.2394869962354,2355.865331112626,2364.082458879596,2357.8818422504405,2342.3030451287,2326.618319152413,2310.9985448251696,2310.4395705534607,2268.587647173075,2194.691598900689,2134.3912711523867,2084.8508008795966,2044.98849953555,2000.3334344895763,1951.0629363845665,1944.8357102394468,1957.9206681550156,1995.4431272298234,1979.3368246464147,1963.9948906799061,1950.6824615517291,1952.7492723644732,1967.4962561792238,1993.0052432271407,2026.3509741163011,2065.9914302628317,2106.6366438323016,2110.5311780711827,2092.2504168134074,2072.6979729603568,2093.715998879782,2115.296582944163,2141.747221127272,2149.0119872755954,2167.9676762259533,2172.395044182762,2188.852307731466,2181.010793435895,2186.326166935408,2185.165840443194,2200.7453500096476,2212.7732778925442,2222.2736911168336,2235.758163528888,2228.6986317977035,2251.7388041419263,2262.5046532813453,2273.7653811374025,2267.8390574501846,2280.6483915352974,2293.48548859635,2324.76518217356,2336.501236109408,2360.6541950615047,2364.4152652315493,2376.1953331039645,2363.4722222396,2361.130475030153,2373.667934731365,2401.7045012641024,2402.168029848052,2401.9675773270988,2388.4567731345337,2400.2891412844288,2411.288524600482,2411.060865790882,2420.567597920563,2421.711715100166,2450.292077872501,2459.4061064948637,2459.9781085855293,2450.967640178328,2469.0064245793833,2483.088866075091,2504.655659003473,2499.9340922949496,2502.980703392468
394671,255,"Hattiesburg, MS",msa,MS,,,,,,,,,,,,,,,,,,,,,,,,,,,,,,,,,,,,,,,,,,,,,,,,,,,,,,,,,,,,,,,,,,,,,,,,,,,,,,,,,,,,,,,,1160.4828478103664,1208.2786037953156,1194.671906881343,1204.3382497367566,1209.7968603421443,1223.5837664007095,1251.0829415096182,1263.05386962823,1287.583163643265,1278.718086958387,1288.10610590283,1284.3132400460809,1266.1270873420503,1245.8438068940354,1246.2039585701798,1260.223331196283,1264.5047453135908,1271.7081917333423,1277.2135250356969,1292.6517979646553,1293.6528062463128,1293.3479994450477,1308.14564655679,1323.0396173511092,1344.5967550715948,1339.8692884411712,1336.9290731084693,1323.3706177560969,1324.4331183653262,1337.8771611030397,1340.185103064128,1332.2485806560105,1332.5539846062966,1341.996513563779,1342.9669428473117,1339.329924285042,1345.2983556659842,1361.7416238462527,1380.2903562351269,1395.0571420629976,1405.3451922352601,1402.89439291108,1408.4814814814815
753869,255,"Bloomington, IL",msa,IL,,,,,,,,,,,,,,,,,,,,,,,,,,,,,,,,,,,1073.9818925978025,1077.7643701000181,1069.1131370536214,1066.7970843207836,1056.7665103293994,1050.3436673325768,1060.2366917175063,1070.2106371313575,1070.9583779417787,1067.4598227691058,1069.1741499533473,1080.0965756948294,1092.167080549161,1096.943598141127,1089.5975640300119,1087.6616812119921,1094.7273392634788,1098.6648356014002,1101.7936031225054,1098.049641471537,1100.8274219378154,1110.5084370205557,1116.1884586640517,1116.5795221015153,1108.3382903237098,1110.3362727811418,1119.8453198331524,1131.651702976344,1138.6656623354027,1145.9031580498363,1150.706094965834,1135.0672697381294,1130.884549620305,1129.2198917391986,1154.9178783148973,1157.0772034381466,1154.9221171322283,1156.784892964023,1177.526081750164,1204.8865590424932,1202.2408986451683,1207.268074071863,1207.379898023293,1253.083715965235,1278.1874913237712,1321.3640281346436,1309.844752148035,1338.926881756138,1376.3076556493324,1410.54451875403,1417.6808051767503,1417.7644605339394,1435.5489488410108,1470.664811777177,1487.4822614344425,1513.1916032750191,1532.6713605894704,1538.131791722094,1556.8463891048918,1558.3175654104762,1573.8620868898938,1566.783222728122,1585.6202401623636,1587.046779100946,1619.0582271406493,1605.5142657942308,1643.2286759344531,1634.272964781815,1645.1930445163728,1635.2060069996135,1648.8566873339637,1681.122245927147,1670.7457559196876,1695.8822040189855,1686.1970895461266,1753.2599739708353,1745.8460485106539,1746.956166282608,1713.7534931555404,1732.301671041202,1747.8286846224682,1763.3736063393524,1767.6806095775878,1760.297790640661,1776.2148662765323,1776.6527473103652,1796.7752488650876,1766.3628337334017,1775.6361981816653,1797.5612180905293,1824.0842529263373,1830.8036070193737,1831.9350087845758,1846.4457301812245,1856.743739515613,1869.1507936507935
394944,257,"Oshkosh, WI",msa,WI,,,,,,,,,,,,,,,,,,,,,,,,,,,,,,,,,,,,,,,,,,,,,,,,,,,,,,,,,,,,,,,,,,,,,,,,,,,,,,,,,,,,,,1083.7916769499118,1091.3130698038055,1089.7903769058278,1073.6413945488441,1083.660041394959,1095.160370355991,1120.278823293176,1123.9519176558945,1145.5657901358888,1170.0256981209584,1171.6266258270848,1168.8190738924775,1165.815309549815,1171.7014996806056,1184.1441291720596,1176.77877269959,1183.9500376890144,1181.6564066047529,1207.3762777271534,1224.7088165098376,1221.56842818282,1219.3546779103983,1226.9448577371882,1248.8944336210252,1252.427947225137,1257.56584411433,1254.365190230892,1267.2705480379175,1256.4384211259567,1245.3603821089318,1248.564859400971,1261.9064779748903,1281.868818751065,1293.4761645232732,1302.06802927168,1302.8666289929452,1313.7792875754303,1323.1235467676468,1337.9312671539242,1351.6466205780403,1372.269177702481,1398.2155852597557,1395.4638604089753,1393.6484582458702,1393.6527777777776
394555,258,"Eau Claire, WI",msa,WI,,,,,,,,,,,,,,,,,,,,,,,,,,,,,,,,,,,,,,,,,,,,,,,,,,,,,,,,,,,,,,,,,,,,,,,,,,,,,,,,,,,,,,,,,,,,,,,,,,,,,,,,,,,,,1067.4707413944598,1062.7351058866825,1071.6108599472395,1056.844256246207,1056.0693184948934,1067.98045874972,1073.1442818067617,1089.3229213072577,1085.3395452082552,1093.742942227317,1098.48632375596,1077.7131063200009,1065.8031712089862,1069.7804583192585,1084.5091504041816,1099.9587950283674,1105.6214413891582,1109.0320389565768,1105.8225837313817,1102.8485610567889,1113.0854565234367,1124.9727668845317
394651,259,"Greenville, NC",msa,NC,937.1828394220918,935.5673552013435,950.4618507743617,941.9960113208839,948.1977093519778,956.545268426814,966.7802907575099,965.4930149117896,962.8925418441581,959.0234590466379,960.550377138296,967.2127104590372,975.0613471355463,978.1242917335497,971.7207704516608,982.4354511358061,983.734963971047,990.885288787537,989.5153604112542,990.8921827978431,993.5201956079407,995.0148684867512,998.4634814492813,1002.080685304944,1002.4887515324996,997.7465753104212,1000.6728723781065,1004.1620903171328,1017.6021393517815,1019.6158459778677,1028.1549351840247,1033.947999183615,1030.879227784394,1023.3521919875379,1023.8053963085927,1025.6275597196002,1040.8729438973514,1048.9579849615432,1054.2525380079196,1060.9459531635407,1066.6287104896123,1069.4475443036185,1065.8821488592534,1071.7899455415172,1075.330122387433,1093.1248537980953,1085.3851838115513,1093.2711234314436,1085.9699492388584,1105.9443670895805,1111.1941897893068,1112.3299418691818,1110.679137395865,1115.970898923439,1124.5708881899425,1126.8476172246203,1134.9504452827425,1133.990177406905,1148.0864326782541,1148.7399514403705,1154.9310302468448,1144.136209180282,1169.6624426514502,1181.2845978314137,1186.5601411502284,1175.547629921995,1185.1138873283483,1202.8707999632472,1221.8707087367563,1220.6570106261106,1220.7718208999227,1232.5671029809998,1234.282257127325,1252.3649178347894,1249.1960879689161,1271.3129104249251,1298.766762725138,1347.8114720812382,1351.1740083313186,1342.909217612586,1338.9458574275534,1363.2590198481596,1385.059182397001,1388.7900513666136,1417.6169452367294,1430.5689150887997,1453.35659453942,1470.4466768508782,1482.3664583004181,1490.5144651003272,1502.460637699177,1523.0239428165744,1532.9125320849612,1524.8465940044164,1523.0227457210128,1540.5841692733604,1561.383486574501,1575.3197040959649,1597.677556875693,1597.7173625990483,1614.2737182159337,1602.0386104359338,1614.081675837737,1615.8538044476882,1626.5028730088948,1628.78481446002,1636.7054395430216,1652.3833480695662,1649.9897523437835,1647.9264311703437,1635.8407452052788,1644.7276230329824,1652.1375760379724,1676.270665311215,1695.112556278448,1713.127176735104,1711.4143779452124,1710.0997976782255,1720.0626290815205,1716.5223824372135,1719.4847445514695,1728.3053817212522,1738.9744421764615,1744.4890875277263,1743.2061865767027,1742.5346602886798,1734.0214125624047,1729.2756274929018,1736.552365227562,1749.7357921831606
394428,260,"Burlington, NC",msa,NC,,,,,,,,,,,,,,,,907.8197903045359,889.0918990773417,892.1922604521741,885.3207082753058,893.4233174396783,901.6649442475391,910.0415009742516,916.313692906492,917.3093526525241,925.8144073077489,925.3235007731121,930.0586561073093,932.972029971785,945.4733716824619,947.2530500914263,951.1691629646432,946.4320874324743,946.2498774852218,951.2500417936847,967.2456011457599,973.2679635863271,980.069671461732,978.9162336289588,988.6275504584455,991.0911618603353,992.7306915717172,1004.676679145581,1011.3666126773082,1019.2147454845904,1019.1194288399416,1021.518948264263,1022.8981667958766,1035.2977742023702,1043.2248553148763,1045.1177707452728,1046.8800644258442,1052.7380745061998,1060.7153632821278,1061.7595636393246,1067.285679837446,1073.1511270160704,1082.409263039476,1087.330719817715,1087.556128863144,1085.0112919541534,1083.8556731210929,1092.5720164720303,1111.7989843482676,1131.7945413191803,1137.5537545033883,1144.518664341236,1140.3870713291915,1144.6023096524868,1156.9078029233622,1165.492269642151,1192.244269502293,1211.1645878541524,1242.1219806391737,1238.3791525913477,1236.398376724852,1232.1308416821262,1249.199052799731,1263.2635857640469,1282.1432488122728,1296.6835457895554,1307.7217150926488,1331.4356261652308,1339.2404986161846,1362.1868202973983,1371.4737993098436,1393.7568348269563,1416.5921545393307,1436.1774689203535,1453.5772749839869,1474.8359479848154,1492.5671561931576,1503.4972652654785,1496.5434671028074,1499.3078042875652,1503.4398959441696,1518.4377188693081,1519.3266682203048,1540.9715194446085,1537.849569894342,1549.4027715572092,1542.6039389833622,1550.626626662418,1562.9194614123912,1576.1163050807688,1599.0643457036765,1602.0211040915055,1607.1171022763745,1609.1929072017167,1616.320186635226,1623.5058160889075,1641.9721465506625,1648.1903619150737,1668.2352109201267,1644.2213652154483,1643.3873577246954,1639.946544438701,1679.2246010637518,1690.4944882506713,1704.072076587841,1710.0080662240205,1721.1153821830467,1718.3491379932736,1718.4286171470906,1720.32288964412,1719.4679175048893,1743.2759436539466,1746.340794653899,1751.3108850588346,1719.626209432404,1716.6601307189542
395210,261,"Waterloo, IA",msa,IA,,,,,,,,,,,,,,,,,,,,,821.1136824129967,815.4050165038055,821.3503929511779,814.6095023107862,828.8115022723943,819.9271743016408,851.1310201402772,849.1797397593333,856.2759707141147,833.928971439791,833.1892958569056,836.4868494703837,851.8381823719944,861.2531147515525,854.4224701021691,852.6761135599232,852.0322311849995,858.610930250906,853.6539578847413,852.0005557135189,852.3965630328175,858.6980281221289,864.7834096748018,864.8813453798904,865.6106881549036,873.7261804739298,890.0913189095609,888.3169420307673,890.2143799569773,888.2549996635677,872.7174876740179,873.9806931707274,869.8783451061141,881.7552436783665,884.0244321063547,891.3266950025964,890.9913560465473,893.0346033548335,895.9421848137392,913.1971138329243,924.5268826839854,940.9887268698258,904.5969051629547,901.1580577394977,900.8101573047662,907.49819868268,915.0717110455394,921.8610553829747,922.1410663179374,915.9348735644894,920.0974456127836,929.8537422104804,937.051162013083,942.0214850337528,944.328416930803,955.5806231269111,965.6511980050716,970.7108297229817,967.0319310667858,958.5776435086344,959.3156079506226,974.3341903138628,991.0818136264979,1000.188165115194,1006.3262140906769,1004.0367719528617,1006.4849216498704,1009.0577032335297,1012.0058676069928,1004.9047264666415,1012.6569541978494,1030.0618507363856,1042.359195440739,1041.3567367718854,1030.4338974601126,1032.2337094748816,1031.3265097317176,1037.264567523133,1051.9082522605843,1054.7340789608772,1054.4357119410597,1070.7804177682256,1082.0919819158116,1104.0338442533905,1107.3979553303368,1111.4282854609417,1106.6502719282514,1102.7623694104561,1108.9943393492433,1114.140186629845,1118.4443502083684,1135.7823143684234,1142.9160484253064,1139.1334448929408,1138.847392117359,1123.3891480281902,1135.4509124811962,1142.478746756792,1160.130452848065,1172.0705772140018,1177.7508232388554,1182.1895325308735,1181.2278400343366,1175.5551749705046,1179.334812620056,1185.1933818023927,1187.9336249559713,1194.9689450576873,1190.2584334220624,1191.1060834590246
394480,262,"Coeur d'Alene, ID",msa,ID,,,,,,,,,,,,,,,,,,,,,,,,,,,,,,,,,,,,,,,,,,,,,,,,,,,,,,,,,,,,,,,,,,,,,,,,,1797.567368813076,1825.3172859261324,1839.7372917886453,1908.5531296419408,1984.950241199657,2024.450443576969,2040.5543732932515,2054.953980079201,2063.9272166746287,2071.5470537084266,2081.859587678647,2081.505563184736,2105.9006878513005,2143.3462505239036,2185.0521118277716,2190.4726696184252,2178.1056737033146,2179.148689480338,2177.042825330854,2162.4045191850228,2171.1053238639456,2179.219203056195,2198.2327334859974,2187.299493298054,2189.4751614151096,2175.190706667492,2165.3601433039607,2152.169776005505,2157.241940120413,2163.842807167605,2170.4664514721726,2170.896994438926,2161.6274858392503,2171.472382405699,2174.6051022528864,2175.980334003786,2182.0598231261824,2189.6553797233296,2208.4963275073283,2221.894304633789,2227.191978334477,2223.3727324466795,2217.435024111919,2231.0994924839565,2237.1523873444567,2241.6711716351474,2238.7777601643907,2252.6215206518577,2252.426296861985,2255.5603471998925,2247.3243036018484,2250.566452802548,2254.2827841061717,2262.3791252058572,2273.23468338293,2274.3368025256195,2281.5345513575417,2280.4037940379403
394553,263,"East Stroudsburg, PA",msa,PA,,,,,,,,,,,,,,,,,,,,,,,,,,,,,,,,,,,,,,,,,,,,,,,,,,,,,,,,,,,,,,,,,,,,,,,,,,,,,,,,,,,,,,,,1866.6848403255167,1922.2999167962726,1902.9885963199438,1866.354524141554,1842.6547855650695,1880.9549765396775,1886.703267767325,1904.9049911109207,1884.8570240179026,1916.1247783042254,1922.8286731719381,1971.7690011954037,1963.0883696652802,1964.9642609181838,1955.3435908806398,1962.3359782992961,1949.6509618151238,1950.1899356926074,1993.4220572128163,2017.9846645130608,2043.7919709009973,2038.2691623019562,2066.231614888473,2040.0638310098225,2031.6017546996763,2022.0840948736427,2050.0375982513215,2076.851114301009,2076.455729127505,2099.147062026732,2064.4550902369974,2057.510577662765,2049.4415413001234,2050.4837782976306,2038.7176948294025,2053.59016584427,2072.023400383013,2089.5797347866496,2098.180317803877,2103.47616329682,2137.7544720458804,2138.1601776312996,2169.5
395007,264,"Pueblo, CO",msa,CO,,,,,,,,,,,,,,,,,,,,,,,,,,,,,,,,,,,,,,,,,,,,,,,,,,,,,,,,,,,,,,,,,,,,,,,,1210.7211425512328,1232.1810193892632,1244.3794323960694,1231.3750670781287,1250.1361755448875,1260.7387616007793,1277.0775813106368,1283.0494806152738,1302.0841315148139,1318.7524875117467,1344.3405311278432,1347.6496960843247,1351.60800965218,1350.4347030050835,1360.4600041193614,1378.2493080648849,1393.5091746881017,1394.122154678894,1408.1391466243904,1414.503178812666,1409.4415703586758,1408.0708752050832,1403.447809251245,1436.0741000706157,1443.7572586603567,1464.462865240511,1451.095634690627,1460.6265385288502,1446.7811925742342,1452.2817705693878,1450.7322109776794,1449.4723375687693,1470.6085981674794,1474.0555474416817,1491.6490968745507,1479.21398740012,1498.6615611845186,1502.301822831111,1515.1924219514372,1504.1068327680305,1507.4486915304296,1512.2905791886199,1516.7786270231236,1529.3696170530254,1538.6857345854924,1548.6215342880207,1534.7189189191583,1539.0053189454031,1531.1109663458346,1530.118864478925,1536.4368050846795,1548.8266800337483,1560.7623791069177,1565.0255117258787,1569.3329378226433,1568.9732783209756,1561.6555809118622,1562.2559593356054,1574.2158119658122
394392,265,"Blacksburg, VA",msa,VA,,,,,,,,,,,,,,,,,,,,,,,,,,,,,,,,,,,,,,,,,,,,,,,,1223.9851562901881,1224.7510399845232,1244.900150781464,1255.9033919365568,1257.5210663051616,1277.8469682735513,1280.6346297686894,1280.7385936424182,1275.2635581732063,1270.627760798608,1287.015822956726,1298.7047556740017,1319.5029616310862,1343.1642071560166,1342.986076269407,1337.466034979476,1315.3202040153142,1312.047743278336,1307.381224060299,1331.8258289444154,1360.3695762093694,1369.0606828503985,1376.3498966601444,1381.3147666210411,1376.179589049928,1352.6036402676298,1361.2033701095813,1385.784064416782,1399.196847533853,1403.502385261375,1429.6449889808312,1444.2263791193645,1448.5589163925972,1438.4954598274473,1429.0575180532871,1445.5962800296684,1468.5306191867433,1490.4960601574737,1507.3773520451746,1501.5564544357649,1529.0051294132404,1541.1941791362997,1538.3165915996403,1533.3676716051073,1544.0823709695876,1561.6977706761645,1581.253694689172,1578.57294009687,1607.3796200216,1610.0708468333908,1623.0541251512236,1621.8275388539028,1634.5897081959135,1645.2685263953408,1654.5643651181697,1654.4179148321273,1643.3893600840147,1647.666015964303,1658.4799555565367,1678.6050645276518,1678.7635479388575,1699.2052353563904,1698.1451321069312,1722.612601505577,1716.7480728519442,1733.5551444760997,1732.9112047628375,1750.122756768513,1730.1810860501312,1748.6403759393852,1768.2800946697757,1769.3467194636664,1769.5863274979567,1768.7652002287139,1780.0237091334347,1783.6830181468022,1797.2901638214225,1798.4983403429371,1816.995073926913,1827.668604774688,1870.1370324460354,1873.6931118104005,1873.0437995674117
395215,266,"Wausau, WI",msa,WI,,,,,,,,,,,,,,,,,,,,,,,,,,,,,,,,,,,,,,,,,,,,,,,,,,,,,,,,,,,,,,,,,,,,,,,,,,,,,,,,,,,,,,,,,,,,,,,,,,,,,,,,,,,,,,,,,,,,,,,,,1266.4399474302784,1262.1497174891367,1278.436106603981,1302.8317703141738,1320.7107065733273,1355.640091189731,1370.1871171621608,1386.1796418624863,1394.0425180272498,1425.0555555555557
394731,267,"Kahului, HI",msa,HI,,,,,,,,,,,,,,,,,,,,,,,,,,,,,,,,,,,,,,,,,,,,,,,,,,,,,,,,,,,,,,,,,,,,,,,,,,,,,,,,,3328.1100264593506,3340.411000753343,3363.3887982587776,3497.4503023084835,3570.3852840341815,3431.025217142251,3395.8368530529538,3433.9615482523045,3492.7014500908244,3442.812275772264,3460.0870621849244,3458.9009917013227,3521.3711102056945,3567.4910957581214,3693.150561429926,3758.8062152912175,3693.1378461562317,3567.2833074654013,3493.319424734899,3507.805988277773,3612.109236595981,3678.675223096407,3782.1569960460706,3723.419233240382,3809.820888638379,3891.2269724060566,3897.360730743093,3830.6200134497894,3857.5223692223267,4041.9135652453633,4119.901713449442,4138.218918676435,4075.439514906437,4115.481158213537,4046.6933842546505,4036.5129831875593,3934.284200619795,3937.1202631180254,3900.57781810616,3928.4169416589393,3955.1252435627475,3930.3919433505075,3944.1609057384535,3944.460880973661,3951.139364208601,3926.9594656603535,3952.568519935979,4016.14664017959,4072.510810230416,4059.404761904762
394720,268,"Janesville, WI",msa,WI,,,,,,,,,,,,,,,,,,,,,,,,,,,,,,,,,,,,,,,,,,,,,,,,,,,,,,,,,,,,,,,,,,,,,,,,,,,,,,,,,,,,,,,,,,,,,,,,,,,1327.7371858253673,1297.679999286572,,1314.7768750035195,1325.2567115831089,1325.6650974081995,1329.04776368728,1363.0047860079756,1367.808265976136,1369.9506515550856,1344.0454689427945,1369.2316771301914,1389.6704021423611,1415.230002377077,1399.1202747462255,1394.3669797168247,1382.5991626134348,1415.6972226062512,1423.5837452461947,1444.8544956053913,1447.850784000981,1468.6150977666543,1482.537743293766,1476.5640157979678,1456.835941718858,1460.0265771522052,1480.0808200340555,1498.730815699515,1515.9058335384714,1513.5281409576783,1522.6220031766004,1511.611111111111
395170,269,"Tupelo, MS",msa,MS,,,,,,,,,,,,,,,,,,,,,,,,,,,,,,,,,,,,,,,,,,,,,,,,,,,,,,,,,,,,,,,,,,,,,,,,,,,,,,,,,,,,,,,,,,,,,,,,,,,,,,,,,,,,,,1248.7791410471102,1270.0791966772342,1251.7097289829921,1272.7792457790874,1277.9513194926424,1304.1195438393484,1298.2148196640937,1295.2351621296848,1321.259812624951,1308.469029355111,1321.8804887549281,1311.4679676315543,1334.260654451704,1314.5970056165338,1336.9046703155523,1338.9819178723453,1369.1395493474613,1361.8005433519274,1394.8687290484934,1418.908018065043,1431.0
394393,270,"Bloomington, IN",msa,IN,,,,,,,,1297.44855182531,1323.9648200458457,1319.5100202711744,1341.8897294725227,1340.4544370381052,1334.6847326535242,1320.7659090421141,1330.4671982490406,1332.543325256654,1349.1464885414118,1347.155081645164,1357.4804343108717,1363.1742215376948,1356.2126729632994,1356.3827531162829,1360.0916768842046,1369.1487315424306,1378.4188679590345,1390.3562472597025,1388.1458935379105,1394.5029688293237,1401.258204339357,1399.4941467904855,1407.8609736771025,1404.5077281500648,1422.7454158932762,1422.2316839529185,1428.706878940398,1426.8589597580374,1429.3841877954621,1430.9543857699696,1443.8857754739659,1448.618169157266,1452.8916974747333,1460.640757561546,1456.4056765056912,1463.060766646012,1470.0772984284208,1483.892534957176,1495.2308952445026,1492.360341995088,1500.9761947519244,1510.0808844327105,1512.4475504382785,1518.4949188800094,1521.8207754636744,1531.5709339616392,1542.5578991521702,1553.0676060797368,1553.4504757774714,1557.803451489726,1559.2827746735684,1575.7996019599514,1581.2250842454278,1586.5695317167617,1575.108963226706,1579.6136962094333,1587.230806655573,1592.4962164694073,1601.0695961805557,1596.854114465825,1615.2105142711248,1616.0785210963732,1630.153259669717,1637.9612211122198,1652.1494125510947,1668.1582260157822,1678.0117368842225,1671.0756375968806,1671.3877961247454,1687.9390742657768,1716.0099938456935,1749.578387071375,1761.345680595946,1771.2161023749989,1778.5941565486219,1768.9632414230155,1769.8006333993353,1778.0350530696282,1812.4945968727122,1840.3420721181096,1859.116018024452,1872.676297951568,1884.705830740729,1899.9747058934524,1914.1140864634845,1922.0191606321,1908.9696010050175,1919.0387540677987,1921.6352623154928,1929.5775831605893,1940.6019229352137,1977.8986619435766,1999.1880613271464,1997.2412106371412,1989.6651961991706,1983.8882799910673,1985.0849594278404,1998.719479017664,2027.5865876583805,2060.7560607609935,2070.539275015819,2067.9967047738987,2053.760166160581,2048.003542083388,2070.1825355207457,2097.167733745717,2123.711932890341,2134.7031430609004,2141.2923016535156,2130.1736023323147,2135.7949942289006,2129.8238328512134,2143.2071348099244,2161.648928419168,2181.89629738106,2184.2806552337684,2174.7318900455034,2173.9660707339804,2176.558676869781,2189.4097690541676,2203.208732420902,2225.557020842735
394930,271,"Odessa, TX",msa,TX,,,,,,,,,,,,,,,,,,,,,,,,,,,,,,,,,,,,,,,,,,,,,1985.4844181473627,2015.2657092642428,2021.8419950467471,2007.6912114730972,2013.8246608697575,2043.2263384413761,2075.02484919666,2060.2210850158276,2067.2157015840653,2067.536308725055,2088.695471790934,2043.7801958460855,2032.3119310757359,2003.5528525437269,1993.2668781427715,1987.6182722921694,1972.960176099339,1955.5166903123543,1894.5251846067238,1877.1897739974731,1809.8575209325365,1800.2712356549225,1758.6395469888357,1748.6923602916204,1729.5191131707627,1709.359655891657,1689.843231902995,1677.7428329745974,1693.4002311296006,1706.2088216210357,1721.4653477933125,1708.5354902489214,1748.334679165971,1745.02187926814,1778.5655587477377,1797.479575991691,1825.1908537346883,1836.557435101937,1847.1492772946815,1849.5038475907438,1849.4558936171106,1851.8006167736364,1861.1289271039088,1871.1647168187958,1868.336090213049,1883.7173418331163,1901.0519890359428,1902.7582340321862,1899.8751563471085,1916.9021308170297,1919.3650389855775,1932.8474409433545,1942.2294125529866,1954.4052062421583,1957.8274972914594,1984.825027245081,1995.065963146392,2001.9454451832173,1968.36028045411,1986.4187005380797,1998.3133793389875,2015.9345673815196,2026.7017807686464,2043.8057300612747,2060.422751885083,2065.76109027084,2072.6346411092677,2068.6424895849955,2080.5032771938063,2081.037998218514,2091.3285657601255,2104.7058159763187,2095.91827738842,2112.047783060289,2119.7951736085834,2118.5676868723085,2119.357672496209,2126.891104393193,2135.8146269155372,2141.914038784871,2144.7725258740516,2155.3286542896076,2176.358800215321,2172.751516055876,2189.7605858929546,2180.4747474747473
394710,272,"Jackson, MI",msa,MI,,,,,,,,,,,,,,,,,,,,,,,,,,,,,,,,,,,,,,,,,,,,,,,,,,,,,,,,,,,,,,,,,,,,,,,,,,,,,,,,,,,,,,,,1043.5719496662173,1050.6935507507587,1042.4712296180292,1047.7094294241986,1063.9135268588973,1074.7628065997185,1103.3148579309468,1125.180689365829,1149.430814341572,1153.749499921637,1142.4136461323621,1147.495166258006,1155.0515609523454,1151.9860356080615,1169.4833363229034,1157.2800041824553,1154.1368260800466,1147.9564228040392,1172.6595084195424,1204.4493063801422,1222.6580308951652,1218.985148451553,1215.8433068141,1207.8440783243352,1213.710077516446,1224.2310295023638,1231.6497287852153,1245.2366831705026,1247.349186608284,1267.1584158200856,1270.2609766624244,1258.2267016709352,1251.221985741739,1265.5789709549692,1284.753637277859,1302.0673017658585,1309.1250877789007,1316.6928991346895,1318.7627573591876,1327.7744357616236,1338.0930658897373,1336.7971015159314,1328.1944444444443
395125,273,"State College, PA",msa,PA,,,,,,,,,,,,,,,,,,,,,,,,,,,,,,,,,,,,,,,,,,,,,,,,,,,,,,,,,,,,,,,,,,,,,,,,,,,1488.5956439195315,1492.6355714533338,1481.3912601603456,1478.7563655154627,1483.3641875329185,1500.0777034002772,1511.2394897289314,1534.7115463415766,1534.745026534355,1577.9915848593014,1572.9441836450658,1542.8232106745575,1532.455152844777,1562.4469336340496,1614.8083944776129,1631.789796221364,1639.6133771795187,1651.367779015535,1654.6801181127626,1653.8089491724993,1659.6640889026517,1657.457892802494,1669.3425931308523,1696.1687434199598,1706.9049074854843,1718.7711877419736,1717.9804013088624,1737.688230547987,1737.1051072969074,1741.1783525195392,1738.573416358007,1742.1114511297649,1759.322588724033,1752.5273097533204,1783.9238548254407,1790.5794840888977,1812.0010578809633,1797.2831804834525,1804.9382205992256,1815.756952225492,1842.667948524566,1838.0206453661688,1816.0467379583888,1815.9463950095892,1817.3658391548013,1833.250605816048,1825.566284674602,1836.3278142128947,1842.3184323182766,1868.707269840978,1882.7705673445755,1894.63870351926,1908.933064265051,1947.4566739728,2008.9668182230876,2055.689393939394
395079,274,"Sebastian, FL",msa,FL,992.2648224547265,1019.9924030934677,1050.318562722185,1050.0920619392225,1058.2107832776294,1060.6515055327231,1076.9003737153246,1084.6649712866288,1088.2559503361413,1108.6250217027168,1145.247700580319,1157.5635454820417,1142.6908013807222,1121.6646622826595,1123.2300385883998,1137.2091416801916,1141.8135016989247,1141.6392067278252,1146.5153186093019,1155.7223119415446,1162.0971988233548,1151.9275766027165,1165.3941829401087,1183.1697406616265,1211.099436750157,1216.5406154978398,1235.9883371077751,1244.3993147364586,1250.095426044467,1245.3883114463415,1243.2461553286807,1250.7891246837219,1270.9741574048758,1286.0726238886728,1290.966949913327,1298.2109533641224,1313.3246983031565,1327.1067194908942,1315.0572328851706,1309.91151161506,1320.8093166482793,1337.954345536246,1354.0855113505079,1345.4954074176474,1340.9066510815767,1335.9925875960078,1342.4758546953717,1342.7235897931457,1349.7963874804602,1361.5695627537336,1376.9409714906142,1390.7361387063174,1394.5821042044915,1399.4139111355819,1401.8658776198747,1417.2562065199172,1423.5403056936427,1435.7270860883261,1437.697559132499,1442.951424693413,1436.867575327193,1432.8085644719322,1457.2263724492095,1474.43665706035,1484.4694115274801,1483.1263543004895,1476.0666329108124,1500.283421491347,1530.031341739865,1567.9643585449971,1583.3449217096168,1582.039058824994,1584.717467294365,1593.4620631609957,1629.4409608514272,1673.2322177534293,1710.8686369866612,1745.7834910009408,1816.3327559979907,1840.7540352952833,1859.4512122680742,1827.3565022727694,1860.2942417896413,1921.279882921118,2008.1938607790544,2060.5113235016725,2061.1172978701347,2046.2792134563226,2040.090448075345,2100.087571987993,2097.5451430966536,2127.2024517689943,2106.5067132987438,2170.8913869843223,2176.616089863689,2160.222724450793,2145.296172896907,2149.0716511884752,2185.3559986069595,2196.0978027168385,2225.9223039903404,2162.6201282537836,2162.3307428046164,2166.8662043996333,2251.3634700308544,2257.5244802745124,2261.487779432251,2250.0452865525954,2255.274626498702,2279.2463398982472,2298.509574961772,2295.0516483503466,2283.063280238112,2308.275584006677,2324.9950603202474,2320.7102896962033,2307.901384283895,2299.3634833999245,2309.2858279337966,2335.397475939184,2341.5765877749577,2331.134186680478,2317.529247464769,2335.876681848803,2348.553491391121,2362.926280128841,2364.4994783608386,2373.8632098251223,2359.370761300508,2364.464360201202
394814,275,"Madera, CA",msa,CA,,,,,,,,,,,,,,,,,,,,,,,,,,,,,,,,,,,,,,,,,,,,,,,,,,,,,,,,,,,,,,,,,,,,,,,,,,,,,,,,,,,,,,,,,,,2002.2050252329248,2012.6571241103513,2008.2159474937016,2020.1956626298158,2040.7410179939332,2090.1636089065796,2087.2504738746975,2101.201542612166,2084.859422245608,2115.7865721118787,2076.7962942593026,2091.1092558567466,2083.609926903338,2107.7713935053766,2103.6010072263057,2120.3017065412882,2142.2167273483456,2175.908228376382,2191.082194718806,2247.8382896817416,2228.892353178985,2229.939761003529,2204.793217428985,2215.439746490588,2258.5325781684273,2244.1237646935524,2256.908029552177,2239.6815200084984,2236.59924422356,2214.4451054079905,2238.6715647512574,2220.441644532294,2257.4494993760713,2261.6790847592115,2313.9452129005053,2332.57239065595,2340.369313558295,2377.173891800036,2413.7926952382577,2462.8333333333335
394523,276,"Decatur, AL",msa,AL,,,,,,,,,,,,,,,,,,,,,,,,,,,,,,,,,,,,,,,,,,,,,,,,,,,,,,,,,,,,,,,,,,,,,,,,,,,,,,,,,,,,,,,,,,,,,,,,,1221.8434088006625,1219.5658730686662,1230.8320829334864,1238.786132904092,1254.6255858656755,1257.1060886310427,1262.0978827180113,1273.250721407115,1280.1982990351273,1299.1154138121196,1295.550693825785,1313.437047855446,1311.3665929239105,1340.9660312102142,1336.2541273119807,1331.554160639758,1324.9883823218747,1327.9565960804139,1344.025637594612,1335.6727103162893,1352.6796485188602,1344.6008437003948,1352.7480084843019,1347.2300093890626,1355.9397950733132,1355.7465537125283,1368.7467488924115,1381.5382515325896,1386.7853448159842,1397.6589509339392,1396.190332442885,1413.8248622841872,1412.5056914280574,1427.2380952380954
394453,277,"Chambersburg, PA",msa,PA,,,,,,,,,,,,,,,,,,,,,,,,,,,,,,,,,,,,,,,,,,,,,,,,,,,,,,,,,,,,,,,,,,,,,,,,,,,,,,,,,,,,,,,,,,,,,,,,,,,,,,,,,,,,,,,,,,,,,,,,,1478.5183457728942,1504.694401872323,1510.3844896456692,1513.857149907276,1507.0405943755002,1509.5869993791287,1518.7126083882176,1520.23827166285,1516.1846873802826,1507.3809523809523
395193,278,"Vineland, NJ",msa,NJ,,,,,,,,,,,,,,,,,,,,,,,,,,,,,,,,,,,,,,,,,,,,,,,,,,,,,,,,,,,,,,,,,,,,,,,,,,,,,,,,,,,,,,,,,,,,,,,,,,,,,,,,,,,,,,,,,,,,,,,,,,,,,2052.4606967144555,2055.493410882977,2061.788332010008,2064.5408706350318,2104.7197126186666,2155.0
394703,279,"Idaho Falls, ID",msa,ID,,,,,,,,,,,,,,,,,,,,,,,,,,,,,,,,,,,,,,,,,,,,,,,,,,,,,,,,,,,,,,,,,,,,,,,,1435.6023178598798,1474.626033610135,1475.0296454338331,1543.3151568865082,1555.7165284585556,1597.6202805000398,1607.338813693346,1637.3014001336314,1653.1624373497061,1691.1085154295556,1720.646540187567,1724.8182107834912,1760.1240458106404,1763.8567994182679,1785.6294320182608,1769.3181188520364,1793.2899246009767,1801.711021010522,1805.2922742487626,1803.258454735705,1810.6919499431058,1811.5933449758647,1805.9343617438733,1796.0424855168037,1807.7450338029291,1813.919539836412,1826.8346709708992,1816.3746880891858,1803.9498361528535,1800.6179964976407,1809.8116874423115,1828.0670661574604,1833.1119737966712,1838.893899679331,1837.2731466238445,1848.4033063315255,1843.8424571613054,1856.6193944305555,1862.223597140514,1873.2205313555287,1874.818504001572,1871.117302105439,1878.2398804510751,1872.8702233145184,1883.0360815687345,1890.4448919306171,1900.6813552778337,1906.6050333603453,1908.8271991131332,1904.193144701491,1898.4267269054928,1903.9910133680887,1910.4681537408997,1917.4840831947665,1911.0508737710536,1909.0167134846388,1898.97780663836,1890.1421329758289,1883.0625
394639,280,"Grand Junction, CO",msa,CO,1020.6188035639157,1028.496149177961,1023.7547798312307,1023.6675814795868,1024.6003840366773,1029.5493288866926,1032.0334214103468,1028.0032711376723,1032.1566523500735,1038.1763915081763,1044.96068199233,1051.7980263900172,1051.6403558899551,1051.4314346180242,1052.2374986939744,1055.9425161413176,1061.4576158407792,1059.8900294576933,1064.9681115630835,1069.8305802397674,1075.352536261937,1073.647133832099,1073.0231248664877,1064.2038799001466,1071.2646932488694,1073.8226184500202,1089.9207256721504,1093.1056672915943,1105.2425870107588,1112.6636977258356,1119.055744684891,1113.7795684995176,1107.9654444750556,1115.995630543256,1131.283848788183,1153.6010804095333,1156.6496229985441,1160.4509298967146,1161.3770929711673,1169.7768071558871,1174.0720925255237,1185.3193022360442,1197.0684863653928,1211.6994046023722,1214.87663497285,1230.9582460459453,1231.0757861139857,1242.587741123701,1238.5032596014098,1246.7521151465955,1252.5157706929492,1258.8025320394117,1263.590827069391,1267.0565627133992,1269.4809846065327,1276.1944602438632,1292.0711890016078,1292.1126222346115,1300.9121524883817,1299.2233224297358,1316.8276995735926,1325.7402878684554,1320.213236085932,1305.76410255884,1299.2931934989015,1321.2445146901455,1340.1712148473414,1336.8488280360893,1341.20203688631,1358.12317283304,1380.0005174530988,1399.1455675281097,1415.7326137221312,1411.5316287409794,1440.6570819292526,1457.4132099438875,1484.3188466531903,1493.904112318489,1520.2280788648286,1551.3303288866368,1572.8905561690322,1561.5530835008565,1581.7330375015672,1592.1979660786728,1609.8830272341568,1624.8259500825643,1629.5085109249885,1660.6330145589618,1665.366307064477,1686.4286463245057,1678.23795772533,1675.884333565796,1673.3137516861814,1690.3010038135421,1707.1290398872848,1723.4383888894843,1730.7951376884932,1723.9836691015107,1714.4215760624604,1718.6194381120786,1733.8246758390487,1748.9372895942747,1753.2088239405223,1761.9038001156396,1766.2767350672318,1809.2917629193328,1800.071147590701,1811.5810686901814,1792.547888702758,1829.5273005174092,1856.0162291077477,1872.607652260234,1879.1775999575957,1874.613845678562,1889.2103261146708,1900.326536633352,1914.8869485414507,1913.4589910893205,1932.5116741028453,1937.27694671766,1969.2110627996396,1963.7799272466457,1969.1665868838518,1969.1447557895178,1976.2864961176078,1988.7631974425346,1996.9832021896548,2003.2796233258807,2008.7254360912793,2002.2549019607843
394563,281,"Elizabethtown, KY",msa,KY,,,,,,,,,,,,,,,,,,,,,,,,,,,,,,,,,,,,,,,,,,,,,,,,,,,,,,,,,,,,,,,,,,,,,,,,,,,,,,,,,,,,,,1323.2731306766168,1308.4923672045566,1297.1074524902983,1291.5905838699416,1323.476301453146,1342.7781229467812,1348.1909449820275,1365.6946208979832,1388.2992336457958,1371.9223626958812,1398.1322270554558,1414.4510876439142,1459.8232143864861,1471.5822230824829,1477.8521334460606,1511.0957588338492,1522.1804677056716,1539.973881380775,1548.8745349415167,1548.4802357241297,1567.7499228769016,1584.5902389401379,1605.4099962068103,1602.7045558749487,1580.9928075455916,1610.9316782684864,1626.3444577863934,1636.5006189064673,1611.9376236901471,1605.2334253591575,1601.201018390578,1610.7124709160032,1610.4684238046668,1618.791837953242,1606.6165611926563,1612.1259296122162,1615.6976020996947,1607.3005511993856,1612.2866921948716,1607.6320034656362,1630.8702610936277,1640.4263359446084,1655.3467194671073,1661.7412858176067,1665.1994301994303
394917,282,"Niles, MI",msa,MI,,,,,,,,,,,,,,,,,,,,,,,,,,,,,,,,,,,,,,,,,,,,,,,,,,,,,,,,,,,,,,,,,,,,,,,,,,,,,,,,,,,,,,,,,,,,,,,,,,,,1631.4702926130074,1679.1251042729002,1664.4950756976941,1664.1567640130784,1654.4279651723666,1671.172016129948,1706.7954025206668,1718.0739224792258,1719.1809225382349,1716.705526528208,1747.6592411027234,1769.2415183725107,1783.0738414159696,1745.6317921401442,1757.3869002947038,1755.9549893669891,1798.6803398571667,1817.6206491981927,1818.5144429215309,1833.7361352600185,,1860.0803081471117,1858.2535126145663,1874.9236385263723,1886.158507483673,1905.4077118600937,1911.6997807022947,1925.378108803635,1919.540421928851,1916.8486149266214,1914.111111111111
394873,283,"Monroe, MI",msa,MI,,,,,,,,,,,,,,,,,,,,,,,,,,,,,,,,,,,,,,,,,,,,,,,,,,,,,,,,,,,,,,,,,,,,,,,,,,,,,,,,,,,,,,,,,,,,,,,,,,,,,,,,,,,,,,,,,,,,,,,,,,,,,,,,,,1347.642857142857
395066,284,"Santa Fe, NM",msa,NM,,,,,,,,,,,,,,,,,,,,,,,,,,,,,,,,,,,,,,,,,,,,,,,,,,,,,,,,,,1715.4422955706384,1710.8390758143578,1701.847012428793,1715.1366059341944,1744.0202917670658,1735.2851518360053,1713.506915744851,1714.7241364936242,1708.0247688691693,1706.4363883867404,1710.7572978064825,1706.6699691623692,1769.3971413239797,1811.6587908414767,1873.5818020018532,1871.866933328079,1873.6208445963082,1903.558858673119,1912.187336966798,1932.0575535719918,1966.1528575774994,2048.773809796823,2089.3589627887354,2098.1912694335865,2066.504699542457,2051.4725094558025,2065.220389746736,2090.1066089951687,2145.357118999314,2157.870539399399,2214.482239333205,2219.092505759734,2245.3757883976,2222.6537131005557,2244.1579454303105,2277.776943543989,2300.8495751947735,2306.800411422122,2315.67220455792,2335.8544696664376,2327.1496706609005,2329.235020706386,2356.1789402105856,2405.5363001287633,2420.1313527920124,2379.5979562449497,2381.5683293275965,2391.388037838804,2459.788523714764,2464.7960063172977,2482.2399027662727,2472.2473032317057,2494.038518842323,2514.2197980987266,2499.0114892833512,2482.976731977887,2482.070250683055,2550.7308536986266,2563.4115188091905,2596.589218305955,2533.0105138473814,2560.271316735076,2568.573282935727,2592.002313511135,2598.5804176795905,2609.942961944442,2626.7199950751988,2644.519837208726,2663.191858292324,2663.6515652914836,2679.494189901799,2673.9402642413174,2717.658313908314
394493,285,"Concord, NH",msa,NH,,,,,,,,,,,,,,,,,,,,,,,,,,,,,,,,,,,,,,,,,,,,,,,,,,,,,,,,,,,,,,,,,,,,,,,,,,,,,,,,,,,,,,,,,,,,,,,,,,,,,,,,,,,,,,,,,,,,,,,,,,,2603.5534682287484,2715.560537027496,2772.8453882818767,2814.082358792875,2702.1354205516677,2716.41917191465,2733.6325992105103,2783.3333333333335
394314,286,"Alexandria, LA",msa,LA,,,,,,,,,,,,,,,,,,,,,,,,,,,,,,,,,,,,,,,,,,,,,,,,,,,,,,,,,,,,,,,,,,,,,,,,,,,,,,,,,,,,,,,,,,,,,,,,,,,,,1052.0909859713897,1067.9381806956428,1077.6222571871365,1081.7948503677567,1078.891187107907,1085.2340364429338,1076.868520839448,1090.1385384475773,1097.3246402132738,1097.5233425639478,1105.4788942321084,1087.547330983495,1106.0744857726484,1100.7302969652978,1121.7611459865077,1118.9549405173132,1127.4083871917014,1117.0040006362149,1126.8176902074629,1122.956591001573,1123.2698394479114,1149.1616893740838,1161.3574277562107,1185.3747959020516,1169.766867266077,1175.031133876957,1168.3208588863536,1179.789294746527,1189.787945336877,1207.857142857143
395163,287,"Traverse City, MI",msa,MI,,,,,,,,,,,,,,,,,,,,,,,,,,,,,,,,,,,,,,,,,,,,,,,,,,,,,,,,,,,,,,,,,,,,,,,,,,,,,,,,,,,,,,,,,,,,,,,,,,,,,,,,,,,,,,,,,,,,,,,,,2058.730311580802,2049.00739353301,2099.691492033989,2086.459113006131,2127.2207140199903,2142.340434461418,2179.7114521696208,2204.489451648914,2228.083505329631,2255.071428571429
394359,288,"Bangor, ME",msa,ME,,,,,,,,,,,,,,,,,,,,,,,,,,,,,,,,,,,,,,,,,,,,,,,,,,,,,,,,,,,,,,,,,,,,,,,,,,,,,,,,,,,,,,,,,,,,,,,,,,,,,,,,,,,,,,,,,,,,,,,,,,1781.190312445321,1779.8841371887108,1782.4063056746816,1813.9599199579218,1826.7036433459834,1830.3069187864908,1829.1796422829389,1829.9659493543945,1819.388888888889
394685,289,"Homosassa Springs, FL",msa,FL,,,,,,,,,,,,,,,,,,912.7023030296448,915.8635623726162,919.369641876924,925.8628495464967,941.3904573436961,958.7020105048757,968.2364498216705,965.385911152678,971.3877181316708,986.7592662187516,998.6168109165905,1008.9391508893935,1005.0581799283804,1024.8238499965423,1028.6270782883212,1048.7765546684898,1049.0123497589393,1048.1137259651744,1045.3385124822848,1059.0514176423646,1073.8944851897113,1086.2701324696625,1088.1815858866516,1091.690418784392,1089.8626726211887,1085.4760594492482,1082.928196489082,1087.0150891945761,1094.4281036312448,1094.8692091660814,1091.4802942214333,1093.4417716722078,1101.1930706236262,1099.4350044226157,1107.1511995828112,1110.0969216410465,1123.9313685936515,1132.0977700809008,1146.8726805035462,1148.4884123792272,1155.670052011375,1169.995436988036,1190.9228620558026,1202.7859393716394,1208.8286833678874,1183.1480679834847,1184.881759205157,1169.7558368890825,1176.7079053667258,1192.6958333068653,1212.2855941597807,1220.8484386776263,1231.6625264542802,1241.1205920793047,1248.6645729006198,1290.5151740961787,1314.1382898214981,1347.2445609274653,1366.1720714267549,1394.5317675357992,1407.0728329916096,1403.7328707177105,1421.9504565718146,1451.029507222886,1489.2191919244083,1509.7592696709967,,1530.7161044503764,1532.960006649219,1542.8023658342138,1559.4427515163134,1579.6619859144307,1605.6098385289652,1624.4368716371073,1626.9620411057663,1633.8817531369605,1624.94202145496,1638.6716701161783,1650.0983691994406,1661.2671990344709,1668.5007526481259,1656.4814762996066,1657.8534838242554,1670.1341098388882,1679.20131713124,1686.5886268502554,1695.0281968242807,1699.0433928257023,1713.5243181965707,1732.5022468148456,1723.7172713373268,1721.7027149141165,1714.0048725515258,1730.7669031202017,1740.187221158982,1733.7045185864913,1738.2298455702976,1742.4474619229434,1747.9899459234464,1746.847208431905,1750.9447550713849,1740.5664420498106,1752.1778844564112,1760.0383016016474,1773.9539334103367,1775.4691287720566,1774.274985855314,1777.8987877224006,1773.4575420357837,1771.4986984641523,1770.2050152896863,1774.3145138462708,1771.7597326649957
394662,290,"Hanford, CA",msa,CA,,,,,,,,,,,,,,,,,,,,,,,,,,,,,,,,,,,,,,,,,,,,,,,,,,,,,,,,,,,,,,,,,,,,,,,,,,,,,,,,,,,,,,,,,1841.2766893079406,1870.0154689637657,1879.0643681275099,1909.5702947410568,1922.162347012887,1930.1794836101972,1941.1782702379726,1955.5791584560718,1971.8243487971881,1963.910943782383,1949.9051625728148,1958.2109519563514,1960.5836049776492,1972.8132261155138,1977.0189082647603,1991.6616457452205,2012.9004606380056,2016.1321938890856,2031.588808087913,2004.1645892113786,2018.1688330097788,2009.6905158968946,2035.3603671281503,2055.491698769898,2071.6977379570008,2091.664414039415,2085.70642013372,2096.66478471113,2077.7854218283774,2083.4525993209286,2082.0479602943515,2110.6370630816627,2109.939481163734,2134.9903039660376,2141.84631259205,2142.173898386863,2147.958472316919,2140.8009220801364,2161.241945365031,2159.458689296224,2180.683332225514,2193.141025641026
394723,291,"Jefferson City, MO",msa,MO,,,,,,,,,,,,,,,,,,,,,,,,,,,,,,,,,,,,,,,,,,,,,,,,,,,,,,,,,,,,,,,,,,,,,,,,,,,,,,,,,,,,,,,,,,,,,,,,,,,,,,,,,,,,,,,1422.6300809375082,1453.363141850286,1463.930793221903,1464.7979540323165,1485.8098552448494,1495.4484985933898,1493.6889603385189,1488.871325695093,1499.795136115434,1523.4228853699226,1547.6807465657732,1546.6321526246682,1545.2711117284102,1552.3921436524297,1548.3010318589447,1555.459467110612,1532.2206808144144,1547.7668079651262,1579.1012789162414,1601.9444444444443
394598,292,"Florence, AL",msa,AL,,,,,,,,,,,,,,,,,,,,,,,,,,,,,,,,,,,,,,,,,,,,,,,,,,,,,,,,,,,,,,,,,,,,,,,,,,,,,,,,,,,,,,,,,,,,,,,,,,,1184.6585923267326,1190.0107766212652,1221.619388108757,1222.5387400676432,1226.9592643147812,1235.7844521327077,1247.601042259993,1264.2495384433435,1242.427442105202,1259.6317710802766,1262.4556764394179,1286.0041560684372,1307.3855682945207,1305.2553762593877,1305.3201052628797,1304.533982324272,1314.522710158338,1335.397315902569,1347.93398580322,1355.1190715975727,1381.1487831116474,1390.4270659178874,1399.05842633318,1399.120135214766,1400.931787745043,1414.7765932402876,1415.6772083373219,1429.0107464972068,1437.275683228999,1432.5369408525632,1424.8593008847258,1420.857142857143
394537,293,"Dothan, AL",msa,AL,,,,,,,,,,,,,,,,,,,,,,,,,,,,,,,,,,,,,,,,,,,,,,,,,,,,,,,,,,,,,,,,,,,,,,,,,,,,,,,,,,,,,,,,,,,,,,,,,,,,,,,,,,,,1389.5700517365067,1397.3396833257584,1392.2711960136332,1409.0079441936903,1406.7311537317275,1429.059966789929,1404.4640464161102,1403.8711939203972,1418.4569742913634,1443.6144986598993,1455.9316578968771,1436.5928439900283,1440.9252583509406,1438.6696385830319,1440.7638590969407,1435.9621762421964,1457.5755381175536,1467.9925904653596,1504.6407457129592,1514.696965220224,1507.4922032848406,1480.106372632498,1462.142857142857
394306,295,"Albany, GA",msa,GA,,,,,,,,,,,,,,,,,,,,,,,,,725.0831965450524,720.1833620120109,720.3044999557316,722.7169329751616,724.0941999651726,727.4702991164307,724.9409447254305,730.5874347564906,726.5674919690751,729.2551984208836,730.5640766361279,739.3575564146502,740.6724034103132,735.2085303019458,733.8300703995889,734.5603481080831,739.8037376054065,742.4341366272489,746.2650775418691,747.9388924863688,754.6053018731731,762.3683214755971,764.6911588198376,762.7577370729889,763.8999721962788,773.5586724897004,778.6382644691353,782.1558058383735,781.7591152460916,783.0213205436683,787.7172410818447,790.5354643006847,793.6091691041075,792.0162002600067,793.8132140600972,796.5867220713055,799.8303841011098,801.8916954740911,814.6332756805162,816.1836664302376,831.7774045353887,838.9339594932962,848.8500242267631,857.0444558847787,872.9498151348101,880.8996595163104,872.0949242846754,864.1641451439027,870.7484379534931,888.730871826029,906.8473567483641,922.2339967169204,929.1493708602213,935.688721573262,945.4994674688832,961.6854074396628,955.2413899397172,973.428491793975,990.7564214739809,1027.7940656789897,1031.0012172663821,1039.5229529822936,1037.0961501385168,1053.6343352586262,1063.2815249220612,1077.1920367677183,1077.4808337755996,1074.898304034802,1085.131906338478,1086.8352898965923,1091.3386959255206,1083.6051025677257,1084.9388426452226,1087.7739905469516,1093.984797280469,1088.8027003336647,1089.6977693870165,1092.1904607246936,1100.1413382558733,1110.1980888206242,1125.9435482607564,1130.917850063695,1147.9243382813033,1154.930712416321,1167.5730378972148,1161.891135686555,1160.8730310388153,1154.3950734301823,1160.3902542008163,1163.1327708590968,1175.3891497657426,1182.7377419694326,1190.3764783824847,1186.588494760656,1180.5415473335593,1183.7510703591302,1184.7274389837953,1196.9146439279564,1205.8319249001468,1220.2604664963035,1223.1727034895275,1226.290634607386,1221.4182807136926,1219.47220503214,1212.2505395628057,1220.1190476190477
395102,297,"Sioux City, IA",msa,IA,,,,,,,,,,,,,,,,,,,,,,,,,,,,,,,,,,,,,,,,,,,,,,,,,,,,,,,,,,,,,,,,,,,,,,,,,,,,,,,,,,,,,,,,,,,,,,,,,,,,,,,,,,,,,,,,,,,,,,,,,1306.64906604364,1330.553185251768,1346.0945315868616,1353.4286745777106,1333.417274754178,1321.92294777366,1306.0790656833792,1305.0538025351282,1310.0794823662866,1325.0
395223,298,"Wichita Falls, TX",msa,TX,,,,,720.3291685878044,721.699051556049,725.6124451438922,725.0597550291262,730.0781048407983,726.1056555407116,719.7761921895894,716.5368763584482,718.2563377185564,722.8033379854119,725.6049888116986,729.1477224245651,732.2732342857632,734.5346667436165,734.9508553736052,740.8636794473316,739.573797498106,741.8703832786107,738.8365673507262,743.7333388573932,748.7860678657677,756.9381218442081,759.3941123733108,757.7889811040357,757.0130444464647,750.6093569526108,753.7587707214578,755.4491238759756,759.7991255723931,769.1603353255825,774.6838046067808,782.9452990616793,782.9185121024091,781.912682195358,782.7353647349469,784.5367945969184,782.4842217468081,785.0065896820191,785.4708404482265,794.1891408483993,798.1649111765382,802.9929450914523,805.6166501962817,810.5686054353475,807.6220523178166,807.9044299756412,812.2512725677042,817.9794173066834,826.2256084963749,834.1302258309644,839.1928145450553,837.4682822587052,839.6511526457331,838.3502781495879,842.2765871841337,841.5407028625069,851.1776920434392,858.260584415499,866.4470309939719,872.7280068072109,877.9897965668804,872.8072272101044,879.1736384929457,887.3065580842596,899.8454657689413,897.7675397867746,914.6217217283125,927.8925882990098,946.8125706915823,943.5554577404548,948.1660365412263,955.0364641932421,967.9762248079724,999.8544672817744,1005.9436259562557,1014.0495912534944,1020.4841326807291,1040.1745940440094,1042.1857252997313,1042.1099399855968,1053.2791376026776,1085.8201910141536,1094.8724377323676,1099.6598733851033,1105.2525520724646,1119.5483818936896,1136.1622206044788,1144.2323425785294,1148.728053163533,1149.0000141269709,1144.6115165416004,1145.8969962180067,1144.568341078356,1144.0064680681305,1158.036987725423,1176.927442895501,1175.1756485510766,1169.9724269497501,1171.5561267612106,1185.1119815981303,1189.6441271423812,1195.9010769115828,1206.8738287778915,1219.084843551442,1217.6745977369012,1219.7297464522496,1220.006157776751,1213.7057946225823,1219.085327812101,1223.039801647938,1232.9626477101642,1238.1312205540407,1239.3719187771521,1243.041895781969,1248.705861768039,1250.4358817577047,1260.7096413424301,1263.3497559203747,1264.3634648941522,1268.407838508166,1272.8749172860807,1277.193395410933,1273.3202232724975,1268.4197832843458,1271.3333990837853,1271.2989203778677
395152,299,"Texarkana, TX",msa,TX,,,,,,,,,,,,,,,,,,,,,,,,,,,,,,,,,,,,,,,,,,,,,,,,,,,,,,,,,,,,,,,,,,,,,,,,,,,,,,,,,,,,,,,,,,,,,,,,,,,,,,,,,,,,1147.3434190506212,1132.4758123705094,1119.905134938821,1110.6679890096054,1125.3577196591527,1147.4021585657688,1170.6810530818157,1175.9802756641109,1169.8385792268734,1156.6404987899248,1157.825459208459,1162.5818887793466,1167.0842803347482,1180.43312622733,1199.7824958234253,1210.4338699285165,1205.9714760910083,1199.4835236523857,1197.6817834661972,1208.4065977057744,1216.2976929882964,1228.2792708448474,1224.6666666666667
395182,300,"Valdosta, GA",msa,GA,,,,,,,,,,,,,,,,,,,,,,,,,,,,,,,,,,,,,,,,,,,,,,,,,,,,,,,,,,,,,,,,,,,,,,,,,,,,,,,,,,,,,,,,,,1164.5242095994574,1193.8605130177584,1221.0022197750195,1203.400568054859,1179.5549372632886,1203.1194374820845,1225.6599416889946,1228.9253552161028,1224.6250142206702,1250.6681616399894,1288.476513209953,1318.2469492334687,1299.5145217449656,1288.9825247467325,1272.1133358413103,1288.5951690496227,1317.542832979887,1316.857015883629,1314.2416241150388,1318.5984548699168,1334.0160417030368,1334.9450780479974,1335.5709672291305,1336.8841516499192,1349.8776663985125,1358.0423217308073,1368.86313357283,1367.9198646367183,1379.4959525014388,1382.5736105289761,1391.0246961505102,1400.3701524914966,1408.4911431026032,1409.3845668234933,1410.9711016174087,1417.982218173185,1432.12162707196,1444.799116326805,1459.428111094882,1475.690125531635,1477.8929453262788
394800,301,"Logan, UT",msa,UT,,,,,,,,,,,,,,,,,,,,,,,,,,,,,,,,,,,,,,,,,,,,,,,,,,,,,,,,,,,,,,,,,,,,,,,,,,,,,,,,,,,,,,,,,,,,,,1568.8484584969272,1569.9913457232553,1630.2354904341369,1633.6269040683856,1621.5656599768067,1593.1012037765354,1575.826861126967,1591.1015805717134,1572.3383558262387,1599.1150916682602,1610.1386164778473,1617.997550345429,1605.7292999767749,1622.4888897513201,1652.152289336281,1665.0459424636756,1674.926126622718,1671.2948872082852,1673.7520386026454,1635.7194387855834,1635.562566955537,1625.1347590560044,1651.0038745888207,1663.439630296549,1681.635603205957,1675.4412859460178,1639.680756847091,1641.4561670598991,1666.341758442662,1690.3372873068786,1704.2170779332835,1713.2925747624874,1731.712402872241,1740.2875564022322,1728.1620253133317,1729.536749843899,1732.1805555555557
394595,302,"Flagstaff, AZ",msa,AZ,,,,,,,,,,,,,,,,,,,,,,,,,,,,,,,,,,,,,,,,,,,,,,,,,,,,,,,,,,,,,,,,,,,,,,,,1861.3779513414433,1872.0829834378908,1876.6360912989446,1878.2922346047096,1920.0323954173066,1946.8381150261978,1973.5441615564796,1941.2830056839252,1950.1743538505557,1967.1864622589737,2040.9712444436032,2101.940476066433,2151.1057304960623,2195.354317308767,2227.425679508936,2240.6251674965006,2250.5654180849633,2241.3989457266175,2252.3331230844133,2268.9239467357875,2306.8837444019423,2358.660015728606,2369.0195973921554,2345.3470745824116,2296.3003575070447,2284.2338835749083,2334.3311699421415,2370.0039437406535,2356.3607397140454,2353.7875544422877,2357.830343315531,2404.047270548396,2417.03586536601,2397.886537657262,2371.2935936926865,2381.0197721812015,2418.1803463305396,2413.727734689917,2377.499121835515,2392.2494313382126,2426.2706387494763,2454.708993243304,2443.2628546676065,2434.29103868291,2409.095572981973,2440.0611778905836,2459.3135173944734,2471.354426383534,2476.239622961833,2496.9274774301825,2512.8446828658857,2500.0665895711445,2495.0921514466627,2493.463380067512,2514.6342865852475,2513.6237694434185,2535.3532929696967,2525.3699295443553,2534.686147186147
395036,303,"Rocky Mount, NC",msa,NC,,,,,,,,,,,,,,,,,,,,,,,,,,,,,,,,,,,,,,,,,,,,,,,,,,,,,,,,,,,,,,,,,,,,,,,,,,,,,,,,,,,,,,,,,,,1072.6257498088667,1109.9469168875362,1119.746767882166,1128.4451333776417,1119.1226836710628,1154.1411605138776,1159.4681512914628,1180.3177146294333,1167.269170234274,1188.9610199045233,1196.9828069332577,1193.2382973770189,1174.84714524016,1176.290248194137,1181.0682654667246,1205.7431720619988,1226.2319898088258,1200.4936554385004,1217.1250404875013,1218.2058353496036,1256.108198698653,1245.536571221469,1248.6956216967458,1250.6124419273,1278.5283880697884,1282.2394790781073,1299.675785509153,1286.8400158794266,1287.6116343982405,1307.8676374601748,1311.849110412281,1320.2879362217677,1313.3152184418332,1323.8479068969252,1333.3832451059127,1345.1359725858338,1342.6375171104005,1346.7975030946325,1343.459572237917,1353.0852396514163
395000,304,"Pottsville, PA",msa,PA,,,,,,,,,,,,,,,,,,,,,,,,,,,,,,,,,,,,,,,,,,,,,,,,,,,,,,,,,,,,,,,,,,,,,,,,,,,,,,,,,,,,,,,,,,,,,,,,,,,,,,,,,,,,,,,1096.525909524927,,1099.706579750489,,1148.8031492227008,1162.235831462073,1156.560505442993,1155.8024810295353,1164.040352502165,1179.6631451140568,1187.1086313279873,1194.0772237729416,1199.0285556448944,1205.0471341018376,1225.2458687943863,1210.1326771258884,1216.1466929407532,1217.5944231095377,1240.9531818584287,1255.8333333333333
394515,305,"Dalton, GA",msa,GA,,,,,,,,,,,,,,,,,,,,,,,,,,,,,,,,,,,,,,,,,,,,,,,,,,,,,,,,,,,,,,,,,,,,,,,,,,,,,,,,,,,,,,,,,,,,,,,,,,,,,,,,,,,,,,,,,,,,,,,,,,,,,,,,1680.0614121602996,1688.293677189901,1705.6666666666667
394783,306,"Lebanon, PA",msa,PA,,,,,,,,,,,,,,,,,,,,,,,,,,,,,,,,,,,,,,,,,,,,,,,,,,,,,,,,,,,,,,,,,,,,,,,,,,,,,,,,,,,,,,,,,,,,,,,,,,,1439.3631170213753,1431.5321284595377,1431.3970574585235,1429.8069875112897,1458.1170911403658,1469.230690971976,1454.8984981406697,1444.5504414139382,1446.137127520523,1469.3413949629155,1491.8766697677877,1526.7368889540771,1530.456629885641,1541.5848411621573,1550.5828320776727,1533.457878596803,1523.7818720768958,1525.6459536469551,1579.9214032394204,1601.2067961660066,1612.4862017597645,1601.5007343034865,1594.7702604409421,1588.910741009091,1581.489448073707,1585.7635716562224,1594.1572257772257,1621.164525932547,1635.2139866662285,1642.680883648332,1623.033098804838,1625.047619047619
394880,307,"Morristown, TN",msa,TN,,,,,,,,,,,,,,,,,,,,,,,,,,,,,,,,,,,,,,,,,,,,,,,,,,,,,,,,,,,,,,,,,,,,,,,,,,,,,,,,,,,,,,,,,,,,,,,,,,,,,,,,,,,,,,,,1715.248167048782,1725.3475229212788,1753.4058353050975,1750.0327385210733,1791.1008686297046,1780.6056031879227,1787.495291759408,1802.5167924175125,1802.4834865218475,1785.3831589645686,1792.904295972221,1800.9136457460172,1808.7964729379069,1801.4128143353335,1811.2139973515239,1837.473617251737,1786.4130546697343,1783.6770892127872,1778.5555555555557
395232,308,"Winchester, VA",msa,VA,1140.7275352382756,1144.185233945678,1143.132313376086,1142.4137511678587,1132.3249315329126,1135.8041351278666,1139.478306219284,1156.773675765622,1149.6858478255542,1145.2484067700213,1142.3091762148026,1161.0051670571938,1165.1147554925374,1162.6892062795398,1154.0353672536528,1161.2005159925939,1169.2232652145606,1179.3990075665997,1184.463953889945,1184.2119840844998,1182.5663762436673,1183.6215583818937,1183.8969830151534,1173.430951885026,1175.5203972528752,1179.3156179758846,1197.5302811729023,1197.3509787149553,1208.8470273056967,1209.988633416069,1212.8477960675568,1220.5712606063853,1227.474670976672,1230.0083123064326,1229.754718459142,1241.265608048143,1258.1740366892302,1262.6619187700014,1265.136635028825,1259.3219226279673,1256.982032488025,1255.0003464467109,1263.3486056968836,1263.061481287594,1269.325589326259,1274.4040368385242,1282.3406832633564,1298.2946395584627,1291.8382276804564,1292.7679203518157,1294.2772731564676,1308.0636905770484,1313.4876759883384,1323.0880614012547,1324.8512623326137,1331.6181272505958,1334.5708732586327,1340.0078849289378,1344.7478911337212,1339.0061151929833,1345.884864268888,1353.0670494358428,1364.2320303586012,1370.7100365385625,1372.2327739021994,1382.5551816841314,1390.6012080826276,1401.239166218838,1409.9172659897895,1430.387148934003,1430.707206407013,1446.7435076720644,1453.2150943026336,1470.7357383704557,,1486.1790637694464,1516.596045793439,1545.2988180324344,1585.420437408217,1593.5595864943327,1618.8512371075333,1628.4316407710453,1647.79048039548,1660.3409094265455,1670.9795426636306,1677.4874844625995,1697.8168472314824,1732.8051666520287,1743.676140418522,1729.3798846216562,1720.4248900935709,1732.5221608376767,1745.138626077093,1756.9750841961616,1771.1997282423706,1788.4427590058672,1807.373763385369,1813.8393747556265,1803.8475480416523,1791.2681930744293,1791.403147705522,1813.8184089736326,1818.7716684551542,1833.8916597389355,1832.3744583011537,1846.5044315439286,1863.3174540365467,1864.94051958409,1884.954940953652,1874.3744094963215,1908.1542748629286,1918.1929683455955,1941.9088775308855,1945.505361753455,1951.9001556620065,1943.4161249949796,1948.139711002637,1965.9457364984037,1963.2046736982247,1972.0651340923944,1966.4489877638377,1991.588783161925,1986.8821319711917,1999.3326417755836,1998.7626540001618,2007.5724887628544,2021.6046139657046,2038.2023561623894,2052.492792856736,2049.2020202020203
395221,309,"Wheeling, WV",msa,OH,,,,,,,,,,,,,,,,,,,,,,,,,,,,,,,,,,,,,,,,,,,,,,,,,,,,,,,,,,,,,,,,,,,,,,,,,,,,,,,,,,,,,,,,,,,,,,,,,,,,,,,,,,,,,,,,,,,,,,,,,,,,,,,,1022.4408803151757,1050.4891739367026,1113.888888888889
394879,310,"Morgantown, WV",msa,WV,,,,,,,,,,,,,,,,,,,,,,,,,,,,,,,,,,,,,,,,,,,,,,,,,,,,,,,,,,,,,,,,,,,,,,,,,1507.996548047034,1532.1304740299695,1538.57817905972,1566.213537628563,1586.832921017927,1593.5359907711293,1562.984698349341,1568.8940962724346,1593.0861934889138,1627.61119425561,1619.8486840925193,1605.7847512731737,1634.7254495876002,1646.0059525476656,1668.5744962970189,1659.8942811237857,1677.3260632139252,1674.2690840920675,1677.6964165782238,1676.9612276139353,1693.8163851019287,1703.448308443934,1727.1336211680814,1745.0582310586938,1742.6459482046903,1758.0153536927014,1738.8109309853035,1749.3572530160386,1742.1318760018935,1749.1092439559136,1770.780946624557,1790.9089266233357,1784.8039880910721,1781.5217654955845,1768.097608496357,1781.3306111774007,1791.0180709421095,1800.9721472922577,1817.8276641174466,1808.365048663824,1820.0196211061066,1843.6297784991314,1859.8909178540007,1860.388227458735,1847.22385205894,1855.364216245592,1872.9501928698305,1873.6994972654195,1879.1251929813327,1879.1762670741975,1889.5929770240427,1912.187384053242,1922.4567820080615,1921.6067730191482,1919.5902400707866,1931.0071755453748,1962.721232225823,1978.6944444444443
394756,311,"La Crosse, WI",msa,WI,,,,,,,,,,,,,,,,,,,,,,,,,,,,,,,,,,,,,,,,,,,,,,,,,,,,,,,,,,,,,,,,,,,,,,,,,,,,,,,,,,,,,,,,,,,,,,,,,,,,,,,,,,,,,,1519.7901197456938,1548.764952526152,1578.109964128126,1585.3627614273958,1604.5562046452749,1643.1742775051412,1647.7751454238758,1629.3560909620087,1603.0952140429486,1648.6025807270075,1648.6031703132348,1680.8963917558785,1680.4847142002143,1704.0238180524814,1690.7961441676084,1688.6119543215366,1677.9148656557384,1680.1285206290313,1668.9271737894896,1678.31967989713,1666.5277777777776
394900,312,"Napa, CA",msa,CA,,,,,,,,,,,,,,,,,2359.6345860527804,2377.556438925293,2410.8247949200677,2434.868069125158,2434.6171403124445,2423.700757701817,2412.0327036696062,2439.2080851937544,2438.9632515803905,2491.255567017349,2460.1290087160087,2472.7050227760005,2465.5872258560617,2518.241685758823,2514.668281219426,2513.218584701484,2479.915009843211,2531.1776534828746,2573.5612453635317,2637.593115939056,2649.0130537846326,2647.999693416668,2631.267019324758,2638.9745547345487,2656.1181521419203,2658.1740564304337,2660.2011316542353,2664.473381549051,2673.4340408821463,2673.3628118405536,2671.629458662815,2659.146356287901,2639.166006221478,2653.165030924126,2701.2500035419253,2708.9609530325697,2715.2087437933637,2699.3417193919972,2708.345308701283,2715.273236866971,2737.185794029754,2725.9381397213033,2719.301539867367,2701.3006016296004,2720.0821034341247,2707.690543644618,2784.25967959333,2791.445522830158,2789.3955164234458,2808.8420597106606,2811.3426453265242,2836.742096153647,2881.0837760385634,2967.5670377798638,2993.5571919427007,3018.6501474734214,3007.7480973516545,3010.6369468986063,2988.228743566775,2965.924629200413,3011.4448075555156,3013.623172201026,3051.3385120389557,3083.520743407276,3109.3137673564393,3097.659875058759,3092.877830721724,3121.0918431347864,3150.426417379796,3148.78859980551,3180.083893605338,3227.838179893786,3269.4230206417956,3276.7463403818365,3309.798142879351,3288.986750471419,3285.224764231178,3288.7039990226276,3338.566123717892,3346.560510596754,3336.9137158357235,3328.0208966010705,3336.78349434592,3370.4894067186165,3367.5635453766954,3408.7180664149696,3374.4502953020738,3377.646699526287,3411.7400173913,3437.0634775461735,3421.1731278817324,3364.389563033469,3347.0005232446933,3366.863619368471,3385.003148748955,3405.7257110263736,3438.3721060122098,3458.6758038690314,3459.652145152778,3460.914983381535,3434.4494429847887,3430.209097878546,3437.5789330849425,3488.018920045428,3517.76430920693,3523.127378711483,3514.3861370021177,3487.6889186570247,3469.136864361026,3447.2749873214552,3469.4258634103844,3484.6045353887584,3502.492370951334,3506.8555555555554
395013,313,"Rapid City, SD",msa,SD,,,,,,,,,,,,,,,,,,,,,,,,,,,,,,,,,,,,,,,,,,,,,,,,,,,,,,,,,,,,,,,,,,,,,,,,,,,,,,,,,,,,,,,,1582.154905473396,1599.942861883447,1599.3844101475224,1611.9745502684675,1629.9509529360512,1661.3922699577067,1691.4563787818454,,1680.1318832396535,1685.7986126150756,1722.302711362696,1718.8720090154752,1709.6609940311935,1733.333639573661,1733.1800105614311,1746.6223390940243,1742.0815126205339,1750.2716927666,1761.7984871604838,1787.7073131508141,1769.2739299706784,1765.3227746458492,1770.5870031337897,1803.8753410127604,1837.5278220312787,1839.5735335879458,1852.1202350371855,1855.5051655671798,1863.3393952694207,1853.0908828798872,1844.225718335203,1853.8944503663895,1874.7691414127892,1895.1487381786828,1891.8877055423695,1885.9413660252135,1880.9669604188632,1884.0817217770264,1895.1369851186093,1903.1428389315004,1916.511062675082,1933.8575662838657,1949.9444444444443
395139,314,"Sumter, SC",msa,SC,,,,,,,,847.3625576973874,847.9693457227771,853.8108932775832,859.3308467877632,874.6141080504135,883.7960564785161,887.710795380438,886.7791264023989,887.5723915739892,892.8971225193333,895.2474601870786,895.4742440411932,896.9743856083653,902.1161099929549,899.7420432533713,901.2080402635055,895.455144270741,903.6083406609234,902.9136640007528,908.4806898548375,911.015002654207,915.500785597531,921.4302643837967,913.4819665677654,917.1836525315794,916.8843976782141,929.2556469428368,931.7601793899044,937.3791035540564,938.3221136762234,937.791577288641,943.8249589456084,943.9013550708206,947.0024561528776,946.4037925814031,954.7328510367649,963.7952131430644,968.0595944481652,972.1913213878465,963.6666628580471,962.8412642969706,961.3914828780111,974.4179204856429,973.5949873175082,978.8521120449401,980.7244919427578,985.4848931753492,990.7987012217029,988.5422817551907,991.6967145047034,990.2312660688008,1003.0999162036611,1009.8571962154048,1016.9432603494818,1015.4629926244318,1015.5122421060549,1020.793418859323,1025.3799634624593,1030.3621323670936,1042.483117868651,1050.676978148396,1051.6561862142833,1066.7575414358903,1074.5914353101869,1094.4566134469278,1084.7722616395333,1089.7111867852545,1083.2117151436632,1099.3812358758619,1107.9725107973516,1126.7292790547708,1131.918197825137,1134.0324969128667,1155.2587812344461,1172.322540088129,1187.546954579146,1176.156715978772,1212.959424556129,1228.3794345212527,1264.47152087989,1259.768082017803,1279.9239616498014,1282.0470960156408,1280.9012386692996,1296.5088387871433,1306.6013388983415,1300.932645221409,1296.725081392285,1310.7985063109504,1319.0380622942287,1333.9609181797307,1332.7742274496459,1351.551032435966,1357.6955681830182,1353.7518520072076,1375.976754822398,1377.4707328796542,1384.891096895722,1388.9764606513988,1402.678611121213,1411.2823538705024,1413.6063931433312,1413.1583959790614,1418.1864696051964,1418.1184225520958,1417.26791746426,1430.0060159231718,1433.072430304965,1444.6959100390904,1452.6766391983517,1475.6069360755178,1482.846173842648,1489.3696584540987,1492.6526744627704,1498.3269414133713,1502.99842479008,1508.8958505789549,1515.75985777277,1519.565787181352,1517.5234525690332,1514.4754197306481,1510.5021055601171,1498.7995337995337
394577,315,"Eureka, CA",msa,CA,,,,,,,,,,,,,,,,,,,,,,,,,,,,,,,,,,,,,,,,,,,,,,,,,,,,,,,,,,,,,,,,,,,,,,,,,,,,,,,,,,,,,,,,,,,,,,,,,,,,,,2062.147438619256,2060.514900641576,2055.0005734418837,2029.5040489073385,2046.0442274217712,2049.790158480267,2026.7790952604519,2052.2825750009897,2036.9362201321753,2108.7512293657132,2094.0557716995695,2123.69894191062,2113.832736061608,2133.9361264990034,2120.3202960533804,2131.4529401248847,2122.249328703633,2144.826573026272,2175.591660320777,2164.832754381109,2189.8831740258247,2175.703481237276,2196.502663803783,2174.2645553197303,2170.128620071685,2178.699592909085,2198.231148893814,2213.8914934574227,2225.0
395117,316,"Springfield, OH",msa,OH,,,,,,,,,,,,,,,,,,,,,,,,,,,,,,,,,,,,,,,,,,,,,,,,,,,,,,,,,,,,,,,,,,,,,,,,,,,,,,,,,,,,,,,,,,,,,,,,,,,,,,1152.7416731551082,1148.9979390608937,1167.9150353614598,1179.0347632166952,1228.4511233958608,1231.5360871187404,1260.2770401158466,1259.9826512422567,1289.0074653167017,1277.2775485209215,1281.6079181698472,1278.136919132474,1278.8059573342723,1289.97884411346,1298.6821871043696,1374.105104302991,1346.6440775088893,1377.411893878355,,1389.6801852213516,1379.184453651241,1392.4059411983133,1398.8789644327894,1410.8964782529426,1426.2313808261363,1424.6558052114315,1413.2079256750549,1353.4248702102207,1350.8333333333333
394668,317,"Harrisonburg, VA",msa,VA,,,,,,,,,,,,,,,,,,,,,,,,,,,,,,,,,,,,,,,,,,,,,,,,,,,,,,,,,,,,,,,,,,,,,1162.6286930228173,1195.6341165192005,1213.2821244691834,1244.2051252213507,1234.8672920470551,,1262.1452099139744,1245.1331378846282,1259.374985810636,1249.5292127909129,1277.8423743677647,1282.5145087033104,1304.7726562707696,1281.907192881881,1281.634264853001,1290.6638758071756,1342.9307432773153,1374.791979308108,1364.9093705195867,1396.791231823359,1409.5635854997072,1438.587770270265,1431.80882244352,1452.9643639228411,1475.45769823486,1495.097557677881,1503.2228631584778,1494.6251161006246,1495.2973635775659,1504.881867221341,1521.994800747139,1538.0760105467411,1536.7004967271512,1553.090231083755,1565.1324731220507,1567.8660322374258,1558.0471137624445,1565.1623856741999,1589.0030740210516,1604.400966243578,1582.0414875839294,1579.7373398785467,1589.9790885964858,1636.6035328507155,1649.8579290760817,1651.8868633636716,1657.795455746964,1669.0930623127601,1661.9082051254752,1673.652258071045,1673.4360836805365,1685.8504915207316,1714.1849154143044,1727.0383269909996,1735.08675520663,1705.8413483363179,1717.006804024926,1725.3193965700846,1739.9901300883685,1750.1275137434172,1780.7218565709607,1790.2913752913753
394368,318,"Battle Creek, MI",msa,MI,,,,,,,,,,,,,,,,,,,,,,,,,,,,,,,,,,,,,,,,,,,,,,,,,,,,,,,,,,,,,,,,,,,,,,,,,,,,,,,,,,,,,,,,,,,,,,,,,,,,1177.5396643085803,1194.661180821854,1208.9665960888894,1227.0994924152776,1201.6100596686445,1211.9060858828702,1209.5335919312672,1253.1954838176782,1276.920663010766,1312.7500916618778,1312.5569022807367,1313.9890628163794,1313.9044773769454,,1336.6085022830712,1346.7419627485262,1382.4885632195012,1362.4877702354543,1349.8196476001613,1324.0806392699562,1324.6012045351722,1308.1861353701743,1322.2446861949936,1336.7421397668832,1367.957937577821,1387.5627720406476,1400.502990873082,1409.6329808021483,1428.1087907307126,1470.909452635528,1527.9444444444443
395094,319,"Sherman, TX",msa,TX,,,,,,,,,,,,,,,,,,,,,,,,,,,,,,,,,,,,,,,,,,,,,,,,,,,,,,1183.0210753272113,1173.556887544908,1167.4933901660854,1174.3327799885135,1178.172743443128,1185.0720263368044,1186.1421586638246,1201.6856031701457,1213.4139380384272,1188.628979982599,1199.2694705887654,1202.6701567213033,1218.3189327287328,1216.8190915610098,1230.4008429507458,1256.1983722976722,1261.8688253174607,1257.7806847027541,1264.7642501728196,1282.0413240558232,1308.6241778190426,1326.086835564531,1330.9059613577717,1344.5396191793548,1358.9438071562408,1385.556957829109,1381.4760714940837,1375.7220675878377,1389.1640693535383,1419.103452672745,1438.0058669216696,1451.585020547913,1466.358344029503,1482.3336392228007,1495.4609186701873,1498.7457739033102,1502.2867240219698,1510.0343656157404,1524.3782923303665,1542.6277103965783,1544.596680086808,1549.73465122113,1545.0071761910149,1541.0984329529579,1540.1726100330088,1542.9879766352205,1551.115667155934,1554.8147396267725,1560.0321106263177,1566.9423957614263,1572.7038726661601,1582.3208934939644,1584.4371037286194,1591.8513843899352,1598.725755948472,1604.1646125052757,1600.1160541495449,1599.6702744422862,1598.7408242978006,1602.1359011739692,1602.5209359707749,1603.4174650197556,1616.5690080028924,1610.5909497604212,1618.8963734141116,1616.0613872369706,1619.8086132419462,1624.2728050756261,1633.2540651119311,1636.8848131223524,1638.5225549546728,1639.9425830421128,1642.2199204918847,1641.2984411277573,1630.4510626085387,1631.084497859422,1626.374761904762
394821,320,"Manhattan, KS",msa,KS,1137.846195447336,1139.5384630004748,1136.4226869436357,1138.4160240283688,1139.7978208600548,1139.9380433321417,1137.0186246450453,1140.6251576436734,1142.6833826806821,1144.169662453015,1137.6864360964435,1136.5841618562627,1134.4815387135714,1137.643602414326,1134.4519079924364,1135.38125807194,1134.3313636891216,1134.4776747976525,1135.7130947337466,1135.326427887643,1133.3923307981463,1130.1207555978335,1130.6665099328704,1125.6023995610492,1130.6444322518014,1130.8883900601024,1141.0338321504184,1139.521269373196,1140.018177656831,1137.5462787871495,1140.8048929790698,1141.3144645234775,1142.4312063148222,1142.0983618347568,1140.9671020013632,1148.8503303349432,1147.2860459539013,1152.494686263963,1146.5020246122558,1151.0607756029974,1150.4391819710763,1147.9959101855304,1144.3492208875307,1143.043505020521,1146.777067494481,1151.2216685556323,1154.7316246049527,1152.6303250508915,1150.0423161497326,1149.619992761287,1151.6630653249458,1150.4326818821332,1152.5243756725772,1157.1606556199856,1159.922024610431,1162.3751344277705,1161.0763561161614,1160.1232573674515,1159.747019102215,1160.436070151353,1164.105676316393,1163.832572605862,1171.858967566678,1170.6799991661069,1177.7886991789724,1181.200360279521,1183.9320753613822,1181.1983473896244,1187.2979469909196,1192.8919116581117,1199.2460039328512,1198.326119678836,1202.8803717098622,1207.3439561580308,1215.7230758450646,1220.6143109355314,1224.06781121302,1223.3212831928568,1226.2532206965036,1234.193029504131,1248.2110219368556,1255.4302714418166,1259.9341079053597,1267.5646578628762,1273.8575967797212,1280.5327159868227,1282.6675457503636,1293.8432841149825,1298.190023339527,1305.1183085991179,1307.9127209665512,1318.1685206128975,1320.528260950513,1324.3333987187452,1317.462614692881,1320.9592601021695,1318.8175022686114,1326.321073987337,1333.3449434291817,1345.6585755320834,1353.155249856398,1359.7447092704788,1359.586586377635,1364.8509558549229,1364.2417961494364,1378.4246215717708,1389.7677015711104,1398.435227439895,1400.0769527559223,1400.164075693284,1408.3242640697788,1408.4542073190507,1416.9372286225362,1422.6937523212782,1436.573847729685,1443.0395027729337,1452.6186432825284,1447.724376316613,1456.6297901280955,1462.1669436996542,1476.528189191791,1487.4663438011069,1493.5719966836953,1501.9336487814278,1508.1994881164824,1517.1311647630314,1524.3854849255433,1533.5554855192427,1545.5298064437047,1561.804411764706
394442,321,"Carbondale, IL",msa,IL,,,,,,,,,,,,,,,,,,,,,,,,,,,,,,,,,,,,,,,,,,,,,,,,,,,,,,,,,,,,,,,,,,,,,,,,,,,,,,,,,,,,,,,,,,,,,,,,917.8600829748615,936.3502093273711,950.1991066022525,963.140270086241,951.037133495418,937.3722940823985,934.1656471587212,945.1126781139162,956.3185721165789,961.5126198613542,968.2060415767835,970.9022330225195,988.6064886122776,990.4764316534607,997.3099639250776,999.4638689134177,1006.7703400582425,1010.4255588355192,1018.464051049537,1027.895087643627,1033.07254391983,1042.1891054767361,1047.6862918216016,1054.4867667740234,1063.70594348072,1067.3738652766988,1071.4945611808328,1073.9767791849913,1088.9191841528043,1108.8442599426774,1119.4089768339254,1124.877776745497,1129.7127378163132,1137.831858597433,1147.579365079365
394727,322,"Johnstown, PA",msa,PA,,,,,,,,,,,,,,,,,,,,,,,,,,,,,,,,,,,,,,,,,,,,,,,,,,,,,,,,,,,,,,,,,,,,,,,,,,,,,,,,,,,,,,,,,,,,,,,,,,,,829.7175970456339,828.5972924178651,826.2779709375172,815.5931331150284,821.8604362186813,825.7279361328187,842.0328137474256,827.8031091635842,833.2628782481205,822.8591214570492,823.0176388583004,817.4465331282305,825.6234268442466,839.2896143318017,850.4529179464998,859.2584418413156,852.9515240808178,856.1161027908931,860.2884988106381,878.1649580282674,878.0741957684729,890.4834743976029,887.369396595518,898.8646941417425,898.909055492681,892.6519746207089,892.1205510566019,895.7212110823325,907.2601001273803,909.0407448169994,903.2888888888889
394728,323,"Jonesboro, AR",msa,AR,,,,,,,,,,,,,,,,,,,,,,,,,,,,,,,,,,,,,,,,,,,,,,,,,,,,,,,,,,,,,,,,,,,1073.814743847199,1079.0643803357766,1081.2758646281327,1106.2069537800849,1115.9056073385375,1128.4930893365997,1119.9724271132127,1130.1844254572807,1142.5533085143422,1155.433614606399,1159.5032339731831,1164.4733384033786,1170.146055852311,1187.840233092051,1192.9950973848493,1197.4426214175037,1200.8920853746408,1210.7965796386152,,,1213.7283057493084,1202.921582255206,1226.2485104782243,1231.1528566494296,1256.4994410468732,1253.4706101374531,1260.615382812934,1255.2816741124575,1255.1264213295296,1259.038606824251,1261.567908300992,1295.4632456810073,1297.9843358887917,1310.28118074574,1298.7563685838707,1311.9289343534813,1315.8175176588124,1327.5242762527805,1333.6440867489882,1338.2456838729524,1339.5873422507632,1339.1639208871736,1343.4065342458498,1340.320510448467,1360.516212986917,1362.8888344849995,1379.4424769448697,1379.3473470409676,1388.2445449552151,1381.0142149446706,1392.4079088433357,1399.2213825260014,1412.3432196318186,1423.144471390425,1429.6292510194683,1432.0165656428574,1429.1696403526037,1437.470081245536,1439.3827991895455,1445.9860125309262,1445.7616665136475,1459.9690197738532,1460.405342740974,1467.8508158508157
394390,324,"Bismarck, ND",msa,ND,,,,,,,,,,,,,,,,,,,,,,,,,,,,,,,,,,,,,,,,,,,,,,,,,,,,,,,,,,,,,,,,,,,,,,,,,,,,,,,,,,,,,,,,,,,,,,,,,,,,,,,,,,,,,,,,,1664.2861149638918,1673.6334555501262,,1706.6535806414186,1717.691297114824,1723.8186777690235,1718.8031564252785,1689.6657354301078,1724.3420600776187,1742.299776865725,1768.6082997858866,1797.7922274964988,1817.6284452814268,1824.6403683701865,1826.6029979320642,1849.3001832210234,1910.167466635307,1951.8333333333333
394661,325,"Hammond, LA",msa,LA,,,,,,,,,,,,,,,,,,,,,,,,,,,,,,,,,,,,,,,,,,,,,,,,,,,,,,,,,,,,,,,,,,,,,,,,,,,,,,,,,,,,,,,1292.6715088439946,1303.5201939767517,1294.9751258049075,1325.6130848432988,1331.0270348439105,1350.2836389196673,,1333.0167268353894,1334.384129977176,1346.3553350292764,1353.0450547920018,1357.032603124761,1364.435724478959,1362.5382097587847,1373.4297664575095,1368.4522630332276,1377.278368775581,1378.7942831178536,1400.976666519369,1400.6613527096895,1405.3439111240757,1394.8276311094373,1393.3033752502552,1380.1414494555772,1396.5364336339114,1417.3637620766442,1452.9443131937812,1455.43118282088,1454.039965715557,1449.9059242652572,1444.9852781034735,1440.564594757129,1444.5906019754289,1457.2901266096324,1469.7243160260512,1488.9066126287903,1484.430720740176,1479.9604979508908,1462.038272098331,1470.0022128147482,1480.0641989103688,1493.6953996863992,1506.3956980413388,1524.808201058201
394983,326,"Pittsfield, MA",msa,MA,,,,,,,,,,,,,,,,,,,,,,,,,,,,,,,,,,,,,,,,,,,,,,,,,,,,,,,,,,,,,,,,,,,,,,,,,,,,,,,,,,,,,,,,,,,,,,,,,,,,,,,,,,,,,,,,,,,,,,,,,,,,,,2317.522515013274,2401.8567600909973,2497.7763241065672,2586.3516293583175,2601.6666666666665
394890,327,"Mount Vernon, WA",msa,WA,,,,,,,,,,,,,,,,,,,,,,,,,,,,,,,,,,,,,,,,,,,,,,,,,,,,,,,,,,,,,,,,,,,,,,,,,,,,,,,,,,,2182.612338442633,2284.4716467692197,2313.078032380704,2378.5269438725495,2355.907198592891,2358.361231145289,2344.9370051465803,2333.0861197714758,2346.7139930470753,2344.913661227749,2366.0901519303743,2402.86850980459,2445.5143294375616,2415.1599940993824,2414.7056728972602,2427.9493217360973,2435.105001329336,2437.5004507854283,2458.3423586244267,2489.896418420499,2479.6906013825624,2470.558268409188,2468.583702675451,2485.943756904738,2488.0321183652936,2504.231035060011,2532.180383322137,2542.425492190015,2533.1519793500684,2536.3036950111737,2548.535000810417,2562.6256644029445,2567.6573701780126,2582.0793472582004,2565.016635011238,2594.9356850712657,2592.364911349239,2595.700933156196,2590.425896861976,2585.131317926514,2614.175573102179,2631.412050351835,2635.7089590005307,2632.811868749506,2651.167715410098,2664.346742697176,2692.919059895249,2672.409511784512
395153,329,"The Villages, FL",msa,FL,,,,,,,,,,,,,,,,,,,,,,,,,,,,,,,,,,,,,,,,,,,,,,,,,,,,,,,,,,,,,,,,,,,,,,,,,,,,,,,,,,,,,1737.3581032959755,1763.4246632690636,1832.9346744332381,1868.99594619598,1881.4911099531332,1909.5586887467093,1921.823322286898,1957.1698912622319,1991.3625867695382,1998.6556491454096,2033.817812009722,2046.324836494635,2028.4882416081857,2004.1431897883526,1998.7509349835598,2013.2432116662353,2039.82243186649,2034.2405613197325,2043.1141349352606,2049.7264960861644,2044.930464174174,2062.6470348393336,2046.6196487670677,2041.607404296439,2055.2039913879357,2071.7029865003597,2104.6653237445385,2091.32344533983,2090.749669463135,2083.513951805447,2088.977687852216,2103.626366573432,2106.6474145039238,2093.126721899206,2106.2741880942635,2134.21997014305,2141.2050395705737,2153.9913545404956,2136.0978059878835,2150.1645234814864,2153.8847459419726,2174.804003571621,2184.057657968093,2180.736636476063,2191.380345194749,2209.196428571429
394307,330,"Albany, OR",msa,OR,,,,,,,,,,,,,,,,,,,,,,,,,,,,,,,,,,,,,,,,,,,,,,,,,,,,,,,,,,,,,,,,,,,,,,,,,,,,,,,,,,,,,,,1862.902107080255,1904.8185859298203,1899.8677335799396,,1935.790404079807,1965.8926707551122,1960.1909875040726,2000.2210375060931,2013.6509712323389,2004.9205017880972,1973.2739495613737,2024.4544441442492,2021.9753429301416,2035.610153285272,2040.6815807012997,2054.311168223085,2042.1079063918346,2032.9213995232867,2033.7320372454694,2065.8298481183956,2100.636607365383,2141.0431350862236,2140.6579896495973,2101.922620456772,2089.2003704517933,2086.4600502847193,2121.155256609096,2119.827354908351,2154.1601052398196,2153.129069718487,2171.977080478742,2147.5450155545504,2133.344929777474,2126.548628185675,2155.7814824398292,2176.9815477679967,2197.151164215986,2205.22173072988,2197.176067649682,2205.8646038783477,2203.074471548949,2222.7762195274763,2231.0776392840767,2248.036111111111
394780,332,"Lawton, OK",msa,OK,741.5061846393215,740.2594696625158,746.7155327900944,746.4926381579807,748.6530206405762,745.1627280130363,743.3504562516715,745.2371428824039,748.7958631694388,748.2629159032114,746.0863939725768,743.6803330178938,742.175837028633,741.3182560821496,737.0870478242257,739.4559589486151,743.9382111411861,748.6378606686173,753.104998495986,751.6168082017717,748.1653827375784,745.6664167757734,743.1008186510081,746.7083346702027,750.2530728798362,753.3845353156469,755.3220158345082,752.1392774165597,752.7098863139453,753.1406800957255,755.4027215971299,754.3986527044354,754.7451581090115,759.9270419967947,763.8959869712129,766.8010946811401,765.39534886079,766.5408951307966,767.7023196218579,769.4181765066462,767.8872021789435,768.3195422353499,767.5083222825785,774.0890369947422,779.9409769554672,778.8067601726734,777.9287628302117,775.9359053562613,778.4361470556922,778.0033426869736,779.5710152378233,782.1341756777049,785.0694836714371,786.8316441285772,788.8344113654576,787.9145003827078,787.4421428685143,790.0326848054772,793.303717998191,796.9194757441653,799.363261005563,803.0953536384865,802.4778267525209,796.8511793308012,796.6442391216303,794.3369588062814,807.6011783500612,815.5267068531588,824.8925291546442,841.8922650905871,843.6678586043122,859.644289260117,867.78510861165,881.4554575834583,879.224343228029,889.2302978692052,906.5636256580449,932.9839116806928,941.3503512344626,939.8855735103556,934.2251565289278,932.4564049153116,946.3071809122913,960.4640970142939,969.3151145556541,981.5842430628395,1002.693678505857,1017.0166478726841,1019.7411044346065,1020.9156423974066,1019.8908454147835,1037.8792828329279,1049.0934559636082,1054.0142581052507,1056.656390365983,1062.6591694066644,1067.4855067078263,1065.1253232670324,1069.7527211954066,1081.5778094974237,1085.4928941199726,1079.2529916720569,1075.1205937264128,1070.1048173311183,1077.6221797803476,1092.928238601605,1096.5493107193452,1089.9039558155234,1102.0077950484235,1119.015424583401,1120.9238025483853,1118.0946371839464,1125.8095707926548,1140.9022169995344,1153.6738738331046,1153.0838759551798,1158.915544741872,1162.2762667521736,1168.9887985924197,1181.4911111399267,1180.93850689682,1179.203478078183,1184.484346734933,1190.8282494098592,1195.0093321866284,1198.248928937753,1203.153280020334,1214.7454842991706,1216.0823604901966,1216.2777777777776
394474,334,"Cleveland, TN",msa,TN,,,,,,,,,,,,,,,,,,,,,,,,,,,,,,,,,,,,,,,,,,,,,,,,,,,,,,,,,,,,,,,,,,,,,,,,,,,,,,,,,,,,,,,,,,1291.5123889936667,1290.9956213328514,1290.7707753747657,1292.7515679200126,1319.5249041691627,1352.402413676128,1359.9708363882187,1343.0545474202904,1347.2521692574608,1368.5116102632605,1385.9697989711742,1375.32109152193,1375.6606341469446,1378.5142507058292,1403.8068720030262,1417.5530744814434,1432.2044548610831,1424.299474396828,1419.692824379376,1423.0376950636462,1431.9524105817977,1432.903220886313,1420.8556978982915,1419.2918197603817,1431.5875658981731,1454.9964560548142,1462.019756761984,1464.9235414146235,1450.6666318702366,1459.7143102827717,1473.952453728057,1485.7709807044823,1489.3083754696963,1489.9807171523573,1506.9110567268765,1523.0845660959335,1526.862950998465,1522.545161572188,1520.3003506860043,1526.9965817361556,1541.7845117845118
395098,335,"Sierra Vista, AZ",msa,AZ,,,,,,,,,,,,,,,,,,,,,,,,,,,,,,,,,,,,,,,,,,,,,,,,,,,,,,,,,,,,,,,,,,,,,,,,,,,,,,,,,,,,,,,,,,,,1440.3170059644162,1401.17912519015,1385.9871716258958,1368.596507318223,1422.0033059282089,1455.9295608724435,1472.4943321931712,1454.3814018171163,1452.280174128408,1460.0843158512491,1458.084242791041,1455.258236061269,1463.6907665047545,1475.9597169965145,1476.2843412581153,1474.3944189324122,1489.2047869120488,1509.2193634521914,1510.6584872839705,1507.7320237100846,1494.4690595058205,1500.0091329415388,1498.1606326406802,1506.1413138252321,1514.9956265897924,1513.1125845045456,1522.4611676103123,1527.7861286357515,1505.1722345965752,1490.9437537974914,1493.1010932849958,1511.8281151374645,1529.591348642258,1537.377695288772,1552.6200532031569,1564.1746478011362,1564.2818646865226,1583.8041344616786,1597.1527777777776
394325,336,"Ames, IA",msa,IA,,,,,,,,,,,,,,,,,,,,,,,,,,,,,,,,,,,,,,,,,,,,,,,,,,,,,,,,,,,,,,,,,,,,,,1216.4730085593544,1220.7805306471964,1204.801296257431,1216.3774945110201,1224.4331637838675,1237.6315031907948,1227.1451511380121,1239.6175894240812,1245.5007652108332,1262.3699305050266,1268.0291153908354,1266.8095496532333,1265.8385202042145,1268.5675414718546,1285.1399906475483,1286.4323911222282,1288.5796635112222,1283.2830141294019,1298.610005828814,1314.105969279897,1325.2033130661111,1326.770124443993,1326.5358845612495,1320.7452034030873,1317.307389701898,1323.469296977159,1325.34013167626,1332.1360363631784,1344.117404388902,1362.7782598192598,1374.972519193229,1370.4313246195275,1377.9145658504353,1373.3626688620952,1369.0128562651785,1379.168080349312,1397.0967879482384,1409.7273729278224,1418.3775443348916,1421.1965091046309,1427.21209887218,1416.7504634788463,1421.7197085415478,1443.622740192731,1453.136570848076,1458.6159260489026,1453.9325398827878,1471.1300949961976,1477.3679149478414,1478.2247191883328,1481.9725261340975,1490.0886879362852,1492.9844515469745,1506.8184736438823,1508.0465818001226,1503.5149498284381,1503.8139103873668,1514.836060244203,1534.0702667357605,1529.8828766547622,1529.4987922705313
394824,337,"Mansfield, OH",msa,OH,,,,,,,,,,,,,,,,,,,,,,,,,,,,,,,,,,,,,,,,,,,,,,,,,,,,,,,,,,,,,,,,,,,,,,,,,,,,,,,,,,,,,,,,,,,,,,,,,,,,,,,,,,,,,,1213.540602099266,1205.7789463926063,1210.7925993908361,1196.6202946240276,1194.7487495160115,1229.2221872812943,1269.9513616249576,1291.4658486357473,,1293.3574996113607,1276.183132670152,1289.8115007368037,1293.7058710173872,1331.861721885915,,1359.4502450577743,1391.3123601763152,1387.2290349510386,1377.8363163108122,1367.1777476617535,1354.5
395128,338,"Staunton, VA",msa,VA,,,,,,,,,,,,,,,,,,,,,,,,,,,,,,,,,,,,,,,,,,,,,,,,,,,,,,,,,,,,,,,,,,,,,,,,,,,,,,,,,,,,,,,,1416.5268496603787,1417.8855226407309,1431.425280344409,1431.2763976505103,1436.6782725205262,1437.5063407110574,1458.6896864834835,1479.543368125483,1498.8453533389472,1480.2941982208285,1466.5978812401197,1461.2900663588532,1475.9853493793457,1509.0993586110555,1536.8848869176393,1552.6291203777398,1544.6177794202854,1544.3963597425804,1557.4695705910265,1565.8324720245098,1588.8047502021986,1615.6325430430538,1631.0196150255324,1625.9475466695712,1634.928957109781,1624.2417832784809,1624.7310729182334,1611.9728807521751,1642.8070258776372,1659.0903562920096,1661.134797635912,1660.812812727217,1650.3171692027254,1653.4283070355782,1663.3499317784735,1683.5170836481752,1685.843692967711,1696.9821560880573,1699.9767443268418,1722.1567120536783,1721.6686182504027,1730.8620892155388,1739.95670995671
394353,339,"Augusta, ME",msa,ME,,,,,,,,,,,,,,,,,,,,,,,,,,,,,,,,,,,,,,,,,,,,,,,,,,,,,,,,,,,,,,,,,,,,,,,,,,,,,,,,,,,,,,,,,,,,,,,,,,,,,,,,,,,,,,,,,,,,,,,,,1531.9757964596959,1582.6190116645373,1659.9881527343707,1733.0973364053523,1753.2884816688925,1788.4854750571928,1800.6152949429752,1863.3648085251884,1915.3681995590102,1926.111111111111
394321,340,"Altoona, PA",msa,PA,,,,,,,,,,,,,,,,,,,,,,,,,,,,,,,,,,,,,,,,,,,,,,,,,,,,,,,,,,,,,,,,,,,,,,,,,,,,,,,,,,,,,,,,,,,,,,,,,,,,,,,,,,,,,,,,,,,,,,,,,,,,,,,,,,1147.5
394905,341,"New Bern, NC",msa,NC,,,,,,,,,,,,,,,,,,,,,,,,,,,,,,,,,,,,,,,,,,,,,,,,,,,,,,,,,,,,,,,,,,,,,,,,,,,,,,,,,,,,,,,1275.715003339971,1256.3461623766807,1258.9984062518895,1282.4947046237241,1316.7142529996172,1325.8034434271826,1322.9351077279773,1331.6020071444595,1340.7772991136344,1354.5656219513014,1359.9936647662587,1346.5411116941268,1348.8940169216942,1367.2696774219517,1384.7361454190127,1399.6721528202,1405.0093092533361,1405.931677573093,1410.5720219969792,1407.5053263960917,1428.5296298220485,1416.3406663153328,1430.0669302138765,1444.1498864132889,1451.2537349794584,1461.1316830855233,1459.3526037661613,1484.6022015013298,1476.10042589603,1479.3485616727423,1479.111632638437,1507.2014320392868,1507.5300528806947,1534.2691601363995,1534.9202810625513,1539.6789575616315,1545.1179179409248,1551.4051416389443,1562.222578589104,1549.3549169856994,1564.621088758591,1577.401258841844,1592.5344130563542,1586.3034188034187
394588,342,"Farmington, NM",msa,NM,,,,,,,,,,,,,,,,,,,,,,,,,,,,,,,,,,,,,,,,,,,,,,,,,,,,,,,,,,,,,,,,,,,,,,,,,,,,,,,,,,,,,,,,,,,,,,,,,,,,,,,,,,,,,,,,,,,,,,,,,1538.2529166428515,1579.9239331327653,1587.3728437929608,1597.7386514466423,1596.7122340013823,1626.1152679296729,1615.998823038568,1608.5221915973386,1586.393191944322,1581.388888888889
395120,343,"St. Joseph, MO",msa,MO,,,,,,,,,,,,,,,,,,,,,,,,,,,,,,,,,,,,,,,,,,,,,,,,,,,,,,,,,,,,,,,,,,,,,,,,,,,,,,,,,,,,,,,,,,,,,,,,,,,,,,,,,,,,,,,916.6285554371332,934.2995846148207,931.3860687092092,945.0017728870513,972.2574878923757,977.4047012366278,976.8585920568098,979.0649819302786,990.1664333136621,983.4861272016843,995.6356618891774,989.5841241757794,1000.0824166174782,1002.2939311891753,1015.2904280784376,1010.8834090513006,1000.6322059435299,1013.3014290843969,1030.1653695512318,1041.4166666666667
395054,344,"San Angelo, TX",msa,TX,,,,,,,,,,,,,,,,,,,,,,,,,,,,,,,,,,1189.8934365069365,1193.7844237668994,1212.110418874858,1206.3668219520946,1201.1800938341596,1193.4746553145144,1205.135656722482,1210.2887179778152,1219.3408425322882,1218.625396581429,1216.1942059328148,1220.9500389073935,1227.0488157879317,1241.0421264675506,1237.6573214067528,1247.5506328699812,1248.3111850303035,1266.9855370706703,1268.210895755002,1276.1974147328883,1277.0171158883818,1280.447670839399,1287.710647137002,1294.161628305187,1291.181785660172,1286.4189354251178,1286.8835952798088,1293.2225870458508,1303.5135062726251,1298.4885876843123,1302.5851553714738,1299.200899942117,1308.6435845530289,1313.8769994808692,1331.0676804561897,1337.0662540683988,1338.5216507165553,1330.0433657151377,1326.746641552841,1335.3553189042825,1353.3524963012194,1370.08199903355,1374.9775475964382,1369.2569213150975,1365.120475283586,1375.0141148976127,1379.0398539310595,1382.9154509975124,1395.818758953919,1416.2679851187847,1431.878557270929,1438.749813064851,1435.7221056728695,1427.7808512977558,1432.625559043229,1444.7480264933718,1462.5132813405157,1458.443019019738,1465.7590459744306,1474.8438917649776,1478.0275514606124,1480.4662611177769,1483.5676378428095,1489.5462226088728,1476.3661678076169,1493.8449143676512,1491.6972672649051,1508.242028177124,1494.8097042966815,1507.379237516219,1505.624080200197,1516.2337606893552,1521.0456645448069,1522.410299734741,1515.045257193257,1511.8070555823524,1524.0123727258235,1538.2378190450224,1547.9882710332527,1548.387419334168,1545.251552946435,1535.3276049520048,1543.0587771990306,1545.5558569172003,1549.2739132613028,1552.6753092569832,1563.537880958315,1571.3881808495726,1578.4858898106293,1570.0466453409724,1572.7002585909472,1572.287895274081,1588.2457981113141,1601.1691452794832,1605.7381018728245,1608.1562968154133,1613.6713286713286
395218,345,"Wenatchee, WA",msa,WA,,,,,,,,,,,,,,,,,,,,,,,,,,,,,,,,,,,,,,,,,,,,,,,,,,,,,,,,,,,,,,,,,,,,,,,,,,,,,,,,,,,,,,,,,,,,,,,,,2282.437083786441,2288.262481512008,2275.9349108275164,2221.7232651802624,2225.4743364670308,2257.374204140602,2316.1413331084887,2315.3167438451296,2290.8520119681666,2249.658989539979,2268.482829458926,2321.8061601288096,2381.126388210886,2400.6611093513507,2394.0600559765476,2336.6374589815837,2350.7885783125425,2357.3329257977675,2404.738636087785,2403.052746376544,2443.3473700325876,2470.397587453038,2483.831830314837,2453.047043188534,2412.2828594502457,2402.2032213686925,2429.016716102222,2485.034097988498,2502.3196523519428,2496.785446277435,2461.910667586409,2492.0756918844254,2503.287734298066,2528.2638888888887
394949,346,"Owensboro, KY",msa,KY,,,,,,,,,,,,,,,,,,,,,,,,,,,,,,,,,,,,,,,,,,,,,,,,,,,,,,,,,,,,,,,,,,,,,,,,,,,,,,,,,,,,,,,,,,,,,,,,,,,,,,,,,,,,,,,,,,,,,,,,,,,1421.451758657954,1445.306796005284,1439.2398936593484,1460.0510843385518,1466.6318032668598,1474.1707374209966,1492.8218281268641,1519.3333333333333
394810,348,"Lumberton, NC",msa,NC,,,,,,,,,,,,,,,,,,,,,,,,,,,,,,,,,,,,,,,,,,,,,,,,,,,,,,,,,,,,,,,,,,,,,,,,,,,,,,,,,,,,,,,,,,,,,,,,,,,,,,,,,,,,,,,,,,,,,,,,,,,,1035.7805955347767,1049.55530612529,1058.396430492614,1085.9627067710799,1089.7737867648805,1100.2073416689175,1122.2222222222222
394778,349,"Lawrence, KS",msa,KS,,,,,,,,,,,,,,,,,,,,,,,,,,,,,,,,,,1166.9826440798938,1185.9212271242393,1183.8868721444478,1190.2436636997488,1184.0390389074205,1186.4478783999791,1192.8926747803857,1196.9653941404642,1197.5927994069918,1190.8474771096119,1196.2033470723507,1212.4019720902356,1221.9078269479603,1216.837961617403,1216.2501124963742,1217.550802641772,1225.7406622215574,1230.6323105318838,1231.2411271661463,1238.757787928508,1240.961784108188,1251.4537194345623,1257.7388796422842,1256.0792584442545,1257.4134090199805,1256.2493966084164,1251.204396332692,1251.31148975708,1252.319119284328,1276.0778936280653,1283.9417545584013,1286.8951575659037,1290.0087640329073,1297.629229108029,1303.7920571347606,1303.88779839567,1308.2210303268407,1310.6395354874476,1301.8719487587066,1310.2517152078271,1327.521168094437,1351.1025843173575,1346.8712725201435,1347.9341768570828,1360.992668414996,1386.9757176710816,1392.9013519057025,1407.2091048475088,1413.0866456035603,1429.37032862748,1441.0327907156568,1445.4043625495215,1454.8125944044284,1449.793698650119,1458.0236369349955,1477.088156416756,1489.7190916952006,1482.9632755113632,1483.268226183782,1490.6085279208005,1507.0011901977537,1506.420116991127,1522.2882801950443,1538.1303272050448,1554.5727167923828,1572.657677048761,1589.0557757197325,1601.4623178987197,1611.324304585666,1620.936037173142,1642.8793079018947,1645.344231637663,1636.6814984005741,1627.0386935758104,1623.1535183392257,1644.9753014452835,1661.1858012408727,1687.3020346676165,1693.258656130277,1707.84550257551,1708.213188010048,1733.0126583022131,1736.0611181641957,1741.202284648246,1748.8314276445865,1778.4622568371205,1796.9261399924596,1796.3311709160853,1799.7000113698116,1798.6088560484725,1813.8335296822188,1822.9690700041738,1847.3528824912776,1857.7138694888163,1879.3526300438004,1908.9502885954594,1941.999269005848
394635,350,"Goldsboro, NC",msa,NC,,,,,,,,,,,,,,,,,,,,,,,,,,,,,,,,,,,,,,,,,,,,,,,,,,,,,,,,,,,,,,,,,,,,,,,,,,,,,,,,,,,,,,,,,,,,,,,,,,1237.6093751441067,1252.4494313510029,1290.500650000778,1316.3061770361433,1339.7469054562064,1350.2096853981634,1357.3777683661033,1346.1102297192238,1332.5874399889667,1324.2410241842538,1346.116411786617,1360.1605490550592,1338.505923919709,1329.0811349493333,1334.042646530389,1385.523450426206,1398.344063961727,1404.0808931187505,1398.8221644357554,1424.2579384848434,1435.6696827002581,1441.7511549188994,1431.981712939026,1443.3824519746736,1481.7845169133996,1501.4743241790131,1501.113928443304,1469.505673682731,1469.146907649117,1476.534842948069,1500.5146499510754,1500.5690280378312,1517.7314814814815
395213,351,"Watertown, NY",msa,NY,,,,,,,,,,,,,,,,,,,,,,,,,,,,,,,,,,,,,,,,,,,,,,,,,,,,,,,,,,,,,,,,,,,,,,,,,,,,,,,,,,,,,,,,,,,,,,,,,,,,,,,,,,,,,,,,,1613.216117128314,1623.4329889447913,1638.6404422280154,1648.9034715880973,1662.7070248580565,1683.3898547900176,1696.1881487833818,1678.3263862114507,1651.7213990837602,1632.716165690763,1642.772563468429,1651.7981493469363,1669.061024421692,1675.3866016912955,1668.745157919058,1680.0511412604149,1687.194846647246,1702.2222222222224
395089,352,"Sheboygan, WI",msa,WI,,,,,,,,,,,,,,,,,,,,,,,,,,,,,,,,,,,,,,,,,,,,,,,,,,,,,,,,,,,,,,,,,,,,,,,,,,,,,,,,,,,,,,,,,,,,,,,,,,,,,,,,,,,,,,,,,,,,,,,,,,,,,1006.3249910595061,1030.2057227607895,1098.4154305057605,1112.0173532669712,1128.1920031443844,1158.2222222222224
395217,353,"Weirton, WV",msa,OH,,,,,,,,,,,,,,,,,,,,,,,,,,,,,,,,,,,,,,,,,,,,,,,,,,,,,,,,,,,,,,,,,,,,,,,,,,,,,,,,,,,,,,,,,,,,,,,,,,,,,,,,,,,,,,836.4208109196231,835.3596564968377,,,854.0306361080833,850.9427368751623,841.9137405120249,835.6879646560734,830.9297301246864,838.0998922594301,856.0244186493245,860.8804846390889,868.1319636740608,883.7925998052212,,893.2364819462726,893.1947942094416,905.9625717678219,924.9855428485046,925.0475128291117,926.3888888888888
394867,354,"Missoula, MT",msa,MT,,,,,,,,,,,,,,,,,,,,,,,,,,,,,,,,,,,,,,,,,,,,,,,,,,,,,,,,,,,,,,,,,,,,,,,,,,,,,,,,,,,,,,,,,,,,,,,,,,,,2186.7755606563182,2191.873496197494,2189.227787268701,2205.8073499443426,2200.4708558247644,2208.3718308348543,2199.967831749936,2231.691177128808,2242.405338378983,2233.928495059408,2197.385852701993,2190.4840255517684,2197.8879934163406,2242.2719994632,2266.733392519936,2286.8431134420157,2304.256537780621,2292.0720300083417,2298.73680930855,2276.494552833919,2283.762090442648,2309.9657348619735,2361.4289664561647,2373.099007449069,2376.2637588114326,2354.2966679858237,2357.713350185786,2356.308324579919,2366.760384416022,2394.976341791107,2415.6153846153848
395237,355,"Wooster, OH",msa,OH,,,,,,,,,,,,,,,,,,,,,,,,,,,,,,,,,,,,,,,,,,,,,,,,,,,,,,,,,,,,,,,,,,,,,,,,,,,,,,,,,,,,,,,,,,,,,,,,,,,,,,,,,,,,,,,,,,,,,,,,,,,,,1346.6518882817973,1368.9472505397835,1388.8808959915896,1398.9010413870365,1408.054274004373,1426.6111111111113
394407,356,"Bozeman, MT",msa,MT,,,,,,,,,,,,,,,,,,,,,,,,,,,,,,,,,,,,,,,,,,,,,,,,,,,,,,,,,,,,,,,,,,,,,,,,,,,2079.8692059381865,2104.1080419216682,2083.0454102554554,2107.3078525939018,2133.039361724045,2184.81216423461,2235.1331696537977,2299.910563639452,2322.4369770479398,2367.5459658076184,2383.0510260897977,2369.86480026091,2363.333171392088,2380.497367184035,2412.820748144467,2442.8344309184604,2476.661216899578,2492.5764795460373,2502.265267157588,2506.382012504616,2501.2278387839333,2445.23278177182,2413.1128611795325,2458.500719002536,2550.936635458839,2610.429544464068,2647.134415546265,2647.346473891016,2630.977540343545,2588.1665652937418,2585.6338138128644,2588.656640819689,2598.695135946159,2606.699763605207,2614.727493795124,2625.283207755935,2651.47498795836,2646.5178982676566,2636.1682646153668,2617.030718197827,2637.581718021703,2648.4629977901195,2679.61806906761,2666.1120223458843,2673.8265963393765,2700.7748897376987,2722.28615519234,2705.643054755529,2653.3730649086924,2636.750672418716,2633.544869965199,2652.2338975260323,2646.5436114176905,2661.9617339822435,2642.7921117531278,2653.234920634921
394333,357,"Anniston, AL",msa,AL,,,,,,,,,,,,,,,,,,,,,,,,,,,,,,,,,,,,,,,,,,,,,,,,,,,,,,,,,,,,,,,,,,,,,,,,,,,,,,,,,,,,,,,,,,,,,,,,,,,,,1127.253661868684,1112.804682641288,1121.6624328507773,1112.2497356594756,1124.3141453264495,1142.225203409608,1151.4496237669525,1153.323407690822,1161.6332512410559,1165.8107012172843,1174.6642722187837,1175.4226795371778,1180.2889522534194,1188.0942221310088,1186.3617103039908,1196.863390101203,1196.0116070116958,1207.490376132927,1211.4098292116407,1226.6083970163802,1218.1306001105747,1208.3437143655676,1209.4452325654593,1225.5893199362463,1232.4505447834254,1233.9786550630201,1242.031297353071,1253.8639417191646,1256.9892565696623,1249.027777777778
394374,358,"Beckley, WV",msa,WV,,,,,,,,,,,,,,,,,,,,,,,,,,,,,,,,,,,,,,,,,,,,,,,,,,,,,,,,,,,,,,,,,,,,,,,,,,,,,,,,,,,,,,,,,,,,,,,,,,,,,,,,,,,,,,,,,,,,,,,989.6528529563711,997.7547239728643,1028.1408615880769,1047.859071087573,1050.508383469162,1044.0541360450818,1059.087152109512,1086.726591027979,1072.2992295082831,1068.0268332838018,1064.418493439802,1076.6666666666667
395225,359,"Williamsport, PA",msa,PA,,,,,,,,,,,,,,,,,,,,,,,,,,,,,,,,,,,,,,,,,,,,,,,,,,,,,,,,,,,,,,,,,,,,,,,,,,,,,,,,,,,,,,,,,,,,,,,,,,,,,,,,,,,,,,,,,,,,,,,,,,,,1220.7691539569955,1197.6276649628128,1212.110799527231,1223.8075145377466,1246.9782247066976,1234.8786706341843,1229.1666666666667
394423,360,"Brunswick, GA",msa,GA,,,,,,,,,,,,,,,,,,,,,,,,,,,,,,,,,,,,,,,,,,,,,,,,,,,,,,,,,,,,,,,,,,,,,,,,,,,,,,,,,,,,,,,,,,,,,1720.2691949653936,1696.692161778174,1725.7846421731965,1753.6548258169191,1761.2210428949843,1782.6035888302094,1784.3093496677093,1797.0408822562342,1793.664712538403,1809.18793933188,1835.2669986494695,1864.1029743230258,1878.0898443031037,1871.01583801201,1858.7875346607257,1861.5232198784545,1874.0918071968124,1856.825965929525,1851.8828682119831,1844.6583331277748,1870.2406671506249,1865.7134432074915,1849.9971477393888,1846.85394634672,1851.2847095520372,1874.1184350609417,1881.2736616634597,1875.1421363201957,1883.6981375554174,1900.3654571586117,1915.6964074125458,1924.5246887814874,1915.7209935623337,1927.6568424813117,1936.2690846009243,1945.3479772973776,1946.290665229358,1951.16531986532
395173,361,"Twin Falls, ID",msa,ID,,,,,,,,,,,,,,,,,,,,,,,,,,,,,,,,,,,,,,,,,,,,,,,,,,,,,,,,,,,,,,,,,,,,,,,,,,,,,,,,,,,,,,,,,,,,,,1639.5877912239616,1631.133033404193,1636.9738086624238,1658.0425621702823,1671.437776546832,1693.8724327436992,1662.084135853785,1665.1756498179286,1651.6618668531862,1688.4714888228787,1695.025817871338,1720.1422268347094,1701.9337863739988,1709.6379885097974,1726.8680479933967,1748.718303524483,1759.2079766997044,1739.2270622981712,1752.836336252712,1765.7056272141526,1793.2448918617035,1786.2527484041175,1771.7294239647672,1777.0868907302056,1787.594415909618,1795.5408351211568,1793.9659979497924,1785.0000259477574,1782.5013559890838,1796.8835778998898,1811.1367928878187,1815.8711430439405,1816.1283078700876,1818.2703525905067,1839.6044356056768,1839.7318477075523,1856.1375661375662
753872,361,"California, MD",msa,MD,,,,,,,,,,,,,,,,,,,,,,,,,,,,,,,,,,,,,,,,,,,,,,,,,,,,,,,,,,,,,,,,,,,,,,,,,,,,1747.2831730777455,1766.4812739759402,1751.4563212187982,1729.4316004683985,1783.3905736290699,1809.2744372843886,1899.1169077932989,1888.0425850665638,1919.224314833613,1921.088490596417,1974.4101761036582,1964.0106748728267,1934.0505618237053,1924.996365988904,1967.6229495608472,2002.2525268881361,2018.8419964850352,2043.4297482804334,2017.2366217756128,2007.795878742408,2002.551406787458,,2025.0018315138648,2029.9372346755456,2032.8877867459726,2073.872903842616,2084.0254422219514,2124.0133223511225,2112.3795711834186,2087.4751670915534,2112.1908435268692,2120.9351028383066,2154.363198745466,2126.985019717353,2154.1302579071576,2165.807889461562,2219.643471941869,2213.0083091469915,2201.4974373130694,2175.2395022844926,2171.1653727697817,2206.2853355331513,2241.0199755500075,2269.5422879157295,2267.5289861932597,2303.2197059433083,2300.062206317822,2316.9969280319383,2305.8117648798257,2318.868288540461,2341.7680792913197,2363.4370763228594,2395.9071873037256,2402.186134133245,2391.5060865060864
394495,363,"Cookeville, TN",msa,TN,,,,,,,,,,,,,,,,,,,,,,,,,,,,,,,,,,,,,,,,,,,,,,,,,,,,,,,,,,,,,,,,,,,,,,,,,,,,,,,,,,,1348.8403450134156,,1370.1005518121729,1413.7419840312264,1437.434096967617,1470.1283831749624,,1504.0566805814308,1505.0503474834697,1494.9316448933178,1514.7070450358535,1532.6817826210572,1532.8427500486077,1532.272726636049,1525.4870478295293,1541.736635442379,1561.2920038357654,,1592.503713342949,1581.964582190547,1578.4057027420367,1575.99433028507,1580.3210492623386,1587.379041257031,1611.0687859888108,1629.3327720291607,1635.911784858723,1589.2793922249034,1578.7879340159204,1587.5171252199425,1638.8838133220772,1649.2702779378565,1662.412365690494,1657.703034147992,1664.0096746098898,1663.5935039773685,1665.1607937424803,1666.2475956702542,1681.4046223524895,1717.6878988309736,1728.2091008728062,1718.084420811723,1683.1850322486546,1693.4633946750473,1698.6881621355824,1717.9440334345675,1718.9850058488162,1723.2962962962963
394893,364,"Muncie, IN",msa,IN,,,,,,,,,,,,,,,,,,,,,,,,,,,,,,,666.6550163257459,665.2152714236995,684.727869330502,686.6555471242563,692.6061305409261,685.9053959570346,681.6827391868757,691.881885127402,682.5111858938793,691.7849521719742,674.9658506940505,681.3553539589085,681.0341134831458,699.6081593383392,708.4672188053635,713.4774790640868,718.2336508424395,731.4367019479575,730.2458056186495,722.8771078909451,731.973169254574,,752.1683748125943,754.8542139290647,763.8346002865738,754.171354236596,750.4789874555405,756.0556406027675,758.949137388636,762.0877635498715,774.4484435364476,786.5433842154335,770.1353394802766,768.9001183416756,757.6959620781319,763.9445135613581,790.436112557572,820.5635101787441,834.5727264484467,823.3454626529109,829.8065090047627,832.1224391315276,854.9193344387123,855.707234096742,873.0482288085594,870.937890724392,871.6682917708166,891.605375508332,886.3002935084269,893.8576006795416,903.6506417646006,938.0087451875872,969.602074242486,964.6421816586604,953.3232918093956,962.2357866877902,974.5640839940962,1013.3366781718116,1023.6343221274517,1037.9977212938757,1023.0664490214999,1028.9764613922214,1018.5758800713139,1015.0062052205786,1002.2597741461075,1022.4429483827842,1038.5849920633293,1049.332725724984,1058.7973010983717,1049.8402701972025,1063.048926722475,1054.3308592059245,1080.3021182542525,1073.9247024543884,1093.2526658099712,1090.040198188897,1091.469830168419,1096.448357012412,1099.8179790812678,1116.4471282055054,1125.5244578330346,1129.7224617493791,1130.834594786127,1126.630130806312,1149.7544587832506,1156.1160271686092,1162.284288805338,1170.5804130343531,1186.4729464153465,1190.6446778342568,1199.7424855467905,1197.614126729849,1201.547492886133,1214.3811182346549,1225.0131316111895,1251.0727106660238,1244.0112541401481,1263.9214064512762,1274.2145076286968,1293.076923076923
394857,365,"Michigan City, IN",msa,IN,,,,,,,,,,,,,,,,,,,,,,,,,,,,,,,,,,,,,,,,,,,,,,,,,,,,,,,,,,,,,,,,,,,,,,,,,,,,,,,,,,,,,,,,,,,,,,,,,,,,,,,,,,,,,,,,,,,,,,,,,,1376.5202325175549,1406.1277127518372,1406.7021584371764,1415.9931317533942,1429.4550634887266,1452.5622304369497,1443.2977957734215,1446.9950750280216,1434.6666666666667
395039,366,"Roseburg, OR",msa,OR,,,,,,,,,,,,,,,,,,,,,,,,,,,,,,,,,,,,,,,,,,,,,,,,,,,,,,,,,,,,,,,,,,,,,,,,,,,,,,,,,,,,,,,,,,,,,,,,,,,,,,,,,,,,,,,,,1465.7804675354357,1475.2044313153133,1476.9645947599554,1499.1058374607042,1498.8464437540158,1489.9002940957746,1474.757180479695,1495.6058664634825,1490.5688141969647,1549.032084942036,1547.1842021855628,1538.1327793136918,1540.2720371185924,1535.4908930271613,1558.981212492926,1550.4144064791417,1559.8526186451245,1595.5555555555557
394788,367,"Lewiston, ME",msa,ME,,,,,,,,,,,,,,,,,,,,,,,,,,,,,,,,,,,,,,,,,,,,,,,,,,,,,,,,,,,,,,,,,,,,,,,,,,,,,,,,,,,,,,,,,,,,,,,,,,,,,,,,,,,,,,,,,,,,,,,,,,,,,,,,,1958.2776485366817,1900.0
394804,368,"Longview, WA",msa,WA,,,,,,,,,,,,,,,,,,,,,,,,,,,,,,,,,,,,,,,,,,,,,,,,,,,,,,,,,,,,,,,,,,,,,,,,,,,,,,,,,,,,,,,,,,,,,,,,1593.1481104090267,1653.3002860221343,1682.466662151198,1698.2176847736307,1678.2166892782793,1685.9415681882372,1715.340706478286,1707.927016986093,1682.842995376462,1675.0729487969916,1722.3621743436022,1755.3934874243544,1773.216512902587,1737.7364683668427,1724.593561911381,1728.0042597520846,1739.3347625367426,1755.9770904867728,1745.390706023798,1765.9930630452568,1771.6352840290808,1781.6068740634983,1797.0055701042597,1782.7071510715712,1796.5217050899978,1812.8329312940082,1825.2361492365665,1830.8546318078807,1850.694218648268,1854.2598781667236,1862.9633041037725,1870.6149356592812,1897.9384734937264,1913.9421751786908,1901.1587301587304
394734,370,"Kankakee, IL",msa,IL,,,,,,,,,,,,,,,,,,,,,,,,,,,,,,,,,,,,,,,,,,,,,,,,,,,,,,,,,,,,,,,,,,,,,,,,,,,,,,,,,,,,,,,,,,,,,,,,,,,,,,,,,,,,,,,,1427.7763019154174,1452.2654522125697,1454.7927095443463,1468.6361712064797,1455.7349764983564,1462.0553723946778,1490.6587227157092,1501.4741001705443,1502.978508269234,1500.0199801537472,1495.9525348185298,1502.3116555974593,1522.6855940610744,,1559.005786227267,1558.4721237751473,1573.4866579656991,1578.9251850921373,1577.0833333333333
394396,371,"Bluefield, WV",msa,VA,,,,,,,,,,,,,,,,,,,,,,,,,,,,,,,,,,,,,,,,,,,,,,,,,,,,,,,,,,,,,,,,,,,,,,,,,,,,,,,,,,,,,,,,,,,,,,,,,,,,,,,,,,,,,,,,,,,,,,,,,,,,,,,,,858.9607749616393,880.0
395095,372,"Show Low, AZ",msa,AZ,,,,,,,,,,,,,,,,,,,,,,,,,,,,,,,,,,,,,,,,,,,,,,,,,,,,,,,,,,,,,,,,,,,,,,,,,,,,,,,,,,,,,,,,,,,,,,,,,,,,,,,,,,,,,,,,,,,,,,,,,,,2090.6234949439017,2123.3186459961607,2211.022461013921,2226.258643749051,2262.493233731916,2198.4083344803685,2193.200727686195,2167.3611111111113
395023,373,"Richmond, KY",msa,KY,,,,,,,,,,,,,,,,,,,,,,,,,,,,,,,,,,,,,,,,,,,,,,,,,,,,,,,,,,,,,,,,,,,,,,,,,,,,,,,,,,,,,,,1124.486241053045,1156.4675665487878,1159.4162899580724,1190.492282309898,1187.5367034735302,1178.8214415559044,1180.2951426106674,1208.2722165020168,1231.1783199125111,1262.1448776201,1262.4450441114714,1269.7366859228714,1282.7973152527363,1276.7250375646252,,1286.049387993815,1296.8466366312086,1316.8697774824484,1344.2994363983864,1356.066171763418,1351.1973450171622,1329.9910601532656,1338.4589123322833,1349.0308225482943,1358.1385328625918,1358.3446350373906,1358.72581189902,1377.137739028765,1389.890279088779,1389.539103727321,1381.0201799921742,1390.1104140641976,1397.9152155618472,1418.9702456384216,1429.2450243216751,1428.7841483586083,1433.7889588605856,1446.783908768033,1461.960068684461,1452.088370761457,1452.3582374389816,1459.3224033342944,1465.7084766975984,1460.1785714285713
395168,374,"Tullahoma, TN",msa,TN,,,,,,,,,,,,,,,,,,,,,,,,,,,,,,,,,,,,,,,,,,,,,,,,,,,,,,,,,,,,,,,,,,,,,,,,,,,,,,,,,,,,,,,,1268.6998330160443,1272.7934679051996,1283.5569576069147,1289.0491672126493,1298.1887976874918,1308.1622134503657,1307.5980041216826,1311.5602626593052,1340.491766632702,1342.5958410025198,1357.73576094867,1351.260843984035,1353.3215768227956,1376.542072346825,1371.3352871500956,,1396.387657363723,1411.7609575966712,1431.1574636255489,1425.7526254870095,1431.5158994148933,1451.2375778463543,1446.8904952031633,1458.7933599196306,1455.3712349218742,1476.4097835620737,1491.9528511134406,1502.486292133356,1514.1804051510803,1496.9176891883096,1498.255502555658,1515.8514059046734,1512.449299808052,1515.1397066612196,1528.3288474173276,1538.9642468146994,1555.011757986681,1544.7608802242557,1552.6098991553822,1555.0089777048686,1558.608707163922,1582.2005572042904,1591.6666666666667
395222,375,"Whitewater, WI",msa,WI,,,,,,,,,,,,,,,,,,,,,,,,,,,,,,,,,,,,,,,,,,,,,,,,,,,,,,,,,,,,,,,,,,,,,,,,,,,,,,,,,,,,,,,,,,,,,,,,,,,,,,,,,,,,,,,,,,,,,,,,,,,,,,2222.038277627803,2222.147146433224,2227.795356655498,2226.299246080094,2220.5555555555557
394709,376,"Ithaca, NY",msa,NY,,,,,,,,,,,,,,,,,,,,,,,,,,,,,,,,,,,,,,,,,,,,,,,,,,,,,,,,,,,,,,,,,,,,,,,,,,,,,,,,,,,,,,,,,,,,,,,,,,,,,,,,,,,,2194.116972008803,2269.5362380293245,2339.037776805168,2368.8201465309394,2298.8906578891165,2335.047876909235,2346.8096749323304,2402.2715558101004,2415.1443123753397,2422.3958420446006,2422.4544627783307,2484.9482761650656,2504.9914210245706,2501.3184165787075,2487.4484065834413,2479.8583543198106,2547.7201931832124,2570.400184088276,2598.7635422330527,2578.8807864599235,2595.2186628412755,2620.3998642805727,2662.8333333333335
394637,377,"Grand Forks, ND",msa,MN,,,,,,,,,,,,,,,,,,,,,,,,,,,,,,,,,,,,,,,,,,,,,,,,,,,,,,,,,,,,,,,,,,,,,,,,,,,,,,,,,,,,,,,,,,,,,,,,,,,,,,,,,,,,,1409.7054460795487,1427.9780250662614,1408.4977855227658,1409.5339335743208,1410.9620166247446,1445.6076390238773,1436.5129306825784,1453.6200322123352,1453.963829674788,1496.5365072599584,1501.5281687457655,1501.7900400491894,1503.8232533647765,1510.4938789629327,1550.304428186346,1570.7295207760492,1581.2401752481292,1560.7810173615057,1569.8895648946523,1576.6994124268513,1588.2037097949499,1574.25
394524,378,"Decatur, IL",msa,IL,,,,,,,,,,,,,,,,,,,,,,,,,,,,,,,,,,,,,,,,,,,,,,,,,,,,,,,,,,,,,,,,,,,,,,,,,,,,,,,,,,,,,,,,,,,,,,,,,,,,,,,,,,,,,,,,,,,,1053.8303170212832,1049.1631719946402,1086.5907436142595,1101.9596810744235,1118.0750017325313,1115.5000035926762,1132.7577506427535,1144.6720454932174,1130.9453003149483,1118.6054350604834,1120.8064797762584,1156.2671190327426,1167.7225414018146,1178.3202335099047,1163.1527777777776
394762,379,"LaGrange, GA",msa,GA,,,,,,,,,,,,,,,,,,,,,,,,,,,,,,,,,,,,,,,,,,,,,,,,,,,,,,,,,,,,,,,,,,,,,,,,,,,,,,,,,,,,,,,,,,,,,,,,,,,,,990.5021455270005,1011.331646855926,1018.0839784557704,1044.226135419518,1052.7597126544317,1083.0126892927372,1090.0824885807324,1069.1989419312354,1059.1325924920468,1045.4872111685208,1085.6231335451378,1083.8472175111458,1101.798912524311,1083.3742768693644,1085.7626159718882,1091.5992672261411,1088.007127508545,1096.5990111863464,1128.440040228554,1177.6814167675102,1196.5419064426505,1220.8094922171683,1192.310502870227,1225.6941985979502,1226.7247415894349,1256.4095333951764,1264.6933271393852,1265.1150117902844,1287.5435373821842,1287.3055555555557
394599,381,"Fond du Lac, WI",msa,WI,,,,,,,,,,,,,,,,,,,,,,,,,,,,,,,,,,,,,,,,,,,,,,,,,,,,,,,,,,,,,,,,,,,,,,,,,,,,,,,,,,,,,,,,,,,,,,,,,,,,,,,,,,,,,,,,,,,,,,,,,,,,,,,,1141.6227844230555,1115.4279924967223,1099.6666666666667
394630,382,"Gettysburg, PA",msa,PA,,,,,,,,,,,,,,,,,,,,,,,,,,,,,,,,,,,,,,,,,,,,,,,,,,,,,,,,,,,,,,,,,,,,,,,,,,,,,,,,,,,,,,,,,,,,,,,,,,,,,,,,,,,,,,,,,,,,,,,,,,,,,,,,1465.0055776380225,1448.7574717038888,1424.4444444444443
394620,383,"Gadsden, AL",msa,AL,,,,,,,,,,,,,,,,,,,,,,,,,,,,,,,,,,,,,,,,,,,,,,,,,,,,,,,,,,,,,,,,,,,,,,,,,,,,,,,,,,,,,,,,,,,,,,,,,,,,,,,,,,,,,,,,,,,,,,,,,,,,,,1052.5815679125758,1057.9010610859468,1064.8837361437477,1068.5828852840136,1086.388888888889
394733,384,"Kalispell, MT",msa,MT,,,,,,,,,,,,,,,,,,,,,,,,,,,,,,,,,,,,,,,,,,,,,,,,,,,,,,,,,,,,,,,,,,,,,,,,,,,,,,,,,,,,,,,,,,,,,,,,,,,2515.0116714740234,2511.0733311300137,2512.98553592481,2496.5082200897536,2492.170598483427,2517.4541361828083,2550.214380298176,2522.192480193082,2525.7860733760344,2523.2523407463236,2584.1371831477672,2590.8579788894126,2595.673326888612,2554.653335738037,2583.18553929616,2595.955491251129,2622.4024240721415,2596.858830800204,2578.156332384093,2591.6922088001625,2610.3456026407753,2613.8874243171795,2575.959980758397,2592.0926494382447,2614.507310928876,2660.138813363902,2657.8112020498324,2671.534310412315,2659.2221942137107,2671.6950331464072,2682.046941789934,2708.7794612794614
394518,385,"Danville, VA",msa,VA,,,,,,,,,,,,,,,,,,,,,,,,,,,,,,,,,,,,,,,,,,,,,,,,,,,,,,,,,,,,,,,,,,,,,,,,,,,,,,,,,,,,,,,,,,,,,,,,,,,,,,,,,,,,,,,,,,,,,,,,,1476.1020758606296,1496.0105890204763,1490.0548903365432,1492.4171702269116,1495.5944647486106,1494.9068050259798,1491.182372465579,1452.3657338508854,1435.1402245161514,1412.9166666666667
394823,386,"Mankato, MN",msa,MN,,,,,,,,,,,,,,,,,,,,,,,,,,,,,,,,,,,,,,,,,,,,,,,,,,,,,,,,,,,,,,,,,,,,,,,,,,,,,,,,,,,,,,,,,,,,,,,,,,,,,,,,,,,,,,,,,,,,,,,,1619.2282940300781,1619.4143721106661,1630.8204932170272,1660.3461584509782,1691.526458135891,1683.5713349140265,1683.5354100896752,1678.1503135526536,1694.8279741597464,1682.3063903014327,1692.1111111111113
394794,387,"Lima, OH",msa,OH,,,,,,,,,,,,,,,,,,,,,,,,,,,,,,,,,,,,,,,,,,,,,,,,,,,,,,,,,,,,,,,,,,,,,,,,,,,,,,,,,,,,,,,,,,,,,,,,,,,,,,,,,,,,,,,,,,,,,,,,,1241.581537310099,1248.8829225717593,1268.628075341921,1288.8510032535362,1360.3071418336376,,1370.876710507374,1352.0595719748103,1356.9408495523605,1362.6666666666667
395166,389,"Truckee, CA",msa,CA,,,,,,,,,,,,,,,,,,,,,,,,,,,,,,,,,,,,,,,,,,,,,,,,,,,,,,,,,,,,,,,,,,,,,,,,,,,,,,,,,,,,,2551.216400748848,2498.2802163557117,2493.872060124978,2545.8248542146544,2599.267823459688,2614.62866796216,2560.441704651296,2559.92937872055,2579.718261511654,2619.2553907101155,2607.1351871553425,2629.7902584535245,2629.780226599816,2638.645843494567,2665.480197526669,2698.0298720941587,2709.64972883547,2694.977076438001,2713.3062828023967,2754.1788846834293,2732.600301451564,2717.4592162665585,2691.5316816192462,2705.318525017758,2696.903878516841,2726.972434473448,2732.1759971811844,2762.4971093916465,2777.746713812857,2806.9721999977405,2813.04115146041,2778.32635336276,2795.948634709483,2829.2242780456427,2866.380956422795,2868.6221617208826,2898.7087084292707,2900.8148539992967,2902.314260480913,2872.467879432053,2862.5099934314403,2861.8558406021025,2873.4839312783006,2897.57416227193,2904.6576442209857,2890.892857142857
395080,390,"Sebring, FL",msa,FL,,,,,,,,,,,,,,,,,,,,,,,,,,,,,,,,,,,,,,,,,,,,,,,,936.7079875385805,945.5392931995972,944.9098810953213,948.1424822333973,946.3211588435443,948.1247694887896,965.8814931056004,971.7251822537994,976.9234425079011,981.1207178831991,993.7760005042389,1005.8562327128984,995.4398762761963,992.757616568339,1000.4048938838856,1012.2660248512017,1014.0674092071017,1009.6386203539677,1012.0809310310457,1034.7016168277764,1035.9899662640316,1052.1429765903622,1055.4940875313598,1065.8929957123262,1082.8377887383217,1089.7431546236458,1106.9547301674359,1126.7533737439865,1144.0018740596481,1157.4699241910296,1176.8311656297326,1189.7453483071065,1210.693163302665,1236.2755013935678,,1278.8208888343177,1275.1016313335629,1301.421572946081,1328.3193927787756,1355.1490880411445,1363.3790673524031,1389.2810670600961,1397.1689882338999,1414.5402295609272,1421.2921966729732,1420.9552826661338,1443.2278368606605,1471.254501246489,1500.9650935773209,1496.0201227539553,1477.6886059614342,1484.4118836522894,1509.679209107815,1519.0467123352005,1528.1031093175493,1530.1162046321795,1538.9306987023092,1551.9981866178928,1542.5747547878211,1543.243008288151,1543.0254650608001,1551.374636444075,1556.5665933865773,1545.1899888147784,1544.742932985867,1555.6470553424992,1561.1720951011598,1576.9820042840586,1579.3285067523436,1577.6117610194615,1588.3426176135483,1588.3207482435246,1592.24165455535,1599.3807881411765,1614.602784849524,1629.546016957564,1630.261659830192,1625.634466022861,1628.7033360194014,1625.0762971805163,1629.967058102784,1636.939189590969,1639.864898989899
394462,391,"Cheyenne, WY",msa,WY,1138.673148051502,1136.4172780612166,1138.0273567953473,1126.8697177735173,1124.407925012678,1114.9101949308117,1123.18409500637,1126.3371642943025,1137.04867609921,1126.9887340780315,1126.342522476427,1128.2233835268953,1137.8027691045386,1148.4699142108814,1152.1197521152092,1156.5352043464675,1154.6197111130746,1156.8188076883887,1151.5925390185719,1151.3658888661366,1152.371545331157,1150.6720990836636,1160.8280881993855,1160.1534784274218,1167.5676605926888,1158.816757255614,1164.5587560868962,1169.5685779585237,1167.1247639151857,1166.4233989288978,1159.5959782995383,1171.362370301272,1163.5741012340377,1181.3450619378639,1177.993019997559,1192.5706802497637,1178.748781334401,1187.3427097570466,1184.489288145577,1182.5440876506325,1185.8442009819387,1189.6441971155757,1202.8290319117696,1201.3544256643231,1213.7930134832613,1212.9388765205388,1225.9228017863322,1223.9869399134373,1230.871148570232,1226.9163005111243,1233.5272443987278,1240.31247594588,1247.8636689994867,1253.7535513387695,1256.5699580562402,1260.988006240505,1264.2278851928297,1266.6105740566911,1266.6101965773244,1271.9299362106237,1283.083534770439,1295.164111268912,1297.0853555141794,1287.5319504501012,1290.8411036316188,1295.629087637964,1302.500768104866,1310.0812141096917,1312.4825432394055,1315.3992726384986,1325.4533191696707,1347.3695897398811,1335.4961535056048,1343.5727086818024,1350.0636101033538,1377.1800896836482,1371.4348674443352,1387.3330727544123,1404.6190682494178,1423.6389914550857,1441.5480833868196,1454.0553733454228,1462.7615662247445,1461.2618560403712,1460.265803382667,1488.003968543586,1492.1629113677677,1516.5758302462941,1533.7020600569176,1540.8074419224179,1540.5950176672156,1538.226350036023,1539.3487631334726,1549.4980395559,1548.690744569428,1558.898476288205,1581.758247595517,1571.8001908102,1576.106776072687,1550.6689074347569,1553.1845874094652,1559.1630259230853,1566.8612535918098,1592.3025986597852,1603.4368995869697,1615.4585552568644,1614.2718916748381,1628.840659473146,1642.667714374398,1663.8354041652108,1670.4872882381687,1671.99436161642,1669.478479502307,1669.1020381971493,1669.6118056605785,1668.7978592371371,1678.8250398250239,1682.1362161589168,1697.23403904572,1696.7754670216732,1691.8100076090768,1690.9052735108648,1699.2991187590321,1721.5518819701394,1735.725129316138,1748.1950421602432,1760.887918885179,1766.1764971842715,1770.0536768302447,1777.5714285714287
394689,392,"Hot Springs, AR",msa,AR,,,,,,,,,,,,,,,,,,,,,,,,,,,,,,,,,,,,,,,,,,,,,,,,,,,,,,,,,,,,,,,,,,,,,,,,,,,,,,,,,,,,,,,,,,,1230.1459442593602,1256.579260375279,1260.9733739187714,,1242.6181398109957,1255.0770464478394,1295.7674415479728,1323.174767402429,1304.2813810322377,1276.4643256497816,1292.9561206667763,1320.101144869985,1341.406140084439,1326.6923586592336,1338.095424072672,1341.524005196622,1353.3500863128556,1360.2181467257901,1355.2024220878532,1357.7879117856785,1361.5013252950696,1367.3439304934495,1384.963426143585,1385.5957610818882,1390.3145058012249,1387.6426369824628,1392.019978188516,1408.4920163520476,1414.5356008939139,1410.9577833213239,1414.3994768850619,1413.8606850463698,1429.974461109557,1446.6322515755276,1439.1994840223135,1436.4843671120473,1436.3566203705298,1452.2440936411488,1454.657573316138,1451.1805555555557
394302,393,"Adrian, MI",msa,MI,,,,,,,,,,,,,,,,,,,,,,,,,,,,,,,,,,,,,,,,,,,,,,,,,,,,,,,,,,,,,,,,,,,,,,,,,,,,,,,,,,,,,,,,,,,,,,,,,,,,,,,,,,,,,,,,,,,,,,,,,,,,,,,,,,1962.5
395090,394,"Shelby, NC",msa,NC,,,,,,,,,,,,,,,,,,,,,,,,,,,,,,,,,,,,,,,,,,,,,,,,,,,,,,,,,,,,,,,,,,,,,,,,,,,,,,,,,,,,,,,,,,,,,,,,,,,,,1332.1177362157882,1333.364004964289,1316.3653229246825,1312.4701808408422,1305.9112000556966,1311.0353001626315,1312.8755864961227,1329.1120886630933,1340.3887588298635,1342.3098754260154,1337.247295336598,1329.85207903202,1350.6956983012874,1355.7957024435711,1368.6192296155734,1371.7811178179963,1372.5356408661125,1366.7787063992885,1366.020580459815,1364.2939630979574,1367.7714570420017,1370.7818688303896,1377.1094282448776,1389.026110177839,1383.6071814972188,1386.2559341541153,1399.8330856069156,1415.2805291797504,1436.9188497437128,1449.5079365079366
394542,396,"Dubuque, IA",msa,IA,,,,,,,,,,,,,,,,,,,,,,,,,,,,,,,,,,,,,,,,,,,,,,,,,,,,,,,,,,,,,,,,,,,,,,,,,,,,,,,,,,,,,,,,,,,,,1268.2261568393117,1287.18406823093,1286.7910206608476,1275.2908910298727,1291.6200596601768,1288.49917870004,1316.917527375769,1310.0853746763707,1333.7740557681905,1319.8213226699359,1338.6812219249457,1328.8317445125779,1347.6873366896205,1334.185895677231,1373.18844180328,1393.2918843946395,1427.8786623357098,1418.9419608555656,1418.7612229446781,1408.6393287150788,1394.7279245169004,1397.2513212127997,1400.609278413285,1420.1137032328027,1425.5144166003283,1456.5696177260547,1442.902939087979,1450.8524346697118,1430.723229710248,1453.892512130313,1454.858930473814,1482.5063573989514,1498.1387027579628,1516.1402456625656,1520.9603474257633,1523.959620495517,1525.8255545410834,1520.4444444444443
394852,397,"Meridian, MS",msa,MS,,,,,,,,,,,,,,,,,,,,,,,,,,,,,,,,,,,,,,,,,,,,,,,,,,,,,,,,,,,,,,,,,,,,,,,,,,,,,,,,,,,,,,,,,,,,,,,,,,,,,,,,,,,,,,,,,,,,,,,,,1366.0605114297323,1380.3623954080758,1352.0271956896374,,1368.0450017423507,1412.2933530787986,1448.2703832963832,1449.648799207609,1441.8269140063771,1433.3333333333333
753912,398,"Pinehurst, NC",msa,NC,,,,,,,,,,,,,,,,,1317.1141289503223,1309.9100148682762,1315.7990296357714,1330.70139703792,1351.599731153327,1359.8529470657722,1345.417552640763,1347.0015274492032,1331.0331371158863,1340.366830293313,1313.375367988258,1316.2851572183733,1326.1818434326915,1346.7189399773297,1357.9809197526884,1357.5173650885874,1362.1479309565652,1355.6855855612096,1352.3502718697353,1355.2691892899404,1363.0861410958423,1371.3118379736263,1381.0657880254555,1383.8410549098712,1384.5472773911301,1380.5372007906387,1382.8234469465426,1387.9239284891264,1383.389842817664,1385.3160257271657,,1412.713862311255,1407.645773425424,1403.9628852022224,1416.5479278162984,1423.0396308484396,1425.6895701558292,1428.0857719153616,1428.6123276076212,1431.1437241918409,1438.6227336509935,1449.9703599842562,1455.152055380156,1454.8807519869572,1470.44379527123,1480.7985592409211,1494.8503332840005,1478.9413459580626,1488.3390302347561,1481.6030454977918,1511.4556775856286,1509.6222604981601,1514.5719077641597,1523.4790322746544,1552.6260790659403,1567.821573773195,1582.4888384308117,1602.7297580112036,1578.6943753162668,1593.9598155721208,1611.8738424920455,1687.5833805260047,1709.1304960372574,1735.5950380996321,1778.249967241599,1804.8128237244832,,1840.0468378054236,1842.9306411464104,1856.4987508335669,1870.7476960189504,1910.384467906721,1943.3120715164298,1937.9408988458094,1948.067453973908,1952.858079964302,1955.6304811629627,1950.888747353061,1955.3197904180504,1942.9463196640766,1957.1446887309976,1981.7462768428668,2017.3040903815045,2032.1458801690444,2012.4677373926659,2004.8764282488467,1995.4986698825703,2022.1331256317724,2029.1204053782526,2052.984547299463,2068.6747419434273,2071.022917098684,2072.885665710791,2068.682989538585,2074.2205324217534,2077.9562325288302,2084.218136244214,2095.4173879545347,2095.234789112081,2099.9160056402034,2095.605832392733,2092.221954065998,2092.908336695582,2107.1285033261247,2113.8789643559385,2117.2151130482016,2108.750526092433,2104.910027625658,2117.0595569191482,2125.4686308008395,2142.011017328822,2137.6163572596265,2149.752082447659,2154.9259259259256
394953,399,"Paducah, KY",msa,KY,,,,,,,,,,,,,,,,,,,,,,,,,,,,,,,,,,,,,,,,,,,,,,,,,,,,,,,,,,,,,,,,,,,,,,,,,,,,,,,,,,,,,,,,,,,,,,,,,,,,,,,,,,,,,,,,,,,,,,,,,,,,,,,,,1487.3928585931103,1499.1666666666665
395190,400,"Victoria, TX",msa,TX,,,,,,,,,,,,,,,,,,,,,,,,,,,,,,,,,,,,,,,,,,,,,,,,,,,,,,,,,,,,,,,,,,,,,,,,,,,,,,,,,,,,,,,,,,,,,,,,,,,,,,,,,,,,,,,1484.1561760399893,1464.3169337525942,1452.3894984012325,1464.2338908899062,1490.8323864919746,1512.0535262536425,1523.7948848493284,1515.037332321725,1525.6154564341027,1518.7946054793513,1509.2257885437061,1505.3913770873194,1514.8399484587585,1526.05975046139,1544.5490584226625,1543.1850634160064,1542.090857469418,1531.7297433359777,1536.271829146339,1552.2222222222224
395038,401,"Rome, GA",msa,GA,,,,,,,,,,,,,,,,,,,,,,,,,,,,,,,,,,,,,,,,,,,,,,,,,,,,,,,,,,,,,,,,,,,,,,,,,,,,,,,,,,,,,,,,,,,,,,,,,,,,,1215.3991941873185,1181.0966471114957,1204.3599458040794,1230.1764331610584,1269.8719711824085,1260.2503000359718,1234.580645724357,1207.6377436085218,1210.3102474461489,1225.361416210184,1245.2157112648426,1269.5519169599133,1285.678658508382,1277.756092426427,1288.1230185780053,1259.2571345910749,1277.1514607381298,1279.0499972671228,1290.749833931358,1315.1150487802377,1328.83323803326,1341.9588714244253,1325.37860992091,1327.03805705922,1323.907056394352,1356.8077393593162,1349.738390563404,1374.2060159548175,1361.7043997270027,1375.357142857143
395086,402,"Sevierville, TN",msa,TN,,,,,,,,,,,,,,,,,,,,,,,,,,,,,,,,,,,,,,,,,,,,,,,,,,,,,,,,,,,,,,,,,,,,,,,,,,,,,,,,,,,,,,,,,,,,,,,,,,,,,,,,,,,,,,,,,,,1917.1295504053946,1898.891743391802,1863.747588517889,1922.2336499355429,1906.2953678743904,1928.934961478536,1906.403722954457,1957.5560908765287,1960.9162252578865,1977.2457240056663,1963.0941679878408,1912.2534099571353,1972.110718867808,1987.7019123965317,2057.0012870962914,2020.7936507936508
394882,403,"Moses Lake, WA",msa,WA,,,,,,,,,,,,,,,,,,,,,,,,,,,,,,,,,,,,,,,,,,,,,,,,,,,,,,,,,,,,,,,,,,,,,,,,,,,,,,,,,,,,,,,,,,,,,,,,,,,,,,,,,,,,,,1869.3651127152293,1851.3987363152494,1869.2091018995236,1890.5006759133175,1897.3238339943666,1919.0951100259556,1897.5577570592154,1885.3216813034137,1889.6647089153257,1898.9037517185482,1916.5214400392747,1917.3295283816335,1921.1403674656276,1916.4097762363833,1923.0395069028275,1915.6969306510412,1920.5148287034885,1914.6087807589352,1945.9567436403688,1964.5568209907265,1969.1137566137568
394441,405,"Cape Girardeau, MO",msa,MO,,,,,,,,,,,,,,,,,,,,,,,,,,,,,,,,,,,,,,,,,,,,,,,,,,,,,,,,,,,,,,,,,,,,,,,,,,,,,,,,,,,,,,,,,,,,,,,1200.039280916503,1214.6165269489927,1206.6204466596014,1195.2380708011672,1212.2550154520382,1217.0257920606384,1218.8461206077566,1200.1102624582127,1210.2852810174961,1241.8662722197553,1239.355553988112,1240.8966580406138,1213.0357543882626,1241.1775034361683,1251.450654406935,1257.3324042158004,1247.7249555054032,1258.5084861637897,1254.0297628955852,1275.1075365201514,1251.298514055217,1265.2402031075196,1282.881091101744,1291.4172598990017,1301.58851202382,1286.1640682553452,1296.276160606501,1311.4214655845196,1322.2646092182997,1323.9354471997278,1332.6371508532252,1334.1569905718306,1349.804684405468,1336.6991885677282,1329.2142634603688,1331.6666666666667
394311,406,"Albertville, AL",msa,AL,,,,,,,,,,,,,,,,,,,,,,,,,,,,,,,,,,,,,,,,,,,,,,,,,,,,,,,,,,,,,,,,,,,,,,,,,,,,,,,,,,,,,,,,,,,,,,,,,,,,,,,,,,,,,,,,,,,,,,,,,,,1377.1609680146007,1398.5412050201296,1413.867192043708,1414.8777944801898,1418.7240670948274,1435.0089527035589,1465.1534179832165,1495.0
394580,407,"Fairbanks, AK",msa,AK,,,,,,,,,,,,,,,,,,,,,,,,,,,,,,,,,,,,,,,,,,,,,,,,,,,,,,,,,,,,,,,,,,,,,,,,,,,,,,,,,,,,,,,,,,,,,,,,,,,,,,,,,,,,,,,1983.8116122576298,1977.1901631052076,2024.217150006123,2047.2471045086381,2046.0266060934484,2061.065323897226,2069.411935172674,2070.047910052997,2108.4491055279564,2104.5996048389607,,2082.403237866079,2089.2249228198352,2100.359176488571,2106.738166988473,2108.53509343739,2115.14829533076,2112.356416213265,2126.001380565557,2140.575396825397
394410,408,"Brainerd, MN",msa,MN,,,,,,,,,,,,,,,,,,,,,,,,,,,,,,,,,,,,,,,,,,,,,,,,,,,,,,,,,,,,,,,,,,,,,,,,,,,,,,,,,,,,,,,,,,,,,,,,,,,,,,,,,,,,,,,,,,,,,,,,,,,,,,,,,,1428.3333333333333
394513,409,"Cumberland, MD",msa,MD,,,,,,,,,,,,,,,,,,,,,,,,,,,,,,,,,,,,,,,,,,,,,,,,,,,,,,,,,,,,,,,,,,,,,,,,,,,,,,,,,,,,,,,,,,,,,,,,,,,,,,,,,,,,,,,,,,,,,,,,,,,,,,,1117.5810760742245,1127.6183263869618,1115.897282349802,1099.4444444444443
394505,411,"Corvallis, OR",msa,OR,,,,,,,,,,,,1341.016149631771,1359.1228717706579,1376.9332522205648,1381.0035120128105,1360.8966988874472,1375.2759281957176,1380.6144909286331,1397.903673073938,1402.868637706397,1411.5842555923095,1399.2783811717304,1431.7622059816395,1445.6968099136332,1469.658686908812,1455.3316920593686,1462.632285069979,1479.1094185313827,1481.9840219042326,1487.3446063035324,1496.1244098436355,1496.978537226718,1502.652831048553,1532.865284865719,1542.3825042460578,1541.166228522411,1525.7533867462407,1533.0454791626976,1552.9664985327922,1552.660481894266,1562.6091528658762,1574.2520571333753,1581.4655424425102,1579.9793968423016,1583.5440752805644,1597.8245763781122,1604.394648923284,1622.5022619839326,1614.9033781622436,1619.4560822569106,1613.9920689788894,1624.9011180510397,1627.9990150538547,1630.0026206379298,1631.6620404582682,1645.9065380207812,1653.6241578888823,1644.7338124693908,1643.3612415906236,1641.9948117061786,1664.9701114244185,1675.826763699123,1691.916173851263,1677.6130759562668,1660.925955438671,1670.5692404430108,1670.1481433242855,1683.560125327366,1682.0405555144819,1695.331281954574,1704.3839131077511,1723.4621612577307,1749.239078786842,1753.2763419185073,1764.4816159333297,1786.3242225306778,1831.8261922522227,1846.6422074351858,1864.574779902499,1873.8376307596225,1891.4144191628893,1932.3066399549207,1945.6793150967253,1966.293253562943,1931.6491056204775,1949.9551512240648,1953.6957811704754,1981.2628341473505,1985.103909743175,2011.1592315413047,2036.6471729332957,2060.606391150877,2085.392795199402,2106.523890249349,2128.166176425703,2139.731723373527,2146.1718796606883,2145.9944521067314,2143.1893586791507,2146.2076948659696,2154.9730437326834,2172.848672713689,2178.506787433885,2199.8441147555513,2210.3781077905833,2216.9963771069442,2228.6294787527854,2249.326494385505,2259.868442599889,2264.426645110817,2280.431698656681,2293.6862229271446,2304.497047068897,2295.227942753064,2307.7607629680274,2311.92670101563,2317.0248078905,2319.34055991865,2322.799135055791,2321.8569854098632,2342.989390092387,2360.111133366367,2371.991017681666,2376.299200296159,2383.6043460101127,2397.5841326707073,2400.664639207897,2402.943216518623,2409.5350764909244,2420.588319088319
394988,412,"Pocatello, ID",msa,ID,,,,,,,,,,,,,,,,,,,,,,,,,,,,,,,,,,,,,,,,,,,,,,,,,,,,,,,,,,,,,,,,,,,,,,,,,,,,,,,,,,,,,,,,,,,,,,,,,,1450.2517310290805,1465.7158124162534,1463.2163435298046,1463.3515259899023,1480.7686476874965,1460.7988724007548,1474.5509451823602,1464.6539063480182,1495.4015520682146,1494.7516842524738,1492.326363487174,1484.724198444905,1497.6984872235446,1507.5586922008063,1516.2099926172584,1517.6548786675999,1520.7887499616547,1549.9660893018145,1557.3354701938183,1545.915930649853,1538.092463866578,1544.967722922384,1538.274084726167,1563.7557248582816,1554.3405956118615,1558.0664438928354,1565.1398277466014,1581.8451970375843,1577.5753919881026,1581.3317352192523,1587.0220809547222,1625.6407922311587,1629.2984126984127
395140,415,"Sunbury, PA",msa,PA,,,,,,,,,,,,,,,,,,,,,,,,,,,,,,,,,,,,,,,,,,,,,,,,,,,,,,,,,,,,,,,,,,,,,,,,,,,,,,,,,,,,,,,,,,,,,,,,,,,,,,,,,,,,,,,,,,,,,,,,,,,,,,,,1014.5842382832413,1048.278378650499,1051.6666666666667
395175,416,"Ukiah, CA",msa,CA,,,,,,,,,,,,,,,,,,,,,,,,,,,,,,,,,,,,,,,,,,,,,,,,,,,,,,,,,,,,,,,,,,,,,,,,,,,,,,,,,,,,,,,,,,,,,,,,,,,,,,,,,,,,,,,,,,,,,,,2106.878534077576,2106.5223899161942,2122.510258344281,2121.805209922078,2175.438878383198,2189.062134489482,2190.864561323936,2136.8296334809816,2091.1011510285384,2074.2186276105913,2099.315150636576,2145.8333333333335
753887,417,"Hermiston, OR",msa,OR,,,,,,,,,,,,,,,,,,,,,,,,,,,,,,,,,,,,,,,,,,,,,,,,,,,,,,,,,,,,,,,,,,,,,,,,,,,,,,,,,,,,,,,,,,,,,,,,,,,,,,,,,,,,,,,,,,,,,1474.4838398222032,1470.8638119604725,1470.1924326880119,1469.2917684882325,1481.0739758202076,1496.2365811022119,1513.4629233947912,1519.1641587343465,1505.5561472938862,1517.2086446883357,1523.2748690181465,1527.4701084784867,1529.4963907135307,1549.6666666666667
394469,418,"Clarksburg, WV",msa,WV,,,,,,,,,,,,,,,,,,,,,,,,,,,,,,,,,,,,,,,,,,,,,,,,,,,,,,,,,,,,,,,,,,,,,,,,,,,,,,,,,,,,,,,,,,,,,,,,,,,,,,,,,,,,,,,,,,,,,,,,,,1170.7288458645926,1184.350073052272,1211.8098116773488,1238.115504241219,1231.8580721478597,1230.254335031293,1232.880975248646,1220.779982094827,1230.5555555555557
394964,419,"Parkersburg, WV",msa,WV,,,,,,,,,,,,,,,,,,,,,,,,,,,,,,,,,,,,,,,,,,,,,,,,,,,,,,,,,,,,,,,,,,,,,,,,,,,,,,,,,,,,,,,,,,,,,,,,,,,,,,,,,,,,,,,,,,,,,,,,,,,,,,,,,,1172.5
394980,421,"Pine Bluff, AR",msa,AR,,,,,,,,,,,,,,,,,,,,,,,,,,,,,,,,,,,,,,,,,,,,,,,,,,,,,,,,,,,,,,,,,,,,,,,,,,,,,,,,,,,,,,,,,,,,,,,,,,,,,,,,,,,,,,,,,,,,,,,,,,,,,,,,,837.8056269798723,861.25
394641,422,"Grants Pass, OR",msa,OR,,,,,,,,,,,,,,,,,,,,,,,,,,,,,,,,,,,,,,,,,,,,,,,,,,,,,,,,,,,,,,,,,,,,,,,,,,,,,,,,,,,,,,,,,,,,,,,,,,,,,,,,,,,,,,,,,,1749.9927885792401,1748.2929903241131,1748.653544408088,1737.6855410676285,1732.2351596558617,1728.1806644115654,1721.3955541546084,1735.644466857864,1737.758207763795,1782.4115036333967,1789.2399736837633,1816.568697365712,1823.3246824135786,1801.719698792353,1813.3310136417786,1823.0539397413881,1878.611111111111
394511,424,"Cullman, AL",msa,AL,,,,,,,,,,,,,,,,,,,,,,,,,,,,,,,,,,,,,,,,,,,,,,,,,,,,,,,,,,,,,,,,,,,,,,,,,,,,,,,,,,,,,,,,,,,,,,,,,,,,,,,,,,,,,,,,,,,,,,,,,1520.582398863092,,1530.6703792470955,1526.7171639143025,1524.7088064008992,1527.1331139927877,1536.8852676020012,1555.3271037387658,1562.2653103576715,1563.1944444444443
395248,426,"Zanesville, OH",msa,OH,,,,,,,,,,,,,,,,,,,,,,,,,,,,,,,,,,,,,,,,,,,,,,,,,,,,,,,,,,,,,,,,,,,,,,,,,,,,,,,,,,,,,,,,,,,,,,,,,,,,,,,,,,,,,,,,,,,,,,,,,,,1046.911325600998,1052.7431774808342,1049.908895763079,1069.5077772229508,1093.0581920924399,1113.3920572503084,1105.7027363583668,1097.5
394907,427,"New Castle, PA",msa,PA,,,,,,,,,,,,,,,,,,,,,,,,,,,,,,,,,,,,,,,,,,,,,,,,,,,,,,,,,,,,,,,,,,,,,,,,,,,,,,,,,,,,,,,,,,,,,,,,,,,,,,,,,,,,,,,,,,,,,,,,,923.318672495654,936.7681214661612,953.2214596973029,935.7826234631341,967.0960492390612,971.5601859848284,,1008.8592016048705,1025.183424137362,1052.7777777777778
394925,428,"Oak Harbor, WA",msa,WA,1143.4338263599889,1159.411978701801,1166.6030461399118,1188.6498006079428,1195.2780125500242,1210.9014208964472,1206.8141308797146,1223.1204780685084,1235.3889978593531,1246.0526600481217,1262.0603350953697,1273.8839963839662,1299.2228530653886,1288.4683349771487,1307.7852041420604,1314.703428979722,1334.806370270077,1341.4834190616373,1353.2566895249531,1369.2379314601812,1374.123118853688,1389.2504822708252,1393.4139569646345,1413.2180037868427,1413.2767993681027,1435.14494823833,1440.5624501565164,1466.4438130030744,1472.9323740381399,1480.8715502747852,1494.0236599261807,1495.7166927763576,1501.7190958861017,1493.8546180607734,1501.9767302485327,1510.655621438657,1515.560214173218,1518.7002388975025,1526.5464691246843,1530.7228761598458,1540.9811511834346,1551.1250247758528,1551.5323782282471,1560.868456378022,1558.556071207367,1574.9199096381994,1566.9748193209473,1573.1587656197396,1581.011987092133,1601.0451686574158,1605.8076846902918,1605.0734656905922,1606.6812929167777,1609.9796540447887,1617.3056053080427,1621.1280155256661,1633.9096100189183,1636.111176753476,1650.8981078945621,1650.2046746714138,1653.3757966687351,1643.6662685583033,1656.073208164818,1643.5339232334209,1653.5727033455246,1659.8031139732047,1687.276721296171,1700.278350084235,1714.1862594236309,1723.1973458257853,1721.4685215843294,1749.5017168322781,1781.6645210499753,1799.3702811871528,1803.9157857128903,1806.0470820319222,1837.5039975426484,1863.8891506598286,1894.6599790031516,1914.7837486213318,1944.098953486273,1947.017671612118,1952.9882787241143,1953.9397909529782,1958.0661064747826,1985.3972155702525,1997.7075375418426,2040.1390757066392,2023.5083319318708,2036.1917316202314,2046.7003700781297,2082.059509250306,2085.5236483030076,2099.5046935355385,2116.4969850048988,2141.4568707494204,2113.2995708270983,2136.110114559806,2173.1076205410736,2218.106702537286,2248.870257849442,2252.9178236855155,2245.0149201430245,2222.631029943556,2203.0063660547644,2220.85367869957,2233.268166383531,2267.9675713706392,2302.920615256102,2301.4628634494834,2277.6319112207566,2273.239614974726,2291.949936875132,2320.461716626035,2334.32345114526,2357.014669661698,2387.0970220112163,2373.675554344214,2382.4485756711,2369.027115002001,2382.645491917412,2394.136066202862,2420.6029374762984,2422.2087647300045,2426.1484668100134,2430.047144794799,2452.4814474921586,2470.507107545242,2488.978022477853,2521.3703703703704
394942,429,"Orangeburg, SC",msa,SC,,,,,,,,,,,,,,,,,,,,,,,,,,,,,,,,,,,,,,,,,,,,,,,,,,,,,,,,,,,,,,,,,,,,,,,,,,,,,,,,,,,,,,,,,,,,,,,,,,,,,,,,,,,,,,,,,,,,,,,,,,,,,1087.2764463296728,1112.8484028690852,,1163.0245558240379,1172.43871528763,1184.6666666666667
394644,433,"Great Falls, MT",msa,MT,,,,,,,,,,,,,,,,,,,,,,,,,,,,,,,,,,,,,,,,,,,,,,,,,,,,,,,,,,,,,,,,,,,,,,,,,,,,,,,,,,,,,,,,,,1434.681988706866,1473.4525367386648,1517.729316413958,1536.7136701604536,1564.4212400709523,1554.1468444657924,1575.6728489667523,1568.9163358225267,1565.721032008192,1567.2200060463229,,1575.8800714489755,1570.3330487713501,1565.0247605431382,1567.7445122539343,1573.1398312775743,1590.573075488699,1616.0247612148557,1620.7692263059887,1622.3334605217458,1630.2509492803454,1653.5046341688499,1665.40553546172,1678.1024388829933,1677.9429026768657,1698.5114154431506,1716.8563579249048,1707.168222421742,1728.7281047625738,1731.2076647272904,1749.6013416679878,1777.051489747336,1792.2815898788356,1787.3569117312918,1797.5418491771309,1802.1189487267136,1823.2239959099722,1819.424692490322,1812.321577293294,1828.9300803076703,1811.4502164502164
395042,435,"Russellville, AR",msa,AR,,,,,,,,,,,,,,,,,,,,,,,,,,,,,,,,,,,,,,,,,,,,,,,,,,,,,,,,,,,,,,,,,,,,,,,,,,,,,,,,,,,,,,,,,,,,,,,,,,,,,,,,,,,,,,,,,,,,,,,,,,,1178.730346627129,1184.314858403815,1204.35328970406,1212.7031831519237,1201.6077099031438,1185.9666703094954,1158.6773467904457,1161.111111111111
394859,437,"Midland, MI",msa,MI,,,,,,,,,,,,,,,,,,,,,,,,,,,,,,,,,,,,,,,,,,,,,,,,,,,,,,,,,,,,,,,,,,,,,,,,,,,,,,,,,,,,,,,,,,,,,,,,,,,,,,,,,,,,,,,1397.1850915765563,1381.2344682940682,1387.6847016415977,1402.1552454166913,1428.270917730757,1409.8939039325878,1432.50418649846,1456.2926542265736,1474.7015813160488,1453.9429867882125,1485.7175193510584,1505.2337710214586,1551.1969553401107,1587.0316677955561,1594.5424678247725,1601.6331815256947,1590.2967392753135,1626.099330169905,1641.3881695422813,1651.4388888888889
394755,438,"Kokomo, IN",msa,IN,,,,,,,,,,,,,,,,,,,,,,,,,,,,,,,,,,,,,,,,,,,,,,,,,,,,,,,,,,,,,,,,,,,,,,,,,,,,,,,,,,,,,,,,,,,,945.5827954933418,939.1970234849113,933.8618574403063,928.225806231735,926.2872185647137,935.435795103909,948.1244834795593,955.1132865457504,947.6108734834503,948.4816001418911,959.2116229742687,981.787938997758,987.5484442650837,1003.761995063734,1019.7486300127626,1032.424421860149,,1039.4807673290686,1051.7801503783198,1066.323831349362,1084.5143431617817,1114.2304422201805,1127.6694410925215,1146.7212103335444,1162.067132216179,1159.5733988720306,1151.7174023342623,1160.9301991572195,1179.3671415035449,1190.0799340727394,1193.6029566055395,1193.2471640601027,1196.103324439413,1186.0058385305274,1185.033336160607,1173.1002316488502,1173.067298282009,1181.8952904200662,1194.642857142857
394395,439,"Bloomsburg, PA",msa,PA,,,,,,,,,,,,,,,,,,,,,,,,,,,,,,,,,,,,,,,,,,,,,,,,,,,,,,,,,,,,,,,,,,,,,,,,,,,,,,,,,,,,,,,,,,,,,,,,,,,,,,,,,,,,,,,,,,,,,,,,,1536.2237720474081,1557.1493665337637,1553.1942190822754,1555.9100752535853,1560.3496990339872,1576.5852369361614,1567.206850996192,1558.89899612283,1539.5154512259185,1548.611111111111
394675,441,"Helena, MT",msa,MT,,,,,,,,,,,,,,,,,,,,,,,,,,,,,,,,,,,,,,,,,,,,,,,,,,,,,,,,,,,,,,,,,,,,,,,,,,,,,,,,,,,,,,,,,,,,,,,,,,,,,,,,,,,,,,,,,,1997.7643470780654,1984.2309985571626,2035.181212568619,2093.942689470121,2071.6315100111606,2076.116015258073,2062.321288593237,2102.3984226280277,2138.7960008344476,2165.0955737178238,2108.13804587103,2096.8091330122047,2134.5214663497595,2165.8799654559302,2197.5287484728096,2172.1720268713616,2213.75
394744,442,"Key West, FL",msa,FL,,,,,,,,,,,,,,,,,,,,,,,,,,,,,,,,,,,,,,,,,,,,,,,,,,,,,,,,,,,,,,,,,,,,,,,,,,,,,,,,,,,,3375.703375090181,3402.4221347810003,3477.1977995783013,3540.7080193978695,3658.2055892201647,3645.1287137837217,3806.431784548699,3799.2541767777807,3853.8900863782064,3872.046804406246,3953.26803918047,4028.841712734783,4016.2577779346093,3964.9407330005574,3879.0980471693247,3924.6981917379367,3945.3364533701338,3984.8344607499616,3983.162357666608,3959.040283716675,3996.127402768491,4031.4568396156446,4054.5154089473804,3980.777442165917,4021.83892823318,3990.7989874120485,4074.365151921567,4052.6860781856813,4148.417325187655,4149.06268668379,4062.906878243965,4049.048323170151,4067.074646330932,4102.108199796444,4052.672038587775,4095.5886959406835,4097.987869063549,4174.013028915476,4161.712574646864,4171.255342812135,4088.966785844367,4099.504812289657,4158.373011898413,4207.359239728202,4188.847799591782,4165.418068082006,4200.232142857142
395145,443,"Talladega, AL",msa,AL,,,,,,,,,,,,,,,,,,,,,,,,,,,,,,,,,,,,,,,,,,,,,,,,,,,,,,,,,,,,,,,,,,,,,,,,,,,,,,,,,,,,,,,,,,,,,,,,,1131.2101444493715,1142.8729819264586,1153.6991065663062,1164.464121473221,1166.646986414599,1172.0553411747326,1175.1912142632505,1195.6195389236293,1201.1033404983466,1198.4931919080661,1194.0487446035938,1200.1428199141476,1203.5282420899875,1197.7867179949199,1197.588243642797,1201.6126079950286,1212.0491778056469,1222.6795582166394,1231.3598372820138,1220.5460726892697,1224.0578710723182,1229.52312388937,1251.3237385325929,1254.7394197713536,1257.8764896941425,1264.9048225174733,1268.0784660825943,1265.2805210208248,1261.334045968915,1255.4574191771276,1252.19568147362,1255.3302727091698,1254.8213979837867,1254.7222222222224
395133,444,"Stillwater, OK",msa,OK,,,,,,,,,,,,,,,,,,,,,,,,,,,,,,,,,,,,,,,,,,,,,,,,,,,,,,,,,,,,,,,,,,,,,,1091.825338461099,1107.1414131547085,1110.5952381088423,1101.7136356369504,1103.777951304692,1114.94098500859,1128.6044018949037,1135.5698134500628,1137.3625245934993,1147.6959371751063,1159.8450626945264,1164.1351275783888,1164.190221539824,1165.5802649485688,1172.326745912313,1193.951029032379,1207.6259582838593,1210.2500654024182,1211.2286695037926,1230.1827066272062,1261.53440053181,1262.3544587686592,1271.7165433890607,1262.3890998004667,1272.1690469404252,1268.2026027653963,1282.4383092955138,1287.2677429978214,1295.5427646749765,1296.8613796495702,1305.8863426422147,1298.8062989849873,1299.119364792395,1317.8299427924785,1327.6827882648213,1346.5857026042243,1353.2035278948522,1357.8866471463791,1350.1008939016874,1350.3107656188602,1361.4978299791185,1373.69491463523,1384.7601520473027,1389.739017545118,1386.6557368797764,1382.353663296154,1386.5645267860448,1377.4339966796035,1400.7769207420909,1414.939138290587,1428.8972399889642,1438.5010568901496,1439.1005603709284,1444.6654340635973,1447.5874490653423,1459.9652538866617,1472.6695814309587,1483.5036623510407,1490.5680092958828,1508.2449214487422,1501.984126984127
394489,445,"Columbus, IN",msa,IN,,,,,,,,,,,,,,,,,,,,,,,,,,,,,,,,,,,,,,,,,,,,,,,,,,,,,,,,,,,,,,,,,,,,,,,,,,,,,,,,1341.4992672183741,1355.1350954771162,1339.7820494962991,1354.7247752463668,1365.0190006230362,1400.0729402198338,1371.5506079123772,1401.4686163456752,1394.8132923871892,1453.9861355591433,1449.2647496820628,1452.7855443519022,1435.6149781283357,1427.1709975512417,1448.4502625399887,1469.2228283738373,1490.6243225272754,1501.1336351191749,1518.9496259938028,1528.379540780917,1544.609653034674,1530.9274619985424,1530.724064884695,1515.7101698531696,1541.2646944324958,1561.2903128474081,1588.2515146855158,1583.4848334752692,1576.8625410844484,1580.3017621151225,1598.2721530774759,1600.8450551793687,1605.6938061475867,1605.8836884565103,1637.2072540158988,1653.1870186120993,1638.8467395094378,1645.7400248264832,1648.2675083779666,1658.0807484496113,1669.487430215201,1673.5870104524704,1674.8538806550564,1679.8956480369986,1686.794976848903,1698.3209759268168,1691.2744062542772,1701.5826096943435,1718.6320917430971,1720.1367077749537,1715.2833333333335
394345,446,"Athens, TX",msa,TX,,,,,,,,,,,,,,,,,,,,,,,,,,,,,,,,,,,,,,,,,,,,,,,,,,,,,,,,,,,,,,,,,,,,,,,,,,,,,,,,,,,,,,,,,,,,,,,1442.0981309288538,1445.6082198062106,1451.7321361578906,1414.1686072847149,1407.4692415056497,1402.6572972460347,1395.5175232497102,1397.6277827567012,1402.6327536164686,1433.7969342828906,1438.1426239436958,1468.060268565922,1460.4251759061076,1487.0263861638462,1490.2717969731116,1491.7379774336146,1474.6542987093148,1452.4071436638399,1445.2421600786408,1439.390800772931,1451.9536714516646,1466.8224826051219,1476.1326680690065,1479.2686067465152,1494.7779348690547,1483.5302254259816,1484.9800465152543,1485.3971136841565,1504.7002102356862,1525.6939922679103,1542.8289784777255,1552.5818641854275,1549.328397066737,1524.936185302424,1520.1808306987368,1506.8222222222223
394452,447,"Centralia, WA",msa,WA,,,,,,,,,,,,,,,,,,,,,,,,,,,,,,,,,,,,,,,,,,,,,,,,,,,,,,,,,,,,,,,,,,,,,,,,,,,,,,,,,,,,,,,,,,,,,,,,,,,,,,,,,,,,,,,,,,,,1741.1842898629177,1737.8227691464494,1739.8998016032601,1781.7983143627869,1806.5039994226295,1819.1934041083625,1771.6902642306957,1742.1732094221716,1751.6196811646307,1794.3117943152884,1817.582896226658,1798.8644276563698,1795.4518080058003,1818.8014774731037,1854.1666666666667
394822,448,"Manitowoc, WI",msa,WI,,,,,,,,,,,,,,,,,,,,,,,,,,,,,,,,,,,,,,,,,,,,,,,,,,,,,,,,,,,,,,,,,,,,,,,,,,,,,,,,,,,,,,,,,,,,,,,,,,,,,,,,,,,,,,,,,,,,,,,,,,,,,,,,,,1295.0
394682,449,"Hinesville, GA",msa,GA,,,957.4883598474355,964.5675302611796,968.9567533319358,972.4760707634474,967.7426651486771,972.2220152628311,968.8592957673148,965.6246859920983,,964.2641922527433,964.7162876502312,964.6290002644902,970.2618045329641,977.2138024999037,978.3039436489233,975.5126324159673,976.4737706533147,973.1523358771351,978.1706444863078,979.0033352703183,981.7237589383633,982.7203914584571,983.7593894843328,987.3497102752272,986.2892219451514,980.9302196420698,984.2701455193329,986.734397227864,993.177936316321,993.1558554555725,998.0599470336603,1001.566943069089,1004.6764946735138,1007.050751144958,1009.9323066044254,1010.4289290195799,1011.4209759312255,1012.4622251525673,1008.7544777460025,1012.5942732435282,1012.8049133171626,1018.8013752837738,1020.6558043140977,1019.5878313771854,1021.171675684927,1024.3864047092761,1031.3317735675946,1031.8171577746102,1035.6532270842638,1041.102975689748,1047.1709200599494,1048.6781476820772,1050.5347035220004,1051.634879781332,1052.0806764656572,1056.2933346136842,1058.1559429279132,1059.46454022462,1057.573416894855,1061.234564492481,1079.9129333679145,1086.0246585208413,1089.887612155216,1078.996541911318,1089.5176678409332,1104.56381897217,1123.6424987033404,1134.5503369998623,1135.6557265834858,1141.4299847262237,1148.0879797812602,1176.9328997540063,1192.1431077641116,1204.2049366311144,1223.8241016325592,1261.2729141945551,1306.2291931557572,1332.7598559224377,1358.2485500759417,1367.159588588342,1406.1462373654183,1425.3945281772471,1450.9376226994511,1463.7183704488402,1465.2718444760098,1492.5113838354375,1493.1623975856871,1521.3339161905726,1520.3423460532183,1540.6853286184303,1547.460326377543,1568.7500145840854,1561.7035873133725,1577.336991215552,1593.0973717927243,1600.1655168274406,1603.9653483483796,1603.216005882958,1614.7696769096221,1607.0588828246,1588.0867897485564,1572.1549166851487,1579.944840724038,1589.022273063651,1599.852527551659,1608.4729487520938,1610.6527049740334,1615.242962883071,1625.4836466458564,1644.8204232102682,1665.8191870580101,1687.190884549365,1714.2815296018703,1725.2283897598586,1714.9965402080918,1710.9445718804916,1717.453154977148,1718.4772463020968,1723.0572667054314,1732.0714402309281,1740.9915397622706,1738.90563522717,1734.5913349841303,1732.6501933600177,1737.9177869680705,1750.0531179278264,1768.9422243687782,1779.7366712571313
395205,451,"Warsaw, IN",msa,IN,,,,,,,,,,,,,,,,,,,,,,,,,,,,,,,,,,,,,,,,,,,,,,,,,,,,,,,,,,,,,,,,,,,,,,,,,,,,,,,,,,,,,,,,,,,,,,,,,,,,,,,,,,,,,,,,,,,,,,,,,,,,,1637.7039129599366,1654.2640617608956,1669.996179627297,1649.9851508625993,1607.4492839097973,1587.5
395126,453,"Statesboro, GA",msa,GA,,,,,,,,,,,,,,,,,,,,,,,,,,,,,,,,,,,,,,,,,,,,,,,,,,,,,,,,,,,,,,,,,,,,,,,,,,,,,,,,,,,,,,,,,,,,,,1397.7975134729866,1401.015980586092,1405.371541813617,1445.6276262161502,1440.4499901630827,1450.6665187056888,1429.3210618984474,1430.3452662602524,1441.709616775973,1475.5225439879873,1498.5058181721722,1506.0483581455126,1495.0820938036736,1518.457900871665,1529.7370821447932,1551.152943209337,1548.2840360063906,1549.6018646636705,1563.1975825273948,1585.0008193395636,1621.9697765623043,1629.1027939863109,1614.3523062935926,1612.360877242965,1627.0365648016316,1625.5654913141427,1637.0781100750828,1630.8653532465078,1655.122036643069,1669.5435211017914,1684.9669709957168,1686.8669408809053,1684.7265366900385,1695.1398342153707,1722.0212514405325,1739.7460280583437,1760.3869047619046
394445,454,"Casper, WY",msa,WY,,,,,,,,,,,,,,,,,,,,,,,,,,,,,,,,,,,,,,,,,,,,,,,,,,,,,,,,,,,,,,,,,,,,,,,,,,,,,,,,,,,,,,,,,,,,,,,,,,,,,1199.5260607014702,1205.6798354424388,1221.5553378170634,1239.7337577695819,1252.988252651131,1255.1403444814082,1264.987275129576,1276.2271723257566,1284.8852014230617,1290.140166429225,1326.5890598097155,1336.8485051497712,1338.0442189480723,1314.4257336682774,1317.966810704559,1330.7896606047636,1327.0443493800183,1328.5688843678226,1327.038717708906,1330.929057577678,1330.6752823353972,1338.7878792393412,1325.0850506034637,1334.6703698788035,1347.6377542751018,1374.176486185983,1380.109032020432,1377.9904845802218,1390.80874399737,1405.0
395231,455,"Wilson, NC",msa,NC,,,,,,,,,,,,,,,,,,,,,,,,,,,,,,,,,,,,,,,,,,,,,,,,,,,,,,,,,,,,,,,,,,,,,,,,,,,,,,,,,,,,,,,,,,,,,,,,,,,,,,,,,,,,,,,,,,,,,,,,,,,,,,,,,1518.6495729222981,1509.1666666666665
753881,456,"Glenwood Springs, CO",msa,CO,,,,,,,,,,,,,,,,,,,,,,,,,,,,,,,,,,,,,,,,,,,,,,,,,,,,,,,,,,,,,,,,,,,,,,,,,,,,,,,,,,,,,,,,,,,,,,,,,,,,,13927.657052751587,14115.680077620063,13588.398863601922,13939.734270659246,14412.487662178843,14846.760382868059,14558.504024552454,14470.41479821428,14248.75128722765,15132.802859306794,15230.96231579629,15526.920515225735,15100.182337896964,15533.550281382504,15652.643312407059,15745.970191898072,15400.160214547457,15531.964502291437,16028.084815037006,16135.750657956653,16313.62537454768,15826.861920587435,16233.459022878795,16221.982443125014,17024.133048249914,16956.784224781324,17539.416155358234,17651.9107679813,18167.232187661804,18386.11111111111
395085,457,"Seneca, SC",msa,SC,,,,,,,,,,,,,,,,,,,,,,,,,,,,,,,,,,,,,,,,,,,,,,,,,,,,,,,,,,,,,,,,,,,,,,,,,,,,,,,,,,,,,,,,,,,,,,,,,,,1338.1151974183354,1369.322701584429,1361.9654108224263,1378.5323535803798,1347.9360177259678,1367.2164688919897,1371.3618269382591,1385.8155018751606,1411.074734923267,1422.3562907245512,1436.3595841174558,1456.1610062062791,1461.683532262026,1477.1600846692324,1455.143577493535,1456.2568863381437,1473.4400970834217,1474.656809028061,1478.3778150253252,1514.0186246407004,1516.416910444999,1524.2623710879702,1526.920733296458,1525.9283431599856,1542.14115717742,1532.2075869882417,1570.3474388252823,1578.3910485340023,1593.7154599925902,1596.2574684944418,1611.4217667810933,1601.8253968253966
394866,458,"Minot, ND",msa,ND,,,,,,,,,,,,,,,,,,,,,,,,,,,,,,,,,,,,,,,,,,,,,,,,,,,,,,,,,,,,,,,,,,,,,,,,,,,,,,,,,,,,,,,,,,,,,,,,,,,,,1426.7143262966379,1443.4843179330933,1443.7038878533567,1438.2193982162003,1433.7630928794345,1415.1464610471844,1429.1335997212464,1426.9209712820127,1453.089158945578,1450.4100251158852,1503.3594674645399,1510.126424524876,1521.2232850600878,1486.2429443919264,1485.5467392944909,1473.9987255959102,1512.835812073918,1547.8283350632303,1542.6967740430414,1555.6163828470371,1549.3385496942042,1574.9894367613592,1551.076134684563,1548.4106700425696,1555.445571119919,1592.7131110451494,1613.639783703256,1641.726776455579,1630.6929919389584,1630.5555555555557
395077,461,"Searcy, AR",msa,AR,,,,,,,,,,,,,,,,,,,,,,,,,,,,,,,,,,,,,,,,,,,,,,,,,,,,,,,,,,,,,,,,,,,,,,,,,,,,,,,,,,,,,,,,,,,,,,,,,,,,,,,,,,,,,,,,,,,,,,,,,,,,1311.0865855002114,1310.1268640329233,1328.218829476587,1336.3919766493657,1352.7544228547076,1349.9005888191612,1359.7222222222224
394638,462,"Grand Island, NE",msa,NE,,,,,,,,,,,,,,,,,,,,,,,,,,,,,,,,,,,,,,,,,,,,,,,,,,,,,,,,,,,,,,,,,,,,,,,,,,,,,,,,,,,,,,,,,,,,,,,,,,,,,,,,,,,,,,,,,,,,,,,,,,,,,,,,,1270.3958260148086,1293.75
394994,463,"Port Angeles, WA",msa,WA,,,,,,,,,,,,,,,,,,,,,,,,,,,,,,,,,,,,,,,,,,,,,,,,,,,,,,,,,,,,,,,,,,,,,,,,,,,,,,,,,,,,,,,,,,,,,,,,,,,,,,,,,,,,,,,,,,,,,,,,,,,1952.233715125063,1955.7429662654629,1968.0365823947634,1956.7786712558957,1998.2146785755692,2020.2956371875246,2083.454200488401,2094.444444444444
394699,465,"Huntsville, TX",msa,TX,,,,,,,,,,,,,,,,,,,,,,,,,,,,,,,,,,,,,,,,,,,,,,,,,,,,,,,,,,,,,,,,,,,,,,,,,,,,,,,,,,,,,,,,,,,,,,,,,,,,,,,,,,,,,,,1593.7687700736221,1596.4307485851348,1608.2853098854264,1617.5104237846283,1644.504191613198,1621.4789788411554,1643.9621283009833,1654.7578338294472,1678.9453732344157,1670.8717884467824,1690.4357849922203,1687.7235858728654,1694.1265317633406,1710.2193653638092,1700.3622596204043,1713.562422397232,1676.349579647379,1698.9183081094857,1686.4752613093565,1685.4166666666667
394674,467,"Heber, UT",msa,UT,,,,,,,,,,,,,,,,,,,,,,,,,,,,,,,,,,,,,,,,,,,,,,,,,2509.688539825453,2489.7818215638645,2451.95668000022,2441.8105007680792,2466.7635994666766,2500.860576329269,2489.3982350875867,2534.6754095036263,2603.4121659335074,2635.030096422209,2652.0277614195006,2671.5064861929477,2731.846055156715,2769.9516987764778,2673.2327365935566,2637.5813819023288,2610.6891514843583,2587.8026172504983,2667.685514643222,2713.836818009297,2826.2241582440943,2873.4501484123734,2941.6752563694668,2987.2093553539244,3029.543604681486,3066.0724563621366,3151.4286800328873,3249.456253999355,3322.770961029792,3353.5835857569873,3391.8251801982533,3464.2900655487133,3437.9888912174533,3528.194722143986,3616.845755873852,3700.3078651049996,3727.4062004628004,3754.5870109963853,3785.686774374537,3781.6443528808322,3810.885506991891,3854.458561367256,3854.9446988954287,3873.204728164958,3936.2745660037444,3931.375226000773,3865.102752066939,3843.5038858773823,3832.481416716522,3846.010173777504,3788.579575947936,3813.962303252327,3809.673725287374,3824.960363737182,3836.8069412873856,3827.045472669355,3848.6127872553957,3865.4673700378307,3891.2514127169575,3899.4109443519665,3892.8189631076584,3861.383294285085,3895.451501905864,3873.195216732258,3963.957992836368,3941.3892167394442,3978.147477941111,3951.259464375057,3915.2080125865914,3907.6364986972567,3921.1878594693417,3929.2259924267332,3955.0001839802385,3987.6265705907012,4000.8425885421375,4023.6349596320533,3967.4021653320424,3987.9098020330252,3975.434938370884,4017.717553154694,4048.140888789634,4070.1801346801344
395062,469,"Sandusky, OH",msa,OH,,,,,,,,,,,,,,,,,,,,,,,,,,,,,,,,,,,,,,,,,,,,,,,,,,,,,,,,,,,,,,,,,,,,,,,,,,,,,,,,,,,,,,,,,,,,,,,,,,,,,,,,,,,,,,,,,,,,,,,,,,,,,,1684.7751434273325,1714.115782056311,1801.9245415187631,1845.3961498016156,1833.1666666666667
394614,471,"Frankfort, KY",msa,KY,,,,,,,,,,,,,,,,,,,,,,,,,,,,,,,,,,,,,,,,,,,,,,,,,,,,,,,,,,,,,,,,,,,,,,,,,,,,,,,,,,,,,,,,,,,,,,,,,,,,,,,,,,,,,,,,,,,,,,,,,1313.4714764362075,1331.7184504249756,1354.8522857445932,1365.2881561048607,1384.4030834899397,1396.3518540190714,1413.6064025844655,1405.5134689911781,1421.9591974166044,1415.8333333333333
394516,472,"Danville, IL",msa,IL,,,,,,,,,,,,,,,,,,,,,,,,,,,,,,,,,,,,,,,,,,,,,,,,,,,,,,,,,,,,,,,,,,,,,,,,,,,,,,,,,,,,,,,,,,,646.8483767441064,659.3431041675935,671.6301429010634,668.5849677235966,654.0412699902781,656.1141217916689,656.4942461975187,677.9650920676299,,687.5361223164324,690.380486195263,681.9556647683237,694.3066386463804,697.6989597432251,711.6348772637215,728.6277884391894,735.9415068823632,735.0615204430419,741.6920168411193,751.5961767029809,773.6501804793802,807.2994029247254,841.3018751397292,858.9158829737961,846.0323617975838,830.1825577774033,827.0174935055292,828.2379164353055,830.1405139401248,839.2651632368675,841.2514202279847,847.1725465465014,839.6640797674315,833.2349792526117,822.1724708949293,828.7433952921842,848.0910961014994,872.743301185143,882.3293606395719,890.6493506493507
394298,473,"Aberdeen, WA",msa,WA,,,,,,,,,,,,,,,,,,,,,,,,,,,,,,,,,,,,,,,,,,,,,,,,,,,,,,,,,,,,,,,,,,,,,,,,,,,,,,,,,,,,,,,,,,,,,,,,,,,,,,,,,,,,1594.411549436422,1583.5249863359566,1609.1812153483138,1593.2261928673295,1636.933227173092,1625.2990230869466,1631.265964683694,1611.2374423830197,1621.5520335396704,1639.3244093574028,1662.3606415964873,1655.6884952234643,1647.9368503782878,1636.9054318287335,1644.726220784692,1688.383008001186,1689.3060365268595,1712.8204871557473,1733.073509364078,1779.7678607056735,1803.6998450014876,1810.21617375384,1807.9166666666667
753893,477,"Jefferson, GA",msa,GA,,,,,,,,,,,,,,,,,,,,,,,,,,,,,,,,,,,,,,,,,,,,,,,,,,,,,,,,,,,,,,,,,,,,,,,,,,,,,,,,,,,,,,,,,,,,,,,,,2079.218498320453,2074.655975610149,2057.1875155818216,2051.42802874,2063.442979311064,2081.1361877741206,2089.837723314939,2074.6731731133987,2064.2591329488237,2063.105884349466,2057.7631766345908,2060.6972635958277,2077.2735215343223,2106.6367797009902,2142.5107964604204,2156.592416468418,2171.9764337215147,2159.355260190701,2164.004693649693,2160.8582401202825,2168.378965511021,2171.9130533139637,2170.6581058221495,2171.967962157274,2162.853115670729,2161.1978330538036,2154.3090633962975,2160.3146506698386,2152.5216769742515,2169.3251659460407,2182.0246770269346,2215.449009755789,2236.757559690906,2257.5737891737895
394955,479,"Palatka, FL",msa,FL,,,,,,,,,,,,,,,,,,,,,,,,,,,,,,,,,,,,,,,,,,,,,,,,,,,,,,,,,,,,,,,,,,,,,,,,,,,,,,,,,,,,,,,,,,,,,,,,,,,,,,,,,,,,,,,,,,,,,1429.3424978270505,1482.8571689491894,1548.2134096905104,1561.2705765166838,1601.1504432325185,1612.6525812343934,1611.9862664123686,1608.250699435592,1566.820923315891,1608.7393106522659,1641.8984558296697,1643.5969968509803,1605.0650037717098,1555.0
395088,482,"Shawnee, OK",msa,OK,,,,,,,,,,,,,,,,,,,,,,,,,,,,,,,,,,,,,,,,,,,,,,,,,,,,,,,,,,,,,,,,,,,,,,,,,,,,,,,,,,,,,,,,,,,,,,,,,,,990.6853363910479,986.5648659403267,990.2711548961636,1006.3342712460842,1015.2199139101502,1022.4572488853619,1022.4988121485244,1017.5614808433913,1031.2504997024412,1025.0531801273999,1031.3521323885147,1027.156205534601,1044.6277380581275,1056.9408246698722,1058.9275479645348,1061.803032265993,1055.2543291342758,1065.6658449126742,1078.2111562661983,1070.5822212904523,1068.0308391687786,1073.86396820479,1075.6980328162808,1081.387611590021,1083.4953137796447,1083.6320970859208,1089.0793176819861,1088.3402696759397,1096.0839474513082,1091.0365514106186,1087.3573662625818,1101.611111111111
394647,486,"Greeneville, TN",msa,TN,,,,,,,,,,,,,,,,,,,,,,,,,,,,,,,,,,,,,,,,,,,,,,,,,,,,,,,,,,,,,,,,,,,,,,,,,,,,,,,,,,,,,,,,,,,,,,,,,,,,,,,,,,,,,,,,,,,,,,,,,,,,,,,1307.2500942409754,1354.1362666970126,1425.9123939743743,1455.5555555555557
394655,488,"Greenwood, SC",msa,SC,,,,,,,,,,,,,,,,,,,,,,,,,,,,,,,,,,,,,,,,,,,,,,,,,,,,,,,,,,,,,,,,,,,,,,,,,,,,,,,,,,,,,,,,,,,,,,,,,,,,,,,,,,,,,,,,,,,,,,,,,,,,,,,,,1546.3034896908302,1547.5
394764,489,"Lake City, FL",msa,FL,,,,,,,,,,,,,,,,,,,,,,,,,,,,,,,,,,,,,,,,,,,,,,,,,,,,,,,,,,,,,,,,,,,,,,,,,,,,,,,,,,,,,,,,,,,,,,,,,,,,,,,,,,,,,,,,,,,,,1501.741535050632,1545.880907296963,1554.920927751781,1568.2428241948523,1556.2550862273797,1597.1455633548574,1612.1119107272266,,1630.3722104193694,1627.7117749809363,1617.6158618678016,1613.2732213237136,1588.3005503276777,1561.111111111111
394752,490,"Klamath Falls, OR",msa,OR,,,,,,,,,,,,,,,,,,,,,,,,,,,,,,,,,,,,,,,,,,,,,,,,,,,,,,,,,,,,,,,,,,,,,,,,,,,,,,,,,,,,,,,,,,,,,,,,,,,,1410.2276567950682,1416.1312542243045,1401.8082294586454,1366.150687814338,1370.1371223379588,1404.7140805472893,1375.189257941239,1375.8786060225466,1357.0726042224107,1382.7171202313518,1361.8394896292373,1354.4103884238084,1379.8216644534514,1404.1970760182016,1429.370355432369,1420.766128668177,1426.134602672493,1443.0985601083955,1443.1107742919364,1436.113364144231,1439.9137897417365,1453.538939097664,1485.2971907451006,1484.0886593683301,1463.023310673728,1452.1264257017644,1453.7705956035309,1478.6775236933333,1485.4865622591153,1467.938089156046,1491.752380952381
394877,491,"Morehead City, NC",msa,NC,,,,,,,,,,,,,,,,,,,,,,,,,,,,,,,,,,,,,,,,,,,,,,,,,,,,,,,,,,,,,,,,,,,,,,,,,,,,,,,,,,,,,,,,,,1626.8047953716639,1630.635693409547,1625.7420998283787,1657.0198626883432,1658.9740483531848,1655.823551145866,1703.231388724271,1722.7292132772602,1760.816266563622,1715.40307289917,1749.9182520158108,1757.9003715754723,1785.0720880246397,1787.6503386019115,1791.2004469143717,1795.3053040481755,1829.828183564146,1878.0808415533925,1878.5664474304735,1867.7418473196774,1847.2793328160624,1880.2189921590618,1868.0671532878928,1877.3881060333326,1874.6084839223777,1908.1045139735047,1917.8561138359084,1913.5462801183332,1896.1531587844408,1885.257058389402,1890.9978208972577,1913.4715170998165,1927.5548602405684,1939.5653588822877,1952.5556667567387,1964.1183903101353,1982.1997070879975,1982.3859088236354,2001.9453082514792,2026.358058889915,2053.814814814815
394472,492,"Clearlake, CA",msa,CA,,,,,,,,,,,,,,,,,,,,,,,,,,,,,,,,,,,,,,,,,,,,,,,,,,,,,,,,,,,,,,,,,,,,,,,,,,,,,,,,,,,,,,,,,,,,,,,,,,,,,1789.5720423844264,1809.1321745806313,1844.9638960230561,1883.989268140389,1844.4942779400847,1815.7558505243835,1802.3488464510463,1805.6050001261217,1819.12302490722,1845.0351917704425,1882.2420243200925,1901.8495348027866,1965.8547840490555,1968.060937553551,1995.7420028553424,1930.167668304484,1986.3133450458831,1966.6401337145403,1983.7086670081553,2000.444108974709,2014.8797440279473,2005.9456682529212,1999.8553335722765,2008.9615493087208,1992.2866766392033,2004.8527529251594,1996.7042672425994,2063.784193159483,2056.870844994939,2108.888888888889
394305,493,"Alamogordo, NM",msa,NM,,,,,,,,,,,,,,,,,,,,,,,,,,,,,,,,,,,,,,,,,,,,,,,,,,,,,,,,,,,,,,,,,,,,,,,,,,,,,,,,,,,,,,,,,,,,,,,,,,,,,,,,,,,,,,,1475.4168079844924,1452.892301711874,1462.2114072399797,1482.9181180196774,1510.2824089817605,1521.1839924323467,1522.9117929303432,1511.2635784706733,1504.0471333189853,1509.6112381964915,1523.638195703771,1523.3432256169792,1561.2675096640344,1590.3284686171135,1600.9388003197148,1578.5834859788313,1570.830018801762,1586.605154947582,1605.9354443169211,1622.5
394897,496,"Muskogee, OK",msa,OK,,,,,,,,,,,,,,,,,,,,,,,,,,,,,,,,,,,,,,,,,,,,,,,,,,,,,,,,,,,,,,,,,,,,,,,,,,,,,,,,,,,,,,,,,,,,,,839.3636305648329,864.1416741406002,884.6396522015038,916.3723758173105,906.3826417830641,884.6925150469647,880.1815746621181,893.1464188565782,906.4608741238707,926.9857325214541,919.1717915037877,921.9878385811631,920.2034026469432,935.7192462625459,934.7157188359452,931.2812106789684,914.9566057785015,949.5469410490929,953.4634816909131,961.0414211759642,948.2205020290577,953.951123222868,977.5070499826336,992.2406072528868,1006.9457111621024,1001.5230869282734,1006.6281205255003,1014.6725218511634,1041.2882060872284,1037.545090994658,1043.5485141641157,1045.6292398873713,1062.5631422852925,1063.3939537441481,1065.1859241080188,1067.2261126878932,1075.2222222222222
394826,497,"Marion, IN",msa,IN,,,,,,,,,,,,,,,,,,,,,,,,,,,,,,,,,,,,,,,,,,,,,,,,,,,,,,,,,,,,,,,,,,,,,,,,,,,,,,,,,,,,,,,,,,,,,,,,,,,,,,,,,,,,,,,,,,,,,,,,,,,,,,,,,,1649.1666666666665
395021,499,"Richmond, IN",msa,IN,,,,,,,,,,,,,,,,,,,,,,,,,,,,,,,,,,,,,,,,,,,,,,,,,,,,,,,,,,,,,,,,,,,,,,,,,,,,,,,,,,,,,,,,,,,,,,,,,,,,,,,,,,,,,,,,,,,,,,,,,,,,,,,829.1323297317941,829.6520319028491,844.2698802952491,865.8333333333334
394829,500,"Marquette, MI",msa,MI,,,,,,,,,,,,,,,,,,,,,,,,,,,,,,,,,,,,,,,,,,,,,,,,,,,,,,,,,,,,,,,,,,,,,,,,,,,,,,,,,,,,,,,,,,,,,,,,,,,,,,,,,,,,,,,,,,,,,,,,,,,,,,,,,,2400.0
394885,502,"Mount Pleasant, MI",msa,MI,,,,,,,,,,,,,,,,,,,,,,,,,,,,,,,,,,,,,,,,,,,,,,,,,,,,,,,,,,,,,,,,,,,,,,,,,,,,,,,,,,,,,,,,,,,,,,,,,,,,,,,,,,,,,,,,,,,,,,,,,,,,,,,,,1437.4694175531622,1425.0
395016,506,"Red Bluff, CA",msa,CA,,,,,,,,,,,,,,,,,,,,,,,,,,,,,,,,,,,,,,,,,,,,,,,,,,,,,,,,,,,,,,,,,,,,,,,,,,,,,,,,,,,,,,,,,,,,,,,,,,,,,,,,,,,,,,,,,,,,,,,,,,1548.0289479380488,1610.8965495450018,1581.4824392613134,1620.7898361665768,1613.0177383936546,1633.184959632323,,1671.582119916566,1713.2777777777776
845163,508,"Jasper, AL",msa,AL,,,,,,,,,,,,,,,,,,,,,,,,,,,,,,,,,,,,,,,,,,,,,,,,,,,,,,,,,,,,,,,,,,,,,,,,,,,,,,,,,,,,,,,,,,,,,,,,,,,,,,,,,,,1314.7447780768348,1325.4219950842912,1357.569049005258,1382.5540828988107,1392.4191471843262,1377.786443676133,1371.8335499582956,1373.8046409638175,1395.436237767686,1395.1550248465498,1411.230243634523,1411.8395790501777,1416.3646109651684,1414.9953720148417,1398.1257102476543,1386.356838385719,1389.913045380775,1397.6537763404408,1407.6684027879387,1413.80997667882,1406.1085741476325,1411.518548511748,1403.060651821267,1416.8333333333333
395040,509,"Roswell, NM",msa,NM,,,,,,,,,,,,,,,,,,,,,,,,,,,,,,,,,,,,,,,,,,,,,,,,,,,,,,,,,,,,,,,,,,,,,,,,,,,,,,,,,,,,,,,,,,,,,,,,,,,,,,,,,,,,,,,,,,,1387.7546016165766,1387.659146637022,1376.6727364490234,1369.8087445683707,1391.8586501542027,1409.3480410921038,1434.8634897039235,1422.384776784228,1408.31507396545,1414.1863215868336,1429.4812868793215,,1427.8837712641046,1427.4662289387377,1456.7038527563682,1465.2777777777776
395092,510,"Shelton, WA",msa,WA,,,,,,,,,,,,,,,,,,,,,,,,,,,,,,,,,,,,,,,,,,,,,,,,,,,,,,,,,,,,,,,,,,,,,,,,,,,,,,,,,,,,,,,,,,,,,,,,,,,,,,,,,,,,,,,2032.4944123216058,2117.8161620484475,2104.639341895951,2105.6521951635295,2097.0689208005456,2135.0649155201077,2159.8805737631924,2139.6689504259775,2131.335992827298,2124.4896865434994,2166.50635211618,2188.547174454755,2224.495656803787,2179.893216954458,2201.2578963901774,2204.3553886331088,2219.219518958191,2210.803074921691,2205.7014394032835,2227.6666666666665
394540,511,"Dublin, GA",msa,GA,,,,,,,,,,,,,,,,,,,,,,,,,,,,,,,,,,,,,,,,,,,,,,,,,,,,,,,,,,,,,,,,,,,,,,,,,,,,,,,,,,,,,,,,,,,,,,,,,,,,,,,,,,,,,,,,,,,,,,,,,,,,,1342.7492036350795,1355.790758487347,1351.6670322019577,1370.8632445192275,1321.9582033030395,1281.1111111111113
394899,512,"Nacogdoches, TX",msa,TX,,,,,,,,,,,,,,,,,,,,,,,,,,,,,,,,,,,,,,,,,,,,,,,,,,,,,,,,,,,,,,,,,,,,,,,,,,,,,,,,,,,,,,,,,,,,,,,,,,,,,,,,,,,,,,,,,,,,,,,,,,,,,,,,,1194.721834804037,1193.125
395105,513,"Somerset, KY",msa,KY,,,,,,,,,,,,,,,,,,,,,,,,,,,,,,,,,,,,,,,,,,,,,,,,,,,,,,,,,,,,,,,,,,,,,,,,,,,,,,,,,,,,,,,,,,,,,,,,,,,,,,,,,,,,,,,,,,,,,,,,,,,,,,,,1540.843490498091,1525.6183857798342,1516.6666666666667
394496,514,"Coos Bay, OR",msa,OR,,,,,,,,,,,,,,,,,,,,,,,,,,,,,,,,,,,,,,,,,,,,,,,,,,,,,,,,,,,,,,,,,,,,,,,,,,,,,,,,,,,,,,,,,,,,,,,,,,,,,,,,,,,,,,,,,,,,,,,,,,,,,,,1855.6925068562273,1915.1334096001367,1874.4023328263322,1850.0
395020,517,"Rexburg, ID",msa,ID,,,,,,,,,,,,,,,,,,,,,,,,,,,,,,,,,,,,,,,,,,,,,,,,,,,,,,,,,,,,,,,,,,,,,,,,,,,,,,,,,,,,,,,,,,,,,,,,,,,,,,,,,,,,,,,,,,,,,,,,,,1517.9129478134162,1540.6077929924622,1547.3890613683895,1535.1873773413931,1542.0919256731709,1548.1102073073453,1567.009328830216,1615.5780535227018,1607.6666666666667
394759,519,"Laconia, NH",msa,NH,,,,,,,,,,,,,,,,,,,,,,,,,,,,,,,,,,,,,,,,,,,,,,,,,,,,,,,,,,,,,,,,,,,,,,,,,,,,,,,,,,,,,,,,,,,,,,,,,,,,,,,,,,,,,,,,,,,,,,,,,,,,,,1824.6312415737098,1924.5834651156458,2013.5981759845884,2088.631676970053,2084.5238095238096
394343,521,"Athens, OH",msa,OH,,,,,,,,,,,,,,,,,,,,,,,,,,,,,,,,,,,,,,,,,,,,,,,,,,,,,,,,,,,,,,,,,,,,,,,,,,,,,,,,,,,,,,,,,,,,,,,,,,,,,,,,,,,,,,,,,,,,,,,,,,,,,,1604.5939756400394,1585.3049519068375,1572.3946674905148,1547.4423965601848,1439.277777777778
395063,522,"Sanford, NC",msa,NC,,,,,,,,,,,,,,,,,,,,,,,,,,,,,,,,,,,,,,,,,,,,,,,,,,,,,,,,,,,,,,,,,,,,,,,,,,,,,,,,,,,,,,,,,,,,,,,,,,,,,,1742.5207305109163,1697.9353330248646,1718.085215151032,1724.5795899134748,1760.0211612974226,1750.2694666723592,1783.416808801332,1796.3554231181338,1818.6414216102946,1803.5836504117904,1789.0092868083611,1810.4348950844796,1822.4643068989567,1851.6327023442973,1826.9968240306787,1838.565876285318,1823.7777592574723,1852.001653037142,1851.5980748723557,1848.2401445085775,,1838.3204895833742,1841.9714432763415,1833.9613805484994,1830.3972426836247,1842.2950534350405,1860.7941940834044,1858.8531235750047,1866.4880952380954
394570,523,"Enid, OK",msa,OK,,,,,,,,,,,,,,,,,,,,,,,,,,,,,,,,,,,,,,,,,,,,,,,,,,,,,,,,,,,,,,,,,,,,,,,,,,,,,,,,,,,,,,,,,1009.3674012298775,1021.2341891217534,1025.12428832286,1036.1520077941066,1045.7553587078664,1040.8015951407797,1034.5976860583394,1023.914401517679,1040.220777574583,1043.2990523708916,1053.541994150405,1050.3591790770631,1055.366930662071,1052.6100032630238,1057.6820663445144,1058.0231276969414,1063.08684178762,1081.5838204377078,1087.1427170787656,1093.3061155042053,1074.0265226211986,1072.316629369588,1076.5402638213352,1087.8859807321642,1105.3710408563463,1108.544996804831,1115.1053948853444,1118.246951362572,1117.7827818740652,1119.2987681627772,1130.0733061468081,1138.7724077940807,1158.647487414908,1168.188647418528,1173.5985786699246,1175.050081142528,1171.592913573411,1180.4226592939194,1184.1751687752767,1191.9944215969167,1201.0420095652564,1204.9537037037037
395199,525,"Walla Walla, WA",msa,WA,,,,,,,,,,,,,,,,,,,,,,,,,,,,,,,,,,,,,,,,,,,,,,,,,,,,,,,,,,,,,,,,,,,,,,,,,,,,,,,,,,,,,,,,,,,,,,,,,,,,,,,,,,,,,,,,,,,,,,,,1926.9806827267298,1908.7457558383203,1900.2979836567936,1920.5606963433497,1922.9005518136055,1925.8981612520327,1909.058679018218,1922.5610813816174,1909.0788040533769,1926.2683711696088,1929.7222222222224
394309,526,"Albemarle, NC",msa,NC,,,,,,,,,,,,,,,,,,,,,,,,,,,,,,,,,,,,,,,,,,,,,,,,,,,,,,,,,,,,,,,,,,,,,,,,,,,,,,,,,,,,,,,,,,,,,,,,,,,,,,,,,,,,,,,,,,,,,,,,1249.7764403702101,1255.4022615034446,1262.5849825867112,1269.9757168998342,1286.5241723364081,1298.2646182412232,1300.3753060768654,1312.0913220425634,1312.423231435084,1326.861813230711,1322.5
394701,527,"Hutchinson, KS",msa,KS,,,,,,,,,,,,,,,,,,,,,,,,,,,,,,,,,,,,,,,,,,,,,,,,,,,,,,,,,,,,,,,,,,,,,,,,,,,,,,,,,,,,,729.2254982696962,741.5165951001063,732.5626444584658,744.1124197809203,745.190541723204,751.7961219925402,,772.7618411213957,773.6837819852366,780.0338377262706,780.0725204345929,788.2024294935827,792.6777943832975,803.8382629927769,813.9977240715109,811.6013207834243,810.525504523271,818.4819536976124,818.2215864121889,826.73494146271,831.8561281677304,838.3897119113573,846.7830956999463,841.1414135000421,849.1301736799148,840.2165726588745,842.6626195978783,835.5352632849228,844.8798705583662,850.1570662144006,858.1907114248754,859.6454786420898,868.7280795661104,868.5169715741533,871.1292705050114,877.2493720078998,877.7892993126061,886.3971428965183,890.4893000402247,903.8095788479897,905.0522808174263,903.8169869415866,902.9831609168231,903.5157833352524,901.0359264393871,903.7083333333334
394693,528,"Hudson, NY",msa,NY,,,,,,,,,,,,,,,,,,,,,,,,,,,,,,,,,,,,,,,,,,,,,,,,,,,,,,,,,,,,,,,,,,,,,,,,,,,,,,,,,,,,,,,,,,,,,,,,,,,,,,,,,,,,,,,,,,,,,,,,,,,,,,,,,,3750.0
394509,534,"Crossville, TN",msa,TN,,,,,,,,,,,,,,,,,,,,,,,,,,,,,,,,,,,,,,,,,,,,,,,,,,,,,,,,,,,,,,,,,,,,,,,,,,,,,,,,,,,,,,,,,,,,,,,,,,,,,,,,,,,,,,,,,,,1479.2021845706454,,1522.5950189694406,1508.1573702446594,1502.887921673075,1512.1455634149006,1529.0137414537496,1543.5959173456,1554.5453062627757,1577.7658019594796,1587.2397982661973,1555.312062899419,1546.1711878377835,,1561.1200131240794,1578.3333333333333
845162,535,"Granbury, TX",msa,TX,,,,,,,,,,,,,,,,,,,,,,,,,,,,,,,,,,,,,,,,,,,,,,,,,,,,,,,,,,,,,,,,,,,,,,,,,,,,,,,,,,,,,1671.5947545291745,1678.7582982101485,1700.0558502726744,1712.5562728577647,1710.3790872780007,1720.6840472248855,1731.4773366336797,1743.696907485727,1772.2546304514244,1794.3286718839788,1781.3886453420357,1774.802890546524,1761.119407309961,1793.7464614159628,1792.5739178042963,1799.313532862436,1778.9704087012237,1791.7811210922214,1792.4101641231528,1824.1923698290545,1792.9545785839273,1799.6654879336522,1794.1867532737297,1802.0300834697882,1806.1124985386843,1811.9035675543296,1824.9224946076345,1835.0419440751944,1849.1139543751713,1836.7870908479222,1839.5326564211546,1831.2578812708882,1851.7274940782968,1848.6173339029951,1861.8132307614621,1867.622874402983,1876.570472824483,1865.775829470583,1861.9401231093925,1857.33643914974,1864.6157934967218,1873.857953826278,1876.5159676221997,1871.8823962960225,1870.9276671165742,1871.8238095238096
395049,537,"Salina, KS",msa,KS,,,,,,,,,,,,,,,,,,,,,,,,,,,,,,,,,,,,,,,,,,,,,,,,,,,,,,,,,,,,,,,,,,,,,,,,,,,,,,,,,,,,,,,,,,,,,,,,,,,,,1101.2827621988076,1129.0091040379516,1125.867273054234,1127.6550013730541,1124.9282178738906,1124.8541265776498,1103.3204570997357,1122.2282471587403,1145.659953553663,1163.915161491822,1160.8868149157606,1159.700617952683,1163.259789201261,1154.607042202392,1164.5388610394675,1161.043484725223,1170.4555874354423,1200.7674644044014,1234.051276493158,1232.8433531963149,1221.9649017293264,1215.1875522530595,1230.5418725677002,1235.0796435883522,1233.4655285727667,1243.5816242867102,1249.36664675105,1261.5995141744527,1263.744138058669,1250.5555555555557
394490,543,"Columbus, MS",msa,MS,,,,,,,,,,,,,,,,,,,,,,,,,,,,,,,,,,,,,,,,,,,,,,,,,,,,,,,,,,,,,,,,,,,,,,,,,,,,,,,,,,,,,,,,,,,,,,,,,,,,,,,,,,,,,,,,,,,,,,,,1609.8481970426262,1610.0917293857813,1624.1492605351941,1632.729057127353,1668.4826090181973,1650.970281104565,1664.2239270813636,1678.6364345713646,1701.3189962663557,1701.4670497774123,1706.25
394336,546,"Ardmore, OK",msa,OK,,,,,,,,,,,,,,,,,,,,,,,,,,,,,,,,,,,,,,,,,,,,,,,,,,,,,,,,,,,,,,,,,,,,,,,,,,,,,,,,,,,,,,,,,,,,,,,,,,,,,,,,,,,,,,,,,,,,,,,,,,1079.78047155884,1079.6746638315478,1093.7674641288365,1094.9731549586854,1087.3129448739192,1083.7046444551372,1085.7277232224567,1103.1938850449455,1108.3333333333333
394592,550,"Fernley, NV",msa,NV,,,,,,,,,,,,,,,,,,,,,,,,,,,,,,,,,,,,,,,,,,,,,,,,,,,,,,,,,,,,,,,,,,,,,,,,,,1656.214973623891,1635.7826950872866,1642.3992568132612,,1688.7051847105452,1711.06139274683,1709.6102167854908,1713.6960276406546,1710.1438594467643,1747.222628059187,1750.7584770741762,1778.885040733055,1768.5524356560604,1789.8230712353813,1792.6719011779812,1806.386514130452,1788.6662380797588,1778.115194156989,1802.7403470507702,1811.6586230820567,1824.0706519175644,1795.5085543316477,1812.1500512988123,1806.9211632649826,1844.6670956109376,1864.5798319682517,1889.780286972157,1893.0470630500695,1898.2606892318684,1894.252748439149,1871.5794773983637,1870.5191487399807,1877.4887134774222,1908.7582284121233,1920.2993716033764,1915.7426538331042,1906.613390362099,1904.642706858813,1929.9677599403642,1947.320336000419,1958.0829813329924,1963.2133564615858,1964.4490521243365,1980.9695550291285,1985.17916445276,1983.3102068794335,1981.882766787581,1999.5629605658314,2007.9985119244673,2015.1521464164907,2001.8321586170248,2004.0514826187111,2017.1225033135056,2038.3255218565912,2065.5665892577404,2073.982645944886,2088.095238095238
394444,551,"Carson City, NV",msa,NV,,,,,,,,,,,,,,,,,,,,,,,,,,,,,,,,,,,,,,,,,,,,,,,,,,,,,,,,,,,,,,,,,,,,,,,,,,,,,,,,,,,,,,,,,,,,,,,,,,,,,,1985.1026691863444,1992.1842013518003,2015.3455826686102,2078.0805597494227,2058.2417540135134,2076.4294233214614,2044.2097229985188,2085.6460772636387,2133.105009683215,2133.1195039813815,2095.9576509741432,2092.056873771655,2118.7595903047923,2146.7401928283043,2174.3015918145743,2163.6817744599157,2188.48028936533,2188.0127795378894,2225.2154299368913,2208.790270147094,2203.507646999746,2228.179470052725,2259.239443072223,2279.8811143286916,2265.353904881959,2268.126250804848,2262.095792135802,2270.8905757476628,2280.4761904761904
394551,552,"Eagle Pass, TX",msa,TX,,,,,,,,,,,,,,,,,,,,,,,,,,,,,,,,,,,,,,,,,,,,,,,,,,,,,,,,,,,,,,,,,,,,,,,,,,,,,,,,,,,,,,,,,,,,,,,,,,,,,,,,,,,,,,,,,,,,,,,,,,,1467.3547737303309,1482.3823502497216,1469.634043840677,,1520.2261608004653,1546.1197815396074,1521.6120203912096,1480.0
394432,553,"Calhoun, GA",msa,GA,,,,,,,,,,,,,,,,,,,,,,,,,,,,,,,,,,,,,,,,,,,,,,,,,,,,,,,,,,,,,,,,,,,,,,,,,,,,,,,,,,,,,,,,,,,,,,,,,,,,,,,,,,,,,,,,,,,,,,,,,,,,,,,,,1831.1223616672953,1839.1666666666665
753877,554,"Cullowhee, NC",msa,NC,,,,,,,,,,,,,,,,,,,,,,,,,,,,,,,,,,,,,,,,,,,,,,,,,,,,,,,,,,,,,,,,,,,,,,,,,,,,,,,,,,,,,,,,,,,,,,,,,,,,,,,,,,,,,,,,,,,,,,,,,,,,,,,,,,1913.3333333333335
394940,557,"Ontario, OR",msa,OR,,,,,,,,,,,,,,,,,,,,,,,,,,,,,,,,,,,,,,,,,,,,,,,,,,,,,,,,,,,,,,,,,,,,,,,,,,,,,,,,,,,,,,,,,,,,,,,,,,,,,,,,,,,,,,,,,,,,,,,,,,,,,,,,,1599.406442561492,1673.75
395131,560,"Sterling, IL",msa,IL,,,,,,,,,,,,,,,,,,,,,,,,,,,,,,,,,,,,,,,,,,,,,,,,,,,,,,,,,,,,,,,,,,,,,,,,,,,,,,,,,,,,,,,,,,,,,,,,,,,,,,,,,,,,,,,,,,,,,,,,,,,,,,,,,,900.0
394411,561,"Branson, MO",msa,MO,,,,,,,,,,,,,,,,,,,,,,,,,,,,,,,,,,,,,,,,,,,,,,,,,,,,,,,,,,,,,,,,,,,,,,,,,,,,,,,,,,,,,,,,,,,,,,,,,,,,,,1486.463299953665,1503.0837958952031,1516.7207662309486,1530.7340478464398,1517.5227522778475,1543.0560983762114,1565.953773786228,1617.0011374557357,1611.9713137734036,1620.2734788811624,1563.9168492678734,1554.4349389204904,1551.8588554366902,1560.4363795850566,1557.9215953186313,1555.9751702049846,1564.552816910011,1558.887226037333,1585.4133340080227,1584.5443304129367,1656.2682873092938,1649.5417152551227,1678.1086923607033,1630.801279874485,1659.4193013634474,1670.5271887042506,1680.4624010117584,1665.0901291397104,1671.25
394446,562,"Cedar City, UT",msa,UT,,,,,,,,,,,,,,,,,,,,,,,,,,,,,,,,,,,,,,,,,,,,,,,,,,,,,,,,,,,,,,,,,,,,,,,,,,,,,,,,,,,,,,,,,,,,,,,,,,,1532.9390676213598,1559.522887604852,1571.2526688832882,1559.3845584674186,1576.2199693648643,1568.187429583487,1604.0071099175343,1596.1343156784144,,1587.6243940669078,1603.3656807890586,1609.5089856551629,1614.4246546448792,1614.7002493687535,1609.669787065949,1616.162111844457,1621.7805075908802,1618.8707748283646,1619.9790844382353,1617.8682239256866,1626.41734730372,1637.9425911574228,1651.5542196865156,1645.7026327795563,1633.2210753027139,1631.8645370257832,1638.4444351567195,1646.0501101751497,1643.1374523408122,1652.0512382804668,1643.8394371708453,1646.3888888888887
394951,564,"Oxford, MS",msa,MS,,,,,,,,,,,,,,,,,,,,,,,,,,,,,,,,,,,,,,,,,,,,,,,,,,,,,,,,,,,,,,,,,,,,,,,,,,,,,,,,,,,,,,,,,,,,,,,,,,,,,,,,,2314.635308088493,2324.163309852743,2342.145732617364,2339.5843010960634,2353.47715588085,2403.8409466505227,2466.8311707363287,2489.9014869326043,2496.3650259106375,2523.211206077532,2593.467077446743,2695.5404969408555,2714.958357054195,2725.4749835140465,2744.385900726465,2800.3332256305653,2817.0946157514186,2820.5421833723285,2798.618999997894,2794.40302658455,2793.3783531572335,2792.9151548185773,2762.4012391031756,2712.4204827169706,2732.657721213728,2752.0833333333335
394721,565,"Jasper, IN",msa,IN,,,,,,,,,,,,,,,,,,,,,,,,,,,,,,,,,,,,,,,,,,,,,,,,,,,,,,,,,,,,,,,,,,,,,,,,,,,,,,,,,,,,,,,,,,,,,,,,,,,,,,,,,,,,,,,,,,,,,,,,,,,,,,,,,,1500.0
394556,566,"Edwards, CO",msa,CO,,,,,,,,,,,,,,,,,,,,,,,,,,,,,,,,,,,,,,,,,,,,,,,,,,,,,,,,,,,,,,,,,,,,,,,,,,,,,,,,,,,,,,,,,,,,,,,,,,,,,,,,,,,,,,,,,,,,,,,,,,,4894.918209790561,4735.077569887386,4881.304546376169,4810.543562186955,4855.376207263253,4844.211329926034,4936.223885103853,5045.555555555555
394547,567,"Durango, CO",msa,CO,,,,,,,,,,,,,,,,,,,,,,,,,,,,,,,,,,,,,,,,,,,,,,,,,,,,,,,,,,,,,,,,,,,,,,,,,,,,,,,,,,,,,,,,,,,,,,,,,,,,,,,,,,,,,,,,,,,,,,,,,2379.878993621051,2396.248412486844,2438.243421416207,2456.5297936452544,2456.639609084552,2444.6117916701837,2459.882222459597,2483.407173370952,2516.158950423498,2532.989417989418
394750,568,"Kinston, NC",msa,NC,,,,,,,,,,,,,,,,,,,,,,,,,,,,,,,,,,,,,,,,,,,,,,,,,,,,,,,,,,,,,,,,,,,,,,,,,,,,,,,,,,,,,,,,,,,,,,,,,,,,,,,,,,,,,,,,,,,,,,,,,,,,,,,,,948.6466622525091,968.75
394632,575,"Glasgow, KY",msa,KY,,,,,,,,,,,,,,,,,,,,,,,,,,,,,,,,,,,,,,,,,,,,,,,,,,,,,,,,,,,,,,,,,,,,,,,,,,,,,,,,,,,,,,,,,,,,,,,,,,,,,,,,,,,,,,,,,,,,,,,,,,,,,,,,,,1100.0
395122,576,"St. Marys, GA",msa,GA,,,,,,,,,,,,,,,,,,,,,,,,,,,,,,,,,,,,,,,,,,,,,,,,,,,,,,,,,,,,,,,,,,,,,,,,,,,,,,,,,,,,,,,1338.1868056139165,,,1482.5348231661883,1466.9890413889548,1472.8509761303753,1504.9293399114665,1533.13574977918,1537.7191059609163,1559.2276486868152,1591.081319833537,1594.7368620018144,1593.5848108648763,1587.200960197792,1615.4052253072027,1599.6602099206727,1600.495832593692,1603.8641093600647,1587.521100324492,1592.6716538211429,1601.4844437566621,1625.6258164809997,1654.0334484072919,1629.0953973717967,1646.4266829137662,1617.7797966415692,1657.730931482162,1669.9835761657328,1699.973216385461,1696.9062719464341,1687.5028600210505,1683.198309588043,1698.4934762646797,1693.6388056407027,1686.948730783979,1713.085893646843,1714.2580920651662,1739.039056115005,1714.0741072493452,1733.1429234148786,1737.689304653547,1762.9177385873359,1798.405970585337,1822.3150183150185
394402,577,"Boone, NC",msa,NC,,,,,,,,,,,,,,,,,,,,,,,,,,,,,,,,,,,,,,,,,,,,,,,,,,,,,,,,,,,,,,,,,,,,,,,,,,,,,,,,,,,,,,,,,,,,,,,,,,,,,,,,,,,,,,,,,,,,,,,,,,,,,,,,,,2171.25
395204,578,"Warrensburg, MO",msa,MO,,,,,,,,,,,,,,,,,,,,,,,,,,,,,,,,,,,,,,,,,,,,,,,,,,,,,,,,,,,,,,,,,,,,,,,,,,,,,,,,,,,,,,,1130.4912099850433,1136.4509249674538,1125.0509997106417,1122.8063583998712,1123.6421112329813,1123.8792002156686,1138.7417870950085,1160.7057747327888,1169.9849365037442,1169.9363301377807,1185.2950247412348,1188.8940306281693,1194.4844605347912,1193.5774842198439,1200.6095193829024,1190.160622668207,1194.16896563901,1202.4520938331839,1221.7970104538265,1229.9500355152163,1226.4712945199722,1240.3385681929506,1241.9364899108878,1258.7006770754424,1260.0056516062018,1272.9029505710794,1278.2051145175717,1283.5254024340527,1297.2128996207302,1294.914797134446,1300.7773042590572,1299.7096060034617,1309.7873580706569,1311.7736000051966,1316.8543995893194,1314.6488911322513,1322.1945667449672,1327.6640646235921,1338.1024386725549,1355.766088642129,1358.613669875605,1372.2694361468657,1370.9662999974182,1379.7738095238094
394604,580,"Fort Leonard Wood, MO",msa,MO,,,,,,,,,,,,,,,,,,,,,,,,,,,,,,,,,,,,,,,,,,,,,,,,,,,,,,,,,,,,,,,,,,,,,,,,,,,,,,,,,,,,,,,,,,,,,,,,,,,,1288.451583275934,1276.4594689923897,1298.121187380933,1284.5286555001508,1323.833792222607,1325.2055053032514,1357.1517331503421,1351.1690012696733,1369.5076809970558,1361.5339135494153,1395.7536887010688,1389.3289117823406,1404.6384120735004,1388.9015907886953,1400.9484619436935,1418.9116349238427,1427.3027015209827,1443.0015529941393,1445.7858556027202,1469.5851302448013,1468.2138446146955,1482.877591462285,1472.0795143277142,1509.8234735376507,1518.6961932755362,1544.1669088860097,1539.7560989653089,1537.8540286128107,1529.9834559079704,1525.8873807960115,1518.482142857143
394562,582,"Elizabeth City, NC",msa,NC,,,,,,,,,,,,,,,,,,,,,,,,,,,,,,,,,,,,,,,,,,,,,,,,,,,,,,,,,,,,,,,,,,,,,,,,,,,,,,,,,,,,,,,,,,,,,,,,,,,,,,,,,,,,,,,,,1518.21173894852,1538.9220269366606,1549.0855509938483,1536.1393993036068,1539.7648503709843,1560.6893033771196,1555.1955654298022,1581.2904785091241,1585.96275140593,1598.430411551864,1607.9614196470584,1620.1680445322054,1601.2376140244498,1596.245371218684,1596.8849267555108,1616.7942856085708,1618.852908417574,1621.388888888889
394967,583,"Payson, AZ",msa,AZ,,,,,,,,,,,,,,,,,,,,,,,,,,,,,,,,,,,,,,,,,,,,,,,,,,,,,,,,,,,,,,,,,,,,,,,,,,,,,,,,,,,,,,,,,,,,,,,,,,,,,,,,,,,,,,,,,,,,,,,,,,,,,,1576.793806081624,1557.05128977301,1657.1187374333838,1782.0089841330102,1924.4444444444446
394344,584,"Athens, TN",msa,TN,,,,,,,,,,,,,,,,,,,,,,,,,,,,,,,,,,,,,,,,,,,,,,,,,,,,,,,,,,,,,,,,,,,,,,,,,,,,,,,,,,,,,,,,,,,,,,,,,,,,,,,,,,,,,,,,,,,,,,,,,,,,,,,,1280.953105043572,1287.387793956611,1303.3333333333333
394571,585,"Enterprise, AL",msa,AL,836.0300924721855,847.7036670105786,835.4244254327201,834.058344571192,827.0559141247714,833.480513358889,837.4797971665494,834.6202625345406,835.7731051732703,835.9462654469166,838.788954385074,839.8622624519629,838.1443139483004,838.9612156214789,840.0601471530573,841.5118196943336,839.5537511794364,837.646927324472,837.2602376941943,839.8629621531692,840.7714461970745,844.4962106937613,847.0947510225533,850.3337346702632,857.4514690842855,859.4959971257223,864.2847682679264,863.5334163544037,864.9366079206716,861.823814507888,858.8073929387959,859.1417588962156,861.7464453009503,862.2709753957773,862.9598787367253,863.387521107892,859.5389938922602,858.1683191484534,859.0115915310396,865.3783435227705,869.4573349004687,874.8723928530962,879.7335899793984,887.3377840096613,883.7782709056019,885.7748455472986,880.7282060952386,891.4528251018982,894.9518532743083,901.6353404273882,903.4698655345829,903.4934522727583,904.7855869090314,907.2180196268282,909.6695369785629,907.945269916289,913.8897806282381,915.9480624820822,923.4100741281173,918.5270221148053,920.5553436858758,919.7281329995849,925.4884449944163,938.0530148918522,945.9016504409461,949.9046398035024,,971.9943526548325,980.8066712781915,985.9468809160006,988.0968133417041,1010.7167950653568,1047.3750339072994,1066.792144397871,1059.7308178214194,1046.2266088552537,1048.3999783685165,1062.8076843796093,1071.8932206038014,1081.6859958342845,1085.4641434933412,1102.8119365791044,1119.5452505834778,1127.568877443271,1135.7803927176778,1153.452764579503,1185.9012412098684,1207.5637171526075,1220.7076166317647,1229.9495719993638,1224.9600452584386,1224.7026003331553,1230.418924854869,1239.486519613681,1248.231890554411,1247.0408886561227,1240.0300625656118,1238.8340258410183,1254.6709898835793,1266.2402580790279,1278.4191634161934,1273.6504325323024,1290.1561283725441,1295.6698080202468,1289.1676789532755,1287.4935575602296,1280.2821669995137,1294.7586241309277,1299.9033268586666,1309.632060239323,1297.8029026021673,1296.9443385581699,1299.6162707856577,1319.6779914116037,1322.7161142288983,1326.67104519922,1334.1122320263635,1334.6494643204205,1344.8030749688141,1343.5720312947403,1351.852467148449,1351.975266018055,1357.8511293613515,1360.031821368268,1360.4394122342283,1355.9092405631184,1357.1588560343375,1361.8744309159906,1368.3125065099873,1376.2878787878788
394861,588,"Milledgeville, GA",msa,GA,,,,,,,,,,,,,,,,,,,,,,,,,,,,,,,,,,,,,,,,,,,,,,,,,,,,,,,,,,,,,,,,,,,,,,,,,,,,,,,,,,,,,,,,,,,,,,,,,,,,,,,,,,,,,,,,,,,,,,,,1468.840359720618,1485.8060923110609,1500.4567293327823,1485.4562903216815,1497.0369805237337,1496.5976102437003,1510.615866982755,1519.279308967966,1563.217673735226,1618.8053400586725,1614.6666666666667
394742,589,"Kerrville, TX",msa,TX,,,,,,,,,,,,,,,,,,,,,,,,,,,,,,,,,,,,,,,,,,,,,,,,,,,,,,,,,,,,,,,,,,,,,,,,,,,,,,,,,,,,,,,,,,,,,,,,,,,,1782.6388369335461,1771.4799823718836,1763.6895620435419,1764.4241691833413,1782.8996409389326,1778.4773586211734,1792.8360171244647,1787.6629658415234,1769.0225812124934,1758.4859767785154,1782.604081784772,1791.8505108474506,1813.2936987079922,1794.9886064160603,1804.706263096618,1780.246499149682,1782.248388524711,1777.052771657505,1793.3605189518078,1807.913521143185,1813.7317013963072,1831.4458709657638,1812.25026856462,1794.450326502976,1778.518995814224,1799.7335273837248,1800.9849681072903,1821.7660725531027,1815.4828684731042,1830.1625849988575,1813.888888888889
394363,590,"Bartlesville, OK",msa,OK,,,,,,,,,,,,,,,,,,,,,,,,,,,,,,,,,,,,,,,,,,,,,,,,,,,,,,,,,,,,,,,,,,,,,,,,,,,,,,,,,,,,,,,,,,,,,,,,,,1053.1962053661434,1085.6770687825363,1080.273020100441,1084.2469982774257,1105.617963691018,1112.7467584112053,1112.218215480258,1099.9081992992344,1117.3314596817775,1122.4476623578157,1131.7695380842154,1118.4902213405187,1128.6271043093777,1140.668418980594,1157.056792259257,1156.1675451827816,1170.0284214668973,1183.6303410775704,1205.6466966683545,1195.9438701097547,1195.3876425438425,1208.3385892464794,1219.1303104435788,1234.9748038130972,1227.8409415479434,1220.593282334199,1224.4711642864238,1237.8688681502863,1232.6627584276314,1230.1088569052965,1227.5677253634112,1251.724237945313,1259.484126984127
394503,592,"Corsicana, TX",msa,TX,,,,,,,,,,,,,,,,,,,,,,,,,,,,,,,,,,,,,,,,,,,,,,,,,,,,,,,,,,,,,,,,,,,,,,,,,,,,,,,,,,,,,,,,,,,,,,,,,,,,,,,,,,,,,,,,,,,,,,,,,,,,,,,,1514.7120297359627,1530.122222792279,1521.6666666666667
394838,598,"Mason City, IA",msa,IA,,,,,,,,,,,,,,,,,,,,,,,,,,,,,,,,,,,,,,,,,,,,,,,,,,,,,,,,,,,,,,,,,,,,,,,,,,,,,,,,,,,,,,,,,,,,,,,,,,,,,,,,,,,,,,,,,,,,,,,,,,,,,,,,,,1170.0
394954,601,"Pahrump, NV",msa,NV,,,,,,,,,,,,,,,,,,,,,,,,,,,,,,,,,,,,,,,,,,,,,,,,,,,,,,,,,,,,,,,,,,,,,,,,,,,,,,,,,,,,,,,,,,,,,,,,,,,,,,,,,,,,,,,,,,,,,,,,,,,,,,,,,,1924.1666666666665
394963,602,"Paris, TX",msa,TX,,,,,,,,,,,,,,,,,,,,,,,,,,,,,,,,,,,,,,,,,,,,,,,,,,,,,,,,,,,,,,,,,,,,,,,,,,,,,,,,,,,,,,,,,,,,,,,,,,,,,,,,,,,,,,,,,,,,,,,,,,,,,,1320.937715378731,1332.3634393713367,1335.028131942778,1347.524413676308,1375.0
753905,604,"Newport, OR",msa,OR,,,,,,,,,,,,,,,,,,,,,,,,,,,,,,,,,,,,,,,,,,,,,,,,,,,,,,,,,,,,,,,,,,,,,,,,,,,,,,,,,,,,,,,,,,,,,,,,,,,,,,,,,,,,,,,,,,,,,,,,,2086.61478539805,2086.711049274244,2117.9039740997687,2153.602258548615,2174.58757604301,2171.240903316532,2152.7583511691946,2171.1152654054395,2180.2701441610006,2239.3611111111113
753911,608,"Ozark, AL",msa,AL,,,,,,,,,,,,,,,,,,,,,,,,,,,,,,,,,,,,,,,,,,,,,,,,,,,,,,,,,,,,,,,,,,,,,,,,,,,,,,,,,,,,,,,,,,,,,,,,,,,,,,,,,,,,,,,,,,,,,,,,,1232.6816369197963,1247.8117514015046,,1236.6061104824464,1223.5916565753275,1231.6354447096048,1233.6401575728194,1249.8449966358803,1265.8389626018516,1280.0
394628,610,"Gardnerville Ranchos, NV",msa,NV,,,,,,,,,,,,,,,,,,,,,,,,,,,,,,,,,,,,,,,,,,,,,,,,,,,,,,,,,,,,,,,,,,,,,,,,,,,,,,,,,,,,,,,,,,,,,,,,,,,,2430.0086467483566,2511.216268322145,2368.835866106882,2374.1667724360805,2346.457148619814,2350.6890247787032,2363.4784467055474,2379.536707393135,2439.313837157582,2426.7114837359345,2440.803499539657,2391.7741976948305,2381.466905575117,2382.0196452030923,2420.887083397422,2421.5089996515517,2400.2016690680657,2423.1049377393656,2412.5443397803533,2407.9190498222915,2363.6899482939693,2386.9069822738184,2402.6702960335006,2392.609485369982,2388.6698664824776,2377.6912670888437,2425.309672057931,2443.6913080015943,2486.688185395128,2489.894440761124,2514.428571428571
394608,611,"Fort Polk South, LA",msa,LA,,,,,,,,,,,,,,,,,,,,,,,,,,,,,,,,,,,,,,,,,,,,,,,,,,,,,,,,,,,,,,,,,,,,,,,,,,,,,,,,,,,,,,,,,,,,,,,,,,,1205.6766675408387,1219.2933011713708,1219.0765826988845,1238.9208913665582,1233.9566316871144,1236.579996918808,1238.545733577252,1240.252080213422,1223.8464702244225,1246.4772352772504,1269.0178479993351,1275.4533958604034,1281.4233258100521,1258.4036774178967,1273.106941610807,1268.9417189645098,1271.5066469938995,1283.223122575943,1278.4692081028513,1284.593619343383,1304.3186958900976,1313.847399894413,1301.949782678079,1291.9419631552503,1291.6782954953808,1307.9747742918337,1306.5741202861316,1307.634505586161,1312.3203239290756,1313.8428055365696,1322.0054882481888,1333.8333333333333
394437,612,"Ca-¦on City, CO",msa,CO,,,,,,,,,,,,,,,,,,,,,,,,,,,,,,,,,,,,,,,,,,,,,,,,,,,,,,,,,,,,,,,,,,,,,,,,,,,,,,,,,,,,,,,,,,,,,,,,,,,,,,,,,,,,,,,,,,,,,,,,,1519.0216798959582,1513.2033503713533,1516.5980701926442,1531.1661553741255,1548.9870316443767,1522.5659573816004,1506.854607607852,1489.4578776399003,1515.7588952868286,1542.3253968253966
394478,615,"Clovis, NM",msa,NM,,,,,,,,,,,,,,,,,,,,,,,,,,,,,,,,,,,,,,,,,,,,,,,,,,,,,,,,,,,,,,,,,,,,,,,,,,,,,,,,,,,,,,,,,,1192.7076634100715,1203.841638404053,1198.031600475042,1190.3787071312054,1190.3655809927077,1187.6254411066895,1210.811764912304,1210.3334221182529,1234.544395964961,1240.4689848536493,1248.336401164099,1245.1471090215232,1234.1837658725904,1241.0063006234147,1251.6989223778414,1263.1694609058013,1277.6823585728087,1280.4343246742994,1286.9920300119022,1290.2197095419733,1293.161406443855,1294.9143240140493,1292.7649343837827,1303.0559104340816,1302.8333910850195,1311.4585232134855,1308.213961724677,1304.1502618465038,1307.8520824447282,1307.647375086338,1301.7993195925003,1310.149133100376,1310.824776204666,1315.3951415208703,1323.0504748978797,1328.3997032688605,1344.9936778718147,1345.155456634271,1355.6700960651474,1367.9156545879853,1371.7045454545453
395043,618,"Ruston, LA",msa,LA,,,,,,,,,,,,,,,,,,,,,,,,,,,,,,,,,,,,,,,,,,,,,,,,,,,,,,,,,,,,,,,,,,,,,,,,,,,,,,,,,,,,,892.0020659498265,883.4702826358981,894.696113837709,894.5525014150899,898.0948346594141,904.6736412379295,922.2153592189338,926.6312940854939,924.858582926803,915.0950751911982,915.7520021262512,932.9208893397677,955.0755984840473,,943.4770826628234,940.4770250009385,951.3153828593477,954.4917611760492,950.5775248891304,950.5833040903719,965.0823882958042,975.1892484341951,978.6531978803478,975.8648567448531,975.4027272540699,977.8165228701085,979.9635301607991,973.2438250321122,970.3713511673114,968.6882467524331,977.6878030342864,983.9912644833499,988.6387261240452,986.6052573315417,986.1717964193267,987.8611456790069,985.1589736560979,991.3794235039921,999.6399653679889,1012.9472739146088,1015.2530471961114,1019.6625665730501,1016.8739526849014,1016.9081369565541,1012.4182698507684,1016.6666666666666
394527,622,"Del Rio, TX",msa,TX,,,,,,,,,,,,,,,,,,,,,,,,,,,,,,,,,,,,,,,,,,,,,,,,,,,,,,,,,,,,,,,,,,,,,,,,,,,,,,,,,,,,,,,,,,,,,,,,,,,,,,,,,,,,,,,,,,,,,,,,,,,,,,,,,,1643.75
394876,628,"Montrose, CO",msa,CO,,,,,,,,,,,,,,,,,,,,,,,,,,,,,,,,,,,,,,,,,,,,,,,,,,,,,,,,,,,,,,,,,,,,,,,,,,,,,,,,,,,,,,,,,,,,,,,,,,,,,,,,,,,,,1964.355148811768,1992.6069822075701,1976.9517326032421,1992.8614112489224,2005.4375269199952,2040.43475232418,2018.1460534530775,1995.901383014981,1981.629033846818,2022.9168304522518,2026.250012361635,2042.9496627511433,2045.876996457316,2053.601646614862,2085.265898631181,2089.2800179857977,2099.1189469035044,2082.922270058278,2118.245952144566,2147.0841289575387,2178.2875387777785,2165.555555555555
394887,630,"Mount Sterling, KY",msa,KY,,,,,,,,,,,,,,,,,,,,,,,,,,,,,,,,,,,,,,,,,,,,,,,,,,,,,,,,,,,,,,,,,,,,,,,,,,,,,,,,,,,,,,,,,,,,,,,,,,,,,,,,,,,,,,,,,,,,,,,,,,,,,,,,,992.0068115702089,1025.0
394477,631,"Clinton, IA",msa,IA,,,,,,,,,,,,,,,,,,,,,,,,,,,,,,,,,,,,,,,,,,,,,,,,,,,,,,,,,,,,,,,,,,,,,,,,,,,,,,,,,,,,,,,,,,,,,,,,,,,,,,,,,,,,,,,,,,,,,,,,,,,,,,,,,,1150.0
753916,632,"Sandpoint, ID",msa,ID,,,,,,,,,,,,,,,,,,,,,,,,,,,,,,,,,,,,,,,,,,,,,,,,,,,,,,,,,,,,,,,,,,,,,,,,,,,,,,,,,,,,,,,,,,,,,,,,,,,,,,,,,,,,,,,,,,,,,,,,,,,2564.154947464394,2534.3393308796044,2544.5490657185364,2519.450461627105,2525.346473457936,2510.677013920442,2480.987297370881,2435.3703703703704
394426,640,"Burley, ID",msa,ID,,,,,,,,,,,,,,,,,,,,,,,,,,,,,,,,,,,,,,,,,,,,,,,,,,,,,,,,,,,,,,,,,,,,,,,,,,,,,,,,,,,,,,,,,,,,,,,,,,,,,,,,,,,,,,,,,,,,,,,,,,,,,,,,,,1537.5
394548,641,"Durant, OK",msa,OK,,,,,,,,,,,,,,,,,,,,,,,,,,,,,,,,,,,,,,,,,,,,,,,,,,,,,,,,,,,,,,,,,,,,,,,,,,,,,,,,,,,,,,,,,,,,,,,,,,,,,,,,,,,,,,,,1603.9361765181493,1604.167915877759,1598.3122094539885,1599.5041880495253,1587.8323528817502,1600.1615793919539,1611.165421849344,1614.3333565612754,1632.407460693317,1637.457087663314,1633.0055494719763,1633.1466848097305,1631.6353354041821,1627.1313524040686,1640.2952642667108,1642.5222514813634,1667.4040334298102,1650.8967770692498,1638.888888888889
395155,646,"Thomasville, GA",msa,GA,,,,,,,,,,,,,,,,,,,,,,,,,,,,,,,,,,,,,,,,,,,,,,,,,,,,,,,,,,,,,,,,,,,,,,,,,,,,,,,,,,,,,,,,,,,,,,,,,,,,,,,,,,,,,,,,,1517.8117355998518,1518.3778882822385,1511.1967963596258,1516.5219918271443,,,1544.4518212428486,1559.0532712792917,1547.3042550987973,1583.6638229876924,,,1563.0611123210235,1571.9319778371353,1599.4865777994967,1608.2426935490594,1603.0282659705508,1583.611111111111
394850,651,"Menomonie, WI",msa,WI,,,,,,,,,,,,,,,,,,,,,,,,,,,,,,,,,,,,,,,,,,,,,,,,,,,,,,,,,,,,,,,,,,,,,,,,,,,,,,,,,,,,,,,,,,,,,,,,,,,,,,,,,,,,,,,,,,,,,,,,,,,,,,,,1600.4440471261341,1629.2676952579427,1612.2222222222224
395037,659,"Rolla, MO",msa,MO,,,,,,,,,,,,,,,,,,,,,,,,,,,,,,,,,,,,,,,,,,,,,,,,,,,,,,,,,,,,,,,,,,,,,,,,,,,,,,,,,,,,,,,,,,,,,,,,,,,,,,,,,,,,,,,,,,,,,,,,,,,,,,,,965.1997608391711,937.0720031069295,959.1666666666666
394567,663,"Ellensburg, WA",msa,WA,,,,,,,,,,,,,,,,,,,,,,,,,,,,,,,,,,,,,,,,,,,,,,,,,,,,,,,,,,,,,,,,,,,,,,,,,,,,,,,,,,,,,,,1753.0621985450787,1781.998376179931,1798.2603757504592,1796.6811168092672,1776.0315976645823,1778.7219169060493,1779.9962783639462,1818.5250574228714,1795.9298736989927,1843.5367636889437,1832.1168064817011,1885.5581914243762,1858.6354149713525,1879.6381568155257,1898.0294013027042,1922.3786656885463,1929.0175871812417,1928.267353068719,1915.048369576712,1894.29678131912,1877.200004778595,1866.9041255314232,1898.3336310369762,1904.056280237137,1934.3991265761365,1943.8227585668863,1966.3468058940443,1979.8493411251472,1977.2080812192694,1981.4997354177774,1978.5171897547482,1998.4374892048472,2036.412196409455,2042.4981708361997,2043.6135745027673,2042.319233544013,2047.1327489170521,2051.7984969203617,2050.33399369166,2059.3547605108006,2093.8044731249743,2124.6566473718917,2169.5444909382827,2194.50641025641
394990,664,"Ponca City, OK",msa,OK,,,,,,,,,,,,,,,,,,,,,,,,,,,,,,,,,,,,,,,,,,,,,,,,,,,,,,,,,,,,,,,,,,,,,,,,,,,,,,,,,,,,,,,,,,,,,,,,,,,,,,,,,,,,,,,,,,,,,,,,,,,,,,,,,797.4299944900912,785.0
394895,670,"Muscatine, IA",msa,IA,,,,,,,,,,,,,,,,,,,,,,,,,,,,,,,,,,,,,,,,,,,,,,,,,,,,,,,,,,,,,,,,,,,,,,,,,,,,,,,,,,,,,,,,,,,,,,,,,,,,,,,,,,,,,,,,,,,,,,,,,,,,,,,,,,775.0
394785,671,"Lewisburg, PA",msa,PA,,,,,,,,,,,,,,,,,,,,,,,,,,,,,,,,,,,,,,,,,,,,,,,,,,,,,,,,,,,,,,,,,,,,,,,,,,,,,,,,,,,,,,,,,,,,,,,,,,,,,,,,,,,,,,,,,,,,,,,,,,,,,,,,,,1162.5
395081,674,"Sedalia, MO",msa,MO,,,,,,,,,,,,,,,,,,,,,,,,,,,,,,,,,,,,,,,,,,,,,,,,,,,,,,,,,,,,,,,,,,,,,,,,,,,,,,,,,,,,,,,,,,,,,,,,,,,,,,,,,,,,,,,,,,,,,,,,,,,,,,,,,,1125.0
394677,676,"Henderson, NC",msa,NC,,,,,,,,,,,,,,,,,,,,,,,,,,,,,,,,,,,,,,,,,,,,,,,,,,,,,,,,,,,,,,,,,,,,,,,,,,,,,,,,,,,,,,,,,,,,,,,,,,,,,,,,,,,,,,,,,,,,,,,,,,,,901.0396982254871,906.1993555779297,918.5589843352136,940.4729342180868,962.1324023420467,984.0252921786737,1001.25
395032,678,"Rock Springs, WY",msa,WY,,,,,,,,,,,,,,,,,,,,,,,,,,,,,,,,,,,,,,,,,,,,,,,,,,,,,,,,,,,,,,,,,,,,,,,,,,,,,,,,,,,,,,,,,,,,,,,,,,,,,,,,,,,,,,,,,,,,,,,,,,,,,,,1479.4865591526363,1498.7084373977957,1488.8447098908584,1525.0
395129,680,"Stephenville, TX",msa,TX,,,,,,,,,,,,,,,,,,,,,,,,,,,,,,,,,,,,,,,,,,,,,,,,,,,,,,,,,,,,,,,,,,,,,,,,,,,,,,,,,,,,,,,,,,,,,,,,,,,,,,,,,,,,,,,,,,,,,,1468.755109534149,1486.2941501988519,1487.4940136309192,1505.2518586155763,1505.4304014202135,1525.9272135775354,1516.796325304685,1524.124263941897,1509.9513716893262,1520.2959849232484,1534.2828541311594,1579.543661331371,1605.0
394558,685,"El Campo, TX",msa,TX,,,,,,,,,,,,,,,,,,,,,,,,,,,,,,,,,,,,,,,,,,,,,,,,,,,,,,,,,,,,,,,,,,,,,,,,,,,,,,,,,,,,,,,,,,,,,,,,,,,,,,,,,,,,,,,,,,,,,,,,,,,,,,,,,,1462.5
394891,686,"Mountain Home, AR",msa,AR,,,,,,,,,,,,,,,,,,,,,,,,,,,,,,,,,,,,,,,,,,,,,,,,,,,,,,,,,,,,,,,,,,,,,,,,,,,,,,,,,,,,,,,,,,,,,,,,,,,,,,,,,,,,,,,,,,,,,,,,,,,,,,,,,,1350.0
394341,691,"Astoria, OR",msa,OR,,,,,,,,,,,,,,,,,,,,,,,,,,,,,,,,,,,,,,,,,,,,,,,,,,,,,,,,,,,,,,,,,,,,,,,,,,,,,,,,,,,,,,,,,,,,,,,,,,,,,,,,,,,,,,,,,,,,,,,,,,,,,,2542.113760812492,2547.325504221942,2566.394442997376,2491.8916422055368,2470.5
394476,704,"Clewiston, FL",msa,FL,,,,,,,,,,,,,,,,,,,,,,,,,,,,,,,,,,,,,,,,,,,,,,,,,,,,,,,,,,,,,,,,,,,,,,,,,,,,,,,,,,,,,,,,,,,,,,,,,,,,,,,,,,,,,,,,,,,,,,,,,,,,,1985.166338441476,1998.381836054897,1938.7615718411218,1972.7084720221287,,1955.8333333333333
395026,705,"Riverton, WY",msa,WY,,,,,,,,,,,,,,,,,,,,,,,,,,,,,,,,,,,,,,,,,,,,,,,,,,,,,,,,,,,,,,,,,,,,,,,,,,,,,,,,,,,,,,,,,,,,,,,,,,,,,,,,,,,,,,,,,,,,,,,,,,,,,,,1342.468748354076,1374.8287341502516,1423.821240216606,1437.5
394981,708,"Pittsburg, KS",msa,KS,,,,,,,,,,,,,,,,,,,,,,,,,,,,,,,,,,,,,,,,,,,,,,,,,,,,,,,,,,,,,,,,,,,,,,,,,,,,,,,,,,,,,,,,,,,,,,,,,,,,,,,,,,,,,,,,,,,,,,,,,909.4884962864621,911.58457004491,891.8505966164031,880.8195828293085,886.389092372779,908.3210887198361,925.3585626399085,920.2670877327574,923.3248780760866,933.3333333333334
394434,714,"Cambridge, OH",msa,OH,,,,,,,,,,,,,,,,,,,,,,,,,,,,,,,,,,,,,,,,,,,,,,,,,,,,,,,,,,,,,,,,,,,,,,,,,,,,,,,,,,,,,,,,,,,,,,,,,,,,,,,,,,,,,,,,,,,,,,,,,,,,,,,,,,975.0
395227,715,"Williston, ND",msa,ND,,,,,,,,,,,,,,,,,,,,,,,,,,,,,,,,,,,,,,,,,,,,,,,,,,,,,,,,,,,,,,,,,,,,,,,,,,,,,,,,,,,,,,,,,,,,,,,,,,,,,,,,,,,,,,,,,,,,,,,,,,,,,,,,,,1883.75
394300,720,"Ada, OK",msa,OK,,,,,,,,,,,,,,,,,,,,,,,,,,,,,,,,,,,,,,,,,,,,,,,,,,,,,,,,,,,,,,,,,,,,,,,,,,,,,,,,,,,,,,,,,,,,,864.0878889984518,867.618155299101,,879.212287170953,879.7263815556918,910.965206323599,892.4912087918565,894.0668927196557,894.2654532700041,909.7449958999697,929.162761282009,941.0159275534942,925.3635852464713,915.4913288842657,923.8831610265267,933.5447938386752,934.3448376031362,943.9190617832015,966.7060559261622,981.9066027743196,973.8860560604072,973.8819926911376,969.3929171482838,980.6813427987271,982.7692897837791,1001.8189643015802,1005.2822025582471,993.3125057605399,995.4876172234088,986.0129542500874,984.6844368827946,984.6086658127903,997.2838206433006,1001.3492290556043,1002.3694855583207,998.8168762129877,1016.466720145578,1015.2777777777778
394554,729,"Easton, MD",msa,MD,,,,,,,,,,,,,,,,,,,,,,,,,,,,,,,,,,,,,,,,,,,,,,,,,,,,,,,,,,,,,,,,,,,,,,,,,,,,,,,,,,,,,,,,,,,,,,,,,,,,,,,,,,,,,,,,,,,,,,,,,,,,,,,,2648.117729766485,2626.3299535905226,2587.5
394948,730,"Owatonna, MN",msa,MN,,,,,,,,,,,,,,,,,,,,,,,,,,,,,,,,,,,,,,,,,,,,,,,,,,,,,,,,,,,,,,,,,,,,,,,,,,,,,,,,,,,,,,,,,,,,,,,,,,,,,,,,,,,,,,,,,,,,,,,,,,,,,,,,,,1347.5
394771,733,"Laramie, WY",msa,WY,,,,,,,,,,,,,,,,,,,,,,,,,,,,,,,,,,,,,,,,,,,,,,,,,,,,,,,,,,,,,,,,,,,,,,,,,,,,,,,,,,,,,,,,,,,,,,,,,,,,,,,,,,,,,,,,,,,,,,,1811.6106278696504,1785.1180667018552,1790.949710700466,1779.8993826125054,1798.4522369259096,1811.5037917044065,1836.8068601374036,1843.1395307309078,1853.3595567629286,1850.2066656569448,1865.0050405512761,1836.3333333333333
394617,735,"Fremont, NE",msa,NE,,,,,,,,,,,,,,,,,,,,,,,,,,,,,,,,,,,,,,,,,,,,,,,,,,,,,,,,,,,,,,,,,,,,,,,,,,,,,,,,,,,,,,,,,,,,,,,,,,,,,,,,,,,,,,,,,,,,,1352.935496937011,1392.7988809573915,1386.7568831339104,1410.5690859404274,1410.787180301788,1440.2026855391125,1430.8453944523674,1427.356724955267,1437.991871737651,1444.1471211113833,1456.7788772817069,1454.0463992299742,1465.036584716861,1443.0555555555557
394603,737,"Fort Dodge, IA",msa,IA,,,,,,,,,,,,,,,,,,,,,,,,,,,,,,,,,,,,,,,,,,,,,,,,,,,,,,,,,,,,,,,,,,,,,,,,,,,,,,,,,,,,,,,,,,,,,,,,,,,,,,,,,,,,,,,,,,,,,,,,,,,,,,,,1011.2104250879058,996.4089228517207,990.8333333333334
394920,752,"North Platte, NE",msa,NE,,,,,,,,,,,,,,,,,,,,,,,,,,,,,,,,,,,,,,,,,,,,,,,,,,,,,,,,,,,,,,,,,,,,,,,,,,,,,,,,,,,,,,,,,,,,,,,,,,,,,,,,,,,,,,794.8077999347685,814.6327809617458,817.3245256973083,829.3716863590498,820.1699168240709,835.7675615108725,831.6102480401318,835.4588928986606,834.8815936050605,836.5394917433778,842.6607060237676,847.5736605700058,856.9963233571378,851.6668934085208,863.6851053105709,865.8909050923908,889.4141180581892,885.9803992671366,907.7154466487265,912.2580232538454,925.0
394413,759,"Brenham, TX",msa,TX,,,,,,,,,,,,,,,,,,,,,,,,,,,,,,,,,,,,,,,,,,,,,,,,,,,,,,,,,,,,,,,,,,,,,,,,,,,,,,,,,,,,,,,,,,,,,,,,,,,,,,,,,,,,,,,,,,,,,,,,,,,,,,1630.7635889379635,1662.7651019652767,1651.7942839843884,1649.8769788792797,1649.1666666666667
786252,761,"Bonham, TX",msa,TX,,,,,,,,,,,,,,,,,,,,,,,,,,,,,,,,,,,,,,,,,,,,,,,,,,,,,,,,,,,,,,,,,,,,,,,,,,,,,,,,,,,,,,,,,,,,,,,,,,,,,,,,,,,,,,,,,,,,,,,,,,,,,,,,,,1617.5
394430,764,"Butte, MT",msa,MT,,,,,,,,,,,,,,,,,,,,,,,,,,,,,,,,,,,,,,,,,,,,,,,,,,,,,,,,,,,,,,,,,,,,,,,,,,,,,,,,,,,,,,,,,,,,,,,,,,,,,,,,,,,,,,,,,,,,,,,,,,1472.6864484504213,1470.361183995374,1483.1084737848196,1460.8032585921524,1469.9392345914505,1497.4526872454437,1498.8466739515457,1480.0290065673319,1447.2222222222224
394569,767,"Emporia, KS",msa,KS,,,,,,,,,,,,,,,,,,,,,,,,,,,,,,,,,,,,,,,,,,,,,,,,,,,,,,,,,,,,,,,,,,,,,,,,,,,,,,,,,,,,,,,,,,,,,,,,,,,,,,,,,,,,,,,,,,,,,,,,,,,,,,,,,,1200.0
394713,768,"Jackson, WY",msa,WY,,,,,,,,,,,,,,,,,,,,,,,,,,,,,,,,,,,,,,,,,,,,,,,,,,,,,,,,,,,,,,,,,,,,,,,,,,,,,,,,,,,,,,,,,,,,,,,,,,,,,,,,,,,,,,,,,,,,,,,,,3759.910460066396,3919.5583667535057,3908.606546313413,3821.151756268745,3767.8241783580515,3812.6660313623142,3775.4497813425205,3737.353717401789,3710.195710906354,3800.0
394419,778,"Brookings, SD",msa,SD,,,,,,,,,,,,,,,,,,,,,,,,,,,,,,,,,,,,,,,,,,,,,,,,,,,,,,,,,,,,,,,,,,,,,,,,,,,,,,,,,,,,,,,,,,,,,,,,,,,,,,,,,,,,,,,,,,,,,,1552.4834677639853,1578.6687157678248,1596.6017173569119,1594.648267901878,1597.1953760921306,1613.106196052145,1588.0605377079107,1626.4714763260772,1602.2211056182325,1629.358143427739,1620.8448397393995,1639.711590162296,1645.0
394414,792,"Brevard, NC",msa,NC,,,,,,,,,,,,,,,,,,,,,,,,,,,,,,,,,,,,,,,,,,,,,,,,,,,,,,,,,,,,,,,,,,,,,,,,,,,,,,,,,,,,,,,,,,,,,,,,,,,,,,,,,,,,,,,,,,,,,,,,,,,,,2056.9128768425517,2047.8314113880713,2229.7639434788352,2271.4092362473857,2347.653520488887,2300.0
395141,793,"Susanville, CA",msa,CA,,,,,,,,,,,,,,,,,,,,,,,,,,,,,,,,,,,,,,,,,,,,,,,,,,,,,,,,,,,,,,,,,,,,,,,,,,,,,,,,,,,,,,,,,,,,,,,,,,,,,,,,,,,,,,,,,,,,,,,,,,,,,,,,,,1575.0
394835,794,"Martin, TN",msa,TN,,,,,,,,,,,,,,,,,,,,,,,,,,,,,,,,,,,,,,,,,,,,,,,,,,,,,,,,,,,,,,,,,,,,,,,,,,,,,,,,,,,,,,,,,,,,,,,,,,,,,,,,,,,,,,,,,,,,,,,,,,,,,,,,,,900.0
394433,799,"Cambridge, MD",msa,MD,,,,,,,,,,,,,,,,,,,,,,,,,,,,,,,,,,,,,,,,,,,,,,,,,,,,,,,,,,,,,,,,,,,,,,,,,,,,,,,,,,,,,,,,,,,,,,,,,,,,,,,,,,,,,,,,,,,,,,,,,,,,,,,,,1505.7522734978777,1819.0
394749,809,"Kingsville, TX",msa,TX,,,,,,,,,,,,,,,,,,,,,,,,,,,,,,,,,,,,,,,,,,,,,,,,,,,,,,,,,,,,,,,,,,,,,,,,,,,,,,,,,,,,,,,,,,,,,,,,,,,,,,,,,,,,,,,,,,,,,,,1427.7235670878104,1445.8018191139513,1456.404803793897,1451.6569001882747,1456.677282393685,1450.7039144836504,1446.88199831948,1435.7959047077645,1423.579002417143,1418.133715255011,1416.0425929864718,1416.6666666666667
753871,811,"Breckenridge, CO",msa,CO,,,,,,,,,,,,,,,,,,,,,,,,,,,,,,,,,,,,,,,,,,,,,,,,,,,,,,,,,,,,,,,,,,,,,,,,,,,,,,,,,,,,,,,,,,,,,,,,,,,,,,,,,,,,,,4509.820742367241,4480.355006197658,4432.650268004678,4438.06491693049,4486.82295434794,4562.047743385937,4598.196142674008,4611.715657432941,4542.570225306661,4563.266988585053,4550.964794592099,4602.6905621301175,4543.8500209416925,4634.26109923924,4633.68489704616,4724.554439129122,4708.166131907023,4666.189429802407,4627.5960316093915,4592.6962919453445,4645.555555555556
395093,815,"Sheridan, WY",msa,WY,,,,,,,,,,,,,,,,,,,,,,,,,,,,,,,,,,,,,,,,,,,,,,,,,,,,,,,,,,,,,,,,,,,,,,,,,,,,,,,,,,,,,,,,,,,,,,,,,,,,,,,,,,,,,,,,,,,,,,,,,,,,,,,,,,1706.25
394751,821,"Kirksville, MO",msa,MO,,,,,,,,,,,,,,,,,,,,,,,,,,,,,,,,,,,,,,,,,,,,,,,,,,,,,,,,,,,,,,,,,,,,,,,,,,,,,,,,,,,,,,,,,,,,,,,,,,,,,,,,,,,,,,,,,,,,,,,,,,,,,,988.6104272936177,992.2127955209903,1002.986300525305,1017.6953413669944,1027.7777777777776
394606,827,"Fort Morgan, CO",msa,CO,,,,,,,,,,,,,,,,,,,,,,,,,,,,,,,,,,,,,,,,,,,,,,,,,,,,,,,,,,,,,,,,,,,,,,,,,,,,,,,,,,,,,,,,,,,,,,,,,,,,,,,,,,,,,,,,,,,,,,,,,,,,,,,,,,1687.5
394864,833,"Mineral Wells, TX",msa,TX,,,,,,,,,,,,,,,,,,,,,,,,,,,,,,,,,,,,,,,,,,,,,,,,,,,,,,,,,,,,,,,,,,,,,,,,,,,,,,,,,,,,,,,,,,,,,,,,,,,,,,,,,,,,,,,,,,,,,,,,,,,,,,,,,,1600.0
394615,847,"Fredericksburg, TX",msa,TX,,,,,,,,,,,,,,,,,,,,,,,,,,,,,,,,,,,,,,,,,,,,,,,,,,,,,,,,,,,,,,,,,,,,,,,,,,,,,,,,,,,,,,,,,,,,,,,,,,,,,,,,,,,,,,,,,,,,,,,,,,,,,,,,,,2350.0
753923,849,"The Dalles, OR",msa,OR,,,,,,,,,,,,,,,,,,,,,,,,,,,,,,,,,,,,,,,,,,,,,,,,,,,,,,,,,,,,,,,,,,,,,,,,,,,,,,,,,,,,,,,,,,,,,,,,,,,,,,,,,,,,,,,,,,,,,,,,,,,,,,,1806.8112035801446,1821.6430834688854,1829.312626547064,1780.0
394758,852,"La Grande, OR",msa,OR,,,,,,,,,,,,,,,,,,,,,,,,,,,,,,,,,,,,,,,,,,,,,,,,,,,,,,,,,,,,,,,,,,,,,,,,,,,,,,,,,,,,,,,,,,,,,,,,,,,,,,,,,,,,,,,,,,,,,,,,,,,,,,,,,1711.964056956511,1725.0
394643,857,"Great Bend, KS",msa,KS,,,,,,,,,,,,,,,,,,,,,,,,,,,,,,,,,,,,,,,,,,,,,,,,,,,,,,,,,,,,,,,,,,,,,,,,,,,,,,,,,,,,,,,,,,,,,,,,,,,,,,,,,,,,,,,,,,,,,,,,,,,,,767.2712184717243,771.0493986204941,762.3833046838796,753.2939877573119,,750.0
394584,863,"Fallon, NV",msa,NV,,,,,,,,,,,,,,,,,,,,,,,,,,,,,,,,,,,,,,,,,,,,,,,,,,,,,,,,,,,,,,,,,,,,,,,,,,,,,,,,,,,,,,,,,,,,,,,,,,,,,,,,,,,,,,,,,,,,,,,,,,,,,,,,1537.3799403884802,1605.5367595140008,1624.888888888889
394322,864,"Altus, OK",msa,OK,,,,,,,,,,,,,,,,,,,,,,,,,,,,,,,,,,,,,,,,,,,,,,,,,,,,,,,,,,,,,,,,,,,,,,,,,,,,,,,,,,,,,,,,,,,,,,,,,,,,,,,,,,,,,,,,,,,,,,,,,,,,,,,,,,1625.0
753884,866,"Hailey, ID",msa,ID,,,,,,,,,,,,,,,,,,,,,,,,,,,,,,,,,,,,,,,,,,,,,,,,,,,,,,,,,,,,,,,,,,,,,,,,,,,,,,,,,,,,,,,,,,,,,,,,,,,,,,,,,,,,,,,,,,,,,,,,,,,,,,,,,,3550.0
753921,867,"Steamboat Springs, CO",msa,CO,,,,,,,,,,,,,,,,,,,,,,,,,,,,,,,,,,,,,,,,,,,,,,,,,,,,,,,,,,,,,,,,,,,,,,,,,,,,,,,,,,,,,,,,,,,,,,,,,,,,,,,,,,,,,,,,,,,,,,,,,,,3037.1462582464806,3046.292156067618,3334.9248487451464,3362.224485876657,3415.4382128849893,3394.447289863626,3353.7215281800823,3407.777777777778
395004,872,"Prineville, OR",msa,OR,,,,,,,,,,,,,,,,,,,,,,,,,,,,,,,,,,,,,,,,,,,,,,,,,,,,,,,,,,,,,,,,,,,,,,,,,,,,,,,,,,,,,,,,,,,,,,,,,,,,,,,,,,,,,,,,,,,,,,,,,,,,,,,,,1946.3423753342145,1837.5
845169,874,"Rockport, TX",msa,TX,,,,,,,,,,,,,,,,,,,,,,,,,,,,,,,,,,,,,,,,,,,,,,,,,,,,,,,,,,,,,,,,,,,,,,,,,,,,,,,,,,,,,,,,,,,,,,,,,,,,,,,,,,,,,,,,,,,,,,,,,,,,,,,,,,1837.5
395130,890,"Sterling, CO",msa,CO,,,,,,,,,,,,,,,,,,,,,,,,,,,,,,,,,,,,,,,,,,,,,,,,,,,,,,,,,,,,,,,,,,,,,,,,,,,,,,,,,,,,,,,,,,,,,,,,,,,,,,,,,,,,,,,,,,,,,,,,,,,,,,,,,,1400.0
394718,892,"Jamestown, ND",msa,ND,,,,,,,,,,,,,,,,,,,,,,,,,,,,,,,,,,,,,,,,,,,,,,,,,,,,,,,,,,,,,,,,,,,,,,,,,,,,,,,,,,,,,,,,,,,,,,,,,,,,,,,,,,,,,,,,,,,,,,,,,,,,,,,,,,1375.0
394996,915,"Portales, NM",msa,NM,,,,,,,,,,,,,,,,,,,,,,,,,,,,,,,,,,,,,,,,,,,,,,,,,,,,,,,,,,,,,,,,,,,,,,,,,,,,,,,,,,,,,,,,,,,,,,,,,,,,,1005.5902834026291,1010.658748012317,1008.3669791390201,985.7996115937012,998.1611692136952,986.6560775023306,1014.364424992861,1002.0917227059259,1022.7368041904208,1033.153503816059,1045.861183727939,1043.9008971831686,1047.8393836990422,1051.566763403706,1059.88053361632,1060.7861932519786,1059.527328067931,1074.5967109720382,1061.6907637471047,1077.2638840688585,1076.324235936566,1083.5892828772742,1077.8325184676478,1082.7407466510917,1085.6379137137715,1092.0377693836344,1095.532609762023,1115.059833692005,1125.915858507758,1135.111111111111
394805,916,"Los Alamos, NM",msa,NM,,,,,,,,,,,,,,,,,,,,,,,,,,,,,,,,,,,,,,,,,,,,,,,,,,,,,,,,,,,,,,,,,,,,,,,,,,,,,,,,,,,,,,,,,,,,,,,,,,,,,,,,,,,,,,,,,,,,,,,,,,,,,,,,,,2450.0
