RegionID,SizeRank,RegionName,RegionType,StateName,2015-01-31,2015-02-28,2015-03-31,2015-04-30,2015-05-31,2015-06-30,2015-07-31,2015-08-31,2015-09-30,2015-10-31,2015-11-30,2015-12-31,2016-01-31,2016-02-29,2016-03-31,2016-04-30,2016-05-31,2016-06-30,2016-07-31,2016-08-31,2016-09-30,2016-10-31,2016-11-30,2016-12-31,2017-01-31,2017-02-28,2017-03-31,2017-04-30,2017-05-31,2017-06-30,2017-07-31,2017-08-31,2017-09-30,2017-10-31,2017-11-30,2017-12-31,2018-01-31,2018-02-28,2018-03-31,2018-04-30,2018-05-31,2018-06-30,2018-07-31,2018-08-31,2018-09-30,2018-10-31,2018-11-30,2018-12-31,2019-01-31,2019-02-28,2019-03-31,2019-04-30,2019-05-31,2019-06-30,2019-07-31,2019-08-31,2019-09-30,2019-10-31,2019-11-30,2019-12-31,2020-01-31,2020-02-29,2020-03-31,2020-04-30,2020-05-31,2020-06-30,2020-07-31,2020-08-31,2020-09-30,2020-10-31,2020-11-30,2020-12-31,2021-01-31,2021-02-28,2021-03-31,2021-04-30,2021-05-31,2021-06-30,2021-07-31,2021-08-31,2021-09-30,2021-10-31,2021-11-30,2021-12-31,2022-01-31,2022-02-28,2022-03-31,2022-04-30,2022-05-31,2022-06-30,2022-07-31,2022-08-31,2022-09-30,2022-10-31,2022-11-30,2022-12-31,2023-01-31,2023-02-28,2023-03-31,2023-04-30,2023-05-31,2023-06-30,2023-07-31,2023-08-31,2023-09-30,2023-10-31,2023-11-30,2023-12-31,2024-01-31,2024-02-29,2024-03-31,2024-04-30,2024-05-31,2024-06-30,2024-07-31,2024-08-31,2024-09-30,2024-10-31,2024-11-30,2024-12-31,2025-01-31,2025-02-28,2025-03-31,2025-04-30,2025-05-31,2025-06-30,2025-07-31,2025-08-31,2025-09-30,2025-10-31
102001,0,United States,country,,1169.7724122664204,1175.0856499874076,1180.838081405914,1185.609374422497,1189.8452038892506,1193.869221751849,1198.3555846236488,1203.3993702703624,1208.6478655345006,1213.7934679064122,1218.6328074647904,1223.0701514322297,1226.6344105944065,1229.7034064289426,1231.622736394102,1235.0169412991302,1238.5708174542704,1243.2408123312823,1246.9413642992727,1250.8379966039104,1254.449030015384,1258.2266099126948,1261.5849375155517,1264.8010842098267,1269.5386181209303,1274.9793197631395,1281.7765887663456,1286.6750407958923,1291.5297856732584,1295.2926254628699,1299.2926401807606,1302.625669727981,1307.2233503955372,1311.0344063248729,1315.5909678087808,1320.0651898394938,1325.015232875429,1330.038963806902,1334.1997116315974,1338.567356213525,1342.1937363873644,1346.5643499746434,1351.147120516243,1356.21178321803,1360.353846583733,1365.5146433230348,1371.1039271223422,1376.6546322411266,1380.716519362637,1384.1148965397897,1388.2456553539905,1392.930562105792,1398.2523069751346,1403.3413564556038,1408.3626056085043,1413.300415623414,1418.3921740130027,1423.0684032472814,1427.1657899821998,1431.4211170566125,1436.3633255628763,1441.706833127044,1446.0464067665391,1443.5883232874578,1438.8536348220287,1434.7089972605856,1435.163083610517,1435.3933637130726,1436.3728100781782,1440.0062890808754,1445.8009158287477,1453.1648658344816,1462.5655790129063,1472.9933621105529,1484.8194755664185,1500.6556940236378,1521.1994837973382,1545.2079586787327,1569.9026004305451,1596.4780321313635,1622.6619521114958,1644.7597371176985,1663.3850753988559,1679.9606127493603,1694.0646102318374,1708.0422556209874,1719.8125992430378,1735.0925638118415,1748.8155141796094,1762.9213533510692,1773.0950344571272,1780.1875346527743,1785.1085857665064,1789.1924598573503,1793.2481380609554,1798.1054617305108,1802.9118513923456,1807.8555295813521,1815.4368519914126,1820.7167760119457,1826.1192767929708,1827.387105575534,1830.9496857705535,1834.5556618465146,1838.6371867332468,1843.4057240918369,1847.5933008004272,1852.2749408534387,1856.884978205898,1861.8606619594018,1866.2164520369633,1870.9951148842147,1876.1917238068972,1881.9860700188867,1887.2304808165736,1891.7180652168518,1896.3389981385426,1900.7745454286862,1907.03182781356,1912.3471687099411,1917.6645584020282,1922.1086090735264,1925.6597154338929,1928.6829748891284,1931.100321461764,1934.540276231805,1937.7400617424303,1941.6921828471895,1945.3602522124024,1948.7080329885382
394913,1,"New York, NY",msa,NY,2253.797698946067,2268.524506215203,2281.6968418605493,2291.346294685362,2295.188965563967,2299.2517684687705,2304.2320231943554,2312.7041592497517,2321.007565949443,2328.989117269393,2333.084542692638,2337.6880734990186,2340.947446175349,2344.6949789310443,2345.8432036392974,2347.5314283626803,2350.388671886705,2354.709453559799,2360.632011242868,2363.70077927716,2368.145781331505,2372.7021836464887,2382.2248320306817,2385.795922402622,2388.8265851000715,2388.497960150711,2392.253563952246,2395.25934900789,2400.893568353296,2403.6806698090586,2407.00597886786,2407.8610525364625,2410.8230121608863,2410.189311701667,2410.720273435488,2413.104092618378,2418.3830224722515,2423.4644876157054,2428.0400775770977,2435.3329321001165,2440.243888945329,2444.6350205256376,2449.0981668950176,2456.9286987227406,2463.621498969756,2468.568061844925,2475.3155218633265,2481.1041180872044,2487.8083516197144,2493.801435474572,2500.2052365249438,2505.139714080208,2510.8621756854236,2518.3400396808743,2525.4850264229417,2531.993670143836,2538.413143002338,2548.209896588238,2555.505851447048,2564.1661584187095,2571.202126321189,2579.938920960855,,,,,,,,2349.1127953167193,2336.587762147958,2336.123291750321,2339.842772108042,2348.2505890759644,2359.290318013279,2377.465774240497,2407.121858263613,2446.1417811648307,2493.8217588963284,2551.2007714646616,2610.1359895006317,2662.485212313469,2708.887429829153,2747.59413468431,2780.392226891815,2808.110277462098,2835.1606494893617,2863.135384048288,2893.970223018674,2925.6746325578265,2954.49120627786,2976.818750434266,2991.6212111687364,3000.3475671286387,3003.640270721772,3006.457143081259,3012.6179981706327,3021.8344040018574,3034.791903447766,3051.805476335585,3066.5431586597983,3075.7483358808836,3081.548128549341,3088.0909844936873,3100.0205771559627,3110.564613437955,3118.412768941635,3127.367332890537,3139.4874262352578,3152.5893825810117,3165.8328309877998,3175.590799613586,3186.6485349680947,3194.0189300176016,3197.4480251050986,3200.8506895900896,3207.942189164993,3220.63421069183,3237.5082968565566,3254.805403462148,3268.737428611269,3280.9530011650872,3290.8991847058637,3300.889250726177,3310.0156188187257,3324.4684639255765,3344.3714240742456,3365.3101051036106,3382.543031099775,3397.9032925023444
753899,2,"Los Angeles, CA",msa,CA,1770.5064512802874,1779.6559376626526,1790.485211999705,1800.9692926872535,1809.4822705726947,1818.0607260707227,1827.2429144363537,1838.0713975127426,1850.2577076662353,1860.7600485493147,1872.7050492710532,1884.2835909528721,1895.0075951260644,1902.9397099283847,1908.7093642717891,1915.0055098085415,1923.5552937957477,1933.5218350013374,1943.5842707748075,1951.1576296752135,1959.338267630081,1966.820958529667,1974.5200308686344,1981.883223379911,1994.0992255995975,2007.371337964805,2023.8771092927127,2034.887235392606,2044.3460583546118,2050.7325926646236,2058.611499478363,2065.4278858215453,2073.8416538405413,2080.556675808622,2089.5859051852735,2098.007910296767,2107.716871196802,2117.812223866496,2122.727423883764,2129.123233014273,2133.4047752937213,2143.1010431921436,2151.0785852557037,2160.953648712978,2168.0251841346853,2177.3792194513185,2185.8433363783565,2194.555588989494,2198.8986000507825,2203.0931905475627,2209.7849819025946,2217.8690265408263,2227.752740003081,2234.4126749069164,2241.329582735007,2247.522984516065,2254.6023831266416,2260.7077521860974,2266.013885805977,2271.3259903964376,2278.1784643903297,2284.6108375479603,2279.8636597999043,2270.8181110917885,2260.980913460427,2251.9102880156406,2246.545879130946,2239.475316168906,2237.4901550490836,2241.781834502306,2249.1980455934995,2255.29360618812,2265.96299576522,2277.0464469980398,2290.7948693219823,2304.437874320721,2324.6123315193695,2354.8464513168083,2392.0799725299653,2436.9359204821058,2475.6910838426816,2506.758046719344,2530.1201870571053,2556.300870726783,2578.665967952018,2603.8645450450144,2625.7449823929305,2655.433344794061,2678.5847154511303,2696.2532163585583,2704.8996935539717,2709.8409046469233,2714.349548930475,2717.549712418734,2723.8629897581473,2727.97803669671,2728.402748319417,2729.734325721963,2736.952563457373,2746.4316907245106,2753.1797356417987,2756.213658966893,2762.2842494108704,2767.7204970783646,2772.506907559235,2777.8826295921936,2780.800387085372,2786.855515644306,2787.821608688527,2791.0369423963434,2793.4394956877886,2801.8628302915063,2810.8626779375286,2819.9413610034244,2829.060460298557,2835.1835765196483,2842.7634589114123,2848.95757723259,2859.937563241226,2868.118887449617,2881.87378252185,2892.1234811967124,2900.0503867190205,2899.9783055697244,2901.4696741508083,2905.1152718906897,2908.4537651449964,2914.4443018531338,2919.350344427357,2924.884109961131
394463,3,"Chicago, IL",msa,IL,1346.9821222340208,1348.6427659436974,1352.9927400178394,1356.8094900912465,1360.767858231825,1363.775832665151,1366.2248586708085,1369.9834962526822,1373.1509860090066,1377.6264986457245,1381.8219771042363,1387.301258580307,1391.079842483148,1393.7351066745182,1395.5085509132577,1396.6154942699834,1398.4916649057943,1401.2274284819566,1406.117170679226,1411.9923298036372,1414.6567082784045,1417.4691212465584,1416.9371019260414,1416.725201740174,1418.2862224768307,1423.921760145011,1431.6003314576674,1437.2001999550534,1441.4946979471008,1442.807036657912,1444.0330241587346,1443.5616128785007,1447.7154236432502,1449.7727632596977,1454.2024762341402,1457.2483138161838,1460.7353459201079,1464.0992515183293,1465.1759531931025,1467.3995825556976,1469.770552082699,1474.7158628938057,1478.947364809243,1481.5769429163768,1482.021313137083,1483.1975867098697,1487.04057228592,1493.7502058343016,1497.738771143407,1500.1692957181126,1503.1577926297275,1506.4982595546574,1510.3058967811291,1513.4757249121762,1516.9291511362344,1522.2841305264499,1527.8066380342725,1533.7953953908975,1537.3207847068045,1539.2870125599977,1542.9365905820969,1547.1731049705245,1551.6397681297776,1543.0750155506134,1533.2193106803088,1524.80521890527,1521.5794207970139,1519.2934079757802,1514.9533758828125,1509.1971328415116,1505.3609051308379,1505.6657957846646,1506.09082656503,1510.5076905339183,1516.7061213380812,1531.8691903669232,1548.3965833592001,1566.6221495370817,1582.1232638644976,1597.430724690152,1613.7285548632397,1627.763397613927,1641.8650008395632,1655.0825436513978,1668.144673234744,1678.1207996459639,1688.3108236991043,1700.2937817932504,1713.3983509749646,1724.3849155993446,1735.777611597578,1745.1016704826993,1755.4912211241463,1766.2519288113099,1775.7683215699756,1783.866660759264,1791.473275641657,1800.4583963107916,1810.2533133427999,1817.43704663298,1826.3424493368373,1834.0178439564122,1842.3177692133936,1851.31521841702,1858.0711022854975,1865.137374103791,1870.9211487792272,1878.820244114987,1888.1919390939988,1896.3341203728055,1903.4975300358121,1910.9307981166323,1917.1465680938932,1924.7574631328155,1931.3825726850193,1939.4657945213269,1948.5305446450423,1960.4717461219873,1971.3082465192144,1981.185458198369,1990.0987295292507,1999.7443625288142,2009.580494118501,2019.7886530902133,2029.8045184627813,2039.8260123669731,2050.385991357416,2059.932500821733,2069.5931983432797,2076.789127014172
394514,4,"Dallas, TX",msa,TX,1073.7370672622335,1077.4252429233318,1081.184783753659,1087.591125506245,1092.0026292547186,1097.012615797122,1101.4679584245987,1106.0822862123503,1111.0202665803272,1115.3933004808205,1120.7592458241008,1126.2101926880355,1129.9630147910839,1134.548947384258,1138.0792108826386,1143.3453626267208,1146.6179992193508,1150.721905231953,1154.3045501712495,1159.465244037219,1164.126818975564,1169.8421174985951,1173.0628549205408,1176.9641109485458,1182.9303028232723,1187.8025563476767,1195.359593514305,1199.2200059626987,1206.942177157501,1210.1355653360893,1214.466088294824,1217.4299351880834,1221.2273794939958,1222.6482563813006,1227.931293966208,1231.7452461575951,1237.4948828796585,1241.8165072294862,1243.400493109784,1245.9726396157282,1246.6248414900501,1251.4754477916242,1255.2745074542065,1258.6866074496968,1261.0163893341135,1267.2614856455034,1272.3419475960748,1278.9395058603939,1280.9300428110432,1282.9085606491285,1287.252821410127,1292.085193908523,1296.8332782375828,1300.2413156162213,1303.87438038653,1307.963225574009,1312.4009035967588,1314.590426655392,1316.1211835208424,1316.9098890116172,1319.7532537164382,1323.3456549581415,1329.5417459718637,1327.6112131305615,1323.0490277673516,1317.3256151768314,1316.235461194126,1317.4786392707556,1321.9101226927564,1328.9010202019758,1336.435507618938,1345.736188792654,1355.4729785249413,1366.539448418425,1375.8504006901017,1391.4527386366174,1410.9164046407532,1436.0829876773653,1462.2706000470225,1490.4533523622104,1516.5178716998023,1538.1758580483727,1557.4992128019685,1575.3230054300855,1590.397348273246,1602.9569365546045,1613.691651041779,1628.791501475668,1643.867604225025,1661.162236605424,1670.997988512052,1674.3612556998903,1673.331721913486,1670.2945896345675,1669.5864384480974,1669.8173134953754,1672.7506282874922,1675.0091166583857,1681.6565519066025,1680.7545412684483,1681.5539838719963,1675.7469492175235,1676.2221892087339,1675.129666489887,1675.2351033470995,1675.6339114093412,1676.8242283818456,1676.3505818591866,1675.688523329607,1672.5709058674956,1669.84769202411,1667.8645432547562,1668.714321079381,1670.2160153306595,1671.4799355502382,1673.0187891409955,1673.0477078512781,1674.479906803724,1675.8780001783643,1677.6412604510547,1678.2158329357,1680.828202275938,1680.9909029886485,1682.577989660438,1680.7381794547211,1680.544331537567,1678.7206684161067,1678.249588058859,1678.890789785025,1678.4715978572096
394692,5,"Houston, TX",msa,TX,1215.8313790261461,1218.3534520359274,1223.0311661012074,1225.2857659052022,1226.8939464618115,1229.0591373949696,1231.5296778201218,1235.2979912006358,1236.5529323638195,1237.8383353258143,1239.4263957244855,1240.2291276685662,1241.9902791455202,1241.7970650491786,1244.3216325515996,1243.70767523745,1241.9187518774106,1240.0613385066756,1240.5113233807351,1241.7294148412834,1239.550994901585,1238.1307420554042,1234.6376450830753,1234.7786437879843,1236.2887386817524,1242.261932634643,1247.3644928151712,1248.2003210973025,1251.5494456275296,1251.3780190555613,1253.2755363078143,1252.3420720726454,1262.4229339291899,1272.2911813245312,1284.1756551712322,1291.0277696490411,1294.767908282055,1298.890089998794,1297.7019270633457,1301.4697545903389,1300.3725529921162,1303.538919779957,1304.6513850574747,1307.478080371336,1307.5609997709262,1309.0912091137338,1311.6008990199696,1312.1085837418111,1313.408396813407,1310.8475300118735,1314.6461808258175,1317.4514336921789,1322.9724554993743,1326.9122241607338,1330.9129193861484,1334.800655012445,1336.1369501284878,1336.4929407867157,1335.7393459578811,1338.4902472922583,1342.0551473454022,1347.6699963705605,1353.3911623148852,1348.9389120112303,1339.980567808088,1331.5470334174004,1331.0605174593984,1333.5936016255341,1337.2942623142492,1343.218709692215,1349.1549922344939,1353.464158869404,1358.194970298691,1360.4795127437446,1366.7372973486774,1378.2473305235733,1396.7614630757262,1418.3520851901583,1438.1588799131343,1458.120717345839,1474.7105922696549,1487.1983127843437,1497.4684208954018,1506.921531617528,1515.524445491816,1525.9433725380568,1533.833026692086,1544.525927755165,1550.8762899664255,1558.5641076312481,1563.3708183547114,1566.5933130546866,1568.5555213185924,1569.8066472495148,1571.1663740479198,1574.8771146383297,1580.638291464915,1587.0259588920565,1594.6498664690268,1597.041477803118,1601.033792116712,1603.0208158052342,1604.6854441114417,1604.2613466176033,1603.238006098443,1604.6133118335406,1607.3651351520264,1610.569285326884,1613.6429304046846,1615.24087512005,1614.2096643987115,1617.5163606793137,1622.0153063598568,1629.4685336413015,1631.7517221207752,1635.0754847373948,1637.2988936813338,1641.441420274482,1645.1279385094467,1646.9635705361723,1647.5178196034342,1648.1152666658354,1650.024175501595,1649.9357596563334,1648.376616498518,1644.7415296010727,1645.366203744066,1645.9750314180283,1647.4452742652823,1645.969888525131
395209,6,"Washington, DC",msa,VA,1708.8318218149593,1713.4193401049156,1717.8204334116047,1720.1229814569158,1722.3990879449257,1723.5216050316455,1724.7730605885447,1724.7864251716717,1729.2148655071062,1733.8037141123878,1740.2020774138769,1742.6638658360641,1745.0564272411073,1745.064540291647,1746.619964930367,1747.2015047474677,1749.5742606972128,1751.0444389393786,1754.4133061221153,1758.649275558546,1760.58327218433,1763.0445100956624,1764.0905325736167,1768.1273741882544,1772.8333969137773,1780.857274722899,1786.4385031880352,1790.5147717882037,1791.3685557637036,1794.6035909747022,1796.5003246684907,1798.910690149169,1802.6495712463368,1806.343789497958,1807.9368227347845,1809.4267322949358,1810.8842204062073,1813.6238801496568,1818.319113233049,1823.8770699741922,1829.381787760219,1834.3125608063858,1838.9255618886598,1846.0178898057331,1847.1930234550298,1853.4159480264059,1861.4092744719492,1870.4311739672507,1873.7822317486557,1876.4711868775385,1879.6755861952822,1883.3100793088108,1888.3175070022853,1892.9091985568118,1898.0635497809285,1900.9321603637716,1908.1025151375588,1911.2831378903647,1914.3706343857966,1916.2294110525659,1922.3767539348219,1927.8320307372924,1937.2808995972746,1931.0309195069187,1920.6758606738395,1904.8752795992234,1895.307199609843,1887.9863492516247,1879.7225063376811,1873.7513242908349,1867.5633449578122,1866.9064724887091,1871.0239180348012,1877.3628123722824,1881.260273473989,1891.414709576216,1910.1631150942674,1938.484673045594,1965.2739390569313,1992.3788375548934,2016.7908346419435,2040.5183852740006,2059.758388168597,2074.0339739308274,2081.554150979401,2089.879515964809,2099.914595313261,2115.9434324519734,2129.944272181483,2143.917146255754,2155.1496604676395,2161.438141016411,2166.4360400267465,2165.9241700917905,2168.7364657742974,2171.8611020578555,2178.549421246147,2186.5584122017162,2199.563946847846,2206.49385411628,2213.6262993739692,2214.075959104658,2220.362972318993,2227.951309508359,2237.3301772052005,2249.1806599591428,2259.0768202015133,2267.648463567158,2273.3661026144127,2281.260517822413,2287.6847323300544,2297.0559784840125,2306.5034015026677,2319.098614893976,2329.5780355673664,2338.0806012749267,2344.811432950479,2349.9376108418383,2357.5401781355577,2365.974209234144,2375.20924483635,2380.863407411373,2383.8883720057597,2385.1939024562225,2385.5473336835194,2385.5440633203866,2383.9539580693063,2383.225722584044,2382.150820225823,2381.0045571287937
394974,7,"Philadelphia, PA",msa,PA,1211.419488113591,1214.4543158874844,1221.3006895168542,1223.960043535389,1226.9842663650122,1227.8987334176286,1231.4713552860628,1234.065654815927,1237.9651549847522,1240.936616804832,1241.3021547319977,1242.5475102110265,1242.606167000573,1247.4186208848785,1249.0952572172084,1253.3732621901252,1256.444461536229,1262.4220256345213,1265.196654617855,1267.956719074259,1269.4044550341816,1272.0941020869197,1277.6913350614525,1281.9123762602494,1286.221325167316,1288.4186906671666,1291.977712366612,1295.0364650664164,1297.1176669279841,1297.3282709116672,1299.8675280661437,1303.5043520640838,1308.296108181976,1311.8615337363883,1314.4201664145944,1319.9784695994883,1323.1203508391998,1327.2238086533484,1330.1449766444105,1333.8948954095579,1339.164257029994,1341.8235538040956,1344.9750430210252,1348.1863630799273,1352.8291366672322,1358.505994906385,1364.9014255004536,1368.428304250676,1373.5812346623334,1375.2766363432431,1380.404531535335,1384.7830653487035,1388.7834248866143,1395.2725533715613,1400.869373028458,1405.9749613860972,1409.6991506248837,1413.0634962940949,1415.944164797156,1419.9141925724468,1423.985232278386,1430.6510643331335,1436.5467854626013,1436.5764116644557,1433.239370768315,1430.658172100564,1434.3034595869358,1436.4203913988822,1441.3719838988632,1445.2999018027544,1450.80983752268,1455.3822898871754,1462.010669754865,1468.386024319011,1473.9766196650685,1485.591866255008,1502.7216878959027,1520.66329282621,1536.4039538563457,1553.8848683265253,1568.2504077948684,1584.1043300823599,1597.8411146934873,1616.6263871026044,1629.228722237564,1640.0311940577817,1647.874151003776,1657.8702938737224,1666.5809921448165,1676.800676535353,1684.748511468124,1690.0283330568768,1693.8817938368272,1695.0012740491618,1698.2635310969968,1699.0907368489002,1704.572884767071,1707.1754821834834,1716.4967010835642,1722.5766450360404,1729.6338101294566,1731.2330074970494,1734.9309074380565,1740.1915779285112,1747.9432500405535,1754.5229834130666,1758.2087205477267,1759.2260937674,1761.5612824606972,1768.6912246660534,1776.745059986501,1785.0285228150196,1791.0520254504181,1796.9944368698498,1798.7913010619143,1803.1067578020397,1807.0097668004541,1814.8617623889525,1822.4815523792986,1832.061487936207,1839.2719226143101,1844.315959787074,1845.6586423354088,1847.5849144193642,1850.7062872868469,1856.1075399530052,1864.0925606980234,1869.6519893521627,1874.4447984068984,1876.9677862755427
394856,8,"Miami, FL",msa,FL,1466.348469768563,1474.9095901183737,1482.3124385268754,1489.801920738289,1497.2162915834854,1504.3941273319579,1510.9959087735679,1517.5335365312292,1525.516291520676,1531.5098921199576,1540.2250634821473,1546.3554053004257,1552.3219357907478,1555.2995945714188,1558.1635635204202,1560.38008929007,1560.1216258913666,1560.3516843767827,1561.1029723679726,1562.6634038988418,1564.6516129687868,1566.5185017296164,1569.4961277564944,1571.3731000925072,1577.292858496896,1582.4327908408407,1590.7337357089473,1593.9455030583933,1596.860304181168,1599.8672399403363,1604.1179858380813,1609.8920478257653,1614.4630575564754,1617.7034896400917,1617.7794706818709,1620.2848414303462,1624.4731711867942,1629.9779312571368,1634.1779097260462,1639.0456068970577,1643.3463243526132,1648.653509438987,1653.3404716731382,1658.8042988725645,1662.2316131669097,1666.2493725125096,1670.5642642226821,1676.05653324312,1678.8655426521739,1680.228471322278,1681.8997648628406,1685.8870701015437,1691.1495585776543,1695.657754267441,1700.1173262696911,1703.2084457331669,1708.5077445481352,1714.250016370801,1721.2307669982263,1726.6454387423726,1732.768740147939,1739.9323148325984,1742.983254442578,1739.39884519108,1732.0601218142783,1729.239017592416,1729.32683380954,1731.46833894956,1735.6028797813044,1747.938256960994,1764.0065379853654,1779.9161433268428,1798.7768370276547,1824.5962483256508,1854.9058852294056,1890.411889062587,1931.3570276299822,1981.0987597205003,2041.6872230156084,2103.803269317296,2161.1134580746334,2205.633857383236,2249.7904021133127,2297.216290434343,2343.3949876178763,2379.8292332603105,2415.2557063621825,2452.7867737139677,2488.915973233175,2512.5613348439265,2524.175547633451,2528.587419290751,2535.118828578346,2541.231624473166,2548.9223220538015,2556.1534685587085,2562.072905642933,2566.6487513937823,2570.4075728705848,2574.062814829295,2578.740776609375,2581.5910807934215,2581.8606694768805,2584.3032256522274,2587.404596055117,2597.7556234054255,2602.36887574978,2602.8528291597104,2603.3564204756626,2609.4950301230565,2616.821493220326,2622.5725929318646,2624.65349159569,2628.374922926018,2633.0456841507716,2638.3308546140634,2644.3965628772326,2647.256389634952,2651.771042114853,2657.4819891094976,2662.579562233281,2664.5154105587794,2664.6745456883136,2664.2191887374056,2664.996355146283,2666.516512907782,2669.44444607624,2671.077564335821,2670.363195215749,2667.949760404571
394347,9,"Atlanta, GA",msa,GA,1007.0373207791235,1011.5510131848213,1014.3300445389931,1020.2337236827284,1024.2969709431222,1031.3693339093052,1035.5315198239205,1040.2971131527306,1045.0289562248417,1050.4581534100287,1055.0814371567358,1060.603233532732,1065.5222653201067,1071.2163247051406,1076.07514155994,1079.3580360548076,1083.646075966741,1087.9477925721292,1094.563975935361,1100.427062837822,1105.699101205617,1111.0625658146625,1115.3793429420514,1119.6328478359162,1124.8562211894046,1131.305304887425,1139.227239601074,1146.3115841018289,1153.7370622226936,1160.2674173723674,1167.5582594411032,1173.3867198569856,1180.3414837118812,1182.672306260472,1188.6555909729518,1193.0308244660978,1200.8822414944625,1207.1174149616566,1213.533754647064,1220.0942895741036,1226.2292260420174,1231.6274302599888,1237.2912137804142,1242.2077181669515,1246.768517230613,1257.7441301918968,1267.702798558251,1276.9476838481348,1281.7549185950586,1286.4656529791528,1291.683987984665,1297.3931315305915,1303.0644072345099,1309.627100958766,1315.055851853031,1321.8542041030657,1328.2983278095014,1331.7979217043307,1334.260013408913,1337.9248270429457,1342.8450287008902,1348.1689560991588,1354.8809103770852,1356.6016846961568,1356.7779589762658,1357.8824851004867,1365.2975271286136,1373.2794141503273,1382.3164045806739,1393.0883971886772,1406.8198189122272,1421.4402595136892,1439.273060010651,1457.7336418964476,1474.5408502410194,1495.087302155684,1519.2498903515502,1551.1894962626666,1582.1293046475234,1615.9926786735298,1646.2510464542067,1673.033460510472,1692.1546794293893,1705.2408971330442,1713.5119763898829,1719.096419472993,1727.5258982401715,1737.8227549906605,1751.0125117613604,1762.1281722233005,1772.256523905954,1776.610364548484,1778.350418530638,1777.2819592452124,1777.7997659073426,1782.0048858694545,1783.9129459295839,1787.3943863351685,1795.5791984711384,1800.3088410971159,1802.3661264716093,1796.152732684658,1792.4870309635191,1788.052506981282,1785.0131659252872,1783.0085763045063,1781.5230560680388,1781.5287901686804,1784.8942933293722,1788.6576620987935,1788.653504218915,1789.8752783892153,1792.2453896868642,1797.2288295751562,1798.6201455144944,1798.4787406489952,1801.4912100342447,1805.6924520689067,1811.192225350762,1814.7558353894497,1817.5097895358954,1819.5934477120747,1821.7534618112338,1824.1651339496168,1826.408859708657,1830.91946651572,1837.464943891864,1846.799237629157,1853.8816440873597,1860.4367225277012
394404,10,"Boston, MA",msa,MA,1907.8285837308372,1911.602799351237,1921.4021300122597,1931.4544027230418,1938.6763397590569,1942.9728728468422,1945.066026544323,1951.7828349417275,1960.0165837309091,1974.3534817690256,1984.8866049486535,1992.0641426610498,1991.4473077093437,1998.5688034732016,1998.2264411443634,2003.5658545104723,2006.750118213382,2016.064036458521,2024.4737884416577,2035.0230712595412,2044.5368666098052,2052.033445892469,2050.912590412146,2050.2469722872556,2059.4259773487893,2070.5006044905276,2084.1153559896675,2088.767505671821,2091.274691609536,2093.7654416176274,2097.812395876354,2102.4456044204176,2106.1301314397497,2108.5416614471687,2118.112861983013,2130.6532113819103,2140.2163265092045,2143.382280192539,2147.6508482759327,2154.33808889523,2162.7565538603335,2166.135293770262,2170.9294703325877,2174.090391971868,2178.4118220822916,2187.035245822665,2193.823480139429,2200.6210155464696,2203.6541266635645,2209.5122484192357,2214.655287188318,2221.130598733317,2227.8493760254323,2237.2217062713967,2244.916465720085,2252.9516030018895,2260.6795155977316,2265.989625353168,2271.1044803512873,2274.826027738757,2281.165411823751,2287.969253248196,2296.944737829142,2285.476043395977,,,,,,,2132.0276379787765,2134.5570134190357,2145.179405420805,2162.3441998718813,2179.4218205672,2198.634312581265,2222.057978166233,2251.311100116715,2281.6734175225947,2311.24625515193,2346.832955300713,2382.454782728163,2411.387241030101,2428.310859470868,2438.276691460991,2440.583701408306,2447.7396677760084,2464.240871068903,2489.83327742375,2515.618755297575,2538.6466341304567,2564.5784159928794,2588.7123825266467,2606.5922747246386,2615.7768324553504,2618.6833523279342,2620.0600281225074,2630.830292980485,2646.344731581437,2665.523346389968,2678.1461695014236,2689.4939434644884,2700.412087064802,2713.3227782264134,2726.0160553214855,2735.89925957784,2745.2302567845904,2754.3122916211546,2763.607586022299,2775.9220114857285,2785.6009645270374,2794.522011965661,2800.267223402214,2807.249357892785,2815.022947424504,2815.0716060729205,2818.0270827902355,2821.362581469519,2831.58204839871,2846.441713427116,2862.1913577219407,2871.304463135067,2878.0324399969472,2880.490323879486,2885.905788864607,2890.299010829896,2894.543872887275,2902.810046848305,2908.7301320735864,2916.5919415996136
394976,11,"Phoenix, AZ",msa,AZ,927.0764338965284,937.6184563575797,941.8574409373053,950.6514029804156,951.2971372541097,957.2876748111688,958.5662482179349,962.0526259617906,967.0139254526127,973.0408398167735,978.9412992779617,983.9007689941191,989.1639281746495,990.3877942094584,993.3677150647238,995.2169408526556,1001.3549722005139,1006.563837076181,1012.2945235375013,1017.2736910389127,1020.7350570919365,1024.1112209196028,1028.4338339203655,1032.737667135575,1039.397652866108,1045.220732463354,1052.9025729543903,1056.9394110747744,1063.8070033546906,1067.9448720824291,1074.0950401228754,1078.6016101082846,1084.7600457769615,1090.3648796974535,1096.058074769955,1101.0012154060053,1106.7159530502001,1111.5266785617537,1119.1071173847195,1126.5520822457274,1133.909325458636,1140.5437281632128,1148.0316409064394,1156.2618892171045,1164.9220600389644,1173.147718978122,1181.637319669985,1189.6415293571713,1194.9047584982911,1203.139716419594,1209.1079354470717,1217.5867884704428,1224.3046574340153,1233.4483302326776,1241.2196089894699,1249.7228563088593,1257.6744387087792,1266.6231003011687,1275.4652644306211,1285.538854728835,1297.2732206266626,1307.8959243606846,1310.8248526590805,1309.070337315694,1305.5777854305309,1305.5298492344525,1313.4966147553007,1325.6920823867397,1341.4784957575607,1358.7957151135122,1376.4336720454603,1391.574657715749,1407.8984303212333,1422.9729958766382,1444.0597304271653,1471.7413888014285,1509.1550873747678,1550.44803259104,1590.794094897718,1628.0576610165908,1659.7421256440073,1685.9359757475954,1705.3622261509768,1721.8098096960352,1735.2864900326329,1747.2936036118408,1756.4516496035003,1764.4790652775307,1767.5475386886465,1768.8056766721486,1765.673274641942,1761.5786113738234,1755.2178163362544,1751.1039827315628,1749.9624450497963,1752.6109802063268,1752.7680936937033,1754.8287215046594,1761.4942025419546,1764.4033551310392,1765.5263244619514,1760.5958160343305,1760.4511042042923,1758.8297094232887,1758.2882396437276,1757.137092872759,1757.611745240881,1757.3100311885441,1759.3711804753939,1760.6031543993288,1760.8128247702948,1762.6549532080742,1765.5208459648704,1768.1857726072415,1768.1813461396773,1769.1127990539856,1770.3889227621232,1770.3066145078963,1771.194869214811,1770.9269288975338,1770.019996294825,1768.6454183832261,1765.7679936248649,1762.9834479763301,1760.5379796220273,1760.93967555215,1761.6620115372828,1762.2752304496087,1762.333002333618,1763.0487669204183
395057,12,"San Francisco, CA",msa,CA,2240.521169295793,2253.6505584768192,2283.5987265585377,2306.476070425664,2322.790978762166,2340.1491770325633,2365.525178597971,2388.9928827615345,2409.006510151927,2418.9913309173594,2433.5053804077797,2447.3998398580256,2465.9856599843583,2481.1802985696004,2483.0836412006183,2491.526638501,2492.080270957561,2498.774651816192,2501.249713063772,2502.7185093272947,2501.7637979818783,2497.389309224173,2500.946669975315,2505.875455579319,2516.2605826723025,2530.4934623571335,2547.7552568522947,2553.9225158594677,2559.142637655232,2567.585548862564,2575.455173006022,2584.265673758918,2593.981537322815,2605.5960920310386,2611.149200119214,2620.4858409847275,2626.3990004128473,2636.735391933303,2639.0774152350587,2647.4810783834337,2655.120912604371,2663.704168480436,2670.4499517325794,2679.2693107326427,2687.068587716235,2697.605630476241,2705.264371437246,2712.4043585702275,2716.4852806266063,2720.24300720012,2727.20331526393,2733.692470338606,2742.8908026087256,2748.1299721265045,2755.3503339059166,2760.362356251587,2765.953757966559,2769.205199684578,2775.62065429286,2779.965767383396,2786.8820383028724,2790.932491704794,2791.9069927895484,2775.752515000621,2753.2837188635162,,,,,2587.5382224452023,2571.1558323319473,2563.1462264223014,2556.2358886097863,2560.393889400869,2568.7240283261267,2584.168326723746,2605.733847929683,2636.8084198585643,2671.648356548929,2707.6133093352896,2736.0544221816735,2756.6695611599152,2773.4032517464616,2789.0843416520015,2806.216284028175,2820.1811157114234,2829.261319692137,2841.2160048409114,2851.424402990629,2863.1562733849564,2869.3791252784235,2877.232403836352,2884.891776739469,2891.1126905489405,2891.8181839606664,2890.3553154533247,2886.564497098167,2887.4653647812684,2892.8140858448032,2890.6135960040842,2888.6680521947847,2878.3480452453327,2878.173565763039,2877.8021545724173,2879.247812574242,2882.400065237697,2879.979856204267,2882.915588539167,2887.5334866175135,2895.6856681908525,2901.6360987686403,2907.910414745208,2914.1799254627294,2921.2883693946446,2926.7467569962455,2933.6681439731183,2940.336964096484,2949.189583072746,2964.734988912991,2977.8523188816225,2991.13879699469,3000.4585070988037,3010.9479048843696,3024.860505370794,3039.7612267614513,3058.5561562120147,3075.845882103077,3092.8927092888093,3110.7308586180075,3127.8008138339264
395025,13,"Riverside, CA",msa,CA,1313.2532508859103,1315.6146810583969,1320.1305446112526,1325.9712424997108,1331.2309581872455,1337.301680418454,1343.7437934490918,1350.9951269291937,1359.2860411231002,1367.0830589032564,1372.4721178021596,1378.7867007921593,1382.1545229027206,1389.6520194373263,1393.5032698650348,1396.699058237273,1401.4629420013357,1403.9846573618063,1410.3941828084987,1414.0665238859342,1422.6661155841086,1427.9208475879475,1435.1836853321877,1440.8471858242303,1453.0096791995568,1461.6914236726377,1470.9036986863405,1481.4651019107223,1489.807717270644,1500.1578271037768,1505.5206635742843,1514.4350402336459,1519.7711051068866,1527.7500497947315,1535.6301044062375,1542.7416726540296,1548.1638657920162,1557.0786353668032,1567.3002604913029,1574.610248357195,1579.730927208225,1587.549162268676,1595.8186568253998,1604.837384471605,1612.0048707350265,1620.9173355801856,1629.3361039138465,1637.5453193679384,1643.8529647316766,1647.3275766002557,1651.8405106934747,1658.1061406060603,1666.9267919613922,1673.052522501643,1680.471617634535,1685.998061415873,1693.622489266097,1699.1883453394871,1704.808143219314,1711.2610693977097,1718.7290361007088,1727.2390785910054,1729.5782020814652,1729.9359274848468,1729.9454138087597,1740.1519294094674,1754.8492146084732,1778.2367221061174,1801.3281699811093,1830.2523371983575,1856.0422319000595,1881.2474410329207,1902.0618859020321,1926.116644611889,1953.130607995949,1978.014920147713,2013.1379387004552,2045.147343765253,2087.445034646966,2120.764344335072,2152.629123087398,2172.3986185320127,2193.4583257036484,2211.1587325461014,2236.1861386828273,2255.954478732369,2276.4854575038007,2302.681325128964,2318.69379224374,2334.6979219600066,2336.7243529924012,2337.297906488143,2338.9259276887537,2336.5001789148337,2339.555402196517,2343.8774649353936,2350.2896901750046,2355.536272771094,2361.741992674592,2370.071400468266,2376.547939449815,2376.780817467983,2375.363862370289,2378.535881611893,2380.942315912702,2393.672962725097,2398.144652068414,2401.1549802642576,2397.8347396243835,2403.8160290023875,2413.693369164627,2420.852783266651,2427.848159789953,2433.840354001471,2446.1319817181643,2454.3560232135346,2464.7254232163373,2469.210263711921,2478.5035703542044,2488.066449744693,2499.2408786242077,2504.0316369154857,2504.3719312844773,2504.076670874164,2506.008920931691,2511.298403281327,2514.365749310611,2518.159205021412,2519.642433780226,2520.8333801505814
394532,14,"Detroit, MI",msa,MI,867.0902397497347,870.100648168208,874.1138365515816,877.4264336909372,880.9256345014526,883.1273689075613,885.9958509513788,888.4758891861121,891.467976057916,893.3996688251549,897.14873602939,898.5235585269553,902.3691062981989,903.5576558472408,905.1859451991144,906.5191309139475,908.0449077304794,910.3020822719525,914.0601159541987,918.637385900641,920.9276803438581,925.1343504916844,927.2453081860673,931.0843428386115,932.4110529614293,936.8043381010259,941.3995730797232,948.3509257184095,953.2700547896283,958.3554978359466,960.825243609288,963.7439339161484,967.4583529386423,970.6428455316138,974.6402666036892,979.4483990319609,982.9639062348788,985.3729775549693,987.7388524582828,990.5384205101035,994.2676666969023,997.1815084592158,1000.4306723456098,1003.7654380731451,1009.9807224665028,1012.692832241364,1015.2876393578958,1015.6595698278554,1022.6699945315255,1029.063169320862,1033.4231220210995,1036.2785041205138,1039.3197882635975,1042.7357406936328,1046.7787213605159,1050.2684795804219,1051.4654083992186,1055.187511673375,1058.8432927817262,1063.3622366547597,1063.6054941930947,1064.1404281869115,1068.984563069836,1073.4661229560577,1076.8619867876835,1080.5701390043978,1089.8902182436932,1100.4227214232603,1110.6911460969186,1119.5514039745683,1128.8617717367367,1139.137060490572,1149.4561772292107,1162.2489109826674,1171.7594581433625,1182.1621902922852,1191.8201837743147,1203.8410952210008,1216.113701448531,1231.6651432350332,1244.1130452997697,1256.747411599404,1264.8794222383103,1276.56438426621,1284.4893753302142,1293.2899704179486,1299.1189121448192,1309.112637268179,1319.191200045228,1331.0677781151312,1337.0709537611299,1338.4198821508794,1340.8422018791127,1340.3263954681486,1343.513354530249,1343.6518923009578,1348.8491160774759,1351.1393241740147,1354.6393396133226,1357.551409316812,1360.7315844715556,1362.890137499014,1366.0220555932399,1368.8488388763597,1373.7540145737605,1378.1229169710116,1386.6713254628219,1390.6706929440834,1397.2284866329514,1399.5205547811538,1407.8228072368145,1412.3455381633548,1420.799466891728,1425.4639854051927,1432.968200056715,1438.931464390414,1444.0524403542342,1451.3064359854625,1454.4468991500314,1461.558573513935,1464.5475124807615,1471.7469841657144,1474.050764441188,1478.4024837230268,1479.2212915561472,1482.7593155040756,1484.4986209603037,1488.0853683741325,1490.7223242315144,1492.113422057767
395078,15,"Seattle, WA",msa,WA,1340.1919909385556,1346.1716130447319,1355.3911290050717,1359.1944479568751,1364.7432795466611,1370.6839077000623,1382.5360001145636,1392.6829272232153,1402.529119388212,1413.1518219391392,1417.8690619529696,1426.399322971084,1433.8290529117248,1447.5624235632442,1451.126710016813,1460.3324279381004,1470.4011672291822,1483.9985876528651,1493.9456816864097,1499.2113338626018,1506.4936343611946,1514.4114912744453,1524.6918813428122,1531.4785222440746,1540.7174808527836,1551.575739666467,1570.032566869991,1581.5168558370212,1591.7991753589843,1599.3674534702059,1605.953593782481,1613.591084134916,1619.3480783295515,1624.1148479888552,1625.7591741278245,1627.6230025457921,1632.1060144440498,1636.4009749749093,1640.7480083952744,1645.1897163070814,1651.775685738876,1656.9072792220907,1660.917304673604,1664.3315610081222,1669.28094177796,1674.6724796632125,1683.8890987218945,1691.2677240541093,1696.849027222047,1701.4808384862438,1703.8462690247104,1708.8172884820642,1712.6854787099285,1718.430562600536,1726.3522237218758,1735.4484609388858,1744.022667942433,1752.66771972914,1759.6939704189767,1768.8819782391479,1778.0032482818908,1787.7796497810432,1797.834765428454,1788.2114314215164,1773.4973811347284,1753.8615707276083,1744.8665730561675,1738.3849509225543,1731.6200814307485,1723.8399156548387,1714.5522401754342,1707.4042937052432,1710.4988923420485,1717.8314009261453,1731.3901862319694,1750.7771310257624,1777.9408028030268,1810.6853518853359,1842.5155321405605,1876.1308765577655,1907.4151266838917,1932.6979144063732,1954.4553177260855,1971.5215458259224,1983.5244403308122,1995.3291967527448,2005.0686850314005,2020.0867274228447,2033.7538343049587,2049.719390360324,2059.665233349438,2061.7515122037807,2061.346589764163,2061.21966936049,2059.709126977607,2058.435897655419,2057.3676154469235,2060.8640039688107,2068.11655007195,2069.348997056457,2070.3115643604137,2066.159518323334,2068.0169074071578,2073.228977569025,2079.274715699749,2086.052193983557,2090.291138716538,2098.511906090267,2107.611552966606,2115.630850750885,2121.504402940133,2128.8221521899573,2136.321975887008,2140.3877732570886,2144.575362441694,2147.5521895291286,2152.841062329417,2157.6617627978135,2166.173208962987,2172.1103864327742,2177.6586024478856,2181.3856385133863,2184.8759146164207,2188.6429115190176,2192.2804708700323,2200.305705652666,2206.5126990201666,2213.4168892414623,2218.549754997785,2223.6225874451484
394865,16,"Minneapolis, MN",msa,MN,1138.345759773648,1142.8195631756212,1146.8863054504245,1150.224038644652,1155.8580551017171,1159.3107723039918,1164.402635709073,1166.3499676831457,1170.308429394545,1169.927562627109,1175.4285292776788,1180.1670349480573,1183.3424783763128,1184.1394979775182,1185.4830629339149,1193.6501213648266,1200.1354633406877,1207.143900967368,1208.951031913092,1214.160472257731,1219.0070646141207,1227.751949001894,1232.8079357732715,1233.9874540547928,1237.68650025169,1245.0163251339593,1252.4637674484527,1256.9795067280181,1259.8445170096572,1267.1361571894506,1273.3772718781565,1279.246708809104,1283.4196665799109,1287.7678000156611,1289.585250894804,1296.930034979601,1303.7512564675167,1312.2613935247177,1316.796251457868,1318.4535865989178,1319.2279726259171,1320.1702998883159,1326.8525087760427,1333.1231249328494,1339.100289898938,1343.3458943317773,1350.569618452324,1356.5847560669315,1361.0814730105767,1361.8792737425688,1366.5781310285367,1373.5397131257387,1382.2758273718819,1388.591025445749,1391.9281697100876,1395.0735533524066,1399.2506543016405,1403.9019748181315,1408.0517876795254,1411.1644509903783,1415.2097313936306,1420.4892215467328,1421.9258047685516,1419.3061624691625,1413.2390176365536,1414.1592074361402,1414.601563755605,1418.681654854756,1419.5698732637336,1425.3629840481972,1424.4986187685402,1424.2845688917362,1420.5376883763631,1421.2345277789993,1426.5724116129088,1434.7807306321454,1446.1360225598012,1456.8261030545548,1466.4297258097022,1475.3732848843604,1484.355560493416,1490.1147186788241,1496.2259133688974,1501.885047253729,1509.6222024905776,1516.0419508957298,1521.568199204685,1527.287270273559,1533.7204196599466,1538.9328262289607,1543.5146170737669,1545.5796634494493,1548.9891625787604,1550.9071626130576,1553.8721239233041,1557.4468080958716,1561.598584591166,1566.0602107962404,1570.098665624496,1571.6184888377004,1573.5066174915253,1574.838786547157,1578.8642092705868,1581.183397959179,1582.529606034252,1586.5196006993533,1591.5623172160206,1596.5546567380131,1600.0724179351616,1603.730878191738,1609.0456715893704,1614.2804453949109,1618.3485683320714,1619.7048112790985,1621.5651742686046,1626.2826049213243,1633.5101976034562,1637.989172906042,1641.8550001857525,1645.715859071239,1650.293630956106,1654.9535823135247,1658.7538994646068,1663.9635278362384,1669.8970678238225,1678.7756659323536,1686.3644307491331,1693.3904399338135,1698.929694321643,1706.038434206817
395056,17,"San Diego, CA",msa,CA,1660.2000596905893,1669.0063195439516,1675.1778925899125,1675.9133757807363,1680.8068959245284,1685.5640281356218,1698.1061830524088,1709.3746531949873,1720.5632358636467,1730.2336264033522,1736.4748453637974,1746.7898513271796,1752.8271674301052,1758.3556533476576,1763.7420613457512,1771.308487809075,1778.6972734819083,1789.8656988975245,1797.5836685607298,1805.6160651433727,1812.2512447612676,1821.152408790705,1830.1480933203259,1836.914437982782,1843.9447030793792,1856.6882774860417,1871.6179528721443,1886.8111405999273,1895.9712281497245,1903.1692037498347,1910.4460068906023,1916.781359194546,1923.3710171709129,1929.9111052157689,1938.6132507391721,1945.4066871613686,1956.577818309774,1965.9683846043213,1976.3016260724635,1982.9168563178737,1992.1322128637455,1998.9158480819428,2005.6989923809135,2013.095248426054,2022.1959968584588,2029.14058436064,2032.3246141200402,2039.2376026086308,2044.879133008399,2051.445771249807,2053.3483810869006,2057.8092190348566,2063.2381740922942,2070.676410431494,2078.461125363432,2086.0944812611206,2092.4286564344275,2099.911016130704,2109.1982183337927,2116.863245437921,2123.38497272749,2128.9385838035637,2129.393222058989,2120.8020173079767,2110.5592961164257,2104.812288336125,2107.557278498307,2111.050022620536,2120.4604760051584,2139.1109857012384,2161.298191092633,2179.8036740732687,2193.622128789459,2207.8383221566432,2224.490659545975,2250.38176925517,2281.004380177087,2313.0185177670364,2352.593414553372,2397.1727820484016,2448.5562342183116,2487.213648004652,2522.5011766510765,2551.8846217323653,2584.0348814951035,2615.76402474493,2644.018652216635,2677.5011391091352,2708.0399310025796,2741.300437881813,2760.3685455524073,2778.691352072088,2783.0800279672553,2788.997791493558,2787.3432324166088,2794.8982192601306,2801.0553455785766,2810.9257789109365,2828.3369755566987,2845.7066554809185,2864.2441339503803,2872.9772601393797,2880.5184500830524,2882.536521130255,2883.346101938392,2881.361796908703,2876.7936169176983,2875.793602351881,2877.366123711085,2886.1656707321977,2891.991600767611,2899.3065543075886,2903.3417177127144,2907.5645485206164,2913.051017698641,2913.8563199979076,2919.8433952708833,2928.5239742697663,2947.945509491888,2960.1465469159816,2969.3019398202314,2969.9773114791737,2969.014652560089,2964.7987662015926,2962.529382189635,2963.8215983725145,2966.8957927713273,2975.4460439918216,2982.3126969532714,2987.4631061797795
395148,18,"Tampa, FL",msa,FL,1040.091941721034,1043.44087438613,1047.2812247226575,1052.071802033584,1057.8503779640243,1063.2315557861946,1068.7493630969661,1073.0490220518004,1077.2733666515528,1082.2595685347471,1088.3005853562593,1094.770626451552,1099.7070472433604,1103.7759830348934,1105.603634106961,1109.0203712593693,1110.826827628875,1115.8520674877036,1118.742723634537,1124.5167407563,1131.0036918215944,1137.5145812661551,1141.6604861418664,1143.4621320783015,1148.7020750842473,1154.068869161012,1162.2326129783432,1167.4991346806962,1174.2052268363261,1178.6175556947417,1182.6045855306752,1184.587997309343,1188.6576405081266,1192.8174990153302,1198.4316391081945,1205.0935388850414,1211.6370328238063,1218.6499499674724,1222.7042677760635,1228.0129092260722,1232.9531509977287,1238.9959179141194,1244.9061263367007,1250.8405204793228,1253.2683589662854,1258.024547145265,1265.5253572617964,1270.3592896016296,1274.389980134795,1276.5233803951282,1281.2329963528473,1286.124941672045,1290.9414279165596,1295.4075337567144,1300.680825399705,1306.351587441195,1313.5691707426367,1318.9115397504897,1321.8955416388749,1326.985290033292,1332.1454143543817,1338.6495542230834,1347.6121025327227,1348.0583823470658,1346.7425618873833,1343.5271018967912,1350.5421498121398,1359.1242649661542,1370.823908375105,1382.8576214522727,1397.5307083372297,1411.4315324993495,1427.522166406188,1446.4143626260993,1464.3530493598853,1489.860063022506,1523.021965615567,1566.6604267935752,1610.2484543911637,1656.8027225607118,1698.3999142525822,1733.2273442683831,1757.3333263640766,1783.2041409027947,1804.6046534165641,1826.2153145731725,1842.853612351169,1864.2232772929385,1883.412407041809,1899.559679259326,1906.7173843161966,1904.6773809539895,1901.5032622626586,1901.0548954474784,1907.1157117502369,1911.4741601733797,1918.4058279724322,1922.9121998091177,1935.1262084673397,1942.6643028822994,1947.895777115225,1944.4951016210487,1944.365292568473,1949.1370792913842,1954.7247582582404,1957.9453463324342,1956.0106500186057,1953.3377691209455,1953.435801500191,1953.8861676205418,1955.0386626182085,1957.3503725579874,1959.722449532788,1963.642778439039,1969.6344042912574,1974.1573319962904,1980.544402412548,1990.734683917242,2000.2058883453349,2009.565973134968,2015.285203076649,2020.7432319330103,2022.0385048028475,2022.6109885151523,2023.6738191108093,2027.206065707553,2028.651444902647,2029.7416330141452,2028.4334543343343,2023.9639941148096
394530,19,"Denver, CO",msa,CO,1269.6714649294984,1285.7040676681318,1300.1297927172689,1312.5075633361582,1317.6860223634174,1328.7118108234017,1333.9578463008575,1341.1396741097724,1346.089124844756,1356.3417999552996,1363.2895566205389,1372.4984074139418,1379.044298732718,1383.016736881524,1383.7959051414425,1382.214255940706,1387.2366950313544,1391.995094596912,1396.4948555799244,1398.7820577976,1400.958617031317,1401.9446280208583,1403.5433440785935,1407.863762463956,1414.1008450650797,1421.3844200292128,1430.1994824409503,1439.1447420412594,1446.846387625332,1450.6272675595396,1455.6973508030978,1460.6052011252746,1466.942911591154,1469.9979467847756,1473.7285760249426,1479.1940472926592,1483.7961797847593,1489.8979112064515,1493.8616262452747,1499.1524479067166,1500.3918218560339,1504.881581719915,1509.3393895497907,1517.258888616982,1521.7573400667093,1527.2536278762411,1531.3449435659995,1536.5074729158089,1541.2186846819168,1546.1914554824598,1550.3760811812429,1553.9745116122035,1560.1471668014117,1565.5239652633527,1570.391331879844,1572.9287116349,1577.3448933203986,1582.5758157317546,1588.3455353529985,1591.616100914311,1595.2723025468847,1597.770962966249,1601.551443610936,,1577.918329092068,,,1569.9453374666261,1575.3182861958226,1578.4519808733842,1582.2943334364595,1586.4621733917431,1593.03658770859,1601.2663003814125,1609.9185818561684,1628.430919827599,1652.6131522210837,1683.3387329666261,1711.7222459101004,1740.8702242417887,1765.7731575018204,1782.3352376235046,1795.9501615407594,1807.8101095975421,1821.4377427257562,1833.3157480250943,1845.5876703610893,1860.7847236436508,1874.24936911584,1883.5149256107,1887.660468717679,1886.2480888649181,1885.9855668059843,1891.1275851120513,1895.9767989930383,1902.7153010526386,1905.6787218500167,1913.826111939103,1923.1043474127762,1926.4145156400066,1928.5653848132338,1927.9940760834347,1928.6872578525038,1932.5077959159985,1935.951870492966,1943.2418580195174,1950.3735113094301,1956.7354810653133,1963.4202761369595,1965.9153337369353,1967.1471055629786,1964.3240507211838,1963.201928808817,1961.213125661618,1962.9824848848652,1963.4526024314393,1964.550820349193,1959.4635692587815,1955.367400603562,1950.542505957741,1946.0841140518091,1941.8452849290395,1937.1957729396318,1936.6885313907048,1934.8857731264768,1934.860977567952,1931.8083951123617,1928.5553255459502,1924.214091551909,1921.1779623495693
394358,20,"Baltimore, MD",msa,MD,1337.5517481271816,1339.50371781042,1339.8562940911243,1343.083024539517,1346.3570724827287,1348.7749789216698,1352.9213413642146,1354.6143058370208,1357.978795995831,1359.492570357603,1361.2392976958354,1364.2101802382329,1366.3818948715668,1368.5166711198056,1368.7577918921572,1369.7797171091443,1367.5004271266744,1366.7884427169279,1364.92081312634,1366.5352340538452,1367.519986886479,1369.0005443902871,1370.731581145652,1369.5176532905975,1374.5845666435075,1375.7732306562295,1381.6226311818693,1381.1541356252292,1388.4277197823997,1393.3997447837187,1396.9821570618642,1394.8555274535097,1394.2675623054092,1397.1788904567952,1396.7526718540573,1400.2544573042487,1398.9601337332897,1405.862537681011,1406.3897817176312,1410.5139203399713,1410.6985450458264,1411.5234109071769,1413.1889147334562,1416.107743594773,1419.301014048922,1423.172000498691,1427.2589972318815,1432.743882005823,1433.2912844046273,1435.8608725444187,1438.6668288226977,1441.6252460949306,1444.6205090055576,1448.0630305746931,1451.7659572186437,1456.661245193226,1460.713137175226,1462.5240951585554,1465.7610115039984,1466.6168504506206,1472.4124344111044,1473.5440456348795,1474.91763394016,1469.985422366167,1466.6355249425822,1465.4121059813212,1468.2607878141398,1471.7013589203427,1477.0180824675726,1488.85520391229,1499.9274513031403,1509.812343920651,1515.9499666037038,1524.8852548122784,1532.2869927174763,1548.4298215373958,1568.1112491701572,1589.6538312739897,1609.5761243745656,1632.397330885197,1655.0935595676917,1662.9884228981205,1673.6981405974366,1683.4846145626407,1698.761310747483,1705.511109194201,1713.0222960821886,1724.7175022378374,1732.2598187761823,1741.9090126057135,1745.8130728915198,1746.8802975654812,1744.2596464270905,1747.0151606714624,1748.4057156035562,1751.8891427376984,1758.1230603210115,1768.2495594857753,1779.1521316068856,1780.925640408882,1784.5313925285072,1785.1670378943263,1789.7462510750365,1790.8524935304981,1793.2083143372531,1797.103792003174,1802.681522459597,1806.1533884326952,1808.6305329999366,1812.229205416898,1817.437582529453,1826.1770297898415,1835.6934480895443,1845.4585943960053,1851.3340224384808,1857.102580067887,1861.1284459110082,1869.689504353883,1876.5710588915279,1883.9036516373503,1889.3454209252734,1893.3900568254103,1895.4480777197152,1897.896978212661,1899.416678978587,1901.5337818338462,1905.6881551958709,1911.7925942658894,1918.9973056175852,1920.8500515294452
395121,21,"St. Louis, MO",msa,MO,862.1733064170392,863.7280453685041,865.1021053752946,867.7847794336279,868.5319843884724,870.0521158089407,871.2247548476628,873.1383400465502,875.6060157045168,877.427557559859,879.6923029712892,881.4672901825276,884.6796630253367,887.2229854399158,887.7968675332258,888.070235809445,889.1833132663129,891.039672195617,893.0667786123408,894.2656455750066,895.8412641092854,898.3879472568605,899.7608133027987,901.3155447896943,901.9301312522153,904.4384291762552,908.6698333128476,911.1187744949289,913.0474301287011,914.3025072424264,917.5016801198071,920.5130943805211,922.6014366536558,924.1175476465967,925.0479876918846,926.7610991507574,928.5385882555335,930.8595450958748,932.3569352113174,935.8860305519069,938.86540882848,940.796390094802,941.7014540658522,943.4849217163545,947.6098384491365,951.7151723434986,954.6022182026716,957.582345881816,959.521457985933,961.8838280802065,964.3601439542134,966.221817329724,968.780944700729,972.3887800784757,975.9118690335116,979.0881225726391,980.9155512396027,982.9608481359091,986.5636049027992,989.7885214336515,994.0321032261681,997.4369022610018,1003.6007952860485,1005.3420145651702,1007.1033928043327,1007.5491610292254,1012.2962377183925,1018.5464846409315,1025.441088017006,1031.3988014191202,1036.0022591708635,1041.2569836881137,1045.8665827236441,1051.0430475969702,1053.1181683982165,1061.732070729387,1070.4536409267093,1081.2878168736554,1089.8412044755419,1098.640111924109,1111.464247046335,1120.4505818026405,1130.2755854142338,1138.8354415507679,1150.188351807116,1162.6993770390725,1171.683447843301,1179.7762492911745,1186.1634279937148,1195.8534036599458,1203.8613912899787,1212.7995721147738,1213.4410601544428,1220.2082376976236,1223.9007437861133,1230.808687096379,1232.5959300593975,1234.215909217907,1243.109329300069,1249.862207611569,1261.7612611403874,1266.4094945842462,1273.6234897666063,1274.1504838916126,1280.5224453600392,1284.5797342541234,1288.892442519404,1291.28136088301,1293.4518124273484,1300.997017899975,1308.6346258491726,1315.8074144050236,1320.8687020275477,1328.0997293211358,1334.541211100611,1337.8241863489802,1341.8799494604573,1345.6427956980165,1352.5368704277826,1359.2679462784777,1367.9695148799788,1372.0250189475846,1372.99197459887,1375.2832384953842,1376.8877832607557,1379.6121427047258,1382.0174079867672,1389.8924251650365,1395.694159273911,1401.4327618224527
394943,22,"Orlando, FL",msa,FL,1116.0347048346127,1121.2225330512038,1126.3798096145836,1131.3216643910916,1135.719446258373,1139.1392195381638,1143.3592153212983,1148.525085227234,1156.2296951125682,1163.261813291764,1169.253813746707,1173.7750747183127,1176.5952609316805,1179.0046658522926,1183.2946218754864,1187.7925928866175,1193.3370639788013,1197.293369612145,1201.7293711427383,1207.309243155593,1212.5473017112731,1218.109177421194,1221.4362273290064,1223.2916915305584,1229.2143390973326,1236.7423648981312,1240.287495020595,1245.9801616863022,1252.2558045356768,1264.2696026100919,1269.6105586038987,1272.8262787255992,1275.326682159294,1279.8971837306815,1288.3460594618025,1299.786750773332,1309.343860461578,1317.0757341493015,1324.0418501214315,1327.4071160018302,1332.2940190450386,1335.756493618794,1344.835731050458,1352.7621198165793,1359.1703416714179,1364.3302130947657,1369.621895315851,1373.727034489588,1378.8301555138112,1381.15253024717,1386.997800061761,1394.4398894979083,1400.0868952330832,1404.1297954214372,1406.9401948661516,1411.2811327337365,1416.9803571643558,1422.3446613734056,1425.9758875873345,1429.22455830692,1431.6742365728892,1436.6884879326515,1441.2745037205777,1438.2827185598828,1431.9971173656913,1425.3104247599845,1426.1788360125965,1426.1983875956648,1429.29421069763,1432.2597641884108,1441.834276526619,1450.6333314017816,1464.1875039790762,1476.9121654980174,1491.0849522595904,1510.2724809004103,1535.7850179242498,1570.7420996638468,1605.389544764798,1646.1073718850123,1687.5431786878212,1726.6246345531663,1755.2119093720423,1777.3184857981769,1795.0984336382967,1812.9233593264166,1835.0898630176168,1858.4404984351215,1882.8273281387198,1901.534604640182,1915.9344890739005,1920.9637951815894,1918.398115826777,1918.0678862011641,1921.2566601599615,1928.3323636925359,1931.5446387744373,1935.8870756057506,1942.370719541567,1946.2255411924216,1946.4577813646565,1939.8454557683779,1935.4277016443327,1933.1705584800334,1932.0025130813624,1931.3914936288852,1930.6314720233377,1933.0310076468065,1936.6944673006094,1938.3899910594805,1937.9600777081396,1940.7801735653525,1944.6334581378026,1949.754325996959,1954.5762944626608,1955.2391898509954,1958.2760240199743,1957.453481642188,1961.1541259881112,1961.2485762552947,1962.2426898133767,1963.6204642239825,1964.0944798699695,1962.4544580946942,1960.9112544031138,1962.0585427776105,1962.940563103845,1967.1474285865904,1970.0951218364517,1974.9375690359327
394458,23,"Charlotte, NC",msa,NC,1014.6330994976482,1018.1879284745461,1020.3198021746555,1026.4730231229003,1031.2691239946184,1036.8270994174534,1040.612084514559,1046.7948918294662,1051.3719789740094,1055.5102340935437,1060.4415053586163,1065.3797605453326,1069.7893104117866,1074.3468079830386,1078.0031389286623,1080.7168421181257,1081.491892343644,1084.1056950896266,1089.5696415134785,1095.3150552367931,1100.674633020414,1108.528901992406,1110.747781309851,1112.876163019519,1116.5845527052552,1123.246437523135,1133.833352489571,1141.0435125489282,1148.7603686177692,1153.6273195470146,1156.83353294117,1159.6323210775379,1164.8211198832091,1166.0980534362427,1172.2204585560783,1175.7780882193524,1180.1762840380431,1184.4206995969944,1186.3311949361791,1192.866291643285,1196.1464361856613,1202.8751990718476,1207.249860108969,1212.3195678390307,1211.912383431035,1216.9141213387747,1223.7494102888888,1234.4274109578325,1242.0922846239473,1246.2539102180435,1250.8629921194274,1253.5209578790063,1258.7905047524143,1262.2339205983515,1267.6225525578454,1272.3365033738858,1280.0418627188926,1284.6628329357293,1286.266094787756,1285.8500972926815,1286.742830743408,1289.491456592189,1303.0361726485573,1300.076127632031,1297.6091376618663,1291.487861188397,1296.5017902187346,1303.074089475925,1309.8490244041518,1318.4281635113598,1329.1021311465993,1338.9896617707745,1348.7050930739586,1358.2583715112587,1368.3399725639931,1387.3531040873709,1407.9908838532922,1432.9874566301742,1454.6761348284635,1481.0469051039966,1506.9031423015836,1529.3040375094834,1545.578423215006,1562.0772167053722,1575.2077326123674,1588.3246866703198,1598.4392034575203,1613.5009429497095,1630.1196829089254,1648.9323257815465,1664.0812357736459,1669.9116442991872,1671.8286785836121,1673.8212550788398,1679.2527984748956,1683.9266602573023,1688.477830754404,1692.7299181298886,1701.7097362459215,1704.8063881724145,1709.4121615230288,1707.7670632683512,1707.7585128370213,1707.8261016224626,1708.1776993699675,1710.4583626496133,1709.3241548475276,1712.601955926667,1713.0574325639914,1715.9380521070368,1713.7929781706434,1715.7708068904585,1716.6278119717392,1720.3900812687548,1723.1780268688792,1726.4729448756543,1729.464210861718,1730.723898562987,1736.0506261455726,1737.6959053716205,1741.6727613638568,1743.4240661979968,1746.9054657976544,1748.3225890789845,1749.208358327421,1749.986979048522,1751.3792735863249,1753.7779548066455,1756.730602737713,1759.8530341693424
395055,24,"San Antonio, TX",msa,TX,1009.8866215363838,1012.983960570332,1016.0548135792344,1018.8052785797156,1023.0578872162698,1026.3479482875982,1029.068772251958,1029.321849863542,1031.3845163150208,1037.9846283026482,1042.7707913254935,1047.8866856332265,1048.667546971829,1051.1270116790993,1053.773559665806,1057.1954374988504,1059.1871763778436,1061.012083711717,1063.4219547214193,1067.9173377380505,1072.8015469631875,1075.3761863721886,1079.5599528824898,1082.3461687814693,1087.8408580009113,1090.2893599740537,1093.6036617842392,1096.6353630098529,1100.159558694765,1104.0807898031223,1105.945140168232,1105.4854837233013,1106.3196773239522,1106.7997335651617,1109.0691154956703,1111.147609992577,1114.0884673120577,1118.5058505669751,1121.0357732917773,1122.202565605426,1122.8948614281665,1124.842784852828,1129.4511146242319,1133.4079462411792,1136.2903066658362,1139.3946955284664,1142.9207497076482,1144.8198934428394,1146.9877696873057,1148.0816224644884,1150.6751572614062,1154.3486011404693,1158.4343522348659,1161.4380812916368,1163.2720457377986,1166.3887176847957,1169.5635177935737,1173.1222856835122,1175.266840566868,1179.1069161590399,1181.9549529650528,1185.541280925284,1187.0715995932226,1185.6823962959406,1180.8427655432372,1178.0402972197896,1180.030518611968,1181.8482641022217,1184.966522534297,1189.0419864422106,1197.0392309045899,1205.3756595312993,1211.6627582498393,1215.311060560291,1220.4889419566355,1232.7184081584373,1249.6620614056835,1269.3727555600306,1288.6180660808745,1310.160760691357,1331.2088076276987,1347.5068402644579,1359.4128098826259,1369.2785340233706,1378.2552443071365,1390.0037393493922,1399.4583274478941,1408.5344615152476,1415.1568473940683,1421.5404494297566,1427.8028742931758,1428.9895600507618,1426.7611418281192,1424.6597641135702,1424.507509117446,1425.7125130089976,1429.864251326938,1431.1365132769427,1436.641587898432,1435.2631079240434,1435.9209747179104,1429.8962952208865,1424.2692565572986,1419.9296929576703,1419.6101134445614,1422.2238818078167,1425.6133714400778,1425.723836572247,1422.0990247888742,1417.7186059277808,1414.446157701975,1416.0267558515484,1416.4570360840573,1418.1786800016077,1416.4129320702136,1417.6651205506184,1417.0928904382822,1413.1178680914927,1409.9012701610288,1408.5556750910353,1408.550050008171,1409.7274507104876,1408.2921974130638,1406.0111913049884,1403.7590211740721,1403.3517965692238,1405.2427044953806,1405.034898435671,1404.8794647349014,1405.9288610979247
394998,25,"Portland, OR",msa,OR,1141.1223928493698,1149.6245532406383,1160.6659323801737,1171.103143648499,1180.882011703843,1190.3779348631438,1203.6082224602076,1214.8994818761328,1229.1054473089853,1240.0457149236145,1247.7994301811605,1253.5353513050484,1259.225164446429,1267.3765102811337,1273.608988399329,1278.547737090845,1285.123367400583,1291.730365303678,1293.7217156068637,1294.9064616599983,1297.1861221979316,1302.6650528495481,1307.445027428377,1314.1864223977643,1321.9257426107094,1331.6446910047423,1340.2275254283504,1347.8257515767557,1350.5652321990929,1352.5126872534572,1352.8095155063966,1356.443032675619,1358.2269138078016,1359.9635954929515,1362.1217408471275,1364.0543586258534,1365.767270781692,1366.6425488788116,1369.7755958464954,1375.0903579731332,1380.1052709743694,1385.268609614613,1388.715016441903,1393.6792962363627,1396.7334390098374,1401.4369992332486,1405.7502655637536,1412.7617496039168,1418.6607981472957,1421.0757967021864,1423.4822009223092,1424.9206825651775,1428.6172581941712,1432.5088851443154,1439.3433767073072,1443.467204965319,1449.540409426899,1453.6274438626199,1457.9575118032412,1459.8702036845873,1462.5605348430777,1467.897238550178,1473.3130620876855,1468.410541412195,1459.4262812306831,1454.321008161591,1459.0850032109806,1465.3712417741665,1470.09422349698,1472.786572162645,1477.0631023479552,1480.3302601247958,1489.8085929544577,1498.4539358404797,1509.2694239945733,1525.2138400829635,1544.9496367116349,1567.7264152333828,1583.4599175879157,1602.4470347270665,1621.4488299520156,1640.7816788016662,1654.5792457405848,1665.0182371180363,1672.2840024974582,1680.6296657446326,1689.467758676697,1703.458429928947,1718.9399333894642,1736.2746000785123,1748.5675598935215,1755.4737760850983,1758.662195242655,1760.1481864392729,1764.2129359981632,1771.4673888244631,1777.6856587366253,1782.9202117705079,1785.5193714010143,1780.556655667498,1772.2814242994116,1758.268781740997,1752.6977709189516,1749.7046316618425,1749.803081915585,1751.5323160804285,1751.334687899785,1755.737133998559,1760.5592007622213,1767.6007172742309,1774.3073360159106,1782.5428418871008,1790.839097670296,1798.2327117800046,1803.2996819624643,1806.0953677739749,1810.8335485017667,1814.6200922613834,1819.6562282171865,1820.0529747621924,1820.842518483291,1819.9430162778483,1820.1087692209394,1821.1313670857267,1822.9345646049117,1827.4194235403056,1830.5522578234109,1834.744241627254,1836.254493267149,1837.6239228685656
395045,26,"Sacramento, CA",msa,CA,1240.7201291523752,1247.873572136772,1255.5535077004204,1261.5805659022199,1267.2786226573935,1273.5455168910607,1278.1428833841067,1288.2717515418183,1300.5447681491285,1312.387580830876,1322.3621299579127,1329.368186565141,1339.4383557058711,1344.1148730210102,1347.651651422408,1355.5743948431934,1365.4930608222305,1378.0147078238176,1385.2024359356606,1392.1362025730978,1394.7397135186525,1401.9624717992829,1411.3770671602056,1424.6578222981605,1436.8759081893804,1453.6776419018506,1469.4135842596932,1481.7651877756643,1490.6604337242184,1498.5554924049832,1509.457282961832,1519.5440741736406,1530.9497916216778,1541.332047145571,1548.3978110807775,1555.7285409309588,1561.8321259370266,1562.4893586274275,1569.3136714480281,1575.9346924159752,1589.383647565706,1595.9997258935225,1603.110428140611,1610.4817554733743,1617.4742107767875,1623.8537855212219,1630.300916001843,1639.6972054323253,1645.9517629440631,1655.1702299086223,1660.8423484054197,1667.3739671285614,1669.7126533679511,1677.1925751619976,1683.8454766849338,1690.3770309029699,1697.2365866849268,1703.8443635275855,1711.4477358516103,1715.567113135014,1722.685750705634,1729.2350964327802,1733.7818179717979,1734.2274263015165,1729.6548390242313,1733.273077367851,1742.6646785948485,1760.6503419943908,1778.9081044979848,1799.1490337150994,1819.937693471276,1836.0705711578023,1853.7628100140976,1868.489300232658,1881.6648925463487,1898.2489468376718,1928.2455782387167,1956.1325441460926,1985.4248350321914,2003.838386689471,2024.9805981375118,2039.358897775171,2057.457503944844,2072.143909350689,2085.0306332990385,2092.7954921390583,2103.540374847958,2117.103565760536,2124.0472530093343,2131.404664516785,2134.9303234967774,2139.9025589058174,2139.0182677075104,2140.6869278170157,2133.362853885821,2130.5733814891078,2129.307270555479,2135.891450110769,2145.6817707632786,2148.674969167766,2153.3211292059673,2154.4031023485436,2156.8408839503886,2157.3515152727164,2163.65645045963,2167.7575048374606,2174.7463880607957,2180.0472722357003,2187.701053675316,2196.3116986940363,2201.8057454638215,2209.5477286710716,2214.031036496364,2218.319948833556,2222.8765893439177,2230.013498731125,2234.817728938219,2240.561817236735,2248.2784814868446,2255.5162449384866,2260.135039624751,2260.9422491854684,2261.7351926746746,2263.166604434279,2267.0108490272537,2272.5295988064768,2277.6749286001836,2281.5109633023967,2285.0162067581696,2288.1544713806265
394982,27,"Pittsburgh, PA",msa,PA,977.1839777486656,975.3225935022631,970.7447345612729,973.0339430138661,978.6422860362984,981.3979887033516,984.310966460892,985.5393885671436,987.7889999701657,991.7675416950852,997.5563345608402,999.8472894827195,1003.742930906118,1001.0645027763416,1004.6155897277304,1004.346729626157,1003.9108019439279,1001.5517586166061,1001.1844421338969,1000.4657731821103,1002.9619857399866,1001.8065348439392,1001.8046837619373,1000.1336972126554,1002.7477103256044,1008.9544217803816,1014.6106760234056,1018.0110929395046,1019.4917621214421,1022.6997442506533,1024.3785180684704,1029.3594845617783,1030.3270467050766,1033.3421438871735,1034.6959358585377,1036.5335351422832,1038.2020255908803,1040.7982088778833,1044.9438538470172,1048.7744141079868,1052.9725833455207,1056.3553326823092,1061.7765059058015,1061.7687216279912,1064.0512070364305,1065.0629210689997,1071.0531483648795,1077.2311756001411,1080.2662868886064,1083.4320309704112,1083.8533351111014,1086.3945466440475,1089.7129383806337,1093.481060958731,1096.1838021427172,1101.7329284289842,1106.9115384400795,1112.85673213186,1115.635488405992,1118.6432832875494,1123.382770569745,1127.1312598460368,1132.1149213536855,1131.3214996533702,1130.8413836986415,1129.6776640153782,1132.219119865419,1133.3065815096818,1137.5032136972195,1140.7001416936314,1143.9471211666691,1146.8119637152147,1150.17463531359,1155.805804665207,1161.0711739404526,1169.629508517329,1179.3340248592908,1190.479948095288,1199.6454684018495,1209.6482247932995,1219.3709978155564,1227.897254525593,1237.5928119348812,1240.8059235561573,1248.2540653068204,1251.3201610184863,1261.3628139259067,1268.107037154624,1276.2011399056848,1284.694230158129,1294.0987110071028,1303.9259285965497,1306.4070632105713,1307.9457334863216,1305.8759829819276,1311.5133529689058,1315.131322779994,1322.8867115495348,1326.08156365006,1331.4357752857484,1335.4440778633711,1337.5813021496074,1339.0823843766511,1340.1748993491797,1344.716593518069,1350.572932413747,1358.971702220644,1366.6002168068385,1373.4798040465257,1378.676807227535,1380.0530831941462,1381.5034487352991,1385.689983517983,1391.0329608649863,1396.8421090198437,1403.901078837669,1409.584892938827,1415.593510411679,1420.7289681311063,1423.8422188506754,1427.4569000817744,1431.019668197415,1438.2273016928661,1444.7646922841955,1449.3971457172763,1453.7826883904584,1457.850142692355,1460.8410561974006,1464.551755424907,1467.3872419633
394466,28,"Cincinnati, OH",msa,OH,870.0022596106318,874.1348856719169,880.6344640553643,885.7847734757778,885.9390459789212,887.6821747499738,891.3626988273868,896.4381463044284,900.023852724504,901.2420370554244,906.0802214901622,908.5572877351739,912.3289135437468,909.5943547185296,912.3358434220606,912.0861329699214,917.5083464486152,917.7545507399416,920.9082554642091,921.8660931088966,925.5212008760973,928.4898696888459,932.3494423087669,936.1827123716649,942.9201055536894,948.1798650393125,950.6889460029411,952.9226991030644,956.7251394491951,962.7938818907578,966.4649274697473,971.957064316824,973.8514785034902,977.0375112726994,976.0976408916761,980.3744492478387,983.1787386972564,989.1489952368994,995.4489978735129,1001.3072202005094,1003.7167245601086,1006.1967589770173,1008.5305872283095,1011.660676730464,1017.7660188515263,1025.5834920118718,1030.6298577755697,1036.4298634887784,1036.781739777576,1041.5046378581778,1044.505264909502,1048.7858323167595,1054.0137532755557,1059.1701053672164,1065.0789572996198,1069.8960968822475,1073.6694137455772,1075.6729906206406,1081.7398184581368,1084.6737670166535,1092.053875841174,1094.9716666736015,1106.1827508107092,1107.3077104043828,1108.6450162379736,1110.9053621395485,1116.4969641199507,1120.0631600438307,1126.4662043677406,1130.9702654659225,1136.6323917971056,1141.9903552004296,1150.7844594147687,1156.180874204922,1161.4717962981915,1169.2246262983444,1179.6547534434596,1191.758838363525,1201.7530889902316,1217.046537856715,1231.105540334591,1242.9124660874047,1253.0873705377203,1261.6070897916477,1271.3298441676834,1280.742731894874,1291.4818393866954,1305.2130774863967,1315.950586555522,1329.6370180736042,1342.1662109659942,1351.2085363926612,1355.944994099664,1360.40661559004,1364.9774645867276,1371.8988371712685,1378.040861298371,1388.2755392974634,1396.7642918100596,1404.08744844321,1412.0197666858996,1415.2406822699315,1419.5491940687675,1422.0479475448649,1426.3397189434083,1434.7254037028886,1438.5445615732629,1450.1117617293842,1456.7743936607574,1465.9992681323333,1469.143038926538,1473.2588982631303,1476.0641747025536,1481.8877654491894,1486.4311499343848,1494.6745037215805,1502.0115621124658,1508.6728980749126,1517.50324640238,1518.9994743046725,1524.0383554124173,1524.7772460592878,1530.586357178416,1535.1365474573413,1540.6663351234852,1545.1803733506463,1550.079905281421,1553.1371553082286,1556.5070409154434,1557.9719589433244
394355,29,"Austin, TX",msa,TX,1162.0855694082945,1169.6279112159502,1171.0641849235112,1171.6611219188667,1174.4403330828573,1179.5747070260845,1186.1757968668103,1193.7518961248197,1199.395195369787,1205.380441345445,1210.3098141377313,1215.890282672108,1218.366675117607,1217.2531878602706,1215.3593848175296,1218.3696008078766,1221.6259034566726,1226.5812267495146,1229.4487447498532,1232.128772204527,1234.2989418690674,1235.5013691314875,1236.2224678767464,1238.6421228063923,1242.9089858452583,1248.7455526237295,1256.4896552374876,1260.105620695295,1261.9459205351657,1261.9570527752371,1261.1425868371784,1259.7401409699605,1259.6211290836359,1260.6298941546922,1265.2751619581486,1267.3497128940812,1268.9192815480528,1273.7144443718578,1274.7076206152387,1279.583768462167,1282.8317658869917,1290.479568312854,1296.7998138869193,1302.511163031384,1307.3234904730564,1313.3010853017315,1321.3973096485236,1325.9827993607462,1329.836691047092,1333.8872626428733,1339.5178688137883,1343.3087426042478,1349.3073952410089,1352.4265979750637,1357.5125013168006,1363.475866832691,1369.7630374818566,1374.8210613934566,1376.5892861610669,1382.1333159266328,1388.3125923787584,1392.5765281390236,1395.8068366964387,1387.8938444662692,1376.3123557243184,1363.9226687175444,1357.6285600372098,1355.130367911325,1352.9464528393853,1356.3226063200684,1364.2830673643275,1374.5591734371608,1388.5121991044132,1402.361720289724,1418.3258862296923,1441.6574144186952,1473.0199553262291,1510.5674766775119,1549.3214925751104,1590.5727890198425,1626.616143535582,1651.274810995665,1665.3310859376775,1679.6302959446205,1689.045795516957,1703.1557959142149,1713.2548102494382,1728.8455652888929,1740.5061832649005,1752.965420339618,1760.8107721281162,1759.9466981907642,1757.703390353468,1753.124117040842,1748.6322188367994,1745.2252596625635,1745.5173577394514,1745.9043900439046,1749.469206804048,1743.74401036321,1738.3372990578841,1726.1531382288101,1717.95738592491,1709.226195218081,1700.7226573210628,1697.8401737933473,1697.243098746726,1695.8418821109772,1690.2694398703281,1682.4022371103115,1674.3626701074425,1669.889843021657,1665.4914713154617,1662.872999422456,1658.3903273781261,1653.2082332265818,1649.7003472999397,1644.1818820854985,1639.807220935853,1634.7318693661086,1631.2099868667574,1627.8910223787464,1623.5185655216937,1618.9623790471048,1614.380379826001,1610.8786715329056,1607.61173220287,1606.3333825577727,1603.9269294706094,1601.0802037576634
394775,30,"Las Vegas, NV",msa,NV,973.2726918307991,977.3463805146512,981.4331585580777,984.5172887847791,988.5725534817802,991.0161116855303,995.7041949002921,999.1833282269088,1005.0429207419952,1008.3066772799016,1012.7848306956697,1015.5264438376162,1018.5065824336682,1020.0484371836247,1021.192442922959,1024.337726281986,1027.6819685340597,1033.7045226423381,1036.084655657832,1040.5517984574276,1042.8874124011422,1048.5692947121252,1052.5561442174117,1057.0316930937083,1062.1234242432065,1068.8742816838926,1076.5162808146174,1081.6427089263734,1086.1391694291983,1091.1047755567918,1097.29726986091,1102.7770797684675,1108.712556208843,1114.1482639328422,1119.8395976151153,1126.9065708982332,1133.372111587554,1140.7898375881466,1146.5779608461921,1154.6422427496886,1160.7175772164424,1166.8731685681455,1173.922029469027,1180.7002800940843,1189.063249080399,1195.766624671708,1203.9255581081418,1210.6746877963565,1217.3209370963245,1220.919667889211,1226.9319848982827,1232.0087281667509,1238.9148497097515,1244.9090025048658,1250.2210009717937,1255.5908385735763,1259.7512908141616,1264.6996761462235,1268.5575748599201,1272.5982760585289,1276.7275490530512,1282.25628575727,1286.9153047578395,1284.8440091403556,1277.056700264471,1272.6087150755125,1277.8953929728407,1289.9973490790921,1305.2283024675673,1322.5136998276212,1337.7385318846623,1353.3449881267898,1369.2416059041477,1385.4548761766957,1400.88337786767,1418.9824879476646,1454.2946266566748,1497.0378732361078,1541.5777680942917,1580.474608952136,1616.0387392744758,1644.8392477119658,1663.6558801696308,1675.649676161664,1684.8347189493668,1692.5492887033529,1699.5449748693918,1710.4433173939412,1713.754053590522,1715.875048466475,1712.542343902778,1701.6780424697542,1687.3752864296084,1672.0469913236986,1666.1864807790528,1665.0582913093788,1668.8309986456754,1675.4525228555235,1684.245214850866,1687.515280851599,1686.8122004470101,1679.8973347209003,1677.1233419582686,1675.3812633869309,1678.2582445379262,1683.8518331594275,1689.8851982361211,1696.520558794095,1696.7452485567849,1694.8568764167912,1696.513424383956,1704.613749513805,1715.4442119244436,1722.1173543008092,1722.7268673958208,1724.7720978884597,1728.0161944251538,1729.6870245978093,1731.2914260358546,1731.0601704994326,1733.564536686192,1736.3027418939084,1735.175096241872,1730.6556526491104,1726.680673432107,1728.6715228642695,1734.091261282292,1739.2937781686087,1741.8803443644128,1744.4931831540114
394735,31,"Kansas City, MO",msa,MO,858.2969992376073,860.1448438151858,865.1254884755964,867.5766028302784,871.13311950362,873.101542426731,876.0592353516049,879.2298637067832,880.088696245294,883.160075499466,885.3293881381859,888.13515541014,891.6640404009486,893.7059603733805,896.0567225040747,898.0257039567683,898.8077261668184,902.0835078712558,905.5476962231928,910.6591144008175,916.0183478398607,920.4100688397482,922.6558470772115,924.4707780088539,924.4605839996731,929.5057363700669,932.4060760509158,937.8816195640254,941.6051466924787,943.7842186806729,946.5589996914582,949.1050904456141,952.7195293631764,956.748191466063,961.6351460725887,965.7975735163191,967.1162959321307,967.5249963111542,969.8497483827311,971.8349752558283,974.762665005986,977.874521486687,979.3829596337596,982.3891952127268,986.1734851037437,991.1804098200457,994.6201048099978,995.1741728687005,999.1965774804412,1002.630858319636,1006.4634800255112,1009.4232616232148,1012.789085613424,1016.3436114023923,1020.8378314114046,1024.02863111734,1026.1850634799785,1027.4472725956011,1030.087968548632,1035.4987311159325,1040.0632114898483,1044.5891671039653,1051.6004973970482,1054.3211973743278,1055.4107596068266,1056.633930770016,1062.1903038839016,1069.5938212347883,1079.2123276066045,1084.8857581012853,1089.787824066827,1086.7767044405173,1091.116111612152,1097.6688373409972,1108.0339114919716,1117.8756514697313,1127.98630910836,1139.3305708700163,1148.6091671853474,1155.7020130388391,1164.1557435292943,1174.0491011400516,1184.5877653936138,1196.7978223106563,1206.7314658870428,1216.0297310772319,1222.7601736469865,1231.7939205763666,1242.935062031775,1253.8170676947882,1264.844268131776,1274.8103014410494,1282.2703189895437,1285.6040107518531,1290.321994888315,1295.659184631671,1301.02787245194,1304.5916363628535,1310.5080624996037,1317.0451303143393,1323.4329956397864,1327.879143163085,1330.6865143746134,1334.041542977574,1337.195110744389,1346.6180823007464,1355.347670250918,1364.872223688305,1366.6045485943691,1371.494676817688,1375.639272685957,1382.1522590305324,1388.496385562814,1394.463110638866,1401.6593353354492,1406.8120818439372,1413.2033220162127,1418.169896582143,1422.262646538555,1425.1359581858378,1434.1513114789097,1441.50892502347,1448.520907426937,1452.6998670923115,1456.4629667760632,1461.3949277205058,1466.1199015456789,1472.3469640061217,1478.103233822466,1482.459340121218
394492,32,"Columbus, OH",msa,OH,898.2861840339605,899.6528978638149,899.1689994774364,896.2269212311818,902.2394756914839,906.8361752526154,916.2199737751625,920.9047208887675,925.4261363410722,932.6634194305173,931.5497634889443,931.6447107135352,933.6766773553446,936.1612927371342,938.9093095323356,942.8946839573317,948.0807908564868,955.008806136103,955.5073374254505,955.4941813574268,952.3715091593798,951.0394437062122,958.5700009773705,965.1274106818274,972.4076808164107,977.4700243934301,983.68981615889,989.1680834878074,988.3336955465948,990.0472486495685,992.4235202913368,998.8250635131637,1006.3688134087294,1009.1492036259812,1013.8141954599312,1015.8137591377052,1022.714325604092,1028.0410033556293,1034.488098399709,1039.2102904801977,1044.0696215687506,1047.7707717877847,1052.2354656008172,1056.7438950213627,1058.8417348636574,1062.0051550114522,1063.0929097726544,1067.9146270275455,1070.9046476418116,1075.4130234809818,1076.5741238391902,1079.3833063634795,1084.8015773862357,1089.5438133620175,1094.6234367031932,1097.8525244808861,1103.0614492902066,1109.4325218542795,1114.811583497028,1118.8706228745684,1121.7257502751163,1124.8088015868884,1133.42819882811,1133.9262333459799,1133.3430903774856,1133.2085933254752,1138.4120861822526,1145.6016932662599,1151.1135117157842,1162.6906403219755,1171.7723591036633,1173.1257782153152,1175.5996803235826,1180.2026575398534,1192.299561448177,1200.9685485854761,1213.9649268765459,1225.0222343783214,1235.9614975498807,1245.8431687064867,1258.6832748353806,1269.0108418314358,1279.758681434812,1291.5063441584969,1300.0614146810265,1307.5867492910913,1312.2993631349277,1323.2032673237834,1333.2847838786713,1350.0319666183734,1362.6376282310412,1370.989595123895,1373.434414735618,1371.8303897339533,1369.3008314963524,1375.8734235140269,1383.5976350884584,1391.8262115598977,1396.9068054348502,1404.0891636312529,1412.9034192689965,1414.173727476047,1418.1642472742165,1422.8104779727826,1426.9937939208783,1431.8033398593132,1438.9818077367565,1445.7843979361803,1447.732308157456,1452.6364306612852,1453.7651381005944,1460.0372952782977,1462.5131566518812,1472.4105567199222,1480.5421041543912,1489.1989766255647,1495.106165988474,1498.7852008746354,1506.9989776126365,1510.3948690017457,1517.2478700132453,1521.287059761191,1529.922476498348,1531.8761414649612,1535.7596079500318,1535.9613585966179,1536.8316369953,1537.5556616045562,1541.3550990451185,1547.0425223197244
394705,34,"Indianapolis, IN",msa,IN,860.9683454460059,862.3453023049393,864.723775975354,866.0700413526654,868.1921101905419,868.5819817495764,870.2422944113856,872.9239983735371,877.5859154791085,879.5674545884684,883.8665165073925,886.018282569189,887.1223452584569,885.8586471020207,886.028772858342,889.4007826808896,892.9088264107388,895.7161548003545,898.1501521630485,897.3963410246206,896.97468731543,897.7707641552422,898.6865566715782,899.5922487899965,902.0695943208996,907.5364624873565,912.1335350128593,915.7844143448762,918.7059129668505,922.1231023141644,925.0251392076626,928.045036962134,930.78007111843,935.054380980045,937.2113821566819,943.224831042743,945.5899184441511,949.5816689457772,949.7798803179528,951.7413483763756,954.5703839591283,958.2821054728738,961.5088191721178,965.8771318418086,967.7166328720515,970.8479867608826,975.8556854802835,979.8194337888671,983.1165652053061,983.3310350332351,988.2875410655007,991.8110939336509,995.1193741893687,997.8026090150739,1001.2550555624227,1004.4816848097327,1009.7871621915422,1013.2222120186765,1016.2765149584869,1018.3831853761071,1022.6486002361399,1028.0510070144117,1039.2549450168997,1041.5477558464706,1049.0444192264379,1052.5717442473117,1059.3109524463093,1064.2108576006353,1070.526772892618,1079.3662737312768,1084.3338552096272,1095.1605085364718,1102.3291905780854,1109.45228610293,1112.1132973215244,1119.4103158492558,1129.550600207646,1141.9880868907023,1156.6255215032836,1173.5737933861972,1190.2287155085612,1205.6511909014891,1218.4488802191258,1225.8778584748375,1231.8079123787807,1239.3080626936671,1252.1331145881456,1267.6761726523755,1278.525896288496,1291.9559989233137,1302.2761125316565,1310.0014903521383,1311.7641173364486,1311.6670869787533,1314.1898460326172,1320.2018131362775,1326.9438286736522,1331.5093361789711,1338.9982952518305,1343.4968948949515,1350.180419613339,1352.1710992862686,1353.2128790207237,1355.589057012111,1360.2177316813763,1368.4235244099755,1376.6233564772256,1382.0342691470948,1385.6146449063515,1391.7050931889494,1396.1073604838055,1399.907932364624,1403.7450508816485,1408.386043194217,1417.1112589008944,1425.0413036371995,1432.7807827918348,1434.1478722285408,1438.6281482337636,1444.2146903547823,1451.0557913975224,1456.4729850748517,1460.4863294878944,1465.5511755041982,1470.3131727736757,1476.000320333436,1479.429643320432,1483.1140167800818,1486.9074583551364,1494.1152817373415
394475,35,"Cleveland, OH",msa,OH,801.5740441058109,806.961247973079,808.6248836826564,814.9616411016044,814.3028116069934,811.2617255910508,811.6613310381216,815.7810748803588,820.438119781476,821.7743159170511,823.779131421035,824.5600347190624,828.1269715147604,826.0668242644589,824.372909317237,820.6985835284456,826.3361236875114,830.7268736237492,835.2560271573486,833.8651797348268,835.5496879793158,838.3955105681476,839.5595645460648,839.0768127522526,839.2852664167671,842.5127987331346,848.5811027115128,853.7107617845554,857.656801589662,859.3067613283998,858.6999736944169,859.5232955004216,862.2794520791608,863.6557304299777,866.733799565246,865.197958986733,869.5975863547657,873.2168114434103,879.0220123945784,878.4641232675635,878.2435283040531,879.8205458815636,884.7209841146081,890.2264648918439,891.5950305097922,897.2765705645784,902.6173751944838,910.0462127561867,911.4841941888728,911.8848139608274,911.5090202889971,916.9688765300401,921.1593217006547,925.5898559624366,928.4700325078402,931.4199359133157,936.0363927408928,937.9127932092817,939.5880112407663,942.4626867898554,946.8718746006422,952.1536776874223,956.6991688447046,964.0318482428681,967.0067075310379,971.0157826093482,974.3655905551876,982.2117547390432,990.4574968697981,993.8373002707793,998.7603953987731,999.5935878959075,1011.5725889654533,1015.1956809534764,1024.9416034453684,1026.0293947804114,1034.4050920231211,1041.726911227101,1057.620663856895,1067.5397407893581,1075.6879859479425,1087.8584851232908,1096.736053422775,1107.0036769926814,1106.9880391257404,1117.813513006704,1125.3976504574914,1136.5241662677836,1146.363573598658,1156.1405753979484,1159.899551625399,1161.8870561261533,1168.277387288188,1171.2946613812912,1174.7257698219435,1177.7325305388404,1183.1872215050287,1186.9102956907395,1191.6150040573732,1200.5021769350237,1205.4460899423304,1207.0081129856856,1211.3907543146677,1221.9909548401558,1227.3265078547836,1232.3122701419434,1237.772951068471,1248.0942082012741,1255.3995234124131,1265.7597098470721,1269.1458394228823,1277.49651030975,1283.5797124458284,1296.261717630386,1304.563805061508,1310.0917812185435,1313.2658841640484,1317.573766632098,1325.5925098500275,1329.7251258117697,1336.973409567891,1340.565986265368,1349.7375225342887,1352.2871637598744,1358.7782520233804,1361.9029887210286,1368.1621256271949,1373.995475640115,1383.53904000546,1393.0037535014005
395059,36,"San Jose, CA",msa,CA,2510.3958889780847,2524.4734967305767,2544.5101280062695,2571.659308716236,2594.3712270567094,2618.93215432816,2638.4203677406203,2658.3832198300847,2667.6979783669553,2685.5299987380317,2699.2732940876085,2713.7118149934618,2717.200758799717,2729.349536244025,2735.789462316489,2729.197365939855,2728.0798035323605,2723.9013113015058,2724.9231873298845,2709.002967263452,2707.0156048475974,2700.5840044542524,2709.410488139045,2714.568265935444,2733.981458784809,2746.34605951277,2763.896125848715,2770.8304059896655,2781.1961543713714,2788.336958039018,2793.479783811158,2802.306513484269,2812.2181024219185,2824.314323102583,2833.0485925034095,2835.0364460323235,2841.812259815313,2857.799513500932,2869.594065941207,2882.711552662792,2880.9079266518793,2887.2648342249036,2893.3975900785827,2907.4641122618314,2914.7093703311944,2917.969244116267,2926.612944924201,2933.1230354603526,2940.230832733135,2938.553676697875,2936.419106000453,2941.1241070213323,2954.671300354385,2963.953114227073,2973.2492461282554,2977.6233769669443,2983.899431221494,2992.575518008113,2995.6945203210043,3004.6234570518172,3008.3069701725067,3015.5273877361183,3018.8933260740014,2998.202557898562,2968.7332707173546,,,,2820.07359033954,2797.5601890416547,2790.1252478864003,2776.8736124465677,2768.159601614968,2758.578002118067,2756.4592336564056,2770.7978289418006,2793.110251234373,2824.837124560569,2861.2327215919845,2900.071106495596,2934.6094594408446,2965.0333606243535,2981.238065797272,3000.3382143091835,3018.6354457484654,3044.0663617701093,3064.4228965725724,3090.1832979881124,3110.933325264279,3139.9725321388282,3159.62850338074,3175.77466196324,3185.2414794849374,3188.972513618064,3189.5621342522177,3187.2828728761015,3191.847636950753,3191.5744394663398,3197.3913737664043,3192.3349217347463,3194.73699106806,3187.632758300075,3185.152528086262,3184.049879954229,3186.6081704585517,3188.408010135365,3190.328594060042,3203.2270385060747,3219.871690798975,3238.885136677448,3249.8304467759212,3258.3910450757116,3271.00260595107,3281.879422067689,3295.0564570196934,3298.4302277226925,3307.593835851368,3318.307250057148,3336.2741779786334,3346.741238045815,3351.0189155286976,3354.463967094764,3362.1629196216286,3375.5272299329295,3383.1373090989237,3395.0137285809574,3404.9390125708305,3422.6529102100576,3435.761112434588,3449.4773575963986
394902,37,"Nashville, TN",msa,TN,1129.1296801363173,1130.7970043631558,1139.655755032603,1143.8187021682552,1151.54859993269,1156.2543968903847,1162.247517700988,1166.5973169547167,1170.7116803415988,1178.4459397816454,1181.9130282179879,1189.667326120692,1194.5098912420704,1202.8502069225672,1205.2501407272293,1207.5995472439213,1210.6917454101485,1217.904133757939,1221.518816815983,1227.8362382938662,1231.6187185420779,1235.4326718763577,1237.4616802553928,1241.4197069438414,1247.3843939680023,1253.6532804484414,1262.2170485884637,1269.0735743040627,1272.528629337026,1270.917832259535,1273.2099546097813,1278.0211798275022,1285.162070273175,1284.8081707486854,1286.1132562197133,1287.24442644538,1294.795620991716,1299.483898497591,1299.0338833430942,1299.6890829138003,1300.6540181698508,1307.2341868792612,1309.33857540947,1312.2191300150948,1312.675119705398,1323.847228376034,1328.2835626804715,1333.7522804229498,1329.260573479666,1332.709459919679,1337.8743674397333,1343.2360031824676,1349.976035598568,1354.2091300095099,1360.8976762706482,1365.3548284892115,1371.2577534518298,1372.5347550199047,1379.0117725193777,1384.5226524711131,1394.6118693260319,1400.0866708030796,1401.5665429970963,1400.2022532833746,1395.9072255171038,1391.0951225856636,1388.0712688053002,1390.2616082972845,1390.9394525806192,1397.816874397765,1400.408846925419,1407.9460997127512,1413.7246718271008,1424.5658126563412,1433.7628344644922,1450.8522265026902,1472.1435136434368,1499.3353047870307,1529.7977740472552,1562.9057934570258,1596.0223505866004,1622.3513859836025,1640.9260403438998,1659.0709648148322,1672.9813891950496,1690.294733716429,1702.685501536361,1716.7726399344276,1728.9285476242594,1743.4514841090486,1752.9250470111008,1753.9535724924904,1751.9448683104695,1749.7829771714014,1756.3099789264804,1758.668514682664,1765.0041263257053,1765.200223681278,1771.1780698214643,1770.5621718763382,1772.301789870242,1767.1332678894212,1763.6496049442592,1759.039807795792,1759.8561460931292,1760.482372827778,1759.9289565735976,1758.9339806399803,1760.8655645010517,1762.2322984920152,1764.7817621425395,1767.9054603299257,1773.4125882805797,1777.4426447774852,1779.4036652086957,1781.4192431957483,1781.387601299115,1781.8074329669869,1783.206139635136,1786.3741409410718,1786.0176586365064,1787.713698869725,1786.4954436646194,1787.0570372549914,1784.7180326501104,1785.8962696668857,1788.5385147929942,1793.042584613041,1796.9073501346138,1800.6045810534172
395194,38,"Virginia Beach, VA",msa,VA,1091.5383648119998,1091.6360860682532,1092.360927782087,1093.9783850627205,1095.9352229156596,1097.5302757702664,1097.7736303665151,1098.706827359168,1100.1364310574963,1102.17011955938,1103.5586376333565,1103.7462342664649,1103.8093911325918,1104.168747946879,1104.9595639961763,1105.5241221077588,1106.5974096484863,1107.476766310845,1109.270278639748,1110.7849020160627,1112.4352011162025,1113.906538024112,1113.678673804059,1117.1234194101469,1119.9878049706706,1125.5798613909244,1128.0019369102436,1129.6532077510385,1131.2475085368858,1133.7324855247018,1137.0365328795933,1139.6845461979337,1142.704735895912,1143.5634732043056,1144.3398349057818,1144.0423799513949,1146.5051386471357,1150.3661809281414,1153.1579617231596,1158.2214264078975,1160.1974950303374,1161.9466550482628,1164.0829693522342,1166.310358657,1167.7777343557175,1171.0597482327719,1177.9677740436753,1180.9613478293454,1185.8126804993426,1186.159860382263,1189.3198960591983,1191.2896175333628,1195.7263810859067,1200.1414674658822,1203.8872741481343,1208.0790470267002,1212.7769357101452,1217.2856291092237,1219.5312335182584,1224.789899053568,1227.5717577298428,1232.76441379999,1233.8112237218515,1235.5254616278878,1234.2071036348773,1236.886174721533,1243.8386580072543,1254.8124995838855,1264.5838605665797,1275.5663100278011,1288.0468855926804,1298.313048318454,1310.4385804413653,1321.6557027897443,1336.7975526618936,1354.9566343502233,1377.9105657236855,1404.4828637994951,1430.690442834467,1450.3089923768046,1468.4711188761216,1481.3404915748217,1491.1021851756866,1501.4819074134107,1506.589582931202,1516.0331028644382,1524.0135675322697,1534.806246126003,1545.1189647633375,1550.8337223251103,1556.1556840098824,1561.394435959722,1569.9351358820463,1577.633960488558,1583.3363892247646,1586.3792022791704,1596.286734781274,1604.51839509645,1615.706364538577,1621.4474075826436,1625.0855419555364,1622.512095164443,1622.9844231760026,1626.31354440441,1634.9369568293448,1641.484026647581,1647.175775014306,1654.0993811509861,1656.7625484180496,1665.487571580589,1675.729935133958,1686.2548259254222,1694.2006353802424,1700.9741192418535,1710.9971350645174,1719.115623729976,1724.4496602536094,1727.4331037425961,1735.7181274393613,1744.1790365614852,1753.4415611329925,1757.7790705070236,1759.470087312075,1762.9724123125923,1769.4130580726196,1780.7223063438014,1788.0323336261893,1795.5558914417413,1801.8094869041065,1811.223194682864
395005,39,"Providence, RI",msa,RI,1063.8010883972966,1068.3791088854564,1077.0000282920312,1079.6729465627398,1085.4554966763187,1089.3164258209192,1089.9812918034759,1090.2333674405897,1096.958325307836,1109.6412154911604,1116.795422184169,1118.4957890545884,1121.4591613938057,1126.1351788079073,1126.67645777111,1130.499734773315,1135.7442911619837,1134.2514670182936,1139.9984383993235,1145.6916302351874,1163.6038515473497,1166.7284868098338,1173.045165447929,1178.6639913357121,1186.2494398673693,1191.0283154055846,1192.329151184983,1197.7694337994053,1199.6472025333712,1201.349582749369,1209.7495411723373,1215.8079454063472,1197.1312539384717,1199.889251286019,1207.251557362658,1236.4338993307958,1242.4921042356254,1245.9098948041249,1253.0470687053155,1255.854718401592,1262.5777251077416,1274.6119821130414,1279.3772996702608,1282.8902992907704,1291.3018894189051,1295.6918129059063,1303.8061357708202,1300.8339281370454,1308.8129765010126,1310.3898975770119,1317.6886839280237,1325.712367711441,1331.9826528292242,1335.615964465915,1339.880932484465,1346.2455445293606,1358.3215574374856,1365.6779515705698,1367.1094651456658,1366.242779262186,1368.4309220076077,1377.587064575057,1392.1993150113747,1395.0382796503927,1389.3716384317368,1392.1377583569317,1401.4999862140382,1418.3668886379237,1433.4356909329292,1448.8298248017145,1465.3088104980282,1478.158679275621,1484.944535849072,1496.2634964574663,1510.0267673021228,1531.8203033322366,1549.1950141568996,1562.1465129446394,1579.0551322390857,1593.806029804886,1616.4821102293392,1631.0845068783374,1644.9348872506182,1656.8078365591625,1675.2259461171072,1690.8432803237117,1705.0398519026626,1716.9539401469967,1740.607216726275,1763.156489271052,1779.5088536758838,1786.5567932332606,1786.7310061011003,1794.2216119349366,1805.3268847422098,1820.1248436639846,1826.4583669596914,1830.3714249749187,1839.4844342565632,1853.370131720365,1864.688170629519,1878.05591322962,1889.581119838052,1906.605264045768,1918.3879487883853,1924.977184090409,1931.9045802964688,1941.8982606970055,1949.3516186676795,1962.9147576980358,1973.5380180869743,1987.9432367892268,1989.3087230451567,1992.7217006383476,2005.4157101232363,2020.0904258746707,2027.9932039644236,2034.9705131746782,2047.182847518379,2055.122061318269,2067.7333930613286,2076.91303994565,2085.5778536619396,2088.7122092071168,2100.722180909084,2110.427424987855,2114.9370422679694,2117.031656409811,2128.167223217489,2141.009126984127
394714,40,"Jacksonville, FL",msa,FL,987.8512002140978,990.0117620105638,992.0140655577402,993.9410681305465,997.5809890343448,1000.6044345291409,1004.7108140694769,1008.633190040551,1011.6981882675899,1016.1981580838743,1018.2725639041281,1023.0826669173176,1024.3376451738507,1027.5069027244288,1028.9435687913203,1032.2236100059115,1035.1093936903867,1037.5237335185138,1037.8857520999054,1040.8217611370817,1044.18545126832,1048.7564811866898,1050.2283594831856,1049.9072292382066,1052.8313118269616,1058.0852972767168,1066.5532762826106,1072.1208708070433,1076.2918446585797,1080.7864615974372,1086.0905379174944,1090.0518657204059,1092.4285471226153,1093.9154862132305,1099.4100961665856,1106.4883790561619,1113.8112764117259,1117.8263095599445,1121.687914324971,1125.2194775480036,1131.0269222730929,1135.2995157880014,1141.7054811139285,1144.9915253701406,1149.163180070168,1153.4056520659499,1161.197588261154,1165.1400860523568,1168.1437017131293,1169.9428579767352,1172.5591392563924,1176.6296709458322,1179.7826920875032,1184.1846165164009,1186.9750410200468,1192.3580666049263,1197.7811400534863,1203.2965595482162,1204.760980650791,1208.795660806238,1212.9179201213333,1219.1826179979175,1226.431373288843,1226.191601988027,1224.216945125857,1220.7768208598309,1225.82096470203,1233.897382016812,1242.8697016803676,1253.3146509925014,1264.0862799776628,1274.4645079492573,1289.3549720672738,1300.8279855320811,1318.2380921423382,1337.6945235820044,1365.316519340631,1396.0311475977064,1427.4207663480922,1458.0233478852324,1486.049155826956,1509.1910818082747,1528.548274951175,1547.342334421678,1558.5256286048511,1574.4215121331044,1579.6093317352208,1594.280292953676,1601.3899864188022,1614.9072734535932,1618.8304744573484,1621.335929003547,1619.8058413081924,1625.679818694261,1627.7222361739216,1631.4823357628613,1631.429532311543,1633.7236367402093,1640.752540674401,1644.0461302702452,1646.8430403565299,1642.2523171214357,1641.0446991926726,1640.6856244158603,1641.4018565674414,1636.1420419108988,1633.9886660213929,1631.8204960650087,1637.0056442233936,1641.4897154415225,1646.0486872507136,1648.5784108563507,1650.1820618831466,1650.7175256421451,1653.1646924603926,1652.6111155593003,1654.2293277469723,1658.0680132707114,1662.5463304094637,1665.9205316208233,1666.447995168051,1665.1877209865247,1663.2513957196434,1662.4021838208557,1663.5311798642072,1667.412272975379,1670.0058374067821,1674.581696020368,1677.6355698914226,1680.3280318204397
394862,41,"Milwaukee, WI",msa,WI,931.845029370042,916.8862682144368,922.224983873181,923.9856375020939,930.6916480323753,934.7034948122999,938.1730570354324,939.6342328336301,943.2810442853471,948.4103535622945,941.556923432738,933.4100382554215,932.1902839363071,944.9098474311844,946.5148837394786,948.3957031313316,949.5341929416234,956.1296267513961,955.4720218327324,954.7836602876528,955.9854759725647,959.1291273810823,960.8479570333823,966.5933838699676,968.9449346609949,967.8164289528205,966.3960755334167,968.1177901908243,972.7287113438325,972.9003296257679,975.3941048608979,976.3743118635348,978.5136131459469,977.1662131070551,980.9147741004624,986.2063953411223,993.1340283944096,994.3973766420563,995.7673596573377,997.3475568833566,999.5709766284768,1000.9349799255037,1002.9878933921502,1005.7741276374169,1003.9003076956839,1008.5089627728265,1008.5209851365224,1011.1057039193586,1013.3205013338426,1018.2281298709836,1023.3311611257407,1026.8698638904825,1028.5285522754584,1032.0043050344268,1035.2995162673687,1038.832954133429,1044.9811660505743,1047.3475255503026,1051.4775562774125,1051.9711684019294,1052.4775527243353,1053.9221579010305,1058.685947156972,1062.2761064705046,1062.4552924201469,1063.5730187408435,1067.8713781922988,1071.013783341124,1073.513528097827,1076.6614026634463,1080.7503145503829,1083.3038337080775,1086.88991904646,1091.7914528453366,1098.3026812640383,1104.870154770356,1112.0695980546175,1121.5191182788708,1126.4417864897384,1134.3064337054777,1144.4688825915307,1156.8193280523985,1165.8247096080127,1171.822128907904,1177.5119271595984,1181.6138298275328,1188.4407188508874,1194.8787728864008,1203.985715819542,1212.269048121766,1220.7622646634331,1230.090057651034,1234.2938804751236,1238.7392529036497,1239.9179486677951,1246.61845970002,1254.4835646113024,1263.7448046970012,1270.3407189159095,1276.37621721937,1280.0331321693413,1283.1363924252655,1290.782798732599,1295.9991036162023,1302.9127607911266,1303.7673276048185,1310.7549082954154,1315.493315739661,1320.8943197307153,1320.6300182976684,1325.654125488508,1331.2915398984496,1340.402322607868,1347.5718687129063,1352.870198945275,1358.667701690866,1360.1733358741437,1364.0628772594307,1369.875009549065,1375.1890142904638,1379.3442824762249,1387.4637036393538,1392.0644300507481,1396.5181159511621,1398.7985306698258,1403.0211353251095,1406.5434867223794,1410.6672377085322,1418.3025849867597,1427.0385130768173
394935,42,"Oklahoma City, OK",msa,OK,909.193343812554,907.1223909420778,908.6120919815849,909.3196055744031,912.3382021110909,913.3802238999772,917.1426900489334,920.5256385805006,921.78331379238,921.8102356501995,924.8788676366424,928.9297154621503,931.4798790193671,931.3938777225727,927.3278187058587,926.4465452728024,924.4193448646116,927.4510398247967,924.3117217698459,923.4682988712807,921.7651583678936,923.7903014987587,921.2740143514637,922.3495249036964,922.4584879615935,926.5536076872608,928.1579490930884,931.2202721336988,934.0949898660299,934.8800271068397,936.8048176022548,937.3864253600702,941.0543488136419,941.1250237384629,942.7770339378367,942.2334704378328,945.2418168808584,947.053737096399,950.8229364756883,951.6787057726192,952.5162993143273,952.9620918690762,955.6667267123325,959.3005717533625,962.7415901206599,965.5563837359176,968.232765447237,972.4568768274652,973.6015290989498,976.1257690749235,978.0129484165802,980.89827390174,984.0893532673244,987.7076255626594,990.2094484667639,992.2452036419085,993.1523301242437,995.611352395481,998.2576968574422,1000.0553348885348,1002.7124185553358,1004.136052238659,1010.7354614274806,1009.5675007604252,1011.6821675270521,1011.47316441279,1014.8537816869123,1018.716068133049,1024.7321050368173,1033.156092182639,1040.8219291712826,1048.5790142788308,1052.2356497903122,1058.6246204736988,1063.67417660256,1075.7337292618497,1087.4887436845665,1103.5415224846045,1119.2052037532005,1134.492161235972,1147.419809208125,1155.6586656868199,1162.233649936718,1169.5671895805779,1178.683659181387,1187.9545117272194,1197.715765153811,1206.942134146645,1215.415007755444,1222.2026114756702,1226.195608260131,1227.5244752514952,1227.7496806929,1228.1976861036428,1231.6187622981076,1234.5419564153385,1238.7465710182364,1241.4270786491954,1245.6125216497928,1250.5864437400494,1253.6212962728196,1255.0623780542019,1255.628521571524,1259.9206696676163,1265.1978947625835,1270.6049115795856,1275.5370096262286,1279.2249724719684,1282.0252473411126,1285.1976783432895,1286.5304304046454,1287.5819102962857,1290.4621825114984,1296.3374518856876,1302.4253765946544,1305.9682820050054,1309.445941168889,1313.9487475485598,1317.595364578665,1321.9717950476124,1325.89140632119,1329.9119422316287,1334.3708194822125,1338.3485088332911,1341.8772936231362,1343.8893238192297,1346.5970933742253,1349.7944678260803,1352.6526773325916,1354.534772913864
395012,43,"Raleigh, NC",msa,NC,1081.7083376111054,1084.1831399162593,1088.442916044611,1090.1905525578686,1096.3929337063053,1099.629855421585,1103.3934682616427,1105.7655659692277,1109.2066625253701,1113.5252204551336,1118.544481771892,1123.6895734693046,1126.105036247968,1125.6136427432073,1127.4477984079679,1131.194933167348,1134.5258369411526,1137.8412578508883,1139.9940200974195,1144.0729948824164,1148.2643519322066,1151.7191615953138,1153.547801998261,1153.5126672698998,1155.119877435764,1161.3469929592693,1166.381070050246,1173.5519583460994,1177.293678149662,1181.8328352341741,1184.3456681677476,1185.4879960487435,1189.6270108207145,1193.7478591999009,1196.4789927698287,1198.3282090094312,1201.7207977006378,1210.5399409658908,1214.79326335502,1217.4151324461782,1219.8957915565934,1221.3226811557681,1224.6634583433301,1228.730482886917,1234.0002531018113,1236.9748490202246,1241.0924911467898,1243.0418771072912,1246.6118812013278,1248.761491823445,1251.530510534226,1254.3832502130767,1259.248941467059,1264.8234312323907,1270.3529385944682,1275.8340809078877,1279.0219140186766,1284.358104355241,1290.0298155161079,1298.4892941473333,1304.9617662601647,1309.2777218088233,1309.7144291748725,1304.213808684052,1297.741564821696,1293.5471838020767,1293.2555091287388,1298.8676893973618,1305.257506612095,1315.1039555433026,1325.6914368672199,1332.5713209925216,1338.3428365090767,1345.927824999815,1357.1682674708438,1375.3761073362546,1399.9374489804572,1429.0838431768468,1459.5403053493108,1486.1746373389053,1508.457668684666,1528.3067991226064,1547.1933562642735,1564.6094552227619,1578.5567472934663,1590.298340988645,1603.8289259430305,1618.6628858654803,1632.2221606569317,1646.998654602603,1654.1268853119175,1660.8718737818735,1665.4979418173466,1669.082036919381,1666.5487498121447,1665.2092301986872,1668.1011007051568,1675.9211995685596,1682.7528604852748,1687.095644970692,1689.0052553791172,1683.3743371773655,1683.4309272055423,1680.2495375770136,1683.22861960974,1679.5878079651252,1678.9445932824165,1677.0114851488358,1677.2683763706473,1679.412397023397,1677.583956187681,1678.502880790986,1678.024258009846,1683.1309790871371,1684.0449163708608,1684.8119966332183,1682.0247667992244,1684.4425522814004,1689.4107755704786,1694.6049142538857,1696.3331324566486,1694.1812225057915,1694.5990821732553,1693.3011553774193,1694.0155281063492,1693.4649321865754,1694.718384936298,1697.5827120405836,1700.507936118589,1702.5697640426333
394849,44,"Memphis, TN",msa,TN,888.9617406269624,890.7094390563584,892.2835700008502,890.8983331496204,889.1424199407627,889.6625326763499,890.0180325172688,892.9919711554147,894.1286756322478,895.3628632275132,896.5110177627757,898.0826838875033,899.8955274589598,901.4404077884419,903.8783544097998,905.3043271268775,905.5399179836821,907.309306277386,907.9485300914082,908.492307249094,909.0856869077237,910.8907219267797,912.5114860530186,914.5060733085284,915.6201243600426,917.158927044973,917.8657704763677,918.8407954007313,921.8940656419672,921.462220128273,924.1053551920078,925.929636965811,930.4464729741544,932.5079923760263,934.8140815748351,935.9575522544807,938.4606220995939,940.5270324206867,943.7505818712187,946.3808090619001,949.2106075020821,954.3315376079013,956.07112104553,960.0957200524643,960.8021198251278,965.9727573012603,968.4503876597294,972.8620128857074,973.083059690679,976.5296677416845,979.4479853267496,983.2057665891182,986.2525693366639,989.0940124099042,993.4882522712127,996.7141311077687,1001.4595865733612,1003.9798871205021,1008.7738188882771,1012.8354386150484,1019.9713782242214,1025.0193112946854,1038.6591685572764,1044.1134674152177,1050.6855035853416,1056.3387287931857,1067.4049260868985,1078.1644735279108,1087.8808743741256,1099.7972864777325,1112.7682638481945,1122.3246692131713,1130.16739470286,1139.8654089112836,1149.5175537714554,1163.0487571999156,1179.3137607444123,1196.8819847109423,1210.578783975647,1227.0687660238918,1245.5798075618948,1263.5966421415944,1270.9702515925871,1279.9838199030262,1283.6475614319772,1293.1063544420683,1298.4968359270163,1306.2822988858034,1312.714821326043,1320.9011676719479,1326.9433643756095,1327.4202890624697,1328.6931782957272,1328.1662062159508,1337.587934640177,1339.6318020072324,1347.5409336088294,1347.6056712859559,1354.1875442210433,1359.3407680677915,1361.7636805658067,1361.4708284406697,1362.2024767063426,1363.7838031574258,1360.237214299551,1357.4817498670022,1357.588715818524,1370.43357145915,1382.5189131370853,1390.1848434947392,1391.0452770383529,1389.3648841394513,1393.7981738883298,1396.9286755632477,1404.3800871105216,1409.270618543707,1416.667073059477,1422.3414368698732,1425.7842777888484,1422.4612582348234,1417.9907838269748,1419.4453530111386,1423.7411144982525,1429.973349181811,1432.9623019025191,1437.74105904503,1439.082716327168,1442.816031565252,1446.7256970560593,1451.8895884694205
395022,45,"Richmond, VA",msa,VA,980.3991432018067,984.1174476858124,984.0404884280092,984.9819925440821,982.5781907033759,985.352707000143,988.3240560101667,995.5263520130266,1000.1207742570784,1006.6531592895319,1005.9213246046917,1008.7646331163902,1007.1014585755944,1007.6121761588669,1009.6296567838722,1015.0598141145185,1017.2610080526017,1020.111266728805,1021.9600539874394,1024.9127781853629,1026.5902975597912,1029.3992650428218,1030.7000329663501,1034.7797758622648,1036.8509123889364,1040.794689719048,1045.547158757415,1049.150594977922,1057.4088678387345,1059.9241286005742,1068.0761587024758,1070.3977954600618,1074.4250220061724,1076.0940512970585,1081.364580113233,1086.589120950927,1091.5166293945322,1097.34647757237,1098.1399946532674,1101.999176896898,1104.812302790261,1112.3393117906535,1113.497185286537,1114.9255919078585,1117.5377949793758,1122.7904280956745,1132.9024388192893,1134.3321045298983,1141.0271267347,1141.2055863301748,1147.5265200485771,1151.2502390973445,1154.2706109232845,1156.2406269660642,1160.567255803705,1167.2635534192514,1172.5058399954648,1176.5339750332244,1175.4608232409407,1180.4591122973613,1182.0198565846722,1187.6970297249354,1193.42731441151,1193.2583716100507,1195.8642032461844,1196.2238773881625,1204.649457388501,1209.6396016406575,1219.353797536344,1228.3514763011044,1236.3958045975367,1240.9237686546296,1247.0008662303062,1254.5177088103624,1268.6501993835993,1282.005298722723,1298.8375051622209,1315.4948023538836,1331.8568473073726,1347.2678290678614,1360.3259682540486,1375.2031713584922,1389.9497956939258,1409.0777838374534,1422.1702718528243,1435.3406688446598,1442.975758161646,1455.8071282416772,1467.946305207182,1482.3034174556526,1497.0175876220892,1505.8910747977127,1512.3728664176956,1514.566441402449,1517.2615170658744,1518.873264495075,1520.4372936234727,1521.951820708958,1525.0702532181829,1528.0981745452198,1530.9217087603658,1531.4186565034188,1527.1062400090584,1529.7526318074367,1537.1694248305746,1546.518211866041,1551.4389469382859,1551.3903986304415,1562.4744164747747,1573.094672693513,1582.128622397962,1589.4460970363998,1594.5530636098076,1604.0444146864302,1609.856646468963,1619.0698553688997,1623.4189084002285,1627.1162343743335,1634.8122777263738,1645.9135011684668,1649.2133303251815,1652.6188623643343,1657.1474742376233,1661.7197081876698,1667.946347409274,1671.1843704838482,1679.4797212741794,1682.571157466715,1687.3449165394609,1692.1644031813787
394807,46,"Louisville, KY",msa,KY,800.5659417806392,811.2472063403816,817.503163291875,820.9413393993934,815.3290931886744,815.9816590889608,814.9148219157304,819.2980231291899,820.0588563449245,821.4274772160903,825.3167347115018,830.3765985589338,831.4030113976856,829.941719369253,830.2517871836629,834.9103814785624,839.7141522069195,845.6516861741944,850.8093036916711,855.7330512856719,858.6437405385651,861.3277801509063,862.8451596654896,865.7759256679478,870.9880597934377,876.2781915586215,881.6803663504885,883.4248906768947,889.0516297597051,891.6155756524142,894.8627003048216,894.2979045047599,897.1770834468393,897.1337679505384,901.2995549952075,904.5012572847057,911.5255138009014,911.6998081443893,913.9435704633748,915.2934679479207,917.4303072514491,916.8339879633994,919.0267761233072,922.9545968031593,927.4858565919995,930.8008143242407,934.8965736752957,937.8055986727773,938.9878322693365,938.7098950016127,940.9457157363678,944.8520175388264,946.4743014277161,951.2871151629273,953.8172330116096,956.7290755390223,957.9658445113174,961.6312714464273,962.7676519750975,965.0292115308869,966.4237318258128,972.4751934463359,978.9485059427699,981.3114426002379,981.2813198794635,985.643189912688,990.5842084252001,996.055644057092,999.5493041750867,1003.3624013281432,1005.8545977681334,1012.4349856550054,1013.1728944358537,1017.4325501070883,1017.2461313556679,1024.2578058267025,1031.9539568161233,1037.4627251584066,1045.4668600648808,1055.1702529032316,1068.1445855822597,1077.5712842621626,1087.2182394991707,1095.939073001127,1108.009990453804,1118.1399917839262,1129.806699664527,1140.281839982576,1149.0717589894762,1158.1432613458953,1168.6377252336686,1177.6796619791412,1183.1656959136342,1185.606891385502,1189.9819273059834,1192.6210330760468,1199.3947944820998,1202.2416493778028,1209.8154521115841,1212.075543171989,1219.2136709738584,1222.803317700194,1226.9157672506983,1229.5251875744896,1235.5032252060507,1241.8561500436444,1251.176502060862,1256.040940885303,1267.09728290485,1275.6550074478225,1284.1219568516663,1291.179370260033,1294.6727516395683,1302.251625290836,1305.4680530252588,1308.343671802987,1310.6437130169857,1318.0123466202374,1320.0184460400276,1326.338905990432,1324.8485430448916,1327.484623671375,1327.3185418718028,1330.7142880107465,1334.4255188571526,1336.5006642082637,1340.96283172193,1346.3526703932769,1350.7557655384508,1351.4459085527744
394910,47,"New Orleans, LA",msa,LA,1135.8966766513024,1143.4406071400792,1148.6692741905943,1165.6154367358854,1165.2256063721634,1170.804893389216,1173.9367230089529,1172.4375011936534,1177.286104126811,1174.645682645316,1181.4468755018759,1172.891935655459,1188.3759792095614,1185.4794872920802,1195.2390580566685,1181.6424181428574,1183.5591376252398,1179.7108739468406,1176.3228261897289,1176.3573224273932,1176.5354179826372,1184.0510662174834,1183.518295971283,1190.0156057235174,1186.895091178184,1190.4272205918091,1184.6639013979352,1188.1804938777254,1190.812346713946,1193.7891618077724,1196.369967401428,1198.7613929649285,1202.5371890832978,1203.011976219643,1203.3887148229405,1207.6226490500835,1208.4866959979915,1207.938032670094,1211.029369598147,1216.0941602491837,1219.1092405038414,1221.1011217850198,1223.091017168712,1223.6248049215612,1223.6805262850437,1224.6756793009336,1228.6604045367344,1230.81509137049,1234.9719458037428,1241.8368203851785,1245.979529352108,1248.371791131386,1250.3079069926375,1253.8248510879387,1257.5663232931527,1262.025053226341,1265.994397008328,1269.6374136744284,1272.3638789437473,1273.6592055970107,1276.3041191942966,1276.8027059203184,1282.6851261600157,1283.4580760120934,1285.5804937517757,1287.8425100586262,1294.9087035451341,1298.9155596549822,1303.4823383864361,1307.1880124155289,1311.706272944569,1314.087125609499,1319.9587331088712,1322.3413471417043,1330.420159984194,1336.7411008931233,1350.0133660355984,1363.097793952458,1377.2402897513864,1393.9679165711889,1416.6568057676898,1438.1356370400015,1458.389284131899,1475.011943651059,1491.3234649385877,1505.557033913724,1512.2247610702354,1522.7996522451647,1526.747244174329,1532.8785428548424,1535.6400094223136,1536.9357261832702,1534.6419407514138,1530.6710589740105,1528.5010320078145,1528.4265986010353,1528.8383765876617,1534.3677120277364,1539.802360238711,1545.7760960494209,1551.871776436121,1555.7317499401088,1560.1315478607626,1564.6676530706284,1565.7888423385746,1570.2213760365391,1569.3229817505876,1575.942545376193,1577.624894282453,1578.545108769496,1578.9295548727368,1581.0024555480113,1587.0561177136774,1592.564627102047,1597.3639971254333,1603.7034806478841,1613.5957098356878,1616.69205789978,1625.1802323747438,1626.893638696165,1631.3847266086393,1633.7620038515463,1637.3003964055877,1637.7934246650225,1635.5725674971152,1633.6929067313536,1631.9694544758518,1628.3228857656802,1623.2456157869744,1621.0869600878511
395053,48,"Salt Lake City, UT",msa,UT,957.0699993039747,959.3873144957043,965.0429205377468,972.8094114222299,977.2872806710072,978.9883223200004,978.8853305966481,978.1328407849472,980.923372318387,986.1164635874819,998.0544496307801,1007.4003593606658,1015.6156974934647,1013.2551190683103,1017.1156698129084,1018.4689370046503,1023.3794032175372,1025.2405792524034,1029.3402665891394,1040.4429115883158,1044.1055310812285,1046.9167445179514,1048.9988196427867,1050.293341425297,1053.2719617866858,1061.4239319489582,1069.6810041029069,1077.9194246647069,1084.6495078759874,1092.5467821308507,1098.2866652241232,1101.1471358840724,1108.0085915558354,1116.4887073980667,1115.2060629267557,1116.3941738248184,1121.6275909175574,1133.9398641164555,1141.6180054983963,1145.7802270588938,1146.9581589253198,1151.8364796374447,1154.485181983794,1163.6824094310193,1170.7756688420488,1176.9481738309823,1181.4349284452094,1188.367257390361,1193.6822229678169,1196.6854224635779,1198.1115546857973,1202.7693970860398,1209.7697015792205,1213.9101368138076,1220.3062907462802,1221.2405109409979,1223.1383337145292,1224.7856889007899,1232.4085073745844,1236.7937595566657,1239.770076440727,1239.8293410768445,1246.0752927076123,1241.7343244186613,1241.434793268146,1239.0440797710019,1243.7428891879727,1247.3902255605894,1254.1379569667404,1263.3266773090345,1271.776858777022,1276.2172942362447,1285.7792541180322,1303.2981828400175,1319.4449825887002,1339.6276616387725,1358.1587926508025,1383.169251794146,1405.794334770271,1429.5421243674593,1451.4112725357788,1473.8546101915265,1494.5462891432246,1517.015416947897,1533.5467568685917,1545.6436771739332,1560.849328035051,1574.706350798155,1587.133765434235,1593.766020394001,1599.7496194662533,1603.9760240218855,1606.8206379684868,1608.4397927618386,1612.286883483204,1617.1110927888994,1614.173399676644,1612.1222511006404,1607.3891472458374,1608.2038972799417,1609.451181043315,1610.8204967961915,1610.6407616142637,1610.3741649754054,1608.5335416569972,1612.9413481157171,1615.056786185057,1617.5762307823036,1620.1443422307773,1623.3884519229277,1625.4777260583935,1623.8691274276223,1626.069167366694,1629.9995189145939,1634.815713457934,1635.9928201852103,1642.1318341901313,1638.3556745362853,1638.5300838801672,1637.1500915092502,1639.9167292752818,1641.8724443307083,1644.9261683665013,1647.7624210676952,1647.39352818025,1646.1350955858818,1644.7546833255997,1646.0789403574197,1644.392165320213,1647.117330196469
394669,49,"Hartford, CT",msa,CT,1117.6742493154438,1117.931663495446,1124.6703517932717,1133.9317189427647,1137.7127043113203,1130.12382359197,1127.8062137886209,1130.7407443124414,1139.975131730546,1146.4958115317509,1147.9336109780138,1151.0172615657843,1151.1035678823418,1155.0863061333387,1151.3089326891386,1149.702322585763,1150.415968996908,1153.5663552874341,1156.570526014879,1159.1438054311473,1159.3944652382395,1157.9020672819106,1163.7796369486457,1166.7496403708817,1171.6890510548108,1170.5362333783999,1173.5710625824522,1181.6820780805353,1186.2220961257767,1186.8823333149276,1187.6133987093576,1187.2725579813857,1187.186929960911,1187.7354758627491,1189.733864451932,1192.6132428799265,1197.7242751371896,1200.6242768719599,1208.5811996472787,1208.3792077504222,1211.7469533284723,1213.9486829912048,1213.7872545687685,1218.1075494075442,1220.306896062356,1229.7752267966102,1232.1535288348414,1232.931867928681,1231.4258687945298,1235.7336385841988,1235.1923445751122,1238.0838221683462,1239.8817768613837,1244.429749811607,1250.7888174489817,1254.2291320262036,1259.5829924950199,1259.5289370573003,1263.0446419348195,1268.1324397548651,1273.7485229163258,1277.4165859689906,1279.2354781136505,1282.1196491939495,1282.692954181395,1282.6928012724793,1284.667313866563,1294.2722166813187,1306.073340185636,1322.6613557105857,1330.9947166176655,1339.8713382718392,1343.3902421774058,1352.841175531557,1359.4571666930235,1371.2176932463856,1386.434687233909,1405.2789488485116,1424.6167186169143,1438.4493421401576,1453.4257588047385,1458.3576574253889,1476.2254162904126,1489.8930621240972,1506.0483852636223,1511.9121765280488,1520.4300342539925,1529.0995547988123,1538.7689320046436,1543.1264435226178,1552.4102848168707,1562.5355670941192,1573.6992123786113,1587.7858761204736,1592.4669307724891,1596.533236130559,1601.892501862871,1618.716309973421,1634.6012728465234,1648.3805785916566,1658.2603201090135,1669.8714523042765,1674.9605283080855,1682.6011332304083,1689.2456021505668,1697.28383885218,1703.342468278014,1707.9485507830516,1719.1955989160977,1727.685202732309,1743.4900698535855,1755.4782933143972,1768.5427677031546,1782.5226879624392,1790.4270123684464,1801.9179545476363,1809.955971088542,1816.417442582524,1829.1600255785463,1843.8266975270344,1851.5898586057208,1857.0881609912738,1856.2119304007867,1858.8657139225938,1861.8731885202096,1863.8017344881523,1872.1666827014608,1875.734432748866,1881.4421731904683,1886.4197387352663
394425,50,"Buffalo, NY",msa,NY,789.8599747113857,796.9813814581751,804.740460850242,807.7230994081881,808.5250829667201,806.7472374150071,809.347241082304,818.5624986122176,824.9812301343263,827.4953326132065,826.3551921924902,826.6336777443636,824.1440036687349,820.925968347479,821.6161890437799,833.7021216875804,841.9336874287347,846.5556566803415,836.1386199291494,834.7075290693031,838.0579582717753,844.8705319708338,844.6257910802487,845.0034689193301,851.0103352383425,860.0679471521528,864.6580271661499,861.7464085016019,863.5047039813662,869.002302119881,880.0216087651308,882.9118946556013,880.236196114683,882.5470159206433,888.0975691788169,895.0896131340055,894.8926394017909,895.8377132319736,896.6415379508657,899.3923006494166,897.8453357882715,902.2251719882456,904.2370700370295,909.9804133102689,912.0813090327274,912.4815388799856,918.5626765885405,921.8055547474876,929.4901174602819,926.6709349381587,930.735486575345,934.7317670971516,940.8327118202933,941.3007388047972,943.9262703216538,945.6862704067813,952.2948847153191,957.1551190830853,957.5988609122558,959.4372078771075,960.4223096569791,968.4464296983864,973.8080442188002,983.0845536007532,983.8356423277537,991.0272786221062,993.7877298664943,1000.0758130771836,1005.2106656468885,1013.9502598057314,1017.03371192647,1019.4606915690215,1025.836477189447,1036.3207004001254,1044.874668068707,1051.9934507117225,1062.0472359106625,1073.8765312407193,1083.0380004568565,1093.564320343928,1106.4492714417113,1114.8553286228612,1125.315842221849,1134.1922879878182,1143.1052196466164,1150.7032932289146,1157.7001540761166,1164.7129237310135,1171.5864256623595,1178.6645964449933,1189.18230550553,1196.6154320751439,1201.4252263984345,1203.6627688264539,1210.622930742169,1217.0010426320262,1229.2357461641548,1230.3511806319239,1237.0585139393663,1238.5158012789045,1247.5476890041905,1252.2182177943278,1260.4445220329105,1264.5938606926668,1266.387650836202,1271.9008989231954,1274.5492874283552,1280.3481575274218,1283.7704138049926,1293.8483830056393,1305.122772660343,1308.9429517126841,1313.4880312178282,1313.9259854080008,1317.6745068173677,1320.7479153495565,1331.0494117782139,1337.4680703691567,1343.4272481729256,1347.3345636656657,1349.6080661047697,1352.2282525486448,1350.9039289887867,1357.835747559805,1359.9424418116394,1367.093132513056,1368.8140978364252,1373.3645689928273,1373.507658362756,1375.0695253081565
394388,51,"Birmingham, AL",msa,AL,880.3717047710941,882.3022321612482,886.3273128567079,888.1815129830366,886.610102574428,886.4513529494524,888.6480881795542,889.4382581445509,892.5307087915527,894.7284648818119,897.648920825984,900.4093015186598,902.9868959141388,905.2179342943703,903.5977677464167,904.0833571000975,905.7235868750142,909.2087719809032,909.7151519884912,911.2638764116074,909.6920927464511,910.0878039832179,910.1792618292344,913.5729818542367,914.5438822864934,916.6349266721954,920.5390844651297,923.1711218592832,925.3007105084487,925.4248030038092,928.6596938818286,930.3363190219999,936.7574811741395,936.3383271016655,941.3513031053676,939.1460546144409,941.9526528537589,942.343308047002,948.1697309785735,953.8008044329085,959.573223318074,962.387675916946,963.3451753665806,965.2766641790859,965.3921944042239,972.170855540231,975.1048881651567,983.0545322773534,984.2308777920086,989.6463365183394,990.1274387179321,991.0814945144547,992.1092476197115,996.0772787122227,1000.5068177734212,1004.8216379612984,1008.7378584631394,1010.4974902259886,1012.5517063367931,1013.5790314391977,1017.8524774249848,1019.8111068770457,1030.609365396458,1034.0926413735594,1032.7547546303922,1027.461038996407,1032.9912644368765,1040.0620869623738,1047.309509804316,1052.684759623489,1060.652609131719,1067.474533683813,1074.5662094764673,1078.3520258782908,1079.2793825404074,1084.8906367211646,1099.0396219078852,1117.2454370825483,1131.2656645947652,1142.9664299807387,1152.3724654668754,1161.0296062465206,1165.6708967700342,1179.4180908000162,1189.1519433369647,1199.4590227294084,1202.3364862338906,1207.7951970328952,1213.5493740130833,1218.976677126481,1224.7036213134345,1229.636389807721,1231.7611260536225,1232.3713821580777,1237.1513966326218,1237.8101895203997,1242.4777591475547,1246.7926421507284,1259.3318987291368,1269.656530897334,1276.5107867712784,1279.8182439740078,1283.339624981341,1285.52564200602,1288.6374674348128,1290.8706058606517,1295.3047666305763,1299.078295908249,1304.7752116863585,1308.9189881525535,1312.4957853953645,1313.6321666506726,1314.235222303502,1318.5053938527155,1323.6677510823893,1327.4024074559636,1336.4242285803616,1346.0259350651932,1351.1765019398947,1356.5075280987885,1358.7622269074923,1361.977633917373,1362.8707784014373,1365.7501785123509,1370.124886127324,1372.9544430129563,1374.6731303811202,1377.8842376339348,1376.5880066667364,1375.024770269052
395031,52,"Rochester, NY",msa,NY,878.2930384946178,872.6242290827089,878.9559135471133,882.9512686691388,885.8540184563929,887.2046683968903,885.160956328122,886.1949410143844,884.6752183948555,892.93106133347,899.6307522715049,903.6665713811212,901.6469346451751,905.5849587358858,911.6622370223473,912.0668474783889,914.3693557883552,913.0289665404456,913.9699016056841,916.4633070906282,919.5940020197498,922.4801865792354,924.2561731330538,924.5882554172448,927.8519652998809,931.878559812913,933.3915862869898,936.4086438085918,933.0950043600521,936.9213287102878,941.6700407889515,947.5428160877752,949.6937224483946,948.2451708914823,952.4339675371897,954.6889651517232,961.5033205820193,963.3357525643154,968.4979759927161,969.9270650557452,973.7523799375832,973.2736646590934,975.0975503393445,978.0512261761608,983.5899667514145,987.1932705734833,984.1041021020808,988.6108502045496,988.8186225702284,995.1746340738782,995.9858537837271,1000.1353753257861,1005.2810255532952,1011.0282564911917,1014.1864663435408,1015.3835016804248,1016.4132157222294,1020.5246169506438,1027.4096174384129,1029.7478214654122,1032.7899484203915,1033.1577023523826,1039.1628519205317,1034.0470677170306,1032.3769709981275,1033.5031747331934,1041.9673563479912,1048.8315702970162,1059.9665335695295,1069.8018501170964,1084.0066871143006,1097.08179619266,1102.2542377991124,1106.901030075677,1109.5676659366923,1122.3451548951882,1133.29190981367,1142.3251642293942,1152.9573599223552,1168.5254168873541,1177.6988188157432,1187.2540822524682,1190.707739178042,1195.951555077945,1202.6659628125717,1216.7197046258382,1235.7432787754005,1250.9511884938734,1265.7985211121115,1278.7567751870456,1287.4590995804494,1287.4904089057052,1288.241544023854,1289.0123136568438,1291.2404161677757,1294.5113830366015,1304.2306256006134,1304.858905758424,1308.993770497946,1315.7289510096866,1327.292347604716,1336.0920631131814,1341.1549243662262,1348.6295464994773,1357.4662239343204,1364.6547067671825,1371.4662608685362,1378.5871339612029,1379.1670912074767,1387.2430516871177,1388.0207974194354,1398.517895315569,1397.8026822825002,1403.0730562274875,1407.3013723988274,1412.235293898348,1418.4504970143046,1427.2478712637824,1436.3766274632362,1444.0468501065181,1453.1978423217715,1459.2960496102048,1468.263076579782,1468.7253323897144,1475.8085996072502,1480.207555694432,1488.3479307324417,1496.401779192131,1502.748003702388,1507.7439024650018
394640,53,"Grand Rapids, MI",msa,MI,819.1341415184002,823.7319163880082,828.8077914902914,835.5474430139672,843.2696207771892,852.6370962405942,860.0320790478709,870.2326858356561,873.952380829548,880.5276978083955,883.0905740650628,890.7235744691508,894.3442923720286,897.3791707006694,904.334104034535,909.2337346638678,919.4220939948717,926.1912157043524,933.3654754640214,935.3882883483444,940.5244110458901,942.3976994221922,953.4924259846372,961.8484061667882,968.7241835930547,976.2003029827831,978.4632757062436,986.8350156525214,990.2906877479145,995.8419579110521,997.9778532236875,997.2602963391938,999.5838585430721,1007.729018580436,1007.8975618969275,1008.1790751095518,1009.7377454425908,1017.6579789202284,1027.6397182631033,1033.3335910087546,1034.806982432225,1036.138268499521,1039.2512751844197,1049.3263759285596,1054.8017914119323,1059.3037384021745,1062.8185838037818,1072.2228582914465,1076.5395590325252,1076.9870580028366,1077.8816576575307,1079.3922273214632,1085.4506941888153,1091.1558846754226,1097.0471530685618,1099.775186565062,1103.9318204535507,1106.267175030349,1111.3556615764537,1112.075976643267,1116.5064589282204,1120.4864866803016,1133.5779574076819,1131.8581869910704,1130.6439023619846,1134.3582593400783,1138.5766357262576,1138.6364921763807,1141.66462765535,1156.9148441617465,1170.7357197203592,1179.2179142438658,1176.6042971728834,1183.7049288796077,1198.2846951968115,1210.9640510702843,1223.997139208719,1234.180325780958,1254.6322776526881,1273.8739625406427,1289.649538503254,1284.881117459979,1293.8279166133016,1310.5665660386144,1333.922737875834,1343.7411796781141,1344.3892939794355,1360.3917839507321,1371.745074986721,1381.4015388682274,1385.2888780699784,1394.8684438963899,1406.02059652949,1418.1381808827814,1417.2901152460988,1413.021995566249,1415.4383440863367,1420.4147982348845,1428.9952563377967,1435.3791041980446,1447.7040240770375,1456.774126374033,1461.1285025046975,1460.663180392323,1466.399715998472,1474.221520914419,1487.146736897654,1492.2035202785519,1497.8061711682694,1502.8581330440702,1512.87753601875,1514.2752412046575,1513.8511196246277,1515.4695307890063,1521.5071226897087,1532.289850519735,1537.4884447496468,1541.7849626131374,1545.9712633788233,1556.0305902026548,1560.8229951318729,1567.0669509908942,1569.0611364030422,1575.2819343321494,1580.6718324033432,1586.3756316948168,1591.675081177613,1594.2087121875454,1597.4799479590683,1600.5453712953713
395167,54,"Tucson, AZ",msa,AZ,843.2039447481616,843.6863293977776,845.765119197268,847.2053765948879,848.1249338031752,849.111004731675,852.6729028613175,854.7721070188956,857.364768577403,858.573148282223,863.0857551542764,865.7857378435092,869.5523759439662,869.0790183946866,869.1173512428546,868.7175841659127,872.6947754734448,876.0006424158767,878.415526369909,881.0946670857671,883.2748717162254,885.1595392234981,885.2986135815676,890.4510833253295,894.9244583541182,903.8228064646579,909.6920571865127,915.8083927832382,919.499090754395,921.3191022393619,923.1237156113175,925.4157312530967,929.70765895128,936.1832218929749,940.6596791566053,941.5785163952758,943.2739757003419,947.6300608272968,954.6743007897563,962.8363565418359,966.7605370725996,972.636281799509,976.3886836268297,982.7600077074219,989.7049040784166,994.8437288753364,1000.6464447502635,1008.1709085335757,1014.0780397674266,1019.8962353459978,1023.1543658147004,1025.7174329938118,1032.1675639699947,1038.3331738617635,1046.4452755615187,1052.3059672866723,1056.8385332630537,1061.8527350977167,1067.7309829920596,1073.1075632843522,1079.5961442056337,1083.987830981899,1089.9402182860804,1089.4449213176076,1090.105839696984,1092.0541911820667,1100.524418172656,1109.301212078838,1123.3254235026384,1140.9736651285239,1151.5560137217583,1162.216881415854,1167.0276505891663,1182.6126287592335,1195.8120144729112,1218.741060041845,1239.2213414270116,1261.5248224915656,1280.505725577128,1307.0974960964695,1332.7319213277249,1352.0462366081401,1367.1234896164472,1379.8895548788405,1393.9786076007429,1405.1248091045943,1417.3100500126357,1425.8349203944006,1432.4878245018708,1439.1227610650285,1444.79888941345,1449.1700021194465,1448.761869550848,1444.72711494121,1446.869075935039,1449.6404883448363,1457.619154334102,1461.5998621233607,1468.5428294554727,1474.9587480627924,1483.288636727214,1488.4281387179033,1494.7236908273655,1495.5839677623842,1494.7510085518234,1498.538933430396,1498.8972847922025,1507.0680772572907,1510.9114690782894,1516.7333159705292,1515.6845351001766,1515.7121797026982,1515.7125410766423,1519.6845837314534,1521.4599568232188,1522.0753525639068,1525.7109764766376,1532.5881822588763,1537.8760321332677,1536.5898867676206,1535.2808209934437,1534.0070951412279,1535.7942630886173,1536.8885378849222,1537.0043274838572,1535.0636978424977,1533.9789102828915,1535.7645824777198,1536.4000441497615,1532.6149094155573
753924,55,"Urban Honolulu, HI",msa,HI,1944.4265739961786,1957.5083156339595,1972.0399179378783,1969.9257942379732,1976.5790956680019,1974.5866372251983,1983.4141981350922,1989.4997268225213,1994.9543271825803,2001.5318722033053,2011.027961063557,2019.6341437310773,2019.0055215867023,2016.6923056076064,2010.3431182583945,2014.5655393562213,2015.7408575674915,2021.812151935675,2024.8048822540527,2024.3821129756136,2023.6642913066257,2021.5530831007623,2025.5103455187464,2022.1680610535918,2029.7518469690556,2039.1379219764674,2051.9394643044734,2066.628554171463,2063.9940893777766,2062.8460328204746,2055.5045004843782,2060.7271814015603,2065.5538663128327,2073.4217560378374,2075.612433802702,2085.5653974111715,2085.319389138912,2087.89204128313,2083.700381610005,2081.255415430135,2085.7681969012992,2096.7214159109244,2104.832750161988,2105.2625686135148,2105.620949282629,2108.3865728067226,2118.8551045516765,2119.1877619094516,2125.2523224911833,2126.1935170705524,2133.2838635793573,2136.72387780134,2143.608377943582,2144.205059247858,2150.187080460624,2156.898366567652,2163.9540602032325,2168.1583481224193,2167.978973678698,2173.5274914525535,2177.862830758787,2184.615585474234,2171.8209656960403,2159.084707823939,2151.761133247988,2153.460511441339,2153.37977536083,2147.9022494534743,2150.0031388926714,2153.8066360379867,2172.4117836700157,2185.3919614803394,2197.605874841184,2209.447932350659,2226.926011591322,2256.70009493817,2278.9224602391073,2301.118610276029,2325.6832186629754,2354.560022419484,2380.719062204086,2397.4731373877344,2407.366998809092,2417.1306497072483,2419.67381242439,2440.734525207769,2454.759293749112,2464.2255852236326,2469.127240911327,2473.0237522771204,2483.29012533321,2490.314058839673,2491.5739690495334,2493.967049220717,2491.1960269149586,2508.1063038243806,2529.150983740403,2536.275388378906,2542.7782802834095,2548.347858468721,2558.456969740372,2558.5109532956467,2560.1423890581923,2562.8024491138094,2574.5920745810267,2586.561770972688,2598.6919527704385,2600.5996286381346,2611.9493010038523,2616.1745731842457,2634.7534305672266,2640.92492769252,2652.8853600941734,2661.157474176031,2674.551440101866,2685.710538298321,2694.1272677892352,2704.978469561543,2717.9596838761395,2729.3131796268895,2732.7922486011157,2745.0569965277487,2747.696484477835,2761.1689824301834,2769.0648003716747,2785.1376141442215,2794.9668967935877,2806.492467531175,2816.8337163022925,2825.1892472035756
395169,56,"Tulsa, OK",msa,OK,871.9155142245954,877.6217398362127,879.8819646634332,884.0130614053802,882.8307216724427,881.8614989442806,883.2397018894126,887.9094354159403,888.894448090985,888.8197431356568,888.0304271160636,887.7442835455815,890.0445471587037,889.1852835281748,891.6949193071756,891.0413441000185,896.7356076029159,897.4437080010704,897.8782754933052,893.6857511660347,894.7637853423902,895.4268097309049,895.3474461662902,898.3937336386613,897.002223893401,899.9025133477015,898.0407255374773,900.8993027237402,901.7417135421459,903.7690878952453,905.0378067075984,904.1255519956586,903.6212486049425,904.8406395377656,910.2560224365725,912.1205664984152,915.0450558483218,914.2755377892491,915.6112119220263,916.1449523025875,917.1425037431046,920.3646243533194,921.689116062217,926.4656643217819,928.7306357978493,932.7150974453276,932.2451044838136,933.3339785298689,935.0004619715103,937.7199925863205,941.2461365480057,943.8173206132282,946.0999598545184,947.1878733930645,950.2285235513033,952.6386984331908,955.9669004823246,957.4141941973398,960.5376628649182,963.7708263943923,967.0160216356453,970.6789576182865,977.8077595208763,978.5907183527469,981.7146789486847,984.9622478350633,992.8663844495661,999.2028463223695,1005.6870693716826,1013.9212847487337,1022.0885128671241,1030.9082001254155,1038.8396452862687,1049.187536369089,1054.8694731802634,1066.789967225297,1076.971172257895,1090.6891061219826,1105.6268752994363,1122.7022213166233,1142.8298976919893,1152.243801158514,1164.0754214106933,1176.493129936939,1189.2451218462509,1199.3222088320715,1211.4671110224776,1225.322586761897,1233.7135684356783,1237.2554580875294,1238.1725654834631,1241.4034184790814,1234.947863442703,1236.618190445541,1233.1399010555058,1238.8798776662277,1242.9214524700824,1246.4484383841457,1254.0117280219724,1256.0549552533084,1266.6741990517457,1274.3905668829689,1282.568377100744,1284.2833898282358,1286.6538140660489,1291.1871454755671,1301.5609929653551,1309.2760773767627,1317.087618742938,1319.1984488051344,1317.6730199195063,1317.7149599763452,1325.220112840533,1336.3685010049394,1340.396751450831,1342.2247232474149,1347.6753159080117,1355.32444162005,1358.9737614074181,1359.4066315439745,1360.2005335939853,1365.810548755176,1371.587632377504,1378.0815996716174,1375.3025548788644,1371.7605221546173,1373.6726386566108,1379.4916562116882,1383.6457827041363,1383.2050538571827
394619,57,"Fresno, CA",msa,CA,1043.2248189419452,1048.0242007002305,1049.7286782691137,1052.915427551092,1054.8645857039635,1055.2493796569358,1057.0437270804207,1060.7258486849846,1067.9925838897084,1074.034172682021,1080.4167099883532,1083.8569721558667,1080.9688990726906,1085.357665214179,1092.9112743294063,1096.30181576407,1097.6304038038325,1099.4955074987265,1108.202230660916,1111.1342356261364,1116.6489721314133,1117.9906375173884,1120.1121068920452,1122.7357940149054,1130.2771728765192,1133.278900321328,1136.953954147355,1144.710920345294,1157.1518580905029,1167.3763497908571,1169.140646961812,1173.8182643201787,1180.313117189501,1186.971666217511,1194.6811874198204,1198.0640206914172,1201.8624710057372,1205.3832659174195,1210.411223578299,1217.764934420246,1219.5011543766043,1224.0143481433918,1230.65532660216,1240.689839322776,1245.3199037410918,1254.792585947462,1262.5098686115464,1272.4192808488476,1275.8239843679457,1287.4836654632595,1295.6704428403254,1300.9253432727114,1308.953958392315,1316.1362992229797,1324.6882116811307,1330.456378021491,1339.111489215745,1344.9547515247302,1351.704209858573,1359.106944985201,1370.7345032309495,1376.8025214024365,1376.4278592873216,1366.9752845178539,1364.6723066926356,1370.6685883823254,1383.7873608442212,1397.0927293810482,1417.5219808798422,1441.9092635802137,1460.757577673401,1471.6945294514476,1487.5760291691674,1506.5389435291156,1534.3728731971812,1565.4799003765597,1601.5921277070256,1626.6542350110883,1653.0565575444778,1683.9972948173572,1702.1900932939127,1703.0441704069062,1713.366655477652,1728.1105897981388,1749.8562593583224,1751.7751626769464,1762.731525840538,1775.661279324846,1785.2421276401806,1788.2641353692923,1783.3258740158199,1783.0642832384258,1787.8751045239756,1804.2990041214557,1808.9533193725897,1824.4881003725222,1828.4606635383423,1845.5172125919164,1848.599011755018,1850.037588256475,1858.213950001716,1878.0254876051365,1891.4747396315022,1891.4512895700711,1891.3731612474892,1898.9588487223373,1908.2313350993993,1911.2927461592283,1909.8847850857235,1911.6715863992852,1912.7909772246035,1923.49708745918,1928.3919272616822,1935.3368993612848,1945.799604065812,1951.305808551862,1962.6110708315427,1961.5803535692096,1967.2642684278137,1970.911229477647,1981.6207626519295,1986.8822600596693,1996.964459295104,1999.4209665315211,2003.3208419166135,2001.2236927861152,2000.919642388665,2009.5982527455521,2012.7973741095693,2019.3708839053668
395238,58,"Worcester, MA",msa,MA,1050.439157105958,1058.500455378312,1071.9764305500019,1075.0662540480441,1070.8373001797654,1072.0380113878098,1070.5668774919247,1079.2118314240222,1082.7020335856566,1089.6696480672354,1094.6059302604435,1104.430180706212,1108.1985056335627,1105.7106561288426,1098.819116663688,1100.6284738846327,1112.8443282982646,1127.2375575733781,1141.2572640156372,1144.296858879605,1147.1447074765151,1150.2333498785756,1151.6266109617156,1153.300384684465,1154.8679786149685,1163.7301356640762,1173.9200825128185,1186.2418514338565,1193.5774081556963,1194.8399075289612,1188.6001417359867,1187.6807011899837,1192.3786941140643,1201.7645132572457,1210.8256594806726,1219.2627185789122,1223.9474119967613,1230.5401701529502,1235.8419058914267,1242.3204715618663,1247.951827316139,1255.0410426456785,1263.131191731203,1274.3476703736735,1279.7032493650095,1279.5382638198287,1286.7210356030942,1294.3702432670423,1304.2364007659664,1305.6737865068526,1311.69084407335,1314.3700145534049,1318.4198547373978,1323.9626948626037,1332.8650199925564,1338.822278717077,1346.8284557597476,1356.689871453653,1361.485813932797,1366.0701893500707,1371.3119490383049,1381.0168579431624,1391.2689267551366,1390.7765116317294,1392.796207803573,1396.3365560400143,1397.3026683403216,1409.0546178719658,1415.383313984308,1428.944227512696,1431.8168990516183,1446.0360565795888,1450.5253731648318,1459.3164276486866,1463.6065556916521,1476.821678837375,1494.6711237481354,1509.703881035102,1528.095269607182,1546.7580666369784,1569.4608305466372,1586.3707885261338,1606.528605110407,1612.402504432838,1626.269737075287,1638.841201538805,1661.4595954497083,1678.2193545786795,1698.4443532496307,1720.5401444362597,1737.2368706389832,1739.114806041729,1738.601588747232,1737.7506932443544,1748.7421848044385,1764.0325634976439,1780.719001094148,1789.9119228591637,1800.1180341823056,1815.8687837215555,1823.0193852912885,1828.8846575974476,1835.2634879483217,1850.3969696878858,1863.9176971145362,1883.4254216640886,1886.8320910331793,1898.9021727045392,1900.6972612614898,1911.9107435770102,1920.1996479962424,1927.5633133953636,1941.3434270810098,1948.0721429945888,1958.688459553546,1971.5542047176853,1986.0537609672615,1993.9294512317938,2008.8947229728924,2017.0334138212709,2030.475721889508,2040.033370113686,2048.6462200449196,2055.6205879915497,2060.5936138157035,2071.0137432457664,2078.5782713645017,2082.493039834943,2085.6068711402854,2090.367020756867
394938,59,"Omaha, NE",msa,NE,860.0318567883406,860.8661953640069,864.6750571967372,862.8258504480001,865.6490654489987,865.4880837292543,871.0589757152622,873.6632408222905,874.5844367304879,872.6085279450357,876.1459355341492,881.7926356611213,887.3126905589629,888.5106028014446,890.1535080319732,893.0333512734835,894.0379942054178,895.5680227208536,896.7211377803972,900.4972916061681,904.7671514292671,912.3474246008826,913.265905235662,915.5578318386241,915.5736575734321,921.0884211904962,924.9926614401624,928.3264956264758,927.2581896780358,931.2273806421337,933.7618717433319,935.8281766207527,938.7489135883292,938.0820562532299,942.9709569308249,941.9970851173642,943.6735342354679,945.8388312891584,948.4957376817921,951.8765158224187,954.5184965798808,957.1011308282417,960.7982764146558,964.3976872626304,967.4013820800675,971.4778276660057,971.6741242289032,974.0697736903277,975.783213343316,980.1804336009327,982.3687369714654,984.3706893285819,989.5407251474495,992.3770142189433,995.1511623235434,997.9318791295813,1000.9224837101551,1004.3854865402695,1009.6018540820716,1015.8213835932131,1022.0283677148741,1025.0541467847984,1028.3729929501178,1031.6442275749664,1034.891064148115,1036.09896638995,1039.726161551051,1042.5167836098385,1045.1918607820228,1044.0113081944053,1045.498680013929,1050.0542710907641,1056.8529673256762,1065.0240861694513,1067.428850013004,1073.3148073597056,1081.4654206507819,1095.641672434174,1106.953862162139,1116.1654049237143,1123.6555986649605,1134.8666934003284,1144.2944143360294,1151.7949470075127,1155.3676141915241,1160.6344305175085,1169.4730422025843,1181.0144082160853,1190.6530286421787,1198.6870830860428,1208.172714784343,1217.1424733550207,1227.1596656255329,1232.7629667539745,1240.167384993556,1246.7994637473626,1258.4819365306905,1265.9416671334377,1276.0668064024303,1280.5716589840267,1287.7561100856597,1289.1282047301995,1291.6471089874651,1295.4438574364824,1300.8714170284268,1306.8370340344507,1311.4634439703689,1313.911394167313,1314.9626977063092,1318.3624168239332,1323.2608123393238,1328.350296416934,1334.4523789880147,1342.5569829166168,1348.013406106087,1354.7645547134994,1356.8690679906097,1359.878614494515,1364.7954157537488,1371.826824096831,1377.9240444353693,1383.6487166184795,1386.0128558243277,1390.1249907525253,1392.2222900759607,1395.613801813987,1400.0803406887683,1402.8524256852895,1408.0053773779473,1412.738671822277
394415,60,"Bridgeport, CT",msa,CT,1681.2634654272463,1691.5387119694046,1698.0712723313814,1700.804831279608,1699.1155038185773,1699.9325919388475,1711.6444163820108,1718.8792014705086,1722.0486931773983,1721.097406188641,1731.3073206612407,1733.1249790347233,1745.6198052749155,1738.1354929889535,1741.5887198087253,1739.7790562654757,1741.1117946906784,1740.6797654194752,1737.260598516611,1741.3971660132413,1746.297967707067,1757.0233487946368,1754.8029321867118,1755.103118130278,1750.5544708052735,1760.9318269440041,1767.031455880714,1781.7141533639258,1795.8177308837803,1802.1490923433798,1799.608693147594,1797.821550367974,1795.0417513334917,1801.0930515833024,1803.3414635291435,1821.0513235091298,1823.685013706218,1839.7237130811532,1842.8243483540778,1845.7230494587825,1845.5622094780426,1854.3889368497657,1862.971606402711,1867.0794853027182,1877.3263111580172,1877.5353354412619,1890.6713109019165,1892.2408961071278,1902.2581282527146,1895.475191917719,1901.4398118690926,1904.6553424042156,1910.1838464101486,1912.9799178739804,1920.6055138576983,1929.8174788046913,1934.650414804887,1941.6285353227072,1942.8520337193088,1945.0854104799294,1949.1953461093874,1957.1546806480417,1975.9542601397861,1978.9321098326895,1978.9013239573299,1984.2202383888139,1992.6584766262288,2008.074805828233,2024.3455440189007,2047.3513792835784,2070.5117664583177,2083.6359047713872,2091.4929378977085,2094.535455598043,2111.398390012104,2131.2090599684393,2156.9491405528106,2178.2391128448326,2200.4691479651583,2217.199423332427,2238.2335385644433,2247.0348046985964,2260.63363014498,2279.518308302075,2302.775427234602,2323.5238845610943,2337.1175083998296,2360.093876326454,2386.8562676311617,2412.9120314713346,2427.3680317953044,2437.1202049100293,2441.2721315286494,2448.647219070849,2447.042928452428,2446.2366413241893,2449.9173948993703,2458.3831326625304,2483.850229733746,2490.566621149467,2499.381839782708,2503.8862408292025,2515.858534339599,2527.992443157643,2530.385544371946,2542.1056771926746,2557.1011347494623,2570.405144416501,2574.0723331525087,2588.9292510290197,2598.723755517805,2619.70163144533,2627.785017512283,2643.954372338367,2662.5751232857688,2683.4520335143784,2697.27074586138,2699.669432242258,2716.1172988421795,2731.952073395941,2751.7966969187364,2760.6573780449103,2765.4862037223115,2768.7163265059808,2779.9260424203644,2787.092084836615,2790.695970945517,2793.2446085542133,2806.8188999875856,2823.497985305028
394653,61,"Greenville, SC",msa,SC,910.1969209076341,914.5550896914389,917.3513234575662,922.994134313719,926.0081717226975,932.4871097794942,933.4287556767564,936.3590288343521,940.0181323857659,942.7370173242534,949.5933923855195,952.962461311398,960.7545345831268,963.6267396281444,969.0098154192309,967.7174916737415,970.1180369470741,970.7456536608972,975.9985021324165,978.7314023724313,984.2721280288529,987.5133729725515,987.5145501802276,987.012705949645,988.3380403936693,994.6456024266687,999.5249174674312,1004.7709705749618,1007.0074660176592,1008.7497939893299,1011.0472150649322,1014.6326290637448,1011.2970906750527,1014.334378733151,1018.3441432057748,1033.3926443015555,1036.7974927932064,1038.5510713163355,1038.0064534056262,1047.0653359338564,1049.4437794105595,1053.346506554621,1054.640743029023,1063.677458933192,1068.785859968029,1073.263911227582,1077.3321157002792,1079.3529302192724,1086.3657710571972,1083.5450897622181,1089.4654052238732,1088.9914286122153,1094.6157888928033,1099.5435517173087,1105.4285932385008,1104.978046454066,1110.4618336392498,1113.7720620599823,1117.527782951874,1117.5399059439426,1119.1179103263032,1128.298067707048,1137.2212437457347,1138.475783877974,1127.0958548461178,1121.7362898143647,1118.6047355322935,1127.4631815564903,1135.2021687631905,1148.1036696988888,1156.1465192574633,1166.9402970573283,1174.4760315715516,1179.6494839301076,1190.9743106760777,1203.5077394847876,1221.6987862377453,1238.858565248573,1260.011265708596,1277.4933308132347,1290.1226635850535,1301.0299308484796,1312.7521549890594,1325.5211402708048,1335.1574924782599,1341.3194948416192,1352.1516076139112,1365.555603990229,1382.8702712464433,1398.1974562024468,1412.013406017317,1418.8711395262083,1423.656860830834,1421.0225737365015,1418.958445807174,1419.080743446582,1424.7541174906387,1434.4591692736678,1439.3446637998336,1444.5702318244716,1446.4756933283513,1448.1579529909927,1447.7762594806914,1449.7130462734335,1456.5725884325957,1466.7715039292746,1475.1637383861225,1476.4552044427921,1475.598841528085,1470.361531344055,1472.81072931319,1478.4855907911444,1489.980917215097,1499.7507038555618,1502.1666149651528,1506.8135389432841,1505.5732202293325,1513.9692157559239,1520.059666657301,1529.5426801125936,1538.1075347717851,1548.4105314652008,1553.3487318136124,1554.5044002433744,1551.2330987142652,1549.6277960788414,1554.6363813453224,1558.0224927625636,1563.5685988216835,1560.9890280963148
394312,62,"Albuquerque, NM",msa,NM,848.4385293970884,847.0035301868398,850.0730391348893,853.594790101087,857.1331663890463,857.17873788222,857.9001545808486,859.3429750560485,861.0783368702436,863.5927127788135,864.3182922122146,868.6313276660114,870.2248420490237,871.0162660039864,871.2280857937117,874.4308736352352,877.8874814263901,878.8769693291371,878.208796746523,881.0882082943887,882.7179142765845,884.2775010647015,886.0323294653401,886.6259323243121,890.7589923573483,896.1305551228738,901.6116392934829,901.6206676540523,901.8424021107551,904.5643969612763,907.7783440012894,908.4872644719507,910.6365886805334,914.2557485256497,917.1122092057897,918.9958263985834,920.0480814226063,921.797888672035,924.3906694031429,928.7164116153693,931.6698655987552,932.9593151879602,935.5411163095256,938.8425965629968,942.9617664856469,946.4429856517223,950.5581572581033,955.6826179011189,958.730600684356,962.1894609504587,964.9813057332323,968.6664434973482,973.4534197650654,979.0866932246282,983.977686805396,988.9670117217908,993.0160830358378,997.0049057265601,1001.1158860804134,1005.2809328228773,1011.0744210173893,1016.1655855519311,1020.7237640494395,1018.7670319134666,1014.1133844295963,1018.9629564225172,1027.8099700158477,1039.0350517460945,1047.5753801078313,1057.1509837116603,1068.6172412127844,1077.8867092290332,1087.129932947246,1099.0899577954572,1112.898469260294,1131.9203835662838,1151.461192037312,1170.4339424582872,1188.7763881827093,1210.3262876441906,1231.1075323825276,1243.9027554053184,1251.2538242830708,1265.670093449914,1278.2155840247826,1292.3401529373796,1301.9542018050888,1316.7084580876801,1334.6558650717955,1347.1063407723323,1359.0917955395048,1360.7484128959711,1366.073731428791,1373.9101727108352,1385.492568692834,1390.8833429368524,1398.671260862895,1397.120462280188,1407.2999822499569,1408.447650513699,1416.1759216291803,1417.3276207117162,1420.6966555691076,1424.9469201264885,1429.3561555092508,1436.6915540038133,1444.4732404823944,1449.1045872178734,1449.4511171548972,1452.9295131461565,1454.0565430827137,1461.4025671543889,1462.5760643177264,1468.1602311053468,1471.3278880065607,1477.4548194097022,1482.1586255551285,1485.248175779249,1486.2719099854912,1490.7463485114984,1497.1919197028703,1504.888834558969,1508.9867940354197,1510.9845995514904,1513.371955103503,1516.4695603878515,1520.1049910647168,1522.7155114873278,1525.2208758445072,1526.8627149325746
394357,63,"Bakersfield, CA",msa,CA,971.5580030960406,976.3569525592037,981.0810231070792,981.4748071299829,985.0268378923761,984.1304791202116,987.7896117967841,985.7237409217399,987.1744876136129,992.4124408525391,995.7866115404001,995.7451234388302,996.0628888768439,995.998650564256,999.5438780569696,1001.4049586833826,999.1545871227921,1003.3779366165581,1007.2128160179872,1014.2164480339698,1014.0269309791388,1012.8467051370665,1014.4888998893507,1019.4245603686917,1024.547320058712,1027.9336505435729,1028.8611500525453,1032.5394177568028,1037.1020545062386,1040.080601447181,1042.2632733407627,1044.8037612441192,1051.638459730241,1052.4454347093179,1054.983390791988,1058.0981833344154,1064.0445718957753,1070.3403468660058,1071.807173379722,1073.9470548165186,1077.361595333731,1081.5435821743672,1085.4954168932177,1088.3877911176896,1094.372711622817,1101.0757152586025,1105.569348422994,1109.1786626472265,1113.003517876413,1119.5567334696836,1127.3642348939934,1133.796249869783,1139.6148467760747,1144.4251183365823,1149.8492838572436,1155.4573398959155,1157.844671216568,1162.8605302663661,1168.1981002013754,1173.3245417354906,1176.7361398096255,1178.1438283275522,1180.4647229927748,1184.6664112465494,1188.5905814508678,1202.1784686879369,1221.7386787769385,,1252.0317865879733,1264.0937340330208,1263.6392478176865,1280.9128541832786,1299.368236803989,1309.0032802383607,1318.2410089755756,1322.429908055763,1344.6592453278263,1361.6406695559629,1370.6562590397577,1380.385448470026,1417.0745796811727,1440.9064991698033,1474.1447446715424,1486.6911127991061,1507.2936198147852,1530.0221326452347,1544.1728996305496,1564.43971242041,1578.5449452277473,1591.450515428859,1605.8922425409128,1603.3847014162207,1603.851461269686,1606.43105062652,1608.6275728803535,1611.604890654237,1608.3405130006915,1613.4596807693033,1626.4731710338585,1642.7047319213264,1644.7892961149687,1645.7128054248212,1652.850969518957,1670.4462119689613,1673.4626742018972,1678.9564925546974,1680.1363603615623,1692.0556913091377,1692.8100820597242,1698.678589682965,1698.1067345745532,1710.0499078916475,1715.8862431767075,1723.3132338768933,1724.974586287491,1728.4758992920704,1733.7845813844224,1741.6079549375274,1750.0965364573187,1753.356971164931,1766.0912977025669,1770.0230292824187,1776.4617915584188,1769.991665777528,1775.877706406501,1781.302971001304,1787.729891381935,1790.6943072646563,1797.538925855504,1800.7758899637295
394308,64,"Albany, NY",msa,NY,1002.0389770722068,1002.5444994367001,1002.6822974847018,1000.3587126274819,1003.5334407406049,1010.243396332486,1016.3221206488307,1018.3418962866166,1018.5606515434017,1013.5739151649034,1017.7836635258067,1022.2567096287128,1030.4368515414756,1030.6854749349538,1033.6599689943614,1037.0364946909233,1039.2951121824074,1041.3558349627458,1040.6056612377752,1046.8608755078797,1051.7509887908914,1057.8989229577235,1051.742859046438,1049.8443299647226,1045.5441974212274,1052.3844873833611,1053.1757258059847,1060.3971402018697,1068.5261359655244,1070.354905379241,1071.6015207206128,1068.5471412144504,1069.8333046023263,1073.7170995805936,1082.3694443435688,1086.174494587148,1093.420959744367,1096.2922200179726,1099.4521304092814,1104.5792585203433,1102.0930160746655,1099.6332591646444,1096.0258242391383,1103.0036631331855,1112.0883200976705,1117.5392525357408,1114.6064575028881,1114.9513917713243,1117.8472907004332,1118.1203358944206,1121.0124694937304,1119.339424858455,1123.1008426106416,1129.9080434289056,1138.5336761065919,1139.7997076258525,1137.6998998053357,1137.0366286928938,1142.7044566124716,1147.507336152348,1149.2116467961546,1153.1438631898625,1164.7088723990414,1165.1072161713232,1161.7363864004162,1157.205624353926,1162.5164103778263,1172.0941417671143,1179.3756051529238,1189.2390145475588,1195.5825806010616,1205.1137673599515,1206.2465324212862,1210.090337741329,1213.9638464031987,1230.4968992806648,1239.5210626750857,1251.7689423428535,1254.778909113979,1263.5668106240323,1276.6474244558613,1283.1224249947945,1296.4233775140053,1305.2576739227577,1320.3067269299775,1326.4184477915817,1336.6093720736756,1345.7734373662063,1360.2688117071918,1368.056872668995,1378.8366338911846,1389.1873500659535,1394.4555456927246,1406.434892497916,1402.6415826373566,1404.97446734969,1399.0575216558955,1406.5241247188844,1409.7864943390473,1408.65654530642,1417.90484378171,1428.014036259997,1440.7053827200164,1441.5941655020438,1447.9188131757662,1446.6254811155336,1452.8842523665119,1455.5927117364702,1473.610699464743,1481.104699951971,1486.3814151188692,1487.2958951474307,1492.8772829985785,1496.7828993836433,1502.4657300228232,1504.7386089216811,1511.1539130590868,1515.2500178806658,1524.152640625854,1533.5236467084985,1533.7395456307943,1537.276508081564,1543.7249779309568,1555.6219139152442,1557.7463670600107,1562.2266987906214,1563.8716854714173,1574.2337283779248,1579.664328500353,1589.5926315503373
394753,65,"Knoxville, TN",msa,TN,845.6125638604601,849.0873078318401,853.744600818705,861.8826763814999,861.4872131030403,863.601852767333,862.081805417867,861.5778817474718,860.274156642906,858.1380870579743,865.6409315965549,874.5076388507861,884.9048519346666,882.8521965881096,878.1400461545768,880.1863787072755,889.3236837782678,892.4157360664515,890.1961883525254,893.5093501067226,897.8816685310109,904.7708160310087,903.1649318747951,904.5399298893612,907.9045357253161,918.1038679307483,923.7696948516201,925.8348113867534,926.1684541836063,934.5155109864975,941.8323440350894,941.4196205299893,951.0003510879847,955.9896801222395,963.3173774520204,958.3629340838119,959.9132491081302,963.0376615677004,962.8143696637576,964.6711077611928,968.9276347538325,977.7744071147613,987.0130528212148,993.2916857630147,995.520391182249,997.465835023784,1004.5806469495108,1011.10815155138,1015.7967835612673,1016.5950247470797,1025.1437171690743,1032.6278970862752,1037.9913134571495,1037.0190404953555,1037.8440957460318,1044.1049796096274,1048.5744655735446,1055.385955605983,1058.8272860440832,1068.5744050753808,1076.2266164627395,1085.2437873105685,1081.6231784517327,1080.1745428247127,1078.385456351962,1084.2887645696233,1084.8228557055068,1092.6122452046595,1106.1136509341234,1127.5109419497107,1147.5896122788301,1154.4435965351909,1161.9920755283629,1170.4239416531702,1183.5369579376825,1198.5418716270133,1219.726721238743,1247.6652791710176,1281.8859836188765,1309.524455750037,1337.4645725238975,1353.3415880664647,1361.761285844642,1377.4092045012799,1395.1664463477919,1423.9212906845355,1442.513591444086,1471.8657899777618,1492.0252753106672,1512.689430374963,1528.7493202481332,1538.1476770666325,1536.508333649129,1539.4294660831442,1550.4731727195035,1563.48563108039,1571.9634032465613,1578.1301202601635,1595.6387956008602,1601.3918472839223,1611.8952084420027,1620.2019775580402,1629.1698060726158,1637.1091997923188,1646.4961344781227,1655.2554164702428,1663.8870622615439,1671.1254778083317,1677.0901346299474,1680.0720118803808,1675.7109107228712,1679.7890173935377,1683.3105515574757,1681.8722761751608,1684.6962454213017,1688.9655202265094,1700.9623867534347,1712.274345623108,1718.4385355534841,1722.2912216651912,1727.6991690598793,1732.9076356238618,1739.1132594143808,1741.4062015388815,1742.7829503306486,1748.040006063276,1749.5066028529548,1751.042628392593,1747.1610979080406,1742.5149401436554
394367,66,"Baton Rouge, LA",msa,LA,1007.8698734657299,1007.6855672750132,1013.2876190611821,1024.1789467013164,1026.8791255134918,1030.5354952711398,1030.7445849571702,1037.1184450607157,1035.6888015323186,1030.124229659433,1025.5963955379807,1027.7627314226158,1031.0115641668726,1039.926808010663,1046.8736552754888,1053.74722800475,1054.64764677868,1059.0217033896308,1055.1981142636923,1054.0939976512639,1062.5366936878643,1078.7151376292986,1098.012425943205,1105.210378370478,1108.1907255233214,1097.6856724324807,1093.4151105459907,1086.9451639419567,1090.7161549223677,1085.1883359313777,1086.4467940846184,1087.1290767364287,1090.1152251160124,1091.2910295589961,1084.3534168263666,1087.6960804727921,1086.5743617332623,1092.4601939234371,1087.732793973479,1091.2218965778964,1089.0128137064967,1092.5405544472324,1090.7711004481039,1091.3483038309405,1088.418802842038,1086.3151720548472,1086.8762906147456,1084.2014704799155,1083.7186041099872,1085.7656089625352,1091.360624247386,1091.4522148759468,1091.9816375241776,1091.5047437738597,1093.1491688026383,1092.4256028951866,1091.3755152228402,1088.899151855193,1087.4288291636258,1085.4990680798626,1084.5725528192315,1080.4795190774148,1089.7133919678593,1090.4561828069677,1093.563133712919,1092.4429254485685,1095.9488296457846,1100.2341911218737,1106.3161250585306,1109.075780166607,1113.674647098679,1116.1206240352751,1122.384709683285,1123.9787872026027,1128.6633005757603,1138.2885346070307,1145.953920725914,1156.9793076594726,1163.9944689979789,1177.7281364394753,1195.379580836685,1211.557788137821,1222.6325995003747,1232.410327887502,1239.9623341911376,1251.6070543551082,1255.9191756841672,1258.8039273231857,1261.877479221121,1268.658902150976,1276.3244463168762,1278.5284873126345,1270.5605156553327,1260.4774978187984,1252.6872356114793,1250.8399246573697,1253.633085747825,1258.0579941516874,1266.108351859196,1271.003827293565,1277.6168712033598,1279.5951452555103,1277.1491723176673,1272.3586875665649,1272.9667605601358,1280.2270618749951,1286.3988107971315,1287.9376849543635,1295.0231318155065,1293.0925478884808,1291.8550425747924,1288.2185370845086,1294.3501848797935,1299.3406633989432,1305.3624571185878,1310.4347640677547,1313.5069078692243,1318.9803961370603,1323.030290715911,1327.7353192060532,1325.8970740529528,1329.247455937373,1331.4898042207794,1337.0796561288962,1334.083718159617,1333.1251336589219,1333.1346689129257,1335.5270812542599,1338.2993568291683,1335.9949142971393
394843,67,"McAllen, TX",msa,TX,801.7759577957686,811.8816360911072,815.9367819115558,814.6216315042145,813.4566457995136,811.6957387180202,811.1924812601591,811.3165495148036,811.8486835298189,809.7237839403303,816.7118269312963,824.4710005342488,824.6051590162913,818.0588308811954,809.4545738127922,818.5047934055902,819.4693062166328,822.7932501431255,820.8440149112378,824.1107138193041,821.2464784346729,822.6973595356137,821.5564253386459,821.2110989202766,824.0158190817225,827.5690069536345,831.1224222594233,824.9019396526385,824.2044917558019,825.765237990641,828.8555299814267,831.2631669456354,836.5149662098024,837.201241691677,837.6711102855943,833.4894991555041,837.2146926920643,838.416529674958,842.5714280269989,846.2378748126004,843.3586754049003,842.7904448673202,840.4135622731318,844.4705580469538,845.4864062545768,846.911675294547,849.0774636182376,851.9092373999722,853.9922421569366,855.3421606572412,855.4418821644474,857.1530498316837,862.7579626184555,865.0850187476971,869.039701133492,867.2786972387196,867.708376425746,869.2155846244008,870.4945486624175,873.3181585711299,872.4048222696666,873.3028515541795,881.5615506286208,884.4752850113371,884.7738844937724,881.5038968222825,886.1378669448665,892.0320313356596,896.0957572932314,899.3599458279213,901.5952100708762,909.2999155749529,915.8917537519118,924.771591304536,929.4837481842854,935.07941539952,940.8784271577675,948.4479790181028,959.0737158588422,966.8806594678063,983.433775196758,988.9814262106195,1001.8223980357432,1005.5723912763764,1011.6974512272835,1017.97041326469,1018.5939174245402,1028.2982719349154,1038.751144478779,1047.685515214101,1051.2145157250188,1052.6647808453447,1053.830308008432,1057.2991031249435,1059.9982470464881,1060.5575236560792,1066.475885653372,1070.4012698703284,1080.1793938821029,1083.67671695857,1083.372358673482,1087.8893116941272,1086.2107791698684,1090.8906771911797,1092.184487957802,1096.9231939056438,1096.9484312485288,1101.65824623193,1100.2582251874426,1102.4686815431435,1099.451963380113,1104.420240068671,1104.0588411859255,1101.580877281494,1104.0641134023608,1106.1802145260851,1107.232908447718,1106.429206429512,1108.260855064147,1109.041258305169,1111.0939200312203,1111.071403069359,1113.285437814302,1110.3877610782763,1112.9729185887786,1114.9394527979493,1116.9740565299905,1116.6058200176476,1118.3037684544017,1119.4399883157348
394908,68,"New Haven, CT",msa,CT,1102.2059900373324,1099.0610282660186,1103.3094271544342,1104.3678066806094,1104.9832746457632,1101.363096502132,1108.3557463577104,1115.5364144432024,1117.455083117145,1115.2318576893167,1113.168336390059,1116.0439455315964,1122.2655593045656,1127.6400832200882,1132.1202053921527,1132.6831204045948,1139.8954178672118,1141.8971563440368,1141.2664223207137,1136.497136991412,1139.704785532792,1142.6992148198851,1147.3119087033315,1148.3707838822863,1153.5386254468888,1156.4664045103982,1155.9843716411344,1160.3836289529877,1163.0499109449545,1169.3362752633439,1171.8413562258536,1176.5729444198337,1175.4415498361122,1175.067279828548,1175.7185068001652,1181.7389321746257,1183.1468295144646,1184.1468179536976,1192.034911447547,1197.05891474991,1200.447909940339,1201.8657897472974,1207.5666449754883,1212.4588931803744,1216.9416884870557,1218.807588526409,1220.2427946249018,1225.7657822798642,1232.0823729748154,1238.3687982846757,1239.4768720199038,1241.3468866030482,1243.9724971702603,1247.5496227883295,1249.8538827865893,1252.4439978448163,1256.5953666249613,1262.3705227854937,1267.4826926508094,1267.129128686347,1267.3116013906922,1268.0334392488262,1287.3496088912364,1294.0378783460374,1294.6958029446293,1296.7264512571196,1297.5698497706824,1305.840097896216,1314.4181979331438,1331.359300285779,1338.2028925752652,1342.7899093929673,1350.5222371609625,1362.37097119268,1372.5828158666295,1377.6242541052106,1395.130868207559,1414.6488112679847,1443.5788797099747,1457.1364896114258,1476.3358417638044,1480.8025427544771,1496.1362467580286,1514.7841584754474,1526.8493668566875,1535.9797666547986,1546.7667339338948,1573.2571587573398,1591.397442034809,1597.989462822504,1601.099106280765,1608.7148460363608,1621.2167688259294,1630.2203634162706,1642.0055670518025,1645.6784758896167,1662.73594860996,1668.5402366137791,1678.0632350550413,1680.7313782593922,1689.7785795811496,1710.004899272777,1725.4370437828727,1743.2418191858876,1745.30309271357,1756.4817518985512,1772.9254842722771,1783.6275730749837,1794.3849084761111,1797.7186545277325,1811.9806365465397,1823.6341022158958,1833.6024924569238,1845.7058399029272,1855.1827688446892,1867.8591534280922,1871.6745381252897,1879.1290104666803,1882.281498050353,1893.0681549276653,1897.5876742494331,1913.9609859418915,1918.835893724641,1925.3859513524146,1930.9124276088646,1930.945804100173,1935.6522009076807,1935.6775831572863,1948.9522122738063,1955.4415111230337
394561,69,"El Paso, TX",msa,TX,956.383136645523,957.7432730138192,954.7434635547528,953.0776206992612,953.2303202081928,955.4804988791669,957.5276622471958,958.0095874712626,961.0344993450027,959.5046657674886,959.0852846428686,956.6067410819905,957.6112878175385,957.2105996914228,958.7997873161039,960.2272530581902,960.0237861728249,958.401545966941,956.952565682402,958.0150847793448,956.5371098614952,956.7946993603938,956.5838046089503,959.2196930237546,958.7329140214217,961.272777792419,964.0620773620551,966.2661119908813,966.5131900293617,966.7433942961101,967.2130168284488,968.0944912654057,969.1442229363279,972.3619921892505,974.4070731643294,974.9285081093686,975.6697626804156,977.2285345481015,979.2000911780799,981.0962491915546,983.9699698301737,986.3646158708617,989.2726990331357,991.216783253493,993.4365792542357,996.9742266798256,999.6565204909008,1002.1300977990585,1003.7708056212829,1004.9886929346025,1006.2555003046801,1008.0982490653421,1010.6506390103602,1014.0393502868254,1017.138908995577,1020.5340976360268,1024.32408266616,1026.0437429549931,1029.3405930459267,1033.305254949465,1038.6502635161742,1043.6680615321568,1052.6507587092683,1057.7828748755849,1062.2000718773868,1066.4984541167223,1076.5955096386274,1086.4843776377847,1092.7875507890537,1097.1753193301129,1102.6689075109534,1111.3625088255044,1115.33917063458,1118.2536273144378,1124.6737881975175,1138.8415325026747,1153.989009174488,1160.8000497944859,1170.4790478216826,1181.2930550043136,1200.152099140395,1215.4698115063165,1229.059975694536,1243.05893290385,1256.9307496375675,1279.447927965996,1291.1190699356637,1299.7331404688307,1308.391202436847,1331.6337394362552,1347.5685317639393,1355.9383370572566,1358.2486639495803,1364.2821345760242,1373.6569098764512,1378.2970053724216,1387.9006797799059,1390.847521378364,1401.7564603428607,1407.646819652425,1411.9489934054777,1411.9097754428,1412.0639499320964,1420.0113680577429,1424.2597517352428,1435.511063660653,1436.4159792920232,1437.9098258281044,1435.8895615354816,1443.66057076659,1450.3315958883531,1455.9526930770076,1459.0608608239834,1463.2359631655422,1463.4233024028076,1466.1794956537808,1467.6779035918132,1470.7323699396154,1475.8858718414813,1482.387181085671,1488.9616607472683,1489.014200173545,1487.9256549008892,1490.2155604733953,1494.8494965084262,1497.6340488718745,1504.6357125720567,1507.0984153629863,1513.0509148358194,1513.3855006749743
394318,70,"Allentown, PA",msa,PA,1031.9618472289376,1032.4958746121245,1031.5397035522867,1034.5897065166887,1036.3602708137394,1041.8837892983092,1044.3100797894065,1049.5507968939482,1050.9079323679039,1053.691734539271,1052.5489989918512,1052.095662808618,1055.513722527051,1060.685213911064,1061.7874221689372,1061.6564171223379,1062.9317552613165,1065.7698358408763,1068.8646386295213,1071.0698722392885,1075.3686522583992,1074.8864507792657,1081.372974158514,1083.5243482083838,1088.824681902452,1092.3756960453811,1100.6999643857312,1102.5628047275832,1107.8428408183763,1107.2213421848855,1110.639646904799,1110.3916643958235,1114.6573878360914,1120.6436527777128,1127.7251851833387,1132.7509151164688,1134.1687766506734,1135.9369674233305,1139.8558554959682,1143.0614337619932,1146.7236527015107,1147.3695607304726,1152.072368110028,1156.4925829022343,1160.7563232166485,1164.143554332469,1164.4281853975917,1166.690937912689,1166.8678481787338,1173.74669492281,1175.1005754498383,1180.549240112998,1183.9703049044278,1192.4347685109915,1196.0118135361981,1201.9729043302789,1205.7665533618044,1210.7419203688294,1216.5545902848646,1223.200052915926,1232.9019743218091,1237.9415441524081,1233.9268517990342,1232.6417515844644,1234.5765414736943,1237.7777012314982,1243.5373475029503,1256.9435407618828,1273.4260187161929,1293.986836464856,1307.743474045581,1320.832744347378,1324.2540956254354,1333.3740215247476,1348.0753597266068,1366.623230099566,1389.1624075035254,1413.2931320971393,1441.301028469572,1457.3191344869424,1469.4938510722025,1480.8749462444064,1499.9365633888276,1519.6059795445267,1537.19684304055,1550.40940068741,1557.4330520542308,1568.6320926697788,1576.0373021517112,1584.2956801392606,1581.430348738481,1584.014220145967,1583.558480848062,1585.6244331508037,1584.6465321683158,1590.8331574020272,1602.5687788876792,1617.8329616261174,1629.1222566130505,1632.829076208384,1636.472310201365,1638.0325816477114,1644.6207523277826,1652.7046498565182,1658.825597224871,1665.5774851652357,1663.462505972981,1662.5986112234266,1661.2177713362375,1665.231297844053,1674.9972469656157,1683.3083291392552,1693.0757462030701,1700.9776065045164,1708.5251982467116,1709.606900637369,1721.7990930993044,1725.5345187736611,1739.6702051867258,1748.6742331850053,1755.719286951342,1757.1100724859375,1756.811062849479,1760.1510237619834,1762.8040681698815,1767.4227928276919,1771.6627830957868,1778.9839847034928,1778.8532426749503,1783.9061090225562
394952,71,"Oxnard, CA",msa,CA,1741.0836367725271,1747.3828807443572,1748.3533703466119,1762.0980416573045,1781.3608221586771,1789.296944176265,1791.707030113318,1792.2843588074702,1799.0324997610796,1806.9079507842082,1813.7507847538627,1816.9285104603834,1825.4857361158515,1830.1161450577258,1842.8032016210486,1848.618770682866,1851.082315199127,1861.8360414987228,1872.984719110136,1885.2421896117623,1889.4196266573965,1898.1268143013208,1904.2323750606613,1902.5340581868707,1903.9808136863733,1912.0653364823718,1935.6510089434657,1947.6224242241653,1961.500666050223,1956.4844472641687,1967.3977978768553,1974.7060524501574,1993.3492880425101,1995.56372242963,1996.2609772388237,2013.6791622306625,2028.6311106323355,2048.8042251689462,2041.6505381978538,2045.0912537085212,2045.8943107341581,2057.3078565755823,2066.3622490036128,2073.2131671618204,2077.0936107273806,2084.3225512101385,2096.157454860028,2106.8653743689215,2107.6276386696504,2102.506434512894,2110.721355379096,2117.5525214172744,2125.7812975256775,2133.557271693808,2134.872463040445,2139.175237557102,2141.2244943836236,2147.480255757662,2151.113146019009,2148.740630957277,2154.0583017196573,2159.696759517323,2179.825663345908,2175.2037440523727,2168.779086282632,2172.7719566383034,2176.585169598741,2191.7329798434407,2214.8764519929978,2241.2581860459227,2258.6106473135283,2273.022920569043,2288.562518017358,2298.777639091334,2320.850662562395,2350.2075168764636,2389.813824149169,2422.3819363512066,2454.554138689285,2484.246590139828,2516.423662278431,2532.5782432364417,2559.894171491946,2588.1611303498553,2610.625715661495,2640.971261940773,2644.9188940930294,2665.4451679306376,2672.8807379769123,2683.7524691127305,2692.8365111382955,2693.119642952635,2697.0216224157884,2707.2993335931096,2714.384340100789,2715.870218674414,2710.1962160845474,2703.3695237363218,2717.6095250744856,2730.0014835428783,2742.37509623354,2743.9805835918237,2755.7142737957315,2768.710657474634,2782.482905457189,2789.342084477349,2797.5269532195066,2803.594825614286,2810.9806328961677,2817.6785118398884,2825.2438400948467,2833.5027347108316,2843.6101211008922,2854.676616997883,2865.043637182903,2880.665668390553,2890.575566416354,2900.057124892505,2910.3179089781142,2923.9237345735396,2940.4039465579804,2955.672748713483,2963.931683834762,2968.012977760998,2972.2937820396023,2980.066610224755,2982.96510822023,2982.3461913783826,2984.230820766297,2988.0572466415033
394486,72,"Columbia, SC",msa,SC,890.6251263995755,891.2410231440942,898.0240784354622,901.9787163779533,903.1430963942394,904.214020721593,908.4092351941829,912.573233787476,915.4706722550616,917.0138073384612,919.8781199609944,924.525536385992,927.3133497446426,928.1592352303209,925.8791142090492,926.1788883401317,929.0815442962166,931.8561823348173,932.7135434148986,933.2380177715844,935.9261670120084,938.7142170660177,942.9949718300553,944.9207319636103,945.0304465661918,949.2301648052061,953.1268411018257,955.8812552885403,957.1860958835842,960.7031689228085,967.6541336281089,972.2260487697172,973.6874113997194,976.5616007385321,974.414089274315,978.5189234836113,980.7373455253623,986.55411812362,990.7100936354394,994.164100235636,997.6207862926758,1000.3733208131522,1001.1338022502183,1006.5429700708137,1011.7875811765927,1018.8973222397148,1021.506933866378,1027.4386241129084,1029.2002572385254,1032.1694835303522,1035.4246175986978,1039.3249527307603,1043.4750129811223,1047.107754465657,1050.8661095323387,1052.2319610767465,1054.841151662641,1055.2249310924194,1061.210898438964,1061.7991522562531,1066.9611878439591,1068.432286874764,1079.848672451852,1081.1463793499438,1082.7947889778443,1085.8773292938995,1090.478381553395,1093.6743123932301,1101.1744604713197,1110.1592510285802,1114.9035541346643,1120.6509784147115,1128.945038167519,1140.9098039156913,1151.7661584346008,1162.3118536597067,1175.267338400547,1192.7326916119916,1208.5735020506834,1229.1226609334788,1242.2559425777577,1260.2232178397646,1273.6921166839381,1285.149352466172,1292.2073566866718,1295.8318372793376,1306.0999578132562,1317.6779095977422,1333.9783580195515,1343.493953096491,1354.190996589436,1357.255301596567,1364.0431896070547,1366.0778862374796,1374.2778307104738,1381.974408317483,1385.5386488117283,1395.4066753750456,1402.2752448722626,1412.6999409387286,1416.7765681300698,1422.5711156015902,1430.1733829314383,1438.6293436160518,1448.5801710244414,1453.8487663644494,1455.9494844927851,1459.4918992746536,1463.6896351867142,1467.1788197611786,1467.1554704316547,1472.7133969123506,1478.715831528491,1487.3378757045596,1493.8270427884083,1502.8580935477205,1506.8242190926214,1512.4472766195047,1521.7055668691398,1529.9669512283035,1540.3002279279408,1548.1403533852356,1558.4952369306034,1561.958680234529,1566.943626221663,1570.1198754182249,1573.6699833356595,1576.0785294157777,1580.8975456579226,1587.3395943033265
753906,73,"North Port, FL",msa,FL,1209.2612760206523,1218.1309999429377,1216.2510785155373,1217.1830641241982,1228.72834339416,1237.3131454826573,1245.1615790333888,1245.7334984226386,1252.9072331004663,1262.0213680294387,1265.3907268740036,1261.7575176035114,1263.3822811763418,1273.6247555151404,1284.430499146833,1283.3669550824218,1277.3173771522877,1280.9820134442593,1286.8135102944411,1291.687032244931,1288.0857994221994,1285.9832147202455,1292.78350022909,1304.5813751657345,1309.5032157573135,1310.3503973101906,1321.2646625387551,1339.8931755057602,1345.240539899183,1344.1884642077207,1336.695413052028,1339.678379729257,1347.1669712695798,1360.2077522391999,1361.0047165391477,1364.652295259864,1365.3143997284133,1374.9119228840057,1371.3834347396262,1368.37218458034,1372.269185309141,1377.4272544049888,1386.9997456514564,1390.5114710292414,1396.3016994192822,1397.2484791551215,1400.224162853788,1402.563375917294,1409.6551038403934,1412.772487777197,1418.407505490331,1422.3655022030773,1428.2644661100385,1434.399530891626,1439.6599825861565,1444.8733089558018,1447.6372814752965,1451.0573096425774,1457.2736743286641,1461.7568808050428,1465.417629829428,1468.388082302308,1475.5584359390405,1474.1996942814958,1472.4911665462857,1471.1034775617568,1474.4384736460643,1475.2649289653598,1486.8611340671023,1505.0830796971482,1527.5459109951234,1551.1956628543805,1550.844135764894,1565.5563055885443,1586.2952504650034,1623.140660105894,1666.161025184897,1717.4436035834274,1781.5404720818801,1847.8360309285388,1899.4619907093033,1938.6671422666761,1965.5176311586147,1989.3990014074782,2026.476975115995,2051.178489796328,2074.5041858898435,2100.5896551395504,2118.6008808548563,2137.8919349942726,2130.811764381213,2116.498029810619,2113.991493603759,2116.6287512966396,2139.8080420215274,2147.88989996451,2167.165225700237,2175.916187443848,2190.4264317568027,2189.9073268294615,2187.4044399981804,2174.006385454263,2169.306746158467,2166.1942183115625,2166.3179107085098,2163.4909002952772,2156.679931247678,2155.1356824274876,2151.003249793629,2155.4823868289263,2152.6498596574093,2153.7404770641997,2159.6194440446347,2168.8051422872413,2165.998801185481,2175.0817550950333,2173.923506885079,2183.5820973331734,2182.332121028237,2183.478881013862,2178.065739936224,2171.847226152832,2167.3055257847645,2164.441701643672,2158.961452772577,2154.1387576147176,2157.489140463767,2151.0334739014233,2147.4945777015632,2135.246707365868
845158,74,"Dayton, OH",msa,OH,745.3502213298851,745.5364565269413,743.314007057358,743.2831708000845,746.8376994751419,750.6379446650585,751.610982982058,752.4143277173724,752.3526177104834,755.5445033381941,759.5781952906613,765.361545678856,767.5310989819424,770.5602847650896,775.6356198926628,777.2532595737663,778.7425163898112,777.7833158823375,781.0841121581215,780.8635286880508,780.9876125746434,779.8983776773495,780.5379260911081,781.0817879783251,785.3605731358824,790.9792204056293,794.7565607664437,796.2097191604271,799.4660833921274,803.7307371105549,810.6142666636073,811.9768850830426,815.8954446627508,816.2177719789889,817.883366058571,820.2415815068146,821.2916453962944,825.2956904561865,828.545769984783,835.1465926490538,837.3059890107097,841.7867685575284,840.1453130184592,844.1226941067043,847.2877235249032,853.0400346523833,855.878617588585,860.0968914148959,864.6807689455287,865.8181313785503,867.8878729838958,869.3301095205651,873.4950886329078,876.0195855373782,881.3848688175308,886.0125394825803,890.0781001417223,894.1976492061204,899.6814081165093,903.8927015958449,907.9989303136982,913.1972479163702,920.9337657467307,925.1470507234309,929.099815645213,932.5795894060016,937.4224706174855,939.9267761669327,940.1292469087451,944.553854980544,949.1362080577516,961.3130779087904,966.9696079940653,973.033133112858,978.4107582306659,988.7569236861086,996.3981358930356,1006.8992305201812,1014.3217533770016,1026.1741170334947,1041.4452409284238,1053.5878506718097,1063.9681038788344,1068.0183221583347,1074.2169119640093,1084.9789196175282,1092.650695985802,1101.173743628645,1107.9695987583227,1117.766916850561,1129.0646319874477,1133.2214637400223,1138.3192398139183,1140.3760178535956,1147.0889036818057,1151.0472222127082,1158.301532408624,1161.7927547837094,1164.5414945989676,1169.1693369375237,1178.7861309371183,1185.72610365352,1189.99938374548,1197.22000588358,1202.7602437166502,1212.0488428344888,1216.5425479952255,1222.5224335047208,1229.011476010251,1233.3962148672858,1244.1332475896022,1246.8724263603508,1250.5160086790586,1250.420154659705,1255.6177870169247,1260.540954797893,1265.498753245698,1270.7245161866333,1275.7856868612328,1281.995946386686,1285.5275983991592,1291.3005597962463,1292.9025615736325,1299.1630053979907,1302.362821965236,1308.8794427310615,1312.1588936396417,1315.3096925081288,1318.714699069707,1320.5164031386105
394457,75,"Charleston, SC",msa,SC,1081.0761363579127,1087.7690951975212,1095.5243993286092,1091.7005283821613,1093.2745818950664,1097.4606025430553,1106.6666719743307,1111.1910380569225,1114.8955345085744,1121.3774883814363,1127.3707016698156,1133.7714399577922,1135.4885980541849,1140.2125542318358,1144.408797753317,1150.469850322061,1155.9262315232163,1163.3503282953834,1168.7736330842497,1173.0630056557336,1174.7546502264918,1175.8230281059418,1178.870302770704,1181.808270851907,1191.3396780370426,1195.5009696251302,1199.8785973893523,1204.9386628091745,1212.6462352345015,1217.5579060545663,1219.5622024914373,1222.380163966201,1229.5240414174352,1233.9748069129357,1241.061557217377,1243.3755816438895,1244.8729194770278,1250.382433333022,1252.770478758965,1258.105269351424,1254.9296386659462,1257.287173572302,1260.7405658116675,1267.1702073142847,1269.4008875953768,1272.3795566512474,1276.1422690895743,1282.73078121602,1285.218070988919,1288.7731542779734,1293.908054506406,1296.3374268001733,1303.9569523717355,1308.168079867108,1313.1861034145147,1315.787864402601,1320.0652767053643,1325.1076927607423,1327.8420694489469,1330.728191252739,1335.994244099269,1339.446267991773,1343.0070704882,1333.6469672538424,1325.8386709131737,1322.4015868752722,1326.4999779856425,1333.5749224239873,1337.4836289242362,1341.9484404949717,1351.2471748023386,1361.6204829319975,1379.2564753506495,1393.0588921616134,1407.4860038248871,1421.8185688247927,1441.6812295240939,1466.3035251888164,1492.2937417483784,1522.0759016110233,1548.4582713880047,1571.4466322392745,1589.0784167347465,1604.1728097976072,1613.4160230651205,1626.6651552411458,1643.9393663330447,1673.7989646705403,1700.1460189721545,1723.8638500914792,1740.4241147217522,1751.2229665392588,1763.6261459596105,1774.9541208000664,1783.8062427013158,1791.384743292073,1795.188917693476,1807.799269990783,1823.7256288873793,1838.3224204467328,1848.7063923250764,1850.8419033588061,1858.2425280062398,1862.4739986828974,1865.9180381072654,1868.4190945901144,1874.8632032246674,1890.5949993878187,1904.24244716377,1909.972012708663,1908.5100382912624,1903.409898967983,1905.9296694624486,1912.7703432057178,1920.5394404306332,1925.5828949982144,1932.6807291914724,1938.7145044753806,1945.3936637803974,1944.9300776962825,1948.0580164053272,1951.1159764339786,1956.2515890123304,1961.2687261447381,1962.4807528691163,1964.1927692310085,1963.3979469726364,1966.5490331314,1967.3660248635756,1968.9035924384355
394648,76,"Greensboro, NC",msa,NC,779.0764746042765,780.486846306392,781.1733048883223,785.8991167127002,788.1453436459775,790.1625413178773,790.7941168831599,789.365030744567,790.9819449362044,792.7414410400289,799.1215642868102,800.9704230390223,805.0524216918789,805.9727713761202,805.4254067980487,804.0391059080732,806.2103717326459,808.5881739624125,810.9822427371964,813.8819611873445,818.6665184147168,821.4224373721306,822.6915938532512,824.2333913179757,826.9183423433609,829.5590055564583,834.6363733417077,835.7198892367991,838.6623305725498,839.9621229766976,845.1625415466101,847.7577923805625,848.4231753982256,850.2683721712739,848.9777060301161,852.657557251112,852.2355792722951,859.3859961877527,862.8225738943421,870.3134046032723,869.9432784666211,872.9571624815608,875.8248707505019,881.5497902052983,886.1363963017462,888.5055935626333,891.364323636831,894.0180335990209,900.2926517154166,903.0500005875862,905.7430217437421,907.45925229482,913.9060947435921,918.6735759163898,921.8048123363776,924.1259701555273,927.9584794795702,933.4971759008432,940.5597698098355,945.4624803065834,949.437124772985,952.589801726128,957.5370965583376,957.8860449064042,959.4278236351666,964.2572112824371,968.3198331880446,978.7875030461618,988.0403883614683,996.8901763858851,1000.5571781307202,1003.6539333987945,1005.6212540349329,1014.3573450844303,1027.6073646877985,1043.558379465307,1057.0971575314163,1067.171112705788,1082.7017286839246,1099.4741287820666,1115.6103766423641,1132.6646259599042,1146.1750069204786,1159.93863098923,1174.1565286254295,1186.0646474491175,1198.6055095367003,1207.7781492988893,1219.2733827679015,1230.5922685007513,1242.707472010845,1249.3295798392664,1254.8381163174895,1257.449031558994,1263.0519790207911,1272.5183101418802,1278.8739176085796,1287.8202027649613,1290.069119170437,1295.584733794347,1296.7659347807391,1304.0327391256524,1307.1010668154029,1309.9042432413378,1313.9904485136715,1316.1157382405763,1323.2829344135655,1326.2709898029295,1336.2577758515672,1336.4242384369884,1345.0213097483163,1349.2728595941653,1363.5046620445542,1367.7967572415102,1370.3090945012293,1371.9537382804403,1375.5938624050755,1382.986405591154,1386.0400319144198,1390.0732680817353,1389.852128558199,1396.005605756639,1398.3805404299185,1402.8697701035162,1401.073999507087,1403.8971560801047,1409.595514409326,1417.0116540635977,1422.2186424264476,1425.822420247919
395134,77,"Stockton, CA",msa,CA,1229.620756314547,1234.9090029492165,1243.8149251178788,1253.360675862718,1262.5688025379354,1268.2991671012844,1270.1883241691712,1278.4893753456718,1287.6047340619273,1303.5528069566237,1316.7499340227112,1326.8395761014817,1335.5168702538522,1347.6220997781966,1358.067020563776,1361.9587953501689,1367.1740635358128,1382.9242731446104,1397.5448183039628,1401.2803307889915,1410.4369371451592,1417.225644136137,1433.3025894762925,1442.4521313745274,1452.821283017583,1459.1946673997172,1461.2671024529939,1477.5189496713233,1488.9692438559107,1500.8881219052462,1508.1855451416195,1527.9721237950764,1539.1367321968391,1546.028034844976,1539.9803849922944,1549.3818822938997,1560.4461938312768,1577.57897859655,1590.0019827669837,1597.5569774730313,1604.4622731366494,1606.4290697201427,1611.3380132270042,1617.0869688818484,1627.242765026048,1633.8942293893817,1648.9612729332744,1652.610622864992,1657.6338955774386,1654.5178566709405,1661.9342457126672,1667.3238478040237,1675.78667200463,1685.881216453848,1696.7976516854549,1703.1019267701984,1709.470838923774,1721.4511437788215,1731.8275322849995,1745.41131831264,1757.4585274956542,1774.2334139652626,1773.1374892735453,1773.5968059759339,1775.3005025919342,1778.2087538186715,1792.975635071022,1810.9196948591439,1834.7317355579164,1862.1693541428197,1885.2885044901188,1913.5956733322016,1930.0040003379586,1946.6040987843737,1967.332491114545,1993.016420768238,2029.5718889141144,2060.2513334419627,2087.9553828698995,2104.7947122881633,2121.583674627162,2125.6623942336464,2127.067996843855,2136.298823145084,2151.3687230449973,2178.985699493578,2186.891353180589,2207.934355338519,2203.751875852828,2209.058571301254,2200.5155485361433,2206.640240144957,2208.820678299959,2215.853213695109,2223.965004869445,2225.618806513338,2228.1658251059966,2218.541685756409,2224.3970687857086,2219.564367510525,2232.4939539666766,2239.0498993704928,2254.223514430276,2259.123166117254,2265.3229163508076,2268.3722931212365,2273.6131296715894,2276.6213560812903,2285.0693214138096,2293.0310721746373,2305.9214666561224,2308.1406315044874,2313.1357373700052,2313.0149600666714,2319.101763174347,2328.8267428996105,2336.78548945988,2341.476549960323,2348.360907606815,2357.877126785525,2361.3883888528194,2368.244026024341,2367.145531792013,2376.400659597689,2379.2499807048657,2387.191300672345,2388.7419519123796,2389.5743060676145,2391.5953839033596,2396.608018900702
394440,78,"Cape Coral, FL",msa,FL,981.2459207494772,993.4852224817529,999.1724776102312,1012.3296772578702,1021.9052019338809,1034.9000482421945,1044.886085199091,1051.2102520117169,1062.9264869951414,1068.4046978900537,1083.9907112667186,1086.5944005607364,1095.785872145699,1092.6979602738302,1098.9647567278755,1104.8089704278873,1111.9167445086468,1115.3205166341577,1119.9698748049268,1126.78239755385,1129.733472305973,1131.3377176255908,1131.753374531447,1137.3338850083635,1143.5413147262886,1151.4980841280706,1158.1410931092144,1162.0842583829153,1164.0889439401687,1166.3328583325817,1169.9379671520314,1172.9773818103567,1177.495562319096,1183.0335171764664,1190.2900019940662,1195.268481738258,1200.82120427975,1209.375647918856,1214.3532203146628,1214.9308214314462,1215.787641864537,1217.7639507210795,1223.0700146309446,1232.9047502267554,1236.3295313692029,1241.306325566199,1234.7209832297024,1238.415310340718,1241.61313696908,1245.442054739496,1247.234215136401,1253.4547686648143,1260.1301119798593,1266.3018684441847,1268.7711894523911,1267.475209721687,1270.8991694212586,1272.9638521291492,1282.878532400621,1285.2667034967037,1287.3142785205375,1287.2973979402745,1302.6228508418212,1301.2954768449679,1303.8027866146276,1307.4869903888311,1320.66269221666,1330.6182683986692,1340.2190271077538,1351.4050826706016,1356.1021154310245,1366.7682785744234,1374.7194975088055,1390.3868535374024,1413.863428473541,1440.8887129516283,1469.4421098227288,1504.650109593071,1546.2335938680887,1601.9367322275086,1648.150441248011,1678.9394244972761,1712.6895052346435,1745.273572686409,1783.8220157766666,1804.3357580111285,1816.1779503621194,1847.5595251350958,1886.2431374669243,1911.9194138675157,1922.9723241925071,1913.9310206248026,1922.1978823818783,1948.3253217550075,1984.7857220573871,2012.3934911183353,2019.4795391182722,2027.7268347424226,2044.9612636087454,2045.7389166390112,2033.9878665759124,2020.7342003210454,2009.7240687998358,2009.8428993779394,2002.0493328228667,1998.614496673891,1986.1821952657262,1981.5605365399297,1979.8419148468433,1981.2915223432226,1971.8991381332014,1963.7415491994193,1958.8439048200926,1960.6309751425567,1957.0089322217543,1961.6143820569346,1962.9702017813945,1962.5599922730087,1954.0913923193216,1942.8323042428888,1936.2361162411382,1928.8617333068319,1925.4768125218802,1922.8613791221699,1920.3625052536447,1914.3765730480422,1912.4164647218565,1901.2803187414386,1891.6443955809889,1877.2815231607092
394399,79,"Boise City, ID",msa,ID,877.8458041809405,879.8756493070564,882.0303912456134,882.2868428671753,889.8050900068476,891.8774388451129,897.8926034564646,900.4195362422618,907.1215295889403,910.1617020088297,915.6670868023056,922.400703541896,929.0748687315056,936.921039505673,939.0544243027214,944.5852420428665,945.3587143552684,953.2634049716742,958.5047236776512,965.8633537041783,969.2898015180326,976.8485122905594,978.5533317576193,984.6651139163251,986.9797543645752,993.4079530454184,1003.5081712112083,1013.7979302924208,1023.4097010405613,1026.0965057936282,1032.0205971174917,1039.7072892251572,1048.268387990131,1054.1632831463546,1061.3663358133367,1065.3695781707258,1073.8447993349605,1082.3083309373467,1087.7143195192753,1094.0257950945556,1098.7702728910797,1111.677792112565,1121.150487532378,1129.5765496974568,1137.044707110793,1141.9217982332477,1151.680111424942,1159.5805201711783,1167.5859945794082,1173.2762414750068,1180.6588981839648,1186.585973035993,1195.117937592641,1199.3373042431915,1205.181862680081,1210.591570447729,1217.1229226452956,1226.2963870370336,1232.1112244197284,1240.0256580440712,1246.2996917102485,1253.3545619415029,1259.4702885982101,1254.6406421886413,1251.9494476072255,1250.1129255135083,1263.3892712800705,1280.728137662358,1302.8945180824212,1327.5672654292357,1351.030964997396,1381.9513549889168,1402.9300240837597,1426.7222469515114,1448.9139254826796,1481.9746808128593,1518.9650063404413,1554.2171798034728,1579.974405833856,1599.6974158828768,1610.3603388623617,1618.5394089294775,1631.0545890667308,1633.2316985745035,1641.7126733428927,1646.3562228567578,1655.8307204919329,1670.1040205911593,1680.0737472651347,1690.9255400593702,1695.6988131445596,1699.8819614379606,1702.9566442698324,1697.3446841598595,1693.0323288106579,1687.1861597022084,1690.984869213762,1692.8950517637954,1700.894551437265,1699.6318483977288,1692.9812139172845,1683.1020686631664,1677.5486156221502,1675.8687888414468,1677.299806733148,1684.9478834590534,1686.1450176421522,1695.8764325424702,1697.5517674724706,1709.2751152547505,1711.70435952556,1714.6426947984883,1716.543014033043,1717.9772507962057,1721.5823249093082,1725.896845890211,1733.030570739143,1738.233210898622,1745.7349629097016,1748.9999665709877,1752.7339401219413,1750.1847412040208,1750.9487745838485,1754.4358072629534,1762.0731569130764,1771.5449790308253,1778.8006489637344,1783.8397947459637,1785.5469511504853,1787.3811122029583
394484,80,"Colorado Springs, CO",msa,CO,1002.0266612266653,1007.8572978934159,1008.4976758199766,1010.1601096661212,1013.8258291631278,1018.5131647685421,1026.2641341084484,1030.7646637197317,1035.5397760621863,1040.0676504659236,1047.1897625071242,1051.3909511033032,1054.2717891411648,1056.6617008335822,1062.2052456972815,1072.8955387551994,1079.4056037055034,1089.0384846679467,1090.8493927259503,1098.6543563803984,1103.5331125971063,1112.516099833331,1116.2955688242591,1119.97436642693,1123.4626174301522,1133.1119368551656,1143.8083163908111,1153.359678041619,1158.3312219018526,1164.5676405431782,1170.6915895654286,1178.8060099536135,1186.2806553864964,1190.555651215641,1195.7105197954825,1202.2003569611109,1213.3810991114983,1217.8307085545512,1222.0106370672083,1226.043212967202,1233.623288130342,1235.8530020822434,1241.6663055062636,1244.8189442564565,1248.8847909682927,1249.537623930376,1258.4592240871225,1264.85922858832,1272.992009642384,1278.491671019033,1283.439447051476,1287.8922980688303,1292.8270183757668,1300.5293232036197,1307.1513407042582,1313.548407296228,1320.153567403432,1330.1112858739916,1334.0317219634162,1339.3375646457284,1340.8661636509407,1346.5868099287147,1358.938005899329,1358.5547185503485,1357.0936654896495,1358.287103062405,1364.9525579981423,1376.8003270923134,1389.666601358726,1403.3469006336718,1417.9632015394193,1428.953648273954,1436.9610344987502,1448.1321342692727,1462.6843930614937,1483.9172369268745,1505.0663011313325,1529.608155878455,1554.7660887877707,1577.5183708740726,1592.1875889994199,1599.573414591787,1610.1542796414215,1621.3468048136756,1632.783158788116,1639.0313911742592,1648.0354456728699,1659.8024853317233,1673.7797873306151,1685.7200675336521,1693.2387424230703,1694.216099094262,1692.8049605735002,1693.6605844186997,1693.9799903373635,1699.031473188665,1705.826093801651,1714.9431019023398,1722.1182325136958,1724.3273850095663,1723.6228423593293,1717.999283173761,1714.1975534119752,1712.9510289497741,1721.249295350405,1728.8096857675612,1734.6962394192017,1735.082526700147,1739.7212815241062,1743.4819014026223,1746.9896042360328,1745.6700854156948,1749.0011435670888,1751.156587452677,1758.6203827126037,1759.4335913479983,1761.6325141933255,1765.1026031120746,1766.4644195239682,1769.0292713599108,1766.8146654451766,1764.4712993029343,1761.9275359445655,1763.9754077101145,1762.7542986545272,1764.3326353150546,1761.1564147439885,1762.3237156437299,1757.7465859467966,1751.5107885982397
394798,81,"Little Rock, AR",msa,AR,800.0166146065346,803.5075165727557,805.3549326723206,806.1617653261028,809.2851754955688,811.2287469612438,812.7462575538614,812.3477617179229,812.2839929733242,815.6493821029377,817.8860324192372,819.0117629492981,816.9191774911037,818.72400173804,817.2035966244531,820.6118718748288,818.0369827650321,818.8455012491602,818.0636619926048,820.8549995061965,824.0393494476801,826.7657121653767,828.7812263977477,832.8245517850264,834.1676173492473,834.060768500804,833.2174716858807,834.8246861259104,836.0206042392822,837.5837936477625,837.5598301832073,840.1963349377289,840.0960755703495,839.6906294031253,842.1874969477562,839.7760214582668,843.2450020919514,842.3937261352947,846.7246898208984,848.4516286310259,848.4806567626798,847.9358296521923,847.7478174524147,850.5428176940853,856.1701072732409,860.1899775359906,861.5425149061598,862.5883484257722,864.5209080852908,867.0337938110088,868.3330099369982,869.4391537148679,873.2077976982589,876.5829571564869,880.784879250143,880.6871788533499,879.6594174968311,880.0064110638801,881.1995998407833,884.6655264399458,885.2185605095616,887.5715854050202,892.0116273181429,896.1616052142782,897.7118267830134,903.6610374118237,911.9801920647965,920.7979708211757,929.4983760330091,934.7626032262398,941.0704562908755,947.519036552167,953.1163130415804,960.5233352273224,969.9508502909191,983.1982530683323,992.3226513955777,1000.4287531095786,1004.0261238424579,1017.1964885341179,1027.295445637737,1037.888876387392,1043.03847604971,1048.7888222813938,1059.343839126079,1065.9090722980768,1068.754212998158,1069.2386084446755,1074.8981008722096,1081.0763949147554,1091.6567212179648,1092.133147730728,1095.9558574679897,1094.7567037063918,1100.2765503293315,1100.9731580095092,1101.02381905351,1103.367197032953,1109.6395453802488,1116.7392422166781,1122.029257826892,1126.4418785162495,1129.6048989421,1129.5892111222938,1132.63933877412,1137.7311206412082,1145.983413516905,1151.5686531512074,1157.780605494641,1161.0051247815322,1164.2426383092702,1165.2921572319442,1171.3597665582752,1178.0912457579796,1181.6943595286036,1186.5667346005314,1188.8739219202955,1191.0679637905614,1190.484328834063,1194.0291264412008,1196.1551071799033,1200.0262165284057,1202.3960536101968,1206.2426394197473,1205.9063021473892,1205.2463218701894,1206.6195824092963,1210.2079654547747,1213.418217697733,1216.4743981872157
394766,82,"Lakeland, FL",msa,FL,997.477569504314,998.1357285632671,1007.0281068384764,1015.5558930487136,1023.139201934369,1026.3043856489255,1029.857651968248,1031.762529550791,1035.3731906780592,1041.1554567270732,1047.5936949910144,1047.623791769943,1054.086167974544,1055.7134243531077,1060.0762956759836,1061.0300171758402,1063.7534843267463,1069.4828551800952,1072.2183297833599,1079.3886855639837,1088.3947772635831,1090.5660894285463,1091.5831233056329,1093.149199928713,1099.301823382501,1106.927971881742,1112.247122156323,1116.4934555568323,1123.597475459818,1129.248675407071,1132.946198687144,1133.134739252321,1136.1339246494235,1142.8124939613272,1151.4787388470534,1157.581353461023,1160.7470841555255,1165.5332275649987,1173.3162243715344,1183.220712515479,1191.1790864246598,1197.0546043960558,1204.6842041435514,1209.6170485115472,1214.8261864135065,1218.5593194235803,1225.0790399033513,1234.1754833369291,1240.5626288869544,1246.076876154595,1249.597961687781,1252.9658816473022,1256.1678228519543,1261.3327422733869,1266.8352608919106,1275.3665997693863,1281.7219896747865,1288.738557526073,1292.6923691139423,1295.9440530262996,1301.6666186310104,1307.0743193674484,1314.7797360906375,1330.9642413540205,1331.6263433117197,1328.19735239429,1319.9140581231568,1330.0417918621938,1350.5050026525082,1361.8239193573404,1375.2111328094368,1383.821645343644,1396.7979096349754,1403.0012876118042,1416.6322267307096,1430.6690078097195,1456.6267416384603,1490.4222695994913,1528.3334263277984,1560.5651142055817,1588.9825302363893,1616.1213243094974,1639.9219372698205,1657.5204962577918,1673.0265159625906,1690.1522552865868,1709.904528410688,1726.0811972071322,1744.76814933158,1758.2970261456203,1770.495847287894,1770.7244247828269,1767.0072917664534,1769.446545625813,1775.8867967295776,1782.7493353537197,1786.0227852529702,1791.1213531725168,1798.1117289275305,1798.7882226457368,1798.498203005872,1802.1530404791024,1802.565520575648,1807.629872633692,1805.2390524360062,1807.028881356264,1805.466048221823,1808.3455879808823,1810.5090644862782,1817.6661865126532,1819.91036918202,1824.5739311574916,1824.2444093219615,1821.6126251401743,1820.3104662949097,1823.4239524144664,1826.3612607103096,1826.4847075127852,1829.5732635135032,1830.1614849552122,1832.9294362958435,1830.6055559786653,1830.0537735913738,1831.3241158369074,1835.7796219089653,1840.8659473127045,1846.5966207865542,1849.3949320490951,1856.818210947933,1863.2420087103176
394304,83,"Akron, OH",msa,OH,737.6196730313804,742.4139413334266,743.599611181397,744.2135593962906,745.884813438905,747.6507820334215,751.0571237338008,751.3793529508913,752.3658923378075,754.2068488238092,753.6950449003299,758.1932575266602,762.6580305301552,762.314141055229,758.5023922350957,757.0887576487372,759.1021898051076,764.6861816695867,765.6144404924975,767.9152244164068,769.5433100613965,772.1584484895981,774.421367831838,772.4793155742531,772.2678844871695,776.1073095887522,782.4437646262405,788.0935915952609,790.6418392399751,790.8907583809616,792.6451490059559,792.5603436340476,793.3249747696343,793.0384697844131,793.2484376886699,796.1099014409945,799.4730037074688,800.5664334840819,801.2367686134373,802.2986073781855,802.1547626419077,804.0001203710403,803.916544156135,806.1257169027799,809.1882536755049,811.231045476968,815.8992508606577,818.7235671770826,821.2414379115398,824.8769398681035,827.2593516459723,829.2391865296198,832.9551701899404,835.5331920838756,839.7245993180773,842.7799422570234,844.8098819959291,847.8705348627384,848.7357286801661,850.43115473959,851.7159345295166,852.4860581737978,859.8956623232218,865.2698256991503,873.1742786528438,874.7745657755714,878.8373634510159,880.3030338834262,885.5923397869594,892.1421654487452,899.5635951530949,909.4437078339871,918.907503208375,929.0519975103047,930.8016517385947,936.368525154032,947.7857450143867,960.2491055066803,969.6583610082412,979.9200660489948,988.425758503479,995.1855209503099,1003.3254488321423,1008.8161883421467,1015.5243057062818,1025.874566627399,1040.1269281328944,1054.9703532661995,1057.0722180230387,1068.1387906008729,1074.2968239946183,1082.7858175529425,1089.0685663574607,1097.837866983164,1106.2538830506792,1115.9620474868595,1117.515208262093,1115.7325489985585,1117.3514941902295,1129.0222291404682,1141.1796036340706,1146.0832729904876,1149.3988587073234,1152.9098341105746,1156.2176813585772,1159.5966301017424,1165.488469077672,1172.6808234681437,1182.3628471307798,1188.601515613048,1192.4539887060812,1193.0297026569845,1198.8960024262901,1206.3236738757244,1214.7586992595373,1219.011784276414,1219.7790608282542,1228.9668736021367,1232.8301911462263,1235.2681903996095,1239.4112222991682,1246.8864519655208,1253.7420467122959,1257.5665197635244,1259.5197442062447,1261.7456653850454,1264.9972677717935,1270.6593338038485,1279.4992281059142,1281.0197816715338
394531,84,"Des Moines, IA",msa,IA,938.4583301254477,936.9835649514308,937.2154482246557,937.1119910712094,944.4880293167037,948.1337500833998,952.2297120081045,948.7695023766272,948.2002593144337,948.2905737035662,950.275079478704,955.3485099822551,959.0928676052595,963.9585276965018,959.3662670207932,958.9799407971818,957.3097927291024,955.9167272002514,957.511857446813,959.3770895881335,967.5691735342659,973.5887062181638,977.454576004357,973.4206542030306,972.0824718747742,973.6749121614707,982.0331916787334,987.1260952892957,986.4712361374214,987.477980075459,988.8350164460117,992.286611527884,995.0252565605396,993.7411169956054,994.480090266,993.2244545424029,992.4838526495546,996.3962366874563,1000.2996935573279,1003.2370560316976,1000.9514128121849,1007.9511214382632,1008.2053739403425,1011.3278437964821,1002.6750348912427,1005.1877562609246,1004.9144292355073,1014.1550665769995,1017.2334593759299,1017.225213445826,1015.2675484976165,1014.8814044420733,1021.3779652130295,1020.1421241358316,1023.3975134115008,1023.7729027667749,1032.154100258016,1034.5638848198353,1038.6460954306467,1038.007451145417,1041.5164737746281,1044.704614168551,1043.3929147362228,1041.8060475460761,1039.7484186050476,1040.8084190813972,1043.8254032483032,1049.7445891975237,1051.2846786449331,1058.615316337463,1061.8154142788242,1064.3965981806077,1064.8263609348141,1068.7094966359168,1072.4114887367812,1075.0676497472234,1078.2061122519274,1081.4654313897968,1083.6346515212615,1087.7785948293943,1098.2835596275734,1106.8413807334705,1112.9198586797079,1118.1758613491988,1124.2909922285123,1131.3075177384835,1137.4417324311157,1145.8833844830372,1154.5204623531056,1163.3447194842329,1173.6573530022476,1179.169141301513,1181.7094846721413,1181.0873290130553,1185.8686401204468,1191.0039217095991,1194.7453452383768,1195.3792777730305,1199.4777293168418,1203.019278093435,1206.4625779671476,1208.781125122934,1211.6848426947113,1215.7172883345015,1216.0280070933454,1218.7919943974666,1220.9488441580982,1227.9719932404203,1232.852491441628,1238.361567040546,1237.9062201875834,1242.0675443909636,1244.7359896544704,1250.043391893073,1249.9583033090348,1249.8410350823274,1251.5873780717961,1254.0596360262325,1256.0633249936584,1254.136767122432,1254.3290302348005,1255.1200316226284,1258.813449884705,1258.64350437861,1259.4718862493178,1258.7259870094335,1261.3903073144638,1264.3428113156185,1267.9253084691586,1270.4014227903117
395115,85,"Springfield, MA",msa,MA,,1074.310655400419,1065.4783948507522,1059.0762711905152,1045.9993063883087,1067.7153116186596,1065.8165249524181,1068.7165605938544,1070.4820828469756,1082.3246767853698,1091.455000404344,1092.1926029240103,1091.4411564852478,1083.5034752448946,1096.4861041634579,1101.721092909117,1112.9467225933531,1107.6495305777503,1121.7829222923767,1124.619805707779,1130.0467620913712,1132.6789012596935,1134.8520072430551,1132.8447175166225,1121.2474053277379,1125.7852677968003,1136.832275157103,1149.4261031793535,1155.7887322473864,1152.7366818830856,1150.942635272453,1156.5911477970017,1159.2085935460198,1165.9173655853704,1168.2618182195492,1173.6393604276143,1181.3392365216137,1183.6556934476666,1180.067027097844,1177.4492069175158,1180.518802815438,1191.4607490783349,1205.5253015947933,1214.924642027772,1226.242550919915,1227.526884036015,1225.9366144212875,1229.8253343821123,1235.8693382544159,1238.7498778268398,1243.117232653377,1247.924849037614,1250.6442592473181,1254.631927046563,1252.4195796028785,1252.9136134627163,1253.356910801769,1259.9810823735477,1271.4171203490687,1278.4927682809275,1285.1441675826134,1294.0531192982335,1295.7367064248685,1292.441683529359,1296.987241861464,1301.7487015816425,1316.72439939064,1322.3437743212821,1332.8432552163774,1350.009597729561,1350.712395132096,1359.3226430561012,1357.6851085605804,1375.7532474912907,1394.6816037882124,1407.4273514867116,1408.3105370615085,1406.0802021257407,1415.0455765682107,1430.372101659839,1445.8032452364623,1446.4404349344004,1456.717728764723,1468.8459177198697,1487.849879419114,1507.8895234966735,1515.7782267986006,1537.9736974548264,1547.697540909177,1574.4029824507174,1581.8908018109564,1595.3577738902961,1596.5211139227408,1623.3935575035396,1643.1060641745946,1669.2861253153044,1678.7574633991092,1670.128238807492,1662.9452965839791,1671.2217551015758,1692.6450340283463,1705.5346773128733,1706.5520684611156,1716.980241887424,1732.1988135413928,1732.5614173388972,1750.4634609164116,1757.5597528060057,1772.9360289055303,1775.617643344392,1788.7426723373853,1794.852487433106,1808.0028728999353,1809.3331286147732,1817.8947003567398,1819.8806302075648,1839.0107712382426,1847.214690301009,1844.8646609308332,1846.973301884017,1849.755010207496,1870.5614817338978,1885.051038823893,1893.5679845939737,1892.615061624279,1901.3588599652255,1914.385442730795,1925.8857566822317,1923.994677616695,1933.0804669585157
845159,86,"Poughkeepsie, NY",msa,NY,1156.254422368465,1151.9462119686523,1165.1716228745486,1169.5168090935715,1179.370124504506,1178.4304084142814,1180.2039665429043,1190.0178865265532,1200.751529503822,1211.7049449621068,1212.5716238759114,1224.9491343054422,1228.5568357634374,1231.6429436901885,1226.1312711594592,1229.402325393639,1237.6619384610913,1235.974809408655,1240.5769642801042,1239.7818428429775,1243.411503720966,1246.8469424042064,1240.1546182925365,1247.5923456063285,1250.9432595051371,1269.507564266134,1275.6960407473296,1289.2627873983963,1294.9140459495932,1304.1796977352146,1303.6055457872708,1297.7789849882713,1303.5797356065066,1306.8844467883152,1325.3670774261016,1323.7559915238262,1339.491576313435,1340.7295741065323,1351.644987756044,1345.9907421305672,1347.1057411467405,1350.7637642272782,1358.2407335442529,1371.7513996200946,1375.0647534994393,1384.5272278408925,1389.8919645187466,1400.649591479061,1400.3103075394747,1399.5667178682281,1402.7060047872749,1413.5022791153983,1421.980656061367,1429.2124326265478,1436.9803581799586,1443.5643277809513,1451.226125133479,1455.3715423958479,1457.673458235104,1462.8086565943267,1469.2629976252256,1480.297259756367,1495.2647367225466,1510.379933325439,1507.8704680696155,1527.3787910272656,1542.3047958868624,1560.6022503973911,1566.1701902453547,1594.1782961301044,1625.854116983894,1643.122234954442,1662.5836346021704,1650.1238817119531,1675.2252701723194,1674.6450348075862,1724.5725108113807,1727.9223138408177,1757.7859309106154,1765.5107856592244,1804.100016860896,1816.6819927127194,1833.5909836474518,1837.5221643440464,1850.2062379026563,1877.6555914449198,1900.5940986455516,1917.7829423592932,1915.1445816150201,1932.8182036863534,1942.680898809167,1953.6747308762117,1952.421865893756,1954.0864711756894,1947.0913579646615,1965.7849119722393,1968.4854440897932,1991.1244365446275,1983.599039637485,2015.2428126071277,2023.1093294236032,2034.4924739500211,2022.6083629664363,2027.910212247422,2025.0464922626186,2036.919241183829,2052.175359839551,2076.2025170230363,2086.5421867693344,2087.785116622212,2090.5989921220007,2091.6776111774984,2103.7365502329135,2119.0554974807083,2136.808500392747,2148.8438616858907,2158.851348404126,2171.2913809433935,2181.1357705121304,2173.326060724392,2182.033502480507,2184.8620328285665,2201.134272556898,2200.2947376656443,2204.9455004612773,2201.6437103544995,2208.0715296196613,2209.736412807056,2217.6179723543833,2215.46686963972
394931,87,"Ogden, UT",msa,UT,860.0320209486182,859.4375879202231,861.4772211347345,861.3684659780764,866.6675312169416,866.7097869785969,871.5435032130432,872.345892653021,875.4537896185044,881.4689151401931,883.1521801767319,886.3649029467401,888.122288804538,895.7157768921836,900.7286668231181,902.729818881193,910.5238545379179,920.6856410061663,930.731669869665,933.6773308307411,937.5884073440387,940.7977495291161,948.9592625988332,952.7065202575038,962.3820142822929,967.4564102814527,970.9442138311873,972.5996069722439,968.0589348597965,977.1301944339225,984.1628553341516,994.5957741299093,999.888873908142,999.7276016629258,1002.397877427732,1008.4070489684797,1015.5724951268724,1026.9481892062245,1030.2845495416266,1042.2013561188771,1045.523287464329,1050.3511909810052,1049.516843356095,1055.54887579446,1065.1940913567316,1073.1895789461348,1079.9466778582782,1085.3825819470005,1091.7854610003822,1089.4055854540313,1097.8473473376798,1101.3137964421003,1113.463999183643,1117.0370994398504,1126.2151019215246,1129.990226763564,1133.3736205907187,1141.1106182407611,1147.4926479845976,1154.2802562734812,1158.5873029612767,1168.6436864164598,1168.2299330055664,1166.8680020833172,1164.4259360522694,1170.9880583615889,1181.2157329722081,1191.6331372830325,1196.6166665792116,1209.2203149527686,1226.6466440737195,1233.1030346066643,1243.6671452058297,1248.6785173956193,1269.517939592588,1289.459942892546,1312.7189583190573,1335.0814485655574,1358.1490862562973,1379.9922008497056,1410.6767059879944,1424.4816020412204,1434.333552341631,1456.1942685653992,1475.772829225302,1499.71176068616,1498.4507389643197,1506.4969148120779,1514.829817821407,1529.4435794654144,1534.5878478106056,1535.088363790326,1529.7552882447835,1538.1152654518487,1540.2609164151927,1538.6332753460713,1537.3118304255038,1548.8575103081062,1568.7443372837804,1578.3756695451984,1576.8262903811142,1573.202183630799,1572.6462203680774,1576.7952083173254,1577.060620032135,1581.208846124117,1578.3494745107005,1584.3536542364795,1584.5627329650647,1585.6409433284246,1582.2564841797441,1584.1407946966922,1592.6642821178039,1597.542744519315,1601.4789888862554,1600.7403535598696,1608.2574487379711,1610.488485392797,1620.2349974407953,1622.3225308971614,1628.6274311654513,1626.9784392127217,1629.0168636326164,1629.8961738064293,1630.5672817404666,1633.6192227646038,1637.502000463059,1643.2984310987197,1645.1257530769656,1646.5081625820276
394816,88,"Madison, WI",msa,WI,1127.337475616243,1138.7393156004493,1145.7903540481775,1153.5718210651276,1155.3532095112296,1155.8808486792104,1154.3213907208783,1161.2938782739775,1163.1056035310132,1164.4537265787383,1169.183803455995,1172.4754835400113,1176.7960528343674,1177.3326430412396,1178.3229455001579,1179.9008117738952,1178.4017796458613,1176.9885866699542,1178.0470700199737,1181.2639951919386,1180.8563985282153,1183.223007835988,1188.5409192035752,1196.3779481676067,1201.2087513068561,1201.0916175990264,1208.8212589144969,1210.3007615763538,1218.8670442202767,1220.4310563739004,1225.012287674035,1225.7224453968608,1231.520972342348,1237.3072920277953,1234.0005963845701,1231.85934569304,1228.781756152873,1235.618519881125,1238.2661871573719,1243.0420527383226,1245.0299164145708,1249.2837571512412,1253.6088726978476,1258.3031392447149,1259.671452227774,1261.658279241794,1270.9581986132362,1272.4154220231587,1277.1990720833764,1278.2940828082099,1279.6283617480613,1282.556130830492,1285.2407720845897,1289.8415944313876,1292.7450652846742,1296.7652603537585,1302.0674215305442,1306.5457866235372,1309.3237863405598,1317.4363853699622,1324.417444058851,1330.846749988627,1331.0591082373974,1330.9397849301938,1329.4340185349965,1328.742804155705,1329.5791481600909,1334.8839239357344,1335.4776400707838,1337.3867825482637,1342.2417122698769,1345.6690767952928,1349.6592707125917,1349.2625916769352,1362.153002412801,1372.8378537864457,1380.9647986837615,1383.4595082421595,1393.2233395317442,1404.032826377486,1418.6840554598057,1428.2346180775753,1433.2575942021629,1440.5814060640926,1445.2454397639976,1452.8644737065401,1454.0977948865575,1462.4870259698464,1478.2696877654591,1496.2698588292537,1511.0704054844407,1521.4434005391415,1531.0186581847559,1535.2158785200338,1542.4355186786559,1552.662515046695,1574.7887584441353,1596.0545627072254,1613.0990301434201,1625.7965530291478,1637.8075433842669,1652.1172107891236,1664.243872688204,1675.6409742996175,1676.803530765532,1679.5106485873637,1683.73394733029,1688.4387474264945,1697.7341487891103,1702.4495327875804,1712.6772900810865,1718.4946216367246,1722.9249353058717,1727.8840444408988,1731.3265853290584,1736.3327863166048,1740.6629543122656,1754.5254126993766,1766.6876091237482,1776.0220694074549,1775.6628892621015,1778.6011570373805,1780.2309992107357,1785.8588633173993,1791.211580883936,1794.5770123984746,1800.5925171176882,1806.4573267911417,1817.5532702683238,1821.3135648255982
395235,89,"Winston, NC",msa,NC,844.825891244125,839.907262110129,838.6579055045264,839.0259164725157,840.4124893437308,843.7475470026135,845.2679527624834,849.4724227528523,855.2129333001341,861.4615094518506,864.5355580692054,858.7864216724001,861.5916077938931,860.8341235834641,865.9914679901802,867.9669581706081,869.4869284225888,873.5297288676918,876.2146904881566,878.7790099379968,879.228738699868,879.3014783897735,883.7221952178347,887.6530412259165,891.1276314394173,892.0700039067563,898.9246630244336,901.4220307965104,906.9124837109292,908.0619346719009,911.8047665521384,914.0100915486785,916.7572620492213,920.4214024503445,924.3704350783551,928.5867706083266,932.3411418832691,936.4899148554019,939.1150894192658,946.3096360259889,946.6336231850819,950.4664892591055,949.1251913584468,957.4626993485701,963.272688775295,965.4787081320301,968.3965720027179,975.4391031205179,982.0730734135783,982.4800164967675,984.9859319517471,986.8429209198591,992.690494327767,997.4846004901012,1005.4832811557334,1006.6310887419679,1009.9704425343388,1015.7974581104363,1020.2541462341745,1021.7189829433455,1023.7017390005286,1031.0223600045335,1043.5994905522907,1042.3570403016477,1040.3991590053097,1041.6097694177943,1055.6049205931834,1068.003100935076,1078.5438381745105,1087.0040336080938,1095.0086393982406,1104.318279466443,1116.9905585739803,1121.7442153119146,1130.0747153640434,1145.928024101803,1167.1764267494102,1188.652558265533,1198.6336537645318,1214.6590014945311,1227.1415127625314,1244.1931256346716,1261.2979096489792,1275.4070934310478,1284.327606224802,1299.720048000531,1308.552483734364,1322.1591640678232,1325.440049902426,1336.6327915652844,1345.9598619310789,1354.6835783919257,1366.2070821846066,1373.3957616890661,1375.4388426996604,1374.5740908294576,1381.2537614301787,1384.6788183039184,1399.297114468073,1404.4775414455787,1415.357602661134,1410.8309125211495,1417.8559644983081,1421.9371601053474,1427.4856693528566,1422.7272181566493,1421.5308435260936,1431.3083282541638,1446.4833966443268,1454.7309272073833,1455.1707138360346,1455.4820922472484,1458.1426483731896,1469.0761873563763,1476.3746271103948,1481.5273079792482,1486.7027406890645,1500.4815692238599,1513.215062307564,1518.9095914936847,1517.0961036046804,1520.9874949846637,1526.310746692844,1534.8847963225812,1540.4841215666577,1545.2938372701396,1547.6232154664124,1552.6373136040231,1555.857673480107,1557.7635908209438
394528,90,"Deltona, FL",msa,FL,929.568197118401,932.7442132223374,934.8465161120891,937.8488855148049,943.6033587225565,950.7427508093919,957.0285545688045,959.5621918707104,969.3674791752269,978.182675782507,983.7670550195893,983.8150201558198,984.8222198477231,991.1244843480865,998.2197029509907,1005.5220766334054,1010.5996669995532,1013.1183932575876,1016.9949689882434,1021.2440219506776,1024.5343368850815,1027.3506250313667,1033.8682195551446,1039.5597519737598,1049.3691734805504,1053.138647665599,1050.7479777596773,1053.4448023056766,1059.6015073129722,1074.7031448919731,1080.7867947106724,1087.2981018347016,1088.5074194342506,1092.7180080388468,1095.4196447688887,1104.7031365455828,1109.6892164954256,1114.8234721276617,1124.0399008595862,1134.0309104630737,1140.575449247867,1144.3107398636328,1147.5037465565176,1153.635360757068,1159.9504652137268,1166.4295662753161,1174.8453824714295,1179.4622125859337,1184.1403506914644,1189.1619953833488,1195.1924299064076,1197.812886026283,1201.8158727490936,1203.8029945880246,1210.665666774779,1214.916688781631,1221.597666943144,1226.556225092412,1229.912780161289,1233.020621319331,1237.2005052057227,1242.0710760422562,1247.9918953871475,1248.538930866614,1251.8492243457474,1255.1593405944996,1263.5194305923912,1268.7206021643358,1277.6164295028052,1287.0732737540432,1295.8834404053193,1303.5403082341284,1314.6565815764802,1329.7481778027038,1346.3653378825052,1362.3573231917812,1376.2959503895543,1394.5341594861236,1422.096156777212,1455.3331260347181,1485.9317681580592,1515.3288717595394,1540.1569316057162,1561.7608956755812,1575.9263137650155,1594.375038018712,1609.4748876326687,1628.8309315155077,1652.5672663629796,1676.9044215801441,1689.6893912898481,1689.8714810012432,1693.584577517115,1696.837647430208,1704.088129111375,1707.636633397106,1711.9160009998448,1715.8242660344188,1722.4950005338947,1730.5419681089588,1730.522679369514,1729.6528391197892,1723.3537136587938,1727.6352839439191,1726.3196742272853,1729.081832462296,1725.035542432752,1732.278809362272,1735.3738872100776,1739.633395860101,1736.2001086347161,1734.8844963197125,1740.095597452793,1743.3535803569405,1751.9038729684255,1754.6547558103396,1757.0043753028722,1759.2444563501526,1765.7526437888685,1765.4728971057962,1768.8253267077037,1769.8435716301833,1775.520669764394,1777.5925953849885,1777.2626584430052,1778.188937551853,1779.3066903742176,1781.6642917621368,1785.962447102378,1788.085093147778
395143,91,"Syracuse, NY",msa,NY,,,,,,,,,,,,,923.3543197666178,930.6917467814029,941.0843837128829,952.9606181284872,962.0835209270713,968.0918636097103,956.6718503715865,945.9916707218314,945.4587149995194,953.7914030590096,958.788894125305,971.9685427833997,977.1031031305878,997.6649269142634,992.4525411701841,980.2978308182484,956.0461578604342,958.5743451258086,971.5506132872785,981.8518010645128,988.7284791756061,999.3597223287826,1003.7091476568587,1008.9925969291435,1007.5401402039971,1007.2984826176502,1007.737132433806,1011.3989847066558,1010.1196963041903,1015.0340998673996,1006.8637764945233,1014.8061172207107,1014.5022902254094,1021.4660268040491,1031.262403428444,1029.2981925545091,1028.4425308111329,1019.2024212885311,1025.7505773706064,1032.9488974004198,1049.7111819840393,1049.748972851959,1058.0638888071628,1054.8927651522672,1058.001756993686,1051.8230861017616,1047.612901328128,1051.1662596304218,1058.7247601128197,1068.8301284996503,1081.5502124093807,1083.122652841756,1088.1272774498134,1098.0683663991597,1104.9552745599647,1112.5414782695348,1114.0988969234188,1114.7239051976069,1117.8666459667456,1118.768816767097,1130.5447789069522,1142.1283841662575,1156.3189951672857,1171.866691769977,1177.8050883669391,1192.9016074683566,1200.4231118493235,1210.2035328682166,1226.2381445297267,1238.283438498332,1250.783172066185,1272.0860978149435,1276.5997957611894,1288.5631707507441,1289.8571704406097,1302.3113548985089,1323.5816748876287,1326.3045401071665,1338.047840474989,1341.9937427602872,1351.1864055294247,1364.360645654634,1373.4360440600528,1364.4051450078757,1361.6687253111138,1358.9502114674406,1376.6065358001354,1385.7108775454708,1395.6751147745251,1399.081360080633,1402.5304427563842,1409.009068545832,1411.6817589729803,1419.1489267091706,1427.446150647928,1437.338003048626,1457.1325235223676,1464.7456107283663,1474.8624138904631,1472.5028578084987,1476.537202145606,1487.9323635275307,1497.3036359200717,1503.3120505452805,1503.329254586386,1516.920064966376,1521.6751959759974,1532.447868255287,1535.433075171042,1546.3961293556422,1546.8628903485896,1559.0843973952453,1564.1538422928197,1570.6041107839012,1576.746397854459,1585.5432456945282,1599.5558010628097,1599.4525468081972
395006,92,"Provo, UT",msa,UT,1039.8325247407556,1037.6001705840165,1047.3951830471542,1036.3505096392657,1035.8705466072645,1034.5612927393518,1046.2196130473994,1050.321998297964,1057.8889521915225,1071.451346509446,1087.6985982143817,1095.4076284203754,1093.9623383756675,1091.155513761994,1086.101155542102,1092.712841486768,1101.125000284792,1108.6461838072928,1110.8765315596174,1118.9834355309338,1122.7936794775464,1131.4178713756273,1129.6654337360592,1135.1174115951753,1135.8877686584938,1145.9652660700872,1156.3269756011737,1157.543732685738,1168.055808295422,1170.9356341529617,1179.338037805372,1183.3516860341729,1194.304936563201,1192.3526571811362,1188.571248642876,1189.637031301011,1202.4953267406158,1210.1026943151642,1214.3410646456973,1223.664379821291,1225.3541629385675,1227.73574690012,1231.5668009809467,1235.5701306786925,1238.884188021731,1238.7003921676403,1248.836680538721,1254.4834309045546,1261.6915518907301,1262.7439381494014,1266.377751848519,1268.6476464337459,1271.0796497890465,1276.9483452765433,1279.366425185,1282.6007548591124,1283.383745131829,1291.8152467084865,1294.8837785323497,1297.3179156744927,1293.5529042855835,1294.7674112304962,1303.432262479978,1306.9157543647505,1303.3829908611876,1307.3405566647418,1316.4415620386433,1325.7209549442773,1329.676494383157,1345.4564610199138,1358.0981516728407,1374.6429853823074,1388.0959105738245,1395.5726845062059,1410.913055836662,1422.3176143360054,1449.1413127640621,1466.6150871716975,1489.253835792756,1509.2905530186943,1538.5859040130624,1564.5712279830168,1583.1895444262427,1595.1411174512712,1602.736694309252,1621.8487274699921,1635.2962585014157,1656.088241276506,1665.2533185471357,1677.6939714206553,1677.0591818744888,1682.8069115906576,1691.3140194087632,1685.3684371240333,1685.5900425901784,1681.8373246618387,1689.1075159816487,1694.0212383432727,1697.722248956132,1698.4757255678494,1701.3508575686608,1701.6810433630287,1710.757234936428,1708.4894426576027,1708.7825206400264,1715.9408389876965,1720.225061701615,1727.391941555985,1730.8390618769783,1734.9370236136501,1732.9963224197122,1733.9559295342226,1735.9491728742973,1742.6346174652092,1741.4934074729142,1749.315235255707,1744.9184911927907,1745.2893739029848,1747.61043220673,1750.5470715934298,1751.6320065701525,1750.9114004749965,1755.9944780649573,1758.7310603217206,1761.3247280610217,1761.0950249621883,1764.9532818230111,1766.177592596256,1774.5608539435982,1779.0352240204645
395160,93,"Toledo, OH",msa,OH,677.3803671775007,684.1806503998763,681.3400547143792,684.9182115158875,685.1120453240878,688.5957525486116,686.2779437215736,686.037829299154,687.8255856168269,693.165850958304,698.9335512009294,700.2212520964547,698.9392338998334,697.0646577658795,700.4874060041302,705.0688027082092,709.8047263271692,708.8562309296296,711.8161756614616,713.7339009348261,719.1880220776458,722.8353990945775,725.81468170305,726.6012700465943,725.5661028557652,726.4353697631831,726.7696374423125,730.5145516853481,733.136393307652,734.2988563965679,734.448891806479,731.8996073026939,732.9053292023674,734.3913032565937,738.6821208219409,742.8516562706016,745.6266986080849,746.8476316081823,750.2929600402622,750.7152152063577,753.715352639717,753.750304239813,755.5030869642895,759.5787072810805,761.0362719272176,764.4790128977212,765.1830153227523,766.4121633687063,769.7709578626109,771.1299804663545,772.7962285525607,774.6927954152882,775.3157924128678,780.0399035046722,783.3640386258371,786.4423577187381,789.094486398193,790.3116243976688,792.4669234689027,795.057463875054,797.2211562114707,801.5021554192896,806.1247938588551,807.2966075538467,806.3248518710475,810.3259056762954,812.4361937879111,812.3944030381681,815.4735885293245,824.3460330340008,831.1327353967044,837.8159929208907,842.3326603641495,849.6036292706675,856.8474235655848,864.7872943914239,876.5016944249319,884.3187956372793,898.5743982469658,910.8351720992365,930.5320209160473,938.1585469740082,948.143485265604,951.5401880343115,958.6052134916376,965.2729105632864,975.034831416858,986.291552828014,998.4238938258552,1013.4821246759753,1018.6609232649946,1021.6656823245751,1012.3295916949648,1009.8821593814786,1009.6068937405729,1011.4336346531528,1016.3461112615095,1020.3788518918191,1030.995958771593,1035.3285810062494,1034.1976146466277,1028.9806458406727,1035.1553088777732,1042.121863157422,1050.9792569704834,1054.7320885085996,1058.8458490361893,1064.0166259047435,1072.0587046539517,1077.562767341353,1083.3860401575207,1084.9009659057554,1088.4447447266018,1096.147515230444,1100.8112926969902,1105.677581021237,1108.3763301428326,1112.0743497341684,1118.2424151950986,1123.7600376429875,1124.495760438323,1127.60143873177,1126.2909054195786,1131.1544968232915,1136.834401011828,1140.8314639123048,1143.2087038535667,1145.3924721582184,1150.520968000945,1156.266023951542
395224,94,"Wichita, KS",msa,KS,760.3378578294919,763.9153017761719,766.0062636191957,765.4936665159781,767.4644782067551,767.148567051621,769.0839495518538,770.0818159090518,771.7405664826465,769.6930446473625,771.2013061214848,773.8637251813906,776.7942863612474,778.122093462513,777.416797501891,776.7871614857333,772.3721669734953,772.5362427297526,773.4167486512047,776.5920636526383,777.3596194616288,780.0644272882488,783.5649777134014,782.8519927372424,782.1581345231025,782.2587410393623,785.9994721759291,790.5240760806416,793.4497832380151,793.7806471121842,792.2315244241444,791.1159831130593,792.2733354824588,793.0883129628558,792.052447167127,795.751351039828,799.3468657495944,801.3624307759177,800.5047160531983,799.2670678146761,801.8099973177482,802.7782551351154,804.8503217736072,806.1367608484024,807.3160876603278,810.3146241687965,810.4794187031023,810.1739650828794,809.4931708104722,814.3684021340142,817.0029667360452,819.7697452383948,821.1885047228493,824.3434099383759,827.4455781127541,830.6510561791902,833.4031557890883,834.8170964230039,839.228130170421,842.7287623972211,846.756348239028,847.3197012028953,847.8308910436787,847.65083605334,851.9509274783119,857.6168842488615,863.0963195172878,866.2836180280785,870.383502766921,874.5271742278475,878.7257054844849,880.927493385836,885.0189726956102,890.4304060523128,894.9630136993552,903.8129887980115,910.3507204869012,921.4361610924243,926.5567471922452,935.0377498472343,939.7093672519154,947.7628590625322,955.0676061540436,961.4695564530732,965.3498846116566,971.4235068634098,981.3260278679559,988.7494294323653,992.0111938348361,994.4566292965134,1002.763201919549,1011.2694554821654,1017.1285584555484,1021.5377361045312,1029.7654629934461,1035.826374434817,1042.5229486385883,1045.0573584586189,1051.3193995651911,1056.5817565937164,1064.4750644610306,1066.0479319050683,1068.6748608067896,1068.701868752624,1076.4374202015404,1080.9572827641678,1081.9406145666285,1090.0624486587535,1093.1842610341296,1101.8278443892716,1102.4562137692162,1108.358815956494,1112.6469869345476,1115.8605369299044,1117.2310516937353,1118.7858454446737,1121.679833822758,1123.2416210059296,1127.1631747791419,1127.0011265836865,1131.023535752158,1132.4210332807195,1137.4483860549115,1139.447183311719,1142.499479670805,1149.7129938129945,1156.8996868309039,1165.3014962635802,1169.7194024865996,1177.3163104320981
394549,95,"Durham, NC",msa,NC,1029.62502304627,1039.1672663084044,1043.1945528174037,1042.7671327164726,1049.9856709288727,1050.7403090774226,1051.8948121163971,1052.6296305271514,1052.589915084725,1056.2147378761783,1064.0277429557689,1074.4092525757148,1075.4694952039106,1080.1682434347522,1078.291220156927,1085.5433213468757,1082.322837821278,1087.8474709418945,1089.83445125493,1096.4958868177368,1103.982445006829,1111.9133548888317,1118.7670059269876,1119.6756381591028,1119.03555526063,1120.1067527118335,1122.730961401886,1128.5267670412184,1131.4377460958167,1135.6649540426404,1141.1934057313217,1147.9267478563409,1152.3610256694817,1153.3889813869362,1152.773348952549,1158.820160640568,1165.119165396171,1169.463322631328,1170.5734515631023,1174.6672312877606,1178.3587349974594,1180.547980326951,1181.846517130015,1184.6411533215964,1186.7675063286224,1196.552818517514,1208.6444292383546,1212.9327312006612,1215.569960176478,1215.408533520752,1224.0302381224792,1226.742374633803,1233.222813532548,1238.5078811083,1244.5718187357204,1247.8319807488813,1252.6576821390852,1252.9647013959723,1252.5108557465878,1256.042357845639,1261.303937413393,1269.2081673745358,1277.6395203745353,1273.2797468256076,1271.9003086233279,1259.944887731691,1261.6810164144586,1261.290191366828,1265.4896765549397,1275.2257582439997,1285.761722211635,1300.2901751281706,1304.9899773015331,1308.3816474672064,1306.1625665554104,1322.9435459843426,1340.9358827737976,1373.1802719093769,1396.4219716271327,1424.3264132531945,1451.5954989729335,1468.2116711194776,1478.461979218165,1487.2290040013293,1501.1907106474264,1519.1720183226857,1534.1264837816766,1547.9507267353993,1564.6073367890303,1578.9908702657597,1595.9342396777172,1600.6073550180936,1601.5270460384854,1598.6354186505685,1605.6124571904807,1609.6738569756565,1616.41872287864,1619.8860250221514,1625.6647059783709,1627.330755873335,1627.599824085653,1624.246392674913,1618.9059176068727,1617.541198550224,1612.1830478231052,1623.3760301039815,1624.0641925694406,1635.107144806566,1631.3318375405468,1636.5724126583784,1633.1426489819098,1637.2094401342183,1635.0510487540935,1635.435027903679,1637.956238309607,1644.3597768746902,1647.8413406808747,1643.722330571919,1645.8391457022917,1641.2508285152933,1645.457940895031,1643.2915194544037,1647.0207842687632,1646.3600995712468,1650.2231130580922,1653.6208941451023,1655.9651280958572,1655.5277741580767,1659.7876665031717,1662.8652137392316
394352,96,"Augusta, GA",msa,GA,825.4310063024882,826.989548757783,831.397966894833,833.8047629005677,840.6920993723807,841.6394630369324,845.0229335259569,845.7615194926168,847.3839572524544,846.658258024537,849.2532571557479,852.9248875236548,855.163500562744,859.4531782947563,860.2195402196008,860.7667265306802,858.1740445410996,862.7434798840641,868.4548844065308,872.1384067247967,872.9018364047365,873.6454349282279,873.3811107264239,873.9628020231954,875.7572755880642,880.5125184299949,884.1006512799279,885.7010441448328,887.492695515131,887.5926740332906,890.7161643355507,894.0778750941015,898.5950498747371,902.2568699508354,909.253478850703,912.9099564040168,916.7355641445944,912.8379172092508,915.686574697681,918.8778189436018,925.9057170150818,927.9178817534013,929.1654138672413,928.8898855594464,931.6078099446432,935.1418436875549,937.912396351497,941.6202807585648,943.9475576179635,951.3003176122169,954.5318732947185,958.6470548835713,960.2537122627944,965.4116683886316,969.4601650725361,975.2101680590887,978.7666138318872,982.323311521115,985.0453490005524,988.6380144883988,993.141129891525,996.9803342696675,1008.662625396141,1012.5791463534206,1018.5098131122721,1022.7183286540758,1034.772680139926,1047.3410250708248,1060.3338295711656,1067.4633878152902,1073.1257001283248,1082.7973312626916,1091.9583615783743,1096.9786889236254,1102.6015395403592,1116.5824548431472,1133.1915464487304,1150.8283647519338,1163.6702558904083,1180.4556901726216,1190.7666201064474,1208.0746375974995,1218.3978290223774,1225.4800882650266,1229.0465495175747,1244.9854890924025,1259.274624775501,1266.7052777100241,1271.54447201196,1278.7132924240395,1285.644946584825,1285.531227055868,1285.8087578514658,1284.1586182594558,1293.082628852326,1301.62347725254,1315.5263159072758,1319.6829083959371,1328.7328102376232,1332.1242547061213,1339.1005671805503,1341.5637078770276,1350.6563493035135,1354.7252528216236,1362.4491141185993,1363.2894575601392,1363.604577572686,1364.8074796362987,1363.3310790852229,1362.9845827582267,1362.547185457413,1369.027424194401,1375.9735760742556,1383.1632878579612,1388.0237947977866,1392.2468009617212,1402.2865827090357,1416.5618551996588,1425.2752406822617,1433.5919718677164,1441.6350908886532,1450.777502068803,1457.5808579266977,1462.6387556367094,1465.7183041985277,1470.048219876593,1472.785697088866,1479.5377580194336,1479.4224090016053,1479.0451730486493
394957,97,"Palm Bay, FL",msa,FL,966.9256647624255,977.2671465423768,985.6394868345224,996.53971905346,1003.9313742433587,1012.0599003276162,1015.8366321906205,1023.9095745768888,1028.2539174736291,1034.201864152207,1040.4352280489984,1048.6103874063547,1054.8667175721341,1057.0606762863192,1059.8050797044832,1061.2559523087732,1064.7947338918418,1071.8804114721158,1081.895786911235,1094.3219838770874,1101.1019051877577,1105.9034536320012,1111.07437724195,1118.65835395972,1127.6409775445115,1135.6224785327215,1144.9852698608895,1153.2617886597839,1158.8679284648586,1163.266416983382,1170.157730129972,1174.4991916733932,1182.8491804668874,1191.810855593985,1198.1881727692598,1204.430640637911,1210.4065555565708,1218.2770909278013,1223.8620537498477,1230.621256836722,1240.1750443936362,1248.9232035520934,1253.3587332705192,1259.8687637031405,1262.758231794257,1270.9300397236752,1275.3576705631285,1282.3871368650653,1284.6143357277356,1286.3536767036396,1291.1662658471146,1295.7453564911107,1299.1083659321914,1302.8734629056753,1308.1254267771728,1312.2573875784544,1318.511746181547,1320.6152707113795,1326.8784502436667,1330.4866083944003,1337.6874958965595,1344.6741261286215,1349.9503370185878,1350.3840342611177,1343.9073129692842,1347.8527119432852,1354.828806331584,1368.0669857696716,1375.892192301101,1388.7006102399278,1401.2504879504704,1413.5711773294772,1425.9761010330415,1443.9358420325425,1460.487056595273,1482.1439805398586,1510.941039201831,1539.4575339846926,1570.7184791512275,1601.4857027025264,1642.5953505511377,1669.7943115679836,1694.5117663405326,1713.5784900583556,1735.8683078802987,1749.0513010884845,1768.3071937001578,1792.8831536422047,1814.8379685759323,1836.8437720193247,1853.7207954454273,1859.982726647903,1855.4236824257896,1857.6771023586982,1865.5639069779395,1875.4399152478547,1878.8359414196118,1881.3428902116298,1891.4710836999839,1891.4130223620298,1896.055081128441,1892.6473793463776,1890.9538669985157,1892.1760902645053,1887.2339618282144,1883.2605513867172,1879.2280437258505,1879.7697275677617,1892.3216815415294,1900.0952484010038,1904.2145411593995,1903.5120894656718,1902.632788710805,1906.1855640940828,1909.31345423864,1914.6540460138497,1919.291518751509,1927.3833956330704,1933.8707258523036,1936.3243136388883,1931.2063986425028,1931.3017087880046,1928.744208779413,1932.9626285694992,1934.9742571671654,1937.086243363042,1939.1790593133883,1939.7548991948977,1944.9096300170854,1945.4908812142394
394711,98,"Jackson, MS",msa,MS,,,,,,,,,,,,,,,,,1025.13825550286,1028.7675293838092,1032.5857609974255,1040.2974654114032,1041.361497996217,1043.462194472807,1042.470305527856,1046.0554326245294,1046.3091961578107,1044.1045973683465,1042.4186300632045,1047.374233251277,1057.2387895693794,1061.289227999591,1059.5782319059047,1055.2843332990647,1055.812566221085,1061.4251600823666,1065.0242288734441,1063.7434485078727,1064.8176399294186,1071.2704393361628,1079.0160265285335,1077.88480112793,1075.5330418643377,1074.38008169753,1077.7619307548734,1076.2316145978634,1076.827938152934,1074.0755379649759,1077.2385046948968,1082.5608689137975,1083.5910855381217,1086.7513304688289,1086.7964141660293,1089.5874439948611,1091.9659703575705,1094.7225029537167,1096.9317559373467,1103.0587244909427,1106.4716732416964,1109.9967462296563,1110.3192147572788,1110.386983264039,1113.191076369053,1112.6931094222036,,1133.8371903060201,1138.5677925493862,1128.851645995209,1124.0594878724867,1132.7559796817266,1143.7814553011658,1154.892293145726,1155.967801572637,1157.8304725633259,1160.1284366042853,1162.8126641693416,1168.8830267598103,1180.0955758975583,1194.184513171316,1214.0266402339757,1229.4884384444388,1235.051954064064,1233.9631170691441,1235.8399642660434,1246.30082410151,1255.8035505384057,1264.4531164190632,1273.3535398463107,1279.8555513273307,1289.3019644223796,1292.2838354803382,1303.4231987524981,1316.3724253656424,1328.555206256496,1336.362198827517,1339.5749388272586,1340.8797639931452,1340.3654616630508,1337.448844155776,1341.2319493114976,1350.7043129748147,1361.216436294545,1367.913466784265,1368.6368363991828,1368.1373397395896,1364.0028080471957,1369.7315948653566,1373.911194106824,1380.8613247508981,1384.3812124017632,1393.1499749115567,1399.5249843215752,1407.536467245455,1411.5956773331836,1424.8041118554445,1432.2561057504442,1438.3531680444923,1443.3498313371367,1448.2413452039289,1453.3837140818457,1459.544207541739,1469.3583567510714,1476.367080478379,1481.7736982047397,1483.5150270541635,1487.078176120741,1486.8528614604481,1492.2916756300835,1499.2825945368807,1509.5528653291112,1516.0084893719581,1523.8681019802461
394666,99,"Harrisburg, PA",msa,PA,836.7539346818213,840.8307696065647,847.7288309694933,853.5900447092937,853.4600515945699,848.1829313994037,847.9796977172346,848.0336782058426,852.6097762280253,852.781342869627,856.9611731458095,859.3885430306722,863.5642867314065,863.4806440122607,860.9115429583575,863.0444742620141,864.8443080404836,873.5548075533616,875.6700148977773,876.9478284101458,879.2520017707307,879.738238585732,879.9222906488058,876.6087653011789,879.890898415586,883.6295343480585,889.7681445612986,891.4960025175774,892.5256971663667,895.2623435154175,895.8301130032158,898.1043399174448,894.6313433627623,897.8489245906914,902.1269909296942,907.4642963038206,909.2277087190926,908.7741575045005,911.7728515285537,917.6573165564707,922.7477139038403,925.6341165123347,928.0445852426901,932.0314138939267,934.6863109441877,942.2800310779057,949.5071365666258,958.4602448163076,957.6877507725756,956.438611401052,958.363777763994,959.434261519779,961.9392694061656,964.1752606235585,969.2486525383939,972.52049622139,979.4797510044453,979.7915084420538,979.9530431872911,979.1371173471347,986.3324598400567,995.2791214159976,1002.1862583751808,1001.708498197659,999.8185493049493,1006.2116561429572,1012.7042976543626,1020.9171350368492,1022.1979353709603,1031.4640705153704,1042.0190883773457,1055.5944155463358,1060.042993162359,1064.9757279186015,1070.0153335951877,1081.3656284747792,1096.0420274872831,1114.0306828420648,1130.0166878403234,1146.0056422329749,1161.3663054564074,1173.274569783162,1182.9538030155734,1194.0280315587136,1203.2752421922587,1210.6789796926585,1217.0370371643369,1229.810357222447,1239.6954803509134,1243.2598637731192,1244.683995647084,1246.005597556391,1249.4366177325578,1251.9725459644544,1255.1770230999225,1253.244866906751,1258.0989713029353,1266.4966381983445,1282.6235218130987,1287.0691078861055,1293.3439588870365,1294.1467669326532,1301.2031199023872,1304.0788061473365,1308.3593506580903,1311.4596942636542,1314.1130658279283,1316.6751499295594,1316.181824934968,1317.0745921955051,1317.249812594991,1324.657785068968,1331.09362671138,1338.1592730033756,1341.0105516476585,1342.9554195412763,1347.200119018677,1353.461865024753,1360.1806029826314,1368.8387216666208,1377.0217866297396,1382.5885699182409,1384.9233732230873,1385.8502206591904,1387.1482459315264,1391.990345471446,1397.5185759429835,1405.843937647285,1411.1149675400732,1415.6109303669743
395113,100,"Spokane, WA",msa,WA,745.5590640423931,749.8183436542314,755.2468030396818,758.8338753080138,758.7818607808953,758.8561233889109,760.7760132570133,768.6991914079279,773.0066371952767,775.4515496405912,781.3415222006272,785.5214149969382,793.5965854211921,794.3809478910713,796.9588056433338,799.5297330534017,804.2643254302807,811.2523274472197,817.1076592755303,822.1788533231246,827.422950978785,835.8419709828004,840.4028981807058,847.708804160557,851.3858838687744,858.2562567168953,858.3581595870365,861.5286769809597,868.4774065861403,876.6952494779744,883.8406130718874,889.3998288878503,895.4234114034006,901.7260393634049,904.8843241184602,908.4237748167137,907.9577378157089,924.1350558414662,937.3809129102617,951.7789698783141,951.3039658421983,956.0571924114108,959.5302276068035,965.6811621193388,966.3958156893277,971.01097743873,977.4907442255488,986.8749307443032,998.2783452216488,997.3781390679665,1000.3601881881498,1000.8506725991531,1010.6596822938566,1015.0615404033651,1021.2019272074414,1025.9485650696165,1034.709589486325,1039.3669253255757,1044.7514668181332,1046.8521518174587,1050.0536299533692,1053.4756954659865,1071.0910849795982,1071.0781888948623,1069.924130890206,1062.9944891718903,1072.343803552906,1088.503216438467,1105.8004433154033,1121.9582227394146,1131.9486515931344,1148.7235678394056,1164.1703698804417,1186.312845328668,1198.5562395347542,1229.6048546023053,1264.993888116744,1311.985125571814,1339.8193093651964,1356.133318065708,1362.5798193435348,1363.697027824065,1369.681221064616,1377.048846985162,1388.1345343466116,1397.1724753092133,1408.0962130694745,1419.452152577743,1425.842608538285,1427.0302146710137,1423.5272863347034,1429.2012978448238,1435.3299939391072,1442.4508569425714,1444.7870177623906,1444.4902619679126,1446.2027577306505,1440.0612377144548,1440.699158518401,1437.7667891154506,1438.8983399450685,1431.0186783264517,1432.9366297911554,1433.1686024787878,1439.2399927054244,1445.2780830612119,1449.3570623884705,1456.0343683717906,1458.723358539744,1463.4963839028553,1464.2833836276948,1461.2145113943564,1462.141900784666,1469.6896525367656,1476.9282429780176,1480.9556970631438,1475.7890580984426,1481.4790898064539,1484.818004161718,1486.4460878678917,1489.0686209628277,1493.7121263043296,1497.835206591855,1505.6298845775898,1508.9751272911315,1511.9971760194178,1511.8589287876953,1513.38491612076,1519.0903678443735,1516.2918078753457
395075,101,"Scranton, PA",msa,PA,723.5285305878823,718.2448177216298,719.6501226534214,717.1474007443551,720.8869319756819,718.5074814379994,719.1620398788218,717.2347258574113,723.4828000106863,722.4295223160877,727.810405411809,735.5701170622777,737.1667181540763,741.4065255989801,734.9091711722524,746.0402932430968,740.9270237185385,747.4559477863043,743.5787788142859,754.4101493729831,750.0000746979146,749.8636843559232,744.4331535984406,742.9549556614899,749.6228207938135,753.1606625281306,762.5468350590221,758.054697990737,760.9500618608361,760.920535001894,767.6755283596783,768.6928901017903,773.4905496126614,779.0026995493189,779.3676564777186,788.304742699838,783.5110263428177,789.6550896753582,786.820661176891,795.037970232742,797.8484551152497,800.2892873610314,806.6706262127565,806.5922536674708,811.5474172894328,812.1370719148939,817.038101381469,820.4894183487718,824.2379850905027,828.0580139182115,834.0946602584806,834.8643620689671,839.3981590963228,843.4047239864949,842.8222357752903,847.2199057176558,848.6278976879097,852.3919188686914,856.2276077164067,855.7868171914563,860.3187511881453,859.6841223638692,866.2304068139543,866.6650395661677,880.4762284015795,883.441689999145,896.5748239481449,898.7161657056571,908.2318173038498,920.4647742032413,925.8534041876617,944.7311448392999,954.4936726973657,967.2350348496211,975.9016997074184,988.767823929392,997.4461433602947,1014.0161281906711,1026.8533575357058,1040.9600612672155,1045.603215722929,1053.8748234793757,1066.1043126648012,1071.4078861625517,1080.1173615803218,1092.7689351902459,1110.0389823834128,1120.8298488652438,1121.7373506025394,1123.2697991372554,1124.6516904268585,1137.4386485999132,1147.607464624187,1148.5919167902005,1146.1893319556345,1147.0189882733016,1154.824797411547,1156.1312462678336,1153.051416229915,1155.8286831930304,1164.745748442736,1171.723302775528,1173.5214073092752,1176.819703548667,1183.2342247809213,1193.1670015747407,1195.8726260006233,1200.4477760357947,1203.000045266351,1213.0957366118828,1216.0393195899808,1221.2727804354317,1220.862443305403,1228.5832418714288,1240.1587386766853,1240.6117156634875,1240.6764925527473,1244.9065851215623,1253.9209669824686,1260.5011832576283,1264.3133669976778,1264.098443274774,1270.5194412124458,1273.0524201208461,1278.7931850902344,1278.3308223561098,1277.367572061411,1281.3585234440666,1284.5548138301556,1284.1363071713395
394460,102,"Chattanooga, TN",msa,TN,829.7169321619633,836.2209547969671,835.9731869690811,828.3253042348338,824.741980641053,828.9588910380671,840.3238368290273,839.1987279702817,847.3718191050343,854.4231427373494,863.4842810336028,857.1782557640132,863.1968704453169,861.9779041844909,879.8132238023943,878.9875409710611,886.5888489812417,876.1939042707154,877.6566284122426,876.0192499300617,876.1667045710343,880.1911600341847,879.1158685188307,879.95216276822,878.2794517311203,888.3434403855848,890.4991161630784,896.1535030914494,894.3626613631108,903.2229054715395,909.820326293559,916.9833947823631,921.8932947514696,921.5239817001251,921.1724481988052,930.0280425644133,936.2200193711998,942.500653963985,942.0199438094534,945.6644477910903,950.0779050811461,954.7671306957029,957.0602040378028,960.6590737282411,963.1226169041819,971.387097996873,983.557043052248,988.7766228544698,991.8710996353371,989.6810537412573,994.9904705672095,999.5698467983624,1005.3242254797343,1008.8965350349192,1012.6822687625286,1016.0998840604024,1020.7974913038963,1022.6315810347471,1022.3083441357154,1022.6242276801601,1026.0112725321626,1030.9386562083614,1040.9031918715561,1048.6029347683532,1050.1274739281796,1050.502152483843,1058.0714061195574,1067.7934038384735,1082.883230046998,1090.3299008186552,1099.2644209502878,1104.611480370928,1110.7706783430908,1115.7852034691728,1120.8504319711258,1138.3794866331498,1161.741851464279,1185.2650033911082,1199.9966608703423,1216.3452157661686,1234.698546340872,1256.1389132229383,1272.2820034162098,1294.8829373281376,1302.341249706411,1320.7472080251443,1332.3660440660494,1345.0650117995772,1351.9883555867088,1357.8027090427465,1361.4179123644979,1362.0375495664516,1365.008875340295,1368.3041532617947,1377.3447780823292,1373.540360569846,1386.8953859124485,1388.245146674972,1401.1579689286293,1400.7595163683382,1400.4450863497557,1404.6010416619588,1414.491643169376,1425.1762839309215,1428.3952703290986,1432.9042313817924,1437.6230094426962,1443.0548357104497,1443.8067593534297,1440.4452638688924,1440.1854598961431,1444.4100754237331,1455.373055824314,1457.4317354861137,1457.4548428265473,1457.1025806045159,1463.8786239801727,1463.0032921995146,1462.1154035580867,1465.1047840710903,1465.7347614113291,1472.4501287386997,1471.8292800704405,1473.0002715645228,1469.2530675236158,1469.6730739008262,1468.953795707722,1468.0910142603768,1464.3330226663945,1464.895461750332
394871,103,"Modesto, CA",msa,CA,1013.4768198162042,1009.5853412340269,1012.7916375677947,1009.7682124431528,1028.2348699909983,1039.6751763112925,1050.6947113284266,1052.238574507137,1062.839348100345,1071.9127383738576,1079.8471033678884,1085.9328391250988,1084.3131843842034,1096.5251714514118,1113.8620327625613,1136.6626815822215,1140.2794676207145,1140.0305763022488,1142.0210004370424,1156.2142252725052,1160.8760992975394,1176.6240108217949,1186.6421230908302,1199.3513443235986,1205.669214529754,1215.6529210814106,1224.5460500496497,1233.18542250335,1237.9918215374623,1251.176777531112,1262.5433451263664,1267.9102705022883,1276.723784709086,1269.4597863872307,1276.0632833248387,1275.7973800165364,1294.7168382003822,1300.0723607815682,1312.2095195166346,1310.2203866056468,1322.0957020589397,1325.7264735395395,1337.5468358525616,1344.0059152103704,1357.1135092151537,1369.9265277671993,1376.1779567865228,1382.5463378223867,1378.5542526761105,1383.7078444715457,1383.1635067355642,1392.9986232232773,1397.820626351944,1406.0474742561044,1408.3285320999266,1415.435811409905,1417.3612247852823,1425.37867028724,1432.8127692704966,1443.3201553740328,1453.8080722478428,1463.152288812902,1474.8522113481722,1480.6759433247646,1489.3943179190521,1496.7462933500647,1512.9109808872986,1522.6655555810107,1535.284721012218,1553.962115529165,1572.2743095196822,1587.8514047409478,1602.459790305309,1614.0593981767129,1630.2180633877804,1636.849429518726,1660.4138259604717,1682.8085880810756,1713.4305557001148,1730.3477198964572,1744.5634722372629,1748.3794802271564,1769.0141984140605,1791.328986090321,1811.8481247775064,1826.1736036741083,1842.353487243095,1868.4772994711914,1873.635508950184,1880.0281454760134,1872.2182346064776,1882.1970951620656,1883.255473822492,1891.579991188107,1888.2889076172223,1886.2220249175248,1898.9411834550897,1904.5187491035442,1912.773562917547,1907.18318732221,1914.1308967659436,1919.2608886336159,1928.9976632734108,1936.7928888683255,1951.3501064237469,1962.1945743749689,1965.1573015019294,1975.5596048180325,1979.9687304943548,1987.2594817270076,1986.6700750470752,1990.1410486126404,1995.776288729677,2004.0193322805994,2008.3550870162558,2014.8451375346299,2020.8193400609484,2034.1153579266047,2046.44525791953,2051.3211922068435,2052.946137528191,2056.4098047640946,2063.1860517675645,2070.900057157689,2073.5697150101123,2073.7956455482326,2076.409704419028,2073.8245290296245,2069.0241512086045,2058.0531738118975
394768,104,"Lancaster, PA",msa,PA,797.8739282143456,800.6950089837459,807.6093320461387,810.1642656482144,813.2523825794265,810.8507571074234,812.8024382012064,812.7568013150398,818.1026055906187,823.1771463102111,826.4590181632287,829.4925965147576,828.1333971713871,829.1827047416699,825.3737127210786,831.9184676135552,839.6697831391674,845.8229113946696,844.8587250135427,844.4971077759557,844.2520723707578,846.695173664417,849.9866291255848,855.4516632339719,863.8068051383764,867.8420392645814,868.9088655018901,871.2615236618784,869.6262091150481,874.9036116861803,880.7599722050878,888.3388097277946,891.5963454388491,893.0451376323426,896.7155341045761,900.5680955604373,898.9828756408697,904.033232863123,911.4578813321983,917.7171265096943,919.6703613701983,920.9171106937454,924.5715297321332,929.2769358909769,934.6063760208266,938.4742161857192,941.9470351109613,944.4286184053472,949.5497570454414,950.5511945545707,953.1591285220029,953.9215551072459,959.8440142937451,963.3444219996809,966.0428081781417,966.9750387141498,969.3868832937294,973.2876084492713,976.1712919186141,979.2832233246934,982.5543852625002,986.5359721024417,989.8184919709988,990.1091150333382,992.7237201163529,1001.3471752546976,1009.3282457895859,1016.9759881361864,1025.6899726345982,1033.4287976873352,1043.057049202158,1050.109235167046,1060.8507936165504,1073.6194105407267,1085.4933846771182,1095.9765393999098,1104.0907246087038,1110.855356700463,1123.4624128018565,1131.7810302466535,1142.5143614596798,1153.1883604142092,1164.082643611863,1177.7877935066244,1183.0526344290888,1187.733166745229,1194.6026318639922,1206.9866929706927,1216.781454167936,1229.7262988089433,1236.3356718906393,1249.1050561494194,1250.3722370723845,1259.8019659182087,1264.440728764593,1273.1390826672687,1276.897818624574,1287.462514591013,1297.6813529425606,1306.621215835969,1311.3217829683822,1316.3567498314933,1318.2289856520536,1324.8950825266913,1331.2388925944365,1337.052246027273,1337.745588387557,1346.3366478741386,1350.9523476012225,1355.6634282744853,1353.4794621659605,1359.8150875809126,1369.8876562474918,1378.526729236813,1389.2884169825668,1390.922219662765,1399.550353033924,1404.0017951527234,1415.4591123723599,1417.6494727679944,1427.0179897105393,1432.6012947642848,1443.0818546925102,1446.0158052397023,1448.5585607413411,1451.222693035414,1454.7930510660744,1461.5821135148246,1465.159315164082,1470.140460845125
394997,105,"Portland, ME",msa,ME,1214.2010726802425,1218.989061019093,1205.6769883371453,1219.6331108838808,1223.7651400609886,1246.3636196360776,1245.156199530743,1252.6004708232942,1242.5031940835129,1252.0636135434895,1265.5196352042685,1270.8216695321635,1275.5725134810675,1283.2313241903655,1311.072733333014,1323.292270899069,1314.929852894481,1310.8727230443865,1308.3578206710351,1331.5705985777474,1339.5991269980605,1348.2487202457987,1324.6485237251443,1336.7915183885518,1343.7412786954399,1354.0643338393027,1352.3404804832705,1345.6895368627297,1364.226879425609,1365.627761471757,1383.5510593126808,1377.4162434764662,1383.7320635015622,1385.8113050944983,1399.3548611188417,1400.4832052112836,1396.5645405421608,1401.9278054215742,1402.2846126373333,1408.8545453181634,1408.6749243445504,1417.6115027910394,1417.541624408785,1431.1901346169445,1444.1221192589373,1459.1958159631236,1463.3970490338718,1455.7650131230052,1462.6620416784635,1464.8311161898102,1472.7915854468963,1481.181745564682,1487.1556594724111,1493.5642543113008,1499.6504258078257,1501.519132260788,1502.0845775574107,1502.7924113642932,1513.481206123096,1532.8062819245936,1545.1076774018559,1556.0814200304599,1565.4348140704708,1566.2779378032724,1566.9355476113533,1571.2704591072074,1584.1141209055083,1597.6953853371524,1611.089494106311,1632.115300121597,1650.260468545803,1660.7005407014285,1674.3292555755727,1687.4291140624562,1698.76130638098,1707.2358665403572,1722.4498826444858,1750.023715191012,1777.8290925351198,1800.8671381411293,1819.359251915572,1830.7840779788662,1853.1368813601416,1882.1073879994376,1905.0830047946565,1908.4734343127097,1917.560776859501,1927.9945871053696,1956.9452762036744,1966.7584541520905,1980.659108705054,1993.413458858742,2004.101021123205,2026.2718722180775,2026.3757389031166,2033.820221649422,2023.954193068806,2037.6945141496192,2047.2878423212665,2073.052805651757,2080.634666680118,2088.460292143654,2093.9805679817555,2098.4740124488517,2108.6654329166054,2105.8953078767013,2111.3690338265783,2114.7976204262604,2126.2539607708122,2133.8309162858777,2150.0448717401055,2155.918364491322,2165.204230087549,2168.4308939250204,2170.3137868473445,2180.4574832318845,2190.013578702496,2196.257066863425,2209.2040430737165,2218.3349159643567,2230.514511342347,2237.6177118561864,2238.3739334144134,2238.4168938439957,2240.5457440631367,2250.834466889028,2262.2877222109073,2267.9352107085006,2271.3660657232886,2281.2017109623316
395245,106,"Youngstown, OH",msa,OH,,,578.7104702080464,582.7817082118795,586.3949985985681,589.179124403968,590.6649590474233,587.3261624681063,582.4301371022588,576.8126070504708,580.9172513210424,591.28990308542,598.770503388205,594.1723391805361,591.0279801203593,,594.924614065017,593.3618090328189,597.3633864412047,603.0682632949781,606.9617544443475,613.1852663053166,611.4888588599122,608.8319398964612,605.0701639425957,609.6776830843086,610.2636958242899,612.6406272214499,612.3699689472186,615.2880784999234,616.2277404287753,618.1453421257617,615.2206757739306,615.0973912008553,615.67541472214,620.0113989701766,621.4270925317156,622.0681057524642,626.5498157142666,628.3652444267242,632.4714949475477,633.833984693784,637.6927776661475,638.7255704819964,645.4814997634369,645.9309494742971,646.0567690585999,647.4233404027582,649.7866347784726,652.2321434786753,653.2028788272971,654.2596234348132,654.5754204317984,656.4369391998492,656.22189890843,657.5641305804155,657.3469573111707,660.1404010308236,664.1006415786563,665.3082544730294,667.396907665734,668.4351645070403,673.4714593787758,684.0966525325724,688.9525059802957,695.8826785914277,699.8637216614584,699.6912296050249,708.9949971459367,707.1267515544855,715.5610799023514,717.3733961655033,729.3583419370794,736.6807845689508,747.621914361533,753.9475422837965,762.4158051271645,771.9181367228058,780.1821600392684,796.0385758433082,800.9632567834551,809.1817968993337,807.9798323087526,818.3789772652278,821.6307930694952,824.601593896592,827.4955509064221,833.6315755904975,837.6732230461022,838.5211209734919,838.5883937217733,840.2441558655298,843.4416200864757,848.9926684133677,856.1242769448128,864.2984056814688,871.1570664115211,880.345923436456,879.183180743185,881.0382611449817,880.8035762014812,884.4212451179981,890.9455403872955,892.3802113552979,901.8665424566435,904.9399556914982,912.6976244362634,923.1870110635383,927.2232953693215,928.2603218887576,924.6022697314942,933.9956493283626,939.2553961748323,949.9703948549165,954.3895660354535,965.5543637329687,963.9563880936607,973.2608577677644,976.0029154622572,973.4857713693912,977.9493466400655,983.6008266564245,997.9915709916431,999.5901690831757,1005.5979998394628,1005.5052153331566,1008.7222871613225,1008.3156649405636,1013.4894591107092,1012.4681295715778
394770,107,"Lansing, MI",msa,MI,742.3582896765274,759.4310273229505,755.0892399084735,756.4028091297297,748.7478515635086,752.8864633133298,755.2565195654179,758.6764456003085,761.1000910238636,763.6009782877554,772.839625568494,776.7910668017275,782.3363677913975,772.8335071227477,779.2735038200417,781.5337719862794,788.2283142416626,787.0980196335448,788.3876108484216,795.797334562642,791.8648362375773,792.4796480965193,792.0131978508437,796.5921525557685,800.5826114536808,806.9951111492422,811.0957883543099,811.4512213555886,816.0006486731571,817.3595784338473,818.1684992011734,819.2535570026124,827.9216041269706,836.3950458947486,839.4522330820893,840.9968213162304,842.6115224447275,844.0147687245098,846.2355297822786,849.5212641306398,855.2670670055603,859.2338605159956,866.0451614203403,862.8574005368688,866.8654673662307,869.1025374066406,881.1774005337688,886.9190296021167,885.1224297835873,884.5206787878254,887.3666930062943,891.8944950636499,891.8204948757088,896.1975192395278,898.3540919537813,906.8439294803087,908.4418179645065,910.7040943251706,908.1588565289348,910.7157641676633,919.2394806265005,927.1561143562421,929.4392956285506,935.5043670972265,941.0308924058199,943.5141005655404,946.5446443608444,949.0699345091974,957.1551120177699,961.4492184399172,964.1790870289373,974.562110985565,980.223641574734,999.1718562038111,998.0902131438198,1003.6627175608329,1004.8503229578796,1016.673707889791,1025.742390902105,1039.6786615891958,1048.903839570819,1058.9632336792897,1064.3316417006738,1072.3824453215884,1086.047299412436,1091.5034241162173,1107.0972075377078,1113.253768630374,1129.0908719654292,1134.8857248552924,1140.7506348687537,1145.8149666855636,1146.6428495134514,1152.4470006522386,1155.1265067515487,1166.4738244219966,1167.4527682138546,1167.871116886394,1165.7262768334613,1171.5478154235475,1172.097514754057,1174.2132293718346,1180.7312641906865,1188.052590530751,1193.42407416678,1197.566469277806,1214.0485177906296,1217.491690756485,1221.9057216411056,1226.5650284436329,1236.2113187526427,1239.504990715157,1240.9731391359373,1250.3612755684308,1257.9985392285726,1262.6808999242128,1267.9228736032621,1278.763070280941,1278.1506408248438,1282.5689915551006,1290.353137923372,1299.4814016667472,1304.2215005496132,1311.5532501439939,1320.864790910421,1324.7351418149544,1327.5889274189235,1332.1989101320012,1338.335347296248,1339.4309222509826
394590,108,"Fayetteville, AR",msa,AR,856.0784049325085,861.7888545358758,867.7634086721984,874.5732232675269,873.5403987945871,879.305993188801,875.9856691683858,879.6589451038767,883.2355251086473,885.9700085679526,892.9934629443842,897.6264090184889,904.4014563311068,902.3464316882666,904.1914393458322,909.6793585504074,917.3842874378184,917.2729035351784,920.6328226668063,925.6071500745684,929.0229755064945,932.3906058259946,932.8752181766255,937.8422963402325,939.8867740501427,949.1072599977138,954.9063738210301,960.2167164116901,958.5503094276564,962.1474692592735,963.4344833565538,970.4884764068045,975.7630715024794,981.6727102467958,982.1287547480804,981.6131979391874,984.1044986393902,985.9394131404872,990.7391138553636,989.3201967103668,992.3092886295057,994.9386939930245,1002.0949016785859,1002.8902598423452,1005.8746822347664,1005.4907316755658,1009.8801453415708,1016.0930825226608,1019.4914422413716,1021.8781043601326,1022.5428617090865,1027.3947124004774,1031.9613150175699,1035.547452824233,1036.2481372932452,1038.3761955671748,1040.0154682519749,1043.8484186314035,1047.0642292501248,1048.2932048323903,1050.7275481263118,1052.9160294239075,1066.7061599445626,1067.1921703700477,1069.1647043830317,1068.7396440763494,1072.5091371614103,1072.9563671382775,1080.6276793602203,1089.5339670146116,1099.6975378939312,1107.1569268180174,1115.0946718995247,1125.89746524751,1131.478897362626,1143.1148314817053,1150.4073155513797,1162.6918371436566,1172.907759087859,1190.2411508828507,1207.6248187193635,1222.2334574505076,1235.3014323515563,1247.0198941132978,1254.7758908120907,1261.61562898835,1271.2510689209819,1288.9878883201613,1310.303664293441,1332.0233255912394,1354.5506408714748,1372.57189895432,1376.9599491750666,1380.211033115735,1386.9687726062593,1399.6514743894763,1411.3028785447416,1417.6546271157295,1426.0734116035012,1427.0561885305526,1429.2721502147556,1427.5891968971437,1427.1482556099647,1427.3365887778705,1436.553880890064,1443.1663790545758,1441.3053489163904,1438.5703661225764,1439.6382402764104,1452.134451665414,1459.9423111228969,1464.9139002184343,1469.2816047956849,1477.0240245223415,1483.260600477325,1489.541014732986,1496.1351475286922,1497.0363662887612,1508.7705103989902,1518.2350749367793,1525.786968735704,1526.6869504634599,1529.5120629889284,1535.873263423322,1541.228473379714,1545.454969575701,1550.0290962942966,1554.7998760514652,1557.456634052712,1565.8469441911132
394589,109,"Fayetteville, NC",msa,NC,821.1859238439972,822.9221539247565,823.2611874049195,823.8387435486657,823.7373916219404,825.6516468490626,827.2266492395521,829.7651476894408,830.2926651908699,831.0847909165591,830.3982643726251,831.5182506639278,832.6074328665406,833.5999782720079,835.519961322854,834.7459063927131,835.4911327870058,834.4289666700996,835.854893264502,838.472081316022,840.8819640856699,841.5542800805431,842.6096579246916,843.0030079799611,845.8326116157124,847.5861653577168,848.8137020745273,850.0432189733867,851.4129377861938,854.6999979758157,857.247304352439,857.8315351138458,860.4208982478267,863.3348140367541,865.9107368907636,868.0465571671439,867.3543329692592,868.8325955008331,872.6507074927799,877.9710151210901,880.5703033654011,881.1532137713455,883.8669647629024,886.6803197112007,888.1302138945357,890.7061130310855,896.9294549718301,901.0673488759688,907.9729902877368,909.392325870189,911.9168232710138,913.8927172667486,917.7326841129168,922.6189173080471,925.829372033816,929.78229304154,934.0140032568743,937.6443465243377,938.6062900608803,941.5927617720406,943.4032994974157,948.7138882393821,960.8056049121537,960.9532430452899,963.8043913247368,970.7418323104854,983.2392853947401,992.7469936908102,1005.1740118047203,1023.0813004776616,1035.7498560956874,1046.4435563242107,1050.7717363548215,1061.7476721270448,1072.2373028351672,1094.6799242324828,1119.00868799334,1140.4692067953858,1159.491827824477,1172.199838397668,1188.8274365844727,1194.9593461368247,1211.030583871519,1226.9225480332916,1251.0170747766274,1265.7745166113777,1278.3267761416062,1290.1350505572973,1297.3820757749866,1307.9954633081722,1310.7076264094617,1323.4965681768701,1327.6247009619933,1337.9363116328552,1337.6536077429646,1343.306490842817,1350.6188777844702,1360.3051788139605,1372.5927674841487,1373.0109950510691,1378.381520979759,1375.8643659857612,1378.5384798104901,1379.1225249532895,1382.1883347807754,1387.2344065190973,1392.5560526374743,1392.1432796690767,1393.9888809193915,1393.679626594074,1398.539707088568,1408.550511652548,1413.9826426571763,1421.3417978585842,1425.250543378079,1433.3212806579168,1441.1347759175842,1445.1017324270208,1452.215948068524,1460.3884852137119,1463.8523912265207,1469.2903099152236,1469.4404160824918,1470.7454396453777,1473.6753211038883,1477.9024319161233,1483.4938470211948,1484.3244938459668,1485.2400086645353,1486.5610115895313
394792,110,"Lexington, KY",msa,KY,881.9752689395825,883.6305875137948,888.9260878990187,890.9451009167615,892.6826790526093,890.7982633211,890.606322314803,889.8572501317791,894.1711750155152,897.0406723184548,903.8804859660629,906.1578023063772,912.2999575530094,911.2252443013545,915.918126958919,924.951408094203,930.3463463837538,933.6535611265529,933.4515513040121,938.662944720205,943.9073493810432,943.6561991063115,943.398253608733,946.5659661314061,951.3248573628985,959.2645780637387,960.8799320568837,960.3623567961254,956.0994263173544,959.1552350664336,963.6359993781983,966.7093480824607,967.9795314590785,973.0270149825765,977.7403094560817,977.6806329235221,978.5200160390898,980.1241686303862,984.6010064615544,986.2548002949349,992.1620242570054,994.1741173666919,996.1440702097464,993.8670461139402,993.8207803829026,995.7403930414681,1001.4233462867807,1009.002836194891,1010.7290105139476,1012.419943137519,1013.8333421131397,1017.5045354267419,1020.4703437462769,1023.2972358656817,1026.0808466417745,1031.6495126974794,1036.166403140131,1038.381128587822,1037.6345832031154,1037.0934145966537,1040.1260871759487,1042.290999576444,1052.3275040436188,1051.5960213380163,1050.7655739213112,1049.6874523432446,1053.4888524223443,1059.3803267938772,1065.8667298234127,1070.4411877080943,1078.6733403967673,1087.3563657549237,1094.5685883537867,1104.4587888842507,1107.1949833220633,1119.0242693234186,1131.1169394110468,1147.1114834684156,1161.789152406824,1179.0116913856866,1193.632456858109,1207.1529077384218,1216.875051203322,1227.2592274176998,1231.6198660996374,1238.8901250662648,1251.7293128102428,1266.9816063622718,1280.4653432239766,1294.4421328358292,1309.0982974026576,1311.0424514970011,1312.4459216811417,1313.310652588717,1319.8388426759927,1333.0979506173808,1347.2870727719533,1359.414668538141,1365.286726275787,1370.1579792557136,1377.0554765885236,1380.7294924230373,1380.3911657934373,1388.2447392085567,1393.4029490422251,1401.0456786927682,1408.8078244405785,1417.1290632069365,1428.3983757732656,1430.690662995968,1438.1700336299307,1443.6248428140057,1450.8587927455899,1458.4896046676556,1466.73674124953,1477.325924880897,1480.617086761888,1491.7071427992453,1498.6784299447597,1501.3429113586242,1502.569957252326,1511.1220558375758,1517.721296783577,1525.4716443013435,1531.083001814796,1537.6807100817218,1545.626834289854,1550.032878116002,1561.5835555637868,1565.7014962081257
394971,111,"Pensacola, FL",msa,FL,904.6539176552129,907.5065846805186,911.3439515076731,914.8141516289635,918.2614685314991,918.2061885563699,921.4317177460016,923.4969899767531,926.7156743515565,933.1047766090999,935.8552784577038,939.9218483528595,941.1742023189811,946.1111940611918,949.5868969033539,953.2223013940692,955.2484905849526,959.7860475436684,964.237951257601,965.8454727615666,967.4902155577967,966.2079341332061,971.2875297113053,974.2642847463898,980.3945737933648,983.3682685393344,986.3725526811285,989.8286042773412,993.5951790031046,999.4903436900426,1003.3533774523924,1009.3526082369134,1014.5704674879588,1021.0263350661758,1024.9309787006052,1032.5382304157715,1037.3539311526263,1041.8713122371882,1043.2781340071065,1046.010881852582,1051.4360777191243,1057.1956196129963,1065.2448724841595,1071.5747976825617,1075.8615526555716,1077.9341161477403,1084.4269520295354,1091.1242380516971,1098.1292734330468,1101.0595004333463,1109.8771822441556,1117.4619840642563,1123.1767723958073,1127.1386693750433,1130.3150674310764,1134.50803297057,1140.7732064805687,1148.7929897754582,1153.3982366364594,1156.4011445668502,1159.9976112822583,1167.5702370610572,1184.1149479104145,1183.3900335605015,1186.734264705357,1190.9622296114517,1204.0675435671133,1211.505868047496,1225.8578792080152,1238.6353668894412,1252.4132268257326,1271.3273568045854,1283.4295523953524,1309.2563175775674,1323.2714306391756,1365.8091258938268,1396.321382732,1428.2694904456878,1454.10604805187,1488.1003337645236,1520.0556285789917,1540.2242610419378,1549.9700452711977,1565.017966267975,1578.3657362909205,1589.065031004471,1602.5315136424815,1599.38151043236,1610.077409365025,1616.6097654544176,1622.6702636805846,1622.954423176099,1627.6182409781807,1634.7002342952726,1640.2875886117115,1634.7846740086563,1643.0593433290499,1641.8340914490961,1646.9575029867267,1649.6052448868465,1651.1882634545682,1650.6254081108273,1648.306376663978,1648.8654004783714,1645.8523311200304,1647.1219470604437,1653.2538310732323,1666.2280161768133,1674.208566613066,1682.065280674957,1685.2647428048415,1685.7483072097978,1686.2058859756096,1689.9535426235457,1695.9954743357941,1702.4975321807476,1702.8815202429964,1705.9608165673171,1706.9438896334664,1706.3651823649761,1703.3173199890057,1704.788629329082,1706.3359969762187,1713.2759769520183,1718.1766776483632,1722.1713332269974,1725.380153801083,1727.5468010612888,1735.2390580022782,1738.618060813289
395068,112,"Santa Rosa, CA",msa,CA,1617.0593175634763,1629.238816450812,1642.3490820143077,1658.8269849200879,1669.2194115736506,1685.5826651518291,1690.869521505447,1700.976108654147,1713.9535264753,1728.125922230404,1742.5354042036145,1760.8410861427442,1779.9266071344698,1793.3474438010373,1826.1290324784973,1834.4161141979425,1852.802900336701,1849.9405184985087,1860.2024454054867,1865.6001452054552,1861.0251080375374,1864.1900412649886,1862.3130970701325,1859.135206193838,1867.0563477473083,1890.5987382348565,1897.613144502271,1911.8313174066911,1913.8742851945808,1936.813330892785,1944.6759275441273,1954.4700040568075,1970.6817494801576,1992.1131221178857,2028.7869098844217,2053.114626147391,2068.3219435212677,2064.528445569993,2077.712364081949,2075.874930603958,2081.672507254838,2081.589499507465,2091.608097879581,2093.2250620427344,2092.6833283475025,2104.0882245736775,2101.513612244536,2105.6915333622474,2082.2756965330145,2084.6291329886017,2079.328226803001,2086.4291088221903,2091.707232691885,2094.60119962211,2094.710316739543,2100.604196583017,2106.568248085962,2099.099864809729,2095.795923909759,2093.911143449166,2114.9408446730695,2122.9055864066286,2126.3535692554656,2116.101272752624,2108.62709293514,2112.260867842189,2109.352564936203,2119.5882685843285,2123.795806217326,2144.0471164160526,2150.2214121026864,2157.6353959392964,2154.73920928255,2164.215213426461,2168.0198591736935,2177.7726569448823,2195.5705302356014,2220.7955140460876,2256.6777703611738,2279.2267714244813,2306.963233362782,2313.9787754030212,2333.5151417239135,2340.495707387063,2365.0487634776287,2382.044134403436,2411.072128277913,2434.679262880457,2450.003744019651,2455.9250334524454,2455.2630825661204,2451.9236340973707,2448.489786806691,2453.399838056393,2450.5583647003086,2461.9084652347124,2458.143967014797,2469.1781470692163,2471.9426726206875,2485.0968275130263,2494.218853660008,2500.074847923041,2502.525864295402,2516.6923917714503,2527.5432660077463,2531.6458571778144,2536.3031684823795,2534.465782070371,2544.565143930797,2541.5348192585907,2543.6550352306763,2546.6099853628466,2551.227126999145,2557.5983458096443,2557.308700801972,2562.3442949219793,2564.755558610081,2581.632554988416,2591.394530353606,2600.769274031298,2604.2419856705146,2610.7303872623534,2614.277088156381,2612.265100842021,2611.7604669866887,2612.5217082250174,2620.2138871504667,2618.2109181773835,2618.6388279293737,2609.1188552454737
395019,113,"Reno, NV",msa,NV,989.5938526602918,1001.6257244822352,1009.7749854437573,1012.772552702535,1015.4701861975778,1018.8320834290469,1021.5101496159056,1026.2338654235523,1034.181585629468,1044.8446698627833,1060.2457946481902,1067.6122499229486,1073.1533006118286,1076.651030436852,1083.3330217692164,1097.659540396618,1103.8307453503105,1108.7752539132666,1113.2143952943727,1120.7592336310868,1127.8337473263268,1133.3290510470954,1137.3513480131444,1147.9063370043423,1155.9249517179849,1164.9477609747223,1173.93142914201,1185.079050986134,1203.5252749419274,1217.026506907128,1233.0266050506752,1242.4107743367176,1255.8531052084875,1262.2714447382996,1274.4752261894253,1280.9610874200405,1296.4237386384732,1304.7315001281324,1317.023519311187,1325.113646412917,1334.2704532087068,1347.3903055528526,1361.5521373907798,1375.0571128994218,1379.7255425811254,1385.621681875088,1392.9311819335405,1399.8021788113572,1407.5130479902116,1412.9165130463305,1417.9029653121577,1423.3696431810158,1425.8873384607953,1428.2668747141415,1428.522098470598,1431.956740094578,1439.8653890347337,1450.62120035326,1457.0330070399834,1465.2613119795517,1468.414679315964,1476.7744786819724,1476.468533242773,1475.9315305010878,1471.6466600520143,1462.7984732078585,1463.0016249371183,1480.983660280857,1506.4592172737296,1536.0744036694475,1557.4279160084561,1575.6430063833538,1591.8628011967746,1607.7867274428966,1620.9131590990642,1635.0052702923747,1658.4583329660638,1687.4865652609103,1724.9008703263407,1744.3932226812794,1759.7614025663133,1757.5208482740986,1762.9562391478614,1758.2277271107384,1769.3720037595551,1769.4340158799337,1782.3793942338375,1790.8576188199331,1799.5089605139374,1803.5839479509382,1800.408016939839,1795.2018495677416,1785.566928294601,1786.8430010035802,1788.3634541396864,1800.4500217405318,1796.571329045882,1806.7513761983462,1803.4727305846543,1809.999418344422,1802.3587234397723,1800.5720725479002,1795.8505282964777,1795.223481926284,1795.3163611013695,1795.708014751274,1799.2403025815565,1804.8581240371798,1813.4675855632577,1812.9503696916304,1819.8459111802042,1830.2582852419084,1841.9721365528849,1851.9926785130754,1849.859773832452,1857.1693658318904,1860.6252924648475,1868.0211190134175,1873.0375546065477,1873.7357620365829,1877.0976543737158,1883.4443713464245,1888.541292155447,1887.5142414964093,1892.5821244230194,1897.4213056062085,1914.8026688559878,1924.4339668984885,1938.241261592883,1947.7288980021092
394698,114,"Huntsville, AL",msa,AL,769.5184621995093,772.1299385710234,774.0463167497451,777.8483545175554,775.3673576020396,772.4511598094683,768.8585737958668,770.5348536334933,773.6323849920011,779.3145925926557,780.2485317634137,781.6811160355862,785.4188986243564,788.140700308618,791.8217120447,790.2875978776051,791.6202872057484,791.3502045815533,793.3098524515899,793.4588946201432,797.6882877463978,796.5921639445882,800.2085707881909,801.8476965968891,804.0232725177746,807.1934134682785,809.831324339405,814.6588744174296,817.5381371400084,820.0993370725885,825.5574710071771,826.8138256580177,826.2356991685695,827.3805062130083,831.804422296007,836.4040030527456,841.2517635665786,845.4171020827828,850.8126451090162,851.2381220232112,856.9438859741697,864.7684996581315,871.5992426796014,875.1366110030499,878.6441021146306,885.1803507871468,893.6674627863976,899.6325909988255,898.5925868585424,903.8962340867779,908.204623157256,916.9992133614576,922.8549898933145,928.1152561188609,932.7970966790498,943.0893684927308,954.0821738976147,963.52506030831,969.4569489142099,978.5529810661702,993.8585028444877,1005.1194020449104,1012.8400243509586,1013.1171225126421,1022.3750954854319,1030.7026804106458,1048.8767751198347,1060.2517870097397,1076.9423379905206,1084.5976003024603,1097.5637307675781,1101.751650848527,1114.9679035772199,1125.0129193072253,1143.7884639136835,1160.7834268108804,1180.7107019592936,1199.1598696841434,1213.3243120859727,1225.8033767500792,1239.9815095740892,1255.083708993846,1265.647611891349,1280.2330377795477,1287.4493171620588,1297.3802834160076,1293.8120502587506,1300.0995704338318,1304.3241228376255,1316.614636387633,1321.7021010568449,1328.5879093962603,1319.8621997211483,1319.472154269852,1320.04045510038,1327.3876441511306,1333.1397150850134,1338.101438775603,1357.394193272606,1367.4027126410513,1370.0390265648325,1358.8551868334262,1353.066215908588,1351.5753379186228,1356.608414968582,1361.9316011977044,1365.8782864276632,1365.7212413485202,1367.388381535713,1362.9512116102876,1363.6076164506264,1361.312100322598,1368.023070795499,1369.5436385836347,1376.451104256704,1377.0593701624991,1379.811647703677,1377.204538798826,1377.8098541425102,1377.3795250798273,1377.4008706163288,1381.772996835828,1377.7636253609085,1378.3844609636524,1375.8953986764793,1382.0148026859672,1383.0018139616034,1386.1593403045906,1387.4759970876405,1390.887538062726
394995,115,"Port St. Lucie, FL",msa,FL,1122.6682131377465,1129.468910613489,1135.865943042726,1140.280712836113,1144.0800137360682,1144.0282556416128,1151.4058029673656,1157.5916213203427,1169.4164706911727,1183.0247985114095,1196.0753465677076,1200.6291717576175,1202.2304671302973,1204.3274820575712,1209.849069782249,1213.1371169878041,1223.1851210056711,1230.3459512778052,1236.790865832288,1238.0756315055514,1239.9845620716112,1240.7406494981537,1241.1589327886331,1244.0961885447393,1258.3312182976006,1271.1821269908612,1282.1783889505443,1290.6048757506,1297.5876067222723,1311.5231330324314,1317.535408499441,1328.074927815631,1327.4889105234524,1333.5886186104349,1337.9134058433913,1351.6681301115107,1354.6289195405554,1360.6664964596082,1364.3725354247274,1369.8727311700115,1376.890288895509,1381.787677776927,1392.137156474075,1395.9939665093584,1398.47405594528,1395.8190983434997,1403.5027019287677,1414.0618386796357,1424.1540830998956,1428.063941390305,1433.1702448344522,1438.5734585932944,1441.833165603199,1443.6801870872844,1445.0127580798278,1449.874766782202,1460.7829527745807,1471.9729442204014,1475.6734911312433,1471.5114541206426,1470.4022871498644,1472.384942707253,1482.559875385793,1494.251419851382,1505.6963637535016,1504.820976422728,1513.6644775728219,1517.0310001422492,1539.4867846239729,1558.6674950940499,1579.4660596152255,1594.7818912391708,1618.8094896328678,1656.3404536237658,1684.0999159844473,1702.9533208771422,1721.3168024639062,1768.5410344504107,1812.8888146397712,1862.8036131334059,1889.010214467063,1930.655502102709,1986.6740558247084,2034.8959600074634,2068.0110790103417,2062.368712175362,2071.725405019749,2085.9006797580514,2113.4913560209775,2130.5978560028284,2147.7191234971674,2156.544923156085,2167.692691355865,2168.3058961636934,2157.4223736637837,2160.3866855351753,2168.144507587222,2187.8318902003357,2201.631080421003,2214.8202253523664,2222.2908734356174,2221.3190227937466,2218.9188587113863,2225.0696432302975,2234.4467248661877,2237.3272155128716,2227.8177971200344,2219.466874449486,2213.5086410597314,2218.7894872303386,2228.3860877838147,2234.454732328347,2254.050343046891,2256.634466914532,2260.4436738832583,2255.3812183124114,2254.676261118749,2262.0518079653007,2280.487758006949,2292.436071416297,2302.237793534375,2304.186100821627,2301.988520376859,2301.3198999061087,2289.583004032833,2295.59804612836,2301.0468229333383,2310.033092636166,2313.81154599387,2315.2585387929475
394761,116,"Lafayette, LA",msa,LA,,,,,,,,,,,,,,,,,1023.5583946868752,1014.2841367069859,1009.6940114395114,1003.955313644787,1011.2728370988415,1004.7862958384371,1016.696965604575,1011.5971236619416,1022.7554805493346,1021.0755789031082,1031.2981319587543,1023.0437960930373,1026.1342913023489,1024.1886551526673,1027.1656439425342,1031.8129009945444,1032.0076126585386,1036.1550278957204,1028.9634869351526,1033.3682795796344,1026.8205157355621,1032.20346592229,1026.5305728285355,1025.7656867657386,1020.2629285405187,1026.9589829432036,1032.1200939169098,1038.4768678479622,1036.1379264285176,1033.2151991197538,1030.5440362732706,1033.8795480922586,1034.6152156812748,1034.775182142306,1037.3710608546028,1041.2395264600589,1045.9644848577132,1044.7933464013654,1041.653900204086,1036.2891133076826,1036.6110462707295,1038.2476559080862,1041.6335980241893,1038.0416629748884,1038.3668627565803,1035.8754827985822,1051.568964451924,1053.569157379856,1055.4385167942478,1053.791998545925,1055.6692906575925,1063.2616807149966,1079.7141711258216,1093.0223441532837,1099.879558950513,1102.0804697901356,1103.8606448043518,1100.3419821475982,1101.831297522128,1106.4166745711566,1123.9043881522464,1139.430374372159,1159.638448765055,1173.2533979368332,1187.184842159962,1197.8681652291734,1211.2779471215138,1219.417670560395,1229.4833879214023,1235.7372057990785,1241.048958615124,1245.2884580598563,1244.9204506279284,1245.610538911398,1241.522283486591,1239.1285154844254,1230.2567886048598,1225.1176709755825,1218.5989342264108,1227.6264882816922,1234.4831662734953,1250.2458203899732,1255.8674947010497,1261.183285727922,1258.276294553559,1261.9385011713343,1267.6205737068187,1277.861141753265,1285.7617362566546,1289.3184766705392,1289.5453360102015,1291.2965801341168,1293.9048471140247,1293.9444882017604,1283.964885683031,1281.215459170131,1287.8226794340533,1297.844032326621,1300.692646104163,1305.0541782489793,1304.5478607737664,1310.9553578173281,1319.831013777397,1320.6814154923734,1321.3668983380437,1320.303092358801,1331.7714891207816,1337.7538658456267,1340.7873553156453,1337.5222600704762,1339.462068894064,1337.6359306419358,1341.7748388154662,1341.7318916966806
394898,117,"Myrtle Beach, SC",msa,SC,964.3918786870946,965.0683296327336,962.8989239945292,968.2966442124628,979.6405230431317,981.8945372651881,989.9740961537743,993.6744285313158,995.5834528998653,1000.9341480796303,1001.3145423076211,1005.0801813583645,1008.6217898207902,1012.3236492550375,1018.2472683641117,1020.0412103839502,1015.4610247022582,1020.7217193504657,1021.7441922813383,1029.2070858156733,1035.3887514521812,1040.026556954097,1043.665766168102,1043.2377175492486,1051.0851867855124,1059.5332292436462,1061.4554833549191,1065.0751536931743,1071.875752240885,1080.6591808155708,1085.152969797532,1086.2676676282977,1089.8851895774535,1097.3142690075615,1101.8685518623292,1107.2605911677717,1111.7595342569423,1112.3208075489567,1110.4217250544932,1115.4626054618027,1121.509575588834,1128.00631930557,1129.6609582825083,1134.379119070852,1139.4917040616767,1142.2588598881787,1151.1937868282957,1149.852197084201,1156.6545849335914,1157.514980914663,1167.7112202054643,1172.5239910164717,1176.3359553236608,1177.2614744688078,1185.0885450571673,1191.2990721826757,1196.590368680313,1202.3941530901338,1205.5475572506314,1217.5637878224256,1222.1030498668981,1233.5944730407311,1234.210279993262,1233.9343389336575,1223.6926760361393,1216.658484822913,1216.5782793654512,1223.2306876880825,1232.0586584113107,1233.535317918069,1250.6835688119397,1265.8420133506138,1288.6769750832736,1299.3431226797527,1304.0295886011306,1316.6742455890844,1328.7898156983058,1358.1455784452173,1394.041542649081,1430.9921002346161,1461.1443029215186,1492.9490605156218,1504.4187340483447,1526.166303295309,1531.1816558404444,1549.294397178543,1570.8220814176357,1597.6583842886491,1633.5421466701819,1650.2518301506202,1653.5416681494405,1655.4935259067724,1652.9317228686766,1659.08878224545,1660.2861350705807,1668.6985918077464,1667.5068358854858,1671.1242762760062,1669.0196848567005,1680.67352420658,1685.8664450194144,1682.2043525290817,1685.4277422455345,1680.9350004528135,1691.4168383141948,1682.7662957085834,1688.6475268088545,1691.9790827200006,1703.5828621109174,1707.2643489707573,1712.7856910722392,1716.9503498262065,1717.4790290485043,1721.9501292639823,1729.223137494901,1737.9650997864858,1742.4431225605604,1742.0586413427159,1746.8061754508465,1746.7667148192081,1747.2500185503031,1748.2187680539487,1749.099899816374,1742.2290084302583,1738.6716961257148,1739.011404800855,1735.6039109162066,1734.1622309555667,1728.8838386116893,1733.4738697550827
395116,118,"Springfield, MO",msa,MO,690.5503959516208,689.9988106435371,691.5237225181318,691.5591700203494,695.6808541262626,694.3075064928614,696.29443281018,696.3852400227107,700.5192503594259,702.3110066359991,701.0718792320583,701.7895315799765,703.6393341136943,708.4228624351794,708.6705560043056,711.1938080345278,711.1390395675794,715.026114424606,716.2050378155437,718.5709557131147,717.3902993416888,721.5822985021134,722.9381349160917,733.0762885066825,735.1108909280871,738.7237849638058,736.5982146668423,734.7861809232384,735.1074732892217,735.5896225704895,740.094300164325,743.5426178973652,746.8419599176376,745.2156397842119,749.9364181419721,741.5053853944739,740.9379379918132,742.2119620989826,751.4844267815629,760.5924243981975,760.5820880543866,766.1544803451858,767.6165347076457,773.5141622594288,777.0192515824492,784.1880962771796,786.3940964497885,787.778060993833,791.97632824112,797.8834316491457,798.6345557283412,799.3113656420567,806.9286662945793,809.7514614129608,814.6317233866583,816.6998134894789,821.7736363192029,825.7187063604077,831.3920103650516,842.8763411623722,850.268960286389,855.3310793429265,848.2702397835902,849.7298302950358,850.9692843502843,856.943491643551,864.1049074105875,874.2961356828666,875.8358401025323,881.3726884612204,887.351572304271,898.1325144517772,910.6775141526607,924.7025380962496,937.2028651013471,944.1459088163142,959.382157782565,976.5053391310513,997.1723891832158,1002.2393172228781,1007.3241063919139,1014.7593678822083,1028.7756532633357,1043.4339079350277,1051.578894054953,1055.0773843617221,1061.572532448964,1078.4490215345027,1089.0032484602184,1092.8934137109202,1087.8584950609759,1096.6949539818077,1106.7243835838005,1113.1006488066603,1116.9341188822705,1121.6758183205604,1124.8600877413614,1125.3365229129352,1123.0404688765664,1125.8145312186846,1126.6195081061787,1129.5142859856219,1137.3783025612809,1142.818693194658,1150.175225603112,1152.75114069694,1156.535375329493,1156.4524466685923,1158.853965683543,1163.9884439357825,1170.2376985856044,1170.495919017419,1170.4612448216674,1173.1771934189142,1178.383524121148,1186.33900304227,1190.797351444163,1195.1708155040692,1199.2289441397145,1205.1721882267814,1210.8650216454469,1216.2705040962396,1221.1765558568063,1225.7693201343511,1232.3008761256056,1236.6499013080554,1237.9410070356867,1235.510240775374,1234.2131816047242,1235.7334725523426
395195,119,"Visalia, CA",msa,CA,939.3234453839335,941.5395639947438,943.2075665358716,947.3728731400572,950.9337340945928,949.5587323389141,952.8258016944932,955.8845506566369,966.5753695079416,966.2551022789153,970.3376603851079,974.2169946103257,975.9269768897029,974.0903242312218,973.919859167653,979.7500676560962,987.6239402415243,992.7124014853015,989.351470975927,990.3093787297839,986.8962582688986,997.5235653026693,1001.7076759642644,1008.5806025568288,1011.2718796087104,1016.5173818452597,1023.2450807105145,1024.9558546860019,1030.5925811183527,1036.1972813917016,1042.3975857258006,1040.7885601116857,1042.400002894413,1045.2518562729983,1052.6748743510575,1056.031444063117,1060.4724217857874,1064.0802697678776,1064.4466075224955,1067.5445469513081,1065.03272848328,1070.175062062553,1069.7326326254838,1076.9904235549498,1079.651249585702,1082.2685834522476,1081.1372380361438,1086.117738665887,1092.3579313811433,1094.616192971864,1099.930333823216,1104.4127364413555,1110.8636297552587,1112.2323772849027,1119.2750770014993,1123.3394269056244,1130.1072304907225,1133.729023615936,1139.4023936140752,1141.8747230361394,1143.8878323957595,1149.0978174626914,1154.6289609651385,1161.4634615673556,1156.5709367434583,1158.5794851708586,1164.822488764386,1180.6430975513126,1195.5917594362309,1200.316912119559,1204.355167798432,1216.2666232927838,1240.8765484799662,1258.7617448943913,1284.3427074596482,1311.9124295556455,1337.3782323016835,1353.081403047893,1362.9916672303725,1371.9635579041442,1386.8398116639867,1419.038681297578,1459.3052991324641,1493.73670205718,1499.1332093790797,1498.395134581123,1490.3897153334854,1483.152486003035,1510.2919617597968,1530.4691377768931,1553.5529530163328,1556.4935259681254,1565.88951582264,1563.0310599076904,1547.4110122450602,1540.2750462655802,1544.3500160462368,1556.4728741183542,1566.710376076901,1580.6750888790302,1571.7293198259847,1561.4864644611557,1557.1108777634754,1564.9419021373744,1576.7529245103617,1583.1598516411636,1597.9962756839925,1594.264363781709,1605.0146055068337,1611.9659120445417,1617.0078405266242,1616.2259000300487,1622.9174919764055,1648.8010337292849,1658.0112826334562,1668.2460129054302,1651.215147706676,1662.1771775900347,1665.958217889304,1680.9724022725352,1684.600017652625,1688.4720275189052,1695.790825988522,1705.34422064644,1712.8256016650796,1707.51424655547,1711.9589984246459,1713.6381803150186,1732.7017382959134,1734.7265885619545
394746,120,"Killeen, TX",msa,TX,829.5276517215631,830.1252282919969,832.374261273797,832.2513689509482,833.0291917712035,832.9800358862311,832.9921503591422,833.7464362161195,833.1451247781424,833.1853488267016,834.3852752267878,835.5431644724069,838.0016029148169,838.1327684317449,838.4342065919687,835.9703601913861,835.9744460641278,837.1210870773226,840.9414475681909,842.9567337659084,844.7958701448385,844.9914441399305,845.4469489519805,847.4478361405992,847.4674347295679,849.3594494854863,850.5591789420246,853.4009641474137,853.8238695696197,853.8214267599343,853.144515954391,854.4785509475358,856.6300754857086,859.9619901612957,861.5967016527748,863.5989368391155,864.3566415947956,864.98075088422,865.9334187353603,868.6857684391182,870.5208739181809,872.3373370759615,871.9714457480437,874.4500642654262,878.9199857059918,884.0423515599191,888.6591041054113,891.3592115899236,895.2555971320529,899.4906773576388,904.2254212328328,907.4263067532326,912.0884826940749,916.8625740687262,923.2578500112793,926.8551909321592,928.6588255920187,929.7841394655653,932.2176076621918,935.7380632125204,939.4144842691913,942.590545683476,948.6786557893913,949.2257915402464,951.4914116286114,957.6550138982486,966.3425802862171,977.8149355599556,991.0676338960267,1004.2262103678846,1015.0226553809591,1022.5301084235989,1028.0003942774288,1040.9542457003463,1053.4988951351916,1076.8957261903183,1096.2570055273484,1121.2572503746937,1142.5358018001684,1162.2334456438127,1180.9909051696943,1200.5376474020964,1219.928045042708,1237.481490718175,1246.7691576557797,1253.1850649192597,1263.601821573843,1274.1425216597752,1283.941528913703,1285.6732243819058,1287.8880452157728,1290.9851699754631,1292.041060207931,1287.6889009202678,1284.449342394584,1286.4905623661764,1292.3782685481556,1298.1852298101574,1301.0523893857023,1302.3257401152698,1303.749065938264,1306.289389491679,1305.3715650252518,1306.0327621845174,1306.2041782372364,1311.101154612981,1307.2658990279697,1304.3913068699535,1301.17285974862,1305.1781590288379,1306.4819978746466,1306.9889471686274,1303.392105673607,1303.611186463769,1304.7650504969306,1304.1505115037496,1304.8617723696916,1310.237637215575,1316.9951494436461,1320.7036005269495,1324.2239620109744,1322.3095962440548,1322.8200073244911,1324.1854661042344,1328.7560058154215,1331.2506483515353,1334.5890077836036,1338.325045236991,1341.5801557270709,1339.879392720136
394338,121,"Asheville, NC",msa,NC,980.2161703186257,977.3298953234233,997.272015183217,1002.9264990806836,1006.6490618080607,996.5566603755248,1000.0178637480083,1009.498867118501,1018.6200415892091,1021.6726445032458,1018.9490514455294,1029.3219492132214,1039.121026907902,1044.2535757919245,1035.5082125167157,1037.3336757457398,1044.7339734460647,1061.413882802138,1069.1836082306418,1070.9296364452334,1075.5442069006594,1077.9825971230703,1084.0975332226117,1078.633951021216,1085.892729092983,1093.6154972000347,1113.3580762350766,1114.584300570072,1122.7587879133798,1120.5221329040123,1126.713544087159,1132.8777838981428,1136.9036111555379,1142.8140514195832,1143.9285821921098,1155.528224595048,1157.2558813162668,1164.922214822449,1171.4440843503758,1180.8109080185936,1181.1676030555911,1180.195054972011,1182.9333086077656,1184.673735970069,1190.3299029764826,1197.9123849205012,1210.09456219387,1214.9347338701828,1225.7545163929215,1222.3474785170931,1220.705705646022,1224.3423824688987,1229.9396794659312,1239.9569205672906,1243.9315015272225,1249.4604267117636,1251.8835012220693,1252.0572120922666,1249.9186599350005,1249.8490760404868,1247.0228905519202,1251.7363489458194,1261.7229941941926,1270.3821965909135,1267.5073852708608,1273.3172796503634,1280.9082081855904,1290.3730795068375,1301.9160668399197,1312.9172983293256,1317.9443052779206,1326.5502286046399,1338.917973864514,1362.9331142009862,1379.6978611596849,1399.247262857237,1409.3600448355157,1431.424473800155,1455.431176097547,1484.4158922049755,1502.3160699212174,1526.7575610432923,1551.919024368501,1581.3694930958748,1603.5483459201125,1615.8059613177368,1620.3305835233937,1633.007766260652,1660.831711189759,1681.2520458498257,1692.6219213477702,1694.4496106811578,1706.5682487666202,1714.8860470734514,1726.7107072238393,1731.7865147153125,1742.082961088945,1738.4216954052943,1756.5780571732835,1755.45399570672,1765.2652427139367,1757.9329154095135,1757.2426183991681,1760.2731604104747,1765.0365491325745,1769.8180880457098,1774.2891498621477,1779.7935316184546,1786.0089909066658,1795.518139452034,1801.8234017019781,1811.5926663947862,1815.6833556112633,1822.4100744334667,1827.878429133503,1832.092181053081,1832.8332204210321,1833.9341952904865,1832.715159060287,1832.043343293701,1828.7521067520202,1830.5467176508464,1824.953894967985,1823.202279409678,1816.3595721376498,1815.8349273761723,1813.6916052024083,1811.2618497222065,1807.6511402598048,1803.1727441036785
395244,122,"York, PA",msa,PA,792.0901946000112,795.7596254581881,796.1532076456054,796.8633157230844,798.999244789508,796.0172638868065,797.3301986267703,800.7603329479882,803.3348371064384,809.6094540467042,807.5402160164183,807.3269380388822,800.4765609815515,802.9126464590586,806.1753673172148,814.6638132540925,815.6669191957579,818.2845846214958,819.1993815502092,816.4043153009532,818.1487323660316,816.0246550259254,822.9725215773146,825.319118264585,832.9293509893569,830.460482275063,832.3479896606812,831.0716267212044,836.4292130370542,840.7181446654694,843.9154081746378,848.1899101871207,854.3278201130585,857.6468081179412,854.3221851404007,848.5648396297673,850.4954173804899,857.3298105945014,865.0637181459232,869.7128408138524,870.2715607467836,870.2089509685093,872.5529920127545,879.1192367015979,886.8627432858423,892.9088946170016,899.5509399985598,905.6860590050976,908.5758820908029,909.0682624666632,908.687344089911,911.2385902952416,915.3185532894473,920.3140321587301,924.2923355237391,925.1103432669698,923.0814899715145,924.5142093213077,927.0295477182552,932.0628604896202,934.6827361814495,938.4870470589447,949.2428067842911,952.6024844487409,951.2242180720364,952.5519573548121,958.0517853957126,957.151935263589,956.9669768906313,962.8947682540125,980.9916996368345,988.8763693418217,999.0711485201336,997.0425427165552,1000.8396587711098,1007.0803747553757,1021.596383770554,1038.911966836737,1049.4800368958156,1060.5154179285769,1072.7573643235303,1085.1621086025273,1088.9177288838598,1093.893701453004,1096.0369935077863,1105.3257172081255,1113.0777211871873,1121.8049555361906,1132.123930482217,1139.4851717828265,1143.2945907183016,1146.013466578306,1148.3490443314472,1146.7849633771327,1148.7756968381193,1153.6184734903702,1166.3248222502768,1168.8491735458406,1172.6922460860721,1177.888316530033,1185.599499682098,1191.797016369141,1194.0655003608072,1207.9154000246854,1213.8379035441033,1222.2732340050218,1225.2727443880585,1230.469259522285,1233.7379516556157,1241.0013000538795,1245.5189097335483,1252.6784911357727,1243.813088160392,1243.6712640080625,1246.826176539211,1255.4672685327166,1268.3169157297743,1276.8292031504745,1286.4639377488993,1292.4719084664785,1295.8170233657224,1299.511873259994,1304.2812071044239,1305.4619407239647,1316.72299041096,1322.0197949953938,1327.0944197005715,1321.3292230382972,1315.677831230648,1312.3055924695461
395183,123,"Vallejo, CA",msa,CA,1405.657475764842,1412.2289676294126,1424.566388529728,1435.9040146568543,1442.5867835544138,1456.8238148517282,1464.3425510043999,1475.1841498507438,1483.8921701483077,1501.5592546754897,1508.060706845989,1521.6477301163582,1527.5963828202916,1531.2011251563179,1543.3700792200664,1553.7848643756502,1569.0765333925192,1572.9585379365424,1577.871520716579,1587.119306918536,1592.5782761971723,1598.10709153333,1609.3568509525485,1623.5067688581182,1643.9994434735663,1656.4741587750111,1664.7211750579368,1669.6197205001758,1684.2560970463703,1698.2572179321517,1715.4063886496074,1724.042715202456,1736.5489287795817,1739.6390083088543,1746.8828311886728,1749.3007599502657,1753.6657706299018,1763.69865423396,1778.6778630157864,1792.300682837983,1796.3023002086925,1806.1594049253756,1814.8256718493096,1822.8567967499355,1832.355695632364,1835.0636197073418,1848.3021147083991,1859.347497328535,1870.7667606574294,1877.6676680119967,1881.2776858063312,1888.1554686361296,1896.4701333589796,1902.8204062023308,1908.4191197512162,1917.6845646844051,1924.433236935397,1940.780557444061,1945.4852441615265,1953.2095688101504,1958.2983028559358,1965.6792077022933,1970.4473118998367,1965.6062305339415,1954.0389795224,1951.8983810819532,1962.6423514579772,1986.2318927842318,2010.7679397529025,2030.8760793786892,2048.012835846835,2067.6071969350387,2084.7748815474224,2083.8910040475766,2085.5882037903298,2091.0553903129744,2117.8487724430224,2136.642686817068,2165.94349152309,2178.5046917745626,2196.130394803091,2208.3572002311776,2229.0404888233447,2244.993129088155,2255.4310017388616,2262.5635407267514,2267.953327355754,2290.3057020635083,2304.051727766675,2318.9528191437903,2313.320615953793,2307.5082262673927,2304.8547016176904,2297.255249627003,2296.493387336566,2290.666334534783,2293.5687818144474,2305.6474232379373,2318.8297242902586,2322.955382997285,2316.5675802417754,2318.5131019067294,2318.297380838819,2328.007380218427,2322.069837553449,2330.499879204323,2325.6908628682363,2333.458129524887,2334.4503615075973,2345.704335065471,2356.123059819352,2364.8208154891154,2371.9164551859353,2373.084513924212,2385.6933698714815,2397.1255529085356,2410.9060255046397,2413.238583338192,2426.5394892692643,2432.850117385144,2440.839252433964,2437.093440957708,2433.368194689593,2431.465704395033,2436.6268322403744,2441.8869272770053,2442.605642327637,2439.1886299684093,2439.961216336711,2442.5502149866193
753917,124,"Santa Maria, CA",msa,CA,1686.405671390001,1699.6743981111786,1716.5373986778043,1723.7458011854935,1742.3230148187895,1747.339619215719,1751.0123492045336,1755.9197546202831,1761.0960770342053,1770.7593598255582,1789.14052780665,1815.765820933862,1829.0213793183,1838.609527334696,1864.144358280849,1870.287944311932,1864.2668027561353,1851.3907820840425,1852.2396057444037,1860.0796993190668,1862.1551742948466,1868.9710384372106,1880.4705710387934,1893.9794771114025,1909.9811793582257,1918.772193711861,1931.3935882122153,1941.1693508133412,1940.2998449506658,1933.8513830154584,1932.1186966156713,1935.052365209888,1958.8579202003339,1977.4379334917617,1984.8820186727282,1970.1370326302754,1967.463754206261,1986.1228149741064,2001.3429705753447,2009.206762238173,2011.1786983774596,2021.578625228043,2043.5553130850055,2045.5139437323314,2055.1065332337707,2055.7476662796194,2060.6962480497036,2067.0938187059983,2082.009180319327,2087.16939913847,2083.1468881717074,2091.2161381574324,2111.502555696397,2129.9338214246695,2133.8759954434627,2149.8303192786234,2150.6270930058777,2160.4341954701667,2171.5593161030206,2192.3670313126295,2201.043345750676,2208.799440838251,2214.4111121150618,2199.5249755559526,2197.208929305003,2211.7105572712844,2241.6711573107095,2250.343508440743,2252.396248123726,2264.298606761396,2281.099575191515,2308.7739861148552,2323.2137867565725,2351.740053148267,2385.4318666299855,2427.149158835107,2472.7579116885404,2498.78808110302,2558.5014514636414,2605.112029442375,2679.830904036563,2712.692871791586,2773.021013408163,2817.9147150530516,2837.827140399926,2856.6049007961897,2893.5051477799893,2970.1284961982064,2995.0856103357996,3015.8126141308535,2982.7361709540837,3007.729531973282,2997.8638686907666,3017.506173089167,3017.577756327821,3008.721728392908,3051.4200277531827,3055.3293308268585,3064.7754709009914,3024.3895316675544,3023.707579095787,3036.1720795331817,3062.7080664553328,3072.4997705895903,3094.0958126830465,3117.5178367186413,3112.890769173458,3115.0616193311557,3070.6971178952213,3083.6404786282123,3081.439849665063,3131.6712458922384,3152.944758050146,3168.405771679868,3171.1494091850996,3172.0547921562666,3182.8842977420045,3182.8084118668326,3203.091463844178,3223.66185446682,3258.475878245462,3265.639888129162,3275.7128861885944,3257.858459990737,3252.531618321984,3244.889227061964,3248.203508870992,3247.8602418580836,3238.2631387695787,3229.0929712207467
395050,125,"Salinas, CA",msa,CA,1445.244586535842,1444.4813569847229,1447.15193848829,1455.5088594702038,1456.5714357945944,1462.2590843235148,1456.677260823279,1473.8307019160857,1473.379958161488,1504.204703968824,1516.654197876174,1554.359162317269,1568.3247749747984,1576.0426245912945,1569.2539015784093,1580.8258426081654,1597.4257607349662,1617.9538980620684,1637.2522125410019,1631.373033328877,1649.2188207384672,1646.4417163067974,1650.7842154405378,1644.981798879367,1663.778099217419,1681.2316277352652,1709.40184070738,1715.0957658774494,1731.4303169761831,1733.3967143367263,1727.7126473115875,1738.6900772247577,1746.8558149696164,1768.3394596771734,1781.7635730857035,1787.8098303278414,1788.3914444677516,1801.033355482553,1812.6615024329092,1825.9121175517334,1829.2404435611838,1839.855941869485,1847.347086967045,1861.621367453513,1868.4164143373416,1878.3514016631907,1878.9512751350533,1876.4487642153103,1880.2369564662756,1896.595266874489,1896.3452093720803,1902.5478975719286,1910.362112428904,1918.685978029894,1934.1727320761465,1940.5360403937882,1949.7432026480876,1953.108520449461,1967.4852257288962,1989.7358051330652,2005.6143494640228,2006.0843962001493,1978.2529525896985,1982.9152351606206,1981.7148877890254,1982.439196022997,1983.6357103492671,1991.0288762337705,2004.0403559685647,2025.0420749299462,2047.5754323594729,2062.1419920409976,2060.51289994595,2074.6244743694883,2087.59067948269,2105.4133005531357,2116.933001994518,2123.152114498184,2141.2849187654706,2173.941741695122,2207.225933023751,2224.930348837369,2235.814158983765,2246.3234296862142,2278.030766390809,2274.425910923912,2288.1042843537107,2301.1816473451695,2336.969451058372,2366.389786217557,2367.621133708921,2364.9903519883665,2365.45356103906,2380.6522187289224,2389.91957252619,2407.4281397794934,2413.1687567066415,2436.9753517495874,2428.493037840011,2428.400832430895,2427.0004345309235,2451.1963495551827,2484.0042924867166,2494.435880566136,2490.380188492428,2479.6577532018678,2475.47459472141,2475.0862436902667,2469.9295976435124,2493.3433513443188,2513.9380993014647,2540.1305486183173,2546.7035835984784,2549.9228596452876,2563.108057232298,2570.481500315719,2593.1931287337356,2614.7625544792545,2639.27152723089,2656.2245029453093,2678.001875328196,2673.7803694718723,2683.859229881499,2684.739067499632,2696.726704365279,2699.43384428378,2695.011379993878,2706.2115083977023,2710.830574681075,2715.778419058706
395048,126,"Salem, OR",msa,OR,825.5818587785665,823.3109350924929,832.2747358819602,835.7739454838181,850.9212004848617,854.6735843187869,866.1185335968671,876.1467323986386,889.6507177406664,897.5521058403167,906.3311726752671,913.6137094636119,914.8696738974648,931.2584830581648,937.241063201617,952.4734784428097,951.1757876477311,963.3645371152463,968.2085727616277,980.4247988337288,987.9559211322614,1002.4861118163142,1005.2260180183458,1007.4469894855968,1014.1971637089039,1020.7633363040509,1037.6200428579305,1044.699665979308,1054.722227495913,1057.0345773501292,1062.3551535403662,1063.6029631087515,1065.2461790513596,1057.2569038213287,1065.731864861785,1080.8037378180625,1095.9532197225838,1098.9144828640049,1095.0996081368176,1097.4216306618812,1097.6976668815612,1102.294760551359,1108.218836952347,1117.9232397693588,1117.2942869407022,1120.6160918833457,1123.048192247176,1131.1796606744417,1134.399000905734,1134.350926321152,1140.1117889294817,1143.979298421614,1151.0185978412467,1155.6346876225996,1158.7894463557002,1158.9880894707271,1167.5260956530426,1176.1910221983135,1179.4508318204928,1174.7815264483331,1172.9815297195025,1179.0999440993862,1199.298444312779,1201.4872769751742,1197.795635427447,1196.9451165210417,1202.124796472093,1210.9110784775578,1210.921183107014,1219.9910298391294,1233.2408184540573,1251.146653601587,1262.8893978484705,1273.3954003495833,1282.3311403724306,1290.5926188144185,1308.3463660202374,1325.9984037615934,1344.6713696978197,1360.4422213942776,1372.9185249826514,1385.3285601249938,1397.9894925932342,1410.0410284567386,1415.963343047624,1422.272261751388,1435.4093545392836,1456.6766163361904,1476.035223373946,1491.4027895188667,1508.919457342342,1516.931188565213,1535.1637849647918,1542.059442911554,1545.1558385538826,1543.4215323617345,1549.376742658598,1560.69922823409,1564.8851637237494,1568.3137450120964,1562.1544279562245,1562.5298541683874,1558.7826993274048,1564.8166911187197,1566.4356777327346,1573.6798242802865,1575.1956100912557,1585.1095347174132,1580.553619905706,1583.6370587777758,1581.265928614315,1587.0921356943943,1589.7145831961561,1589.950142567498,1593.1427008800817,1599.6327485157772,1598.3471092308691,1599.7405123330054,1605.7755288999128,1607.082376178484,1616.6952431034265,1617.3811517035429,1623.7881235957934,1622.057118249584,1627.0741477722536,1631.3128070767852,1634.5574996629778,1632.2924142453692,1635.7772266059803,1636.5242709970316
394870,127,"Mobile, AL",msa,AL,714.1358647621526,717.9119633016705,717.640497911037,718.0418102116834,720.0228730597195,725.4863416013413,724.7045198106371,728.5192233677419,728.28104750232,731.6940314609709,731.00334247084,732.924745008441,733.2817447047082,736.7297897700965,738.150271883427,741.1703266387943,741.209025860771,742.684621183842,745.6396507431266,752.9492874169182,753.9054852460279,754.2777372954608,755.2552240587162,756.970721199507,758.448999163466,758.1158229604633,764.404077097692,770.0991490345916,771.8434055109531,769.419516261023,770.2501502755413,768.7833102288193,772.2726443058978,774.2076049618279,775.5323749310077,778.1796072279246,782.7238541684977,789.9858256567619,788.9557071968284,787.0411610821986,787.3635355964778,792.6266061239719,792.0040216966449,790.7362745327134,793.4211706808605,798.5424712241314,807.2570719148163,808.0858265667597,812.4648564968832,811.9134219012426,815.4152948601185,819.3605573604627,823.900216458187,826.054498473486,830.8783149710767,836.1334276046753,836.9858471089452,836.434731676384,833.1148110639855,834.8445808499025,832.7698120206439,833.1623410119535,844.496189553323,845.1667643517418,846.4727082699136,842.1639114016514,847.2999558494786,848.9371625212366,852.9272220766152,854.456136842732,869.192196004535,879.7335478069464,888.9029622102601,897.7957981127852,907.0531913715192,926.79703653373,940.7530049209602,959.8933840647794,969.4324627981989,987.8442196165586,1004.2663516082322,1020.8822353725479,1014.3917423350849,1015.6733046259043,1018.9652860225168,1026.6745091549728,1035.7026663703684,1038.9533863352142,1052.7941950641157,1056.330739818944,1069.82971354353,1076.4891376282055,1084.8984390508942,1090.0112408400585,1104.930890282881,1111.0364159621454,1115.9616802253443,1125.4867099254393,1135.6301146767141,1143.6936141894448,1139.9886044946782,1151.5008666784108,1157.3508852315765,1171.7336666279205,1180.4728420492268,1192.555769232959,1197.3495300736772,1197.6037414414109,1203.542643109032,1203.3636599634042,1206.6412541605396,1203.9726097480443,1209.6927874415915,1216.1473314461625,1223.5834434834085,1224.0392638365452,1221.1728002565999,1215.7065992519952,1219.2898332839711,1228.983269785201,1234.1433654464959,1240.3145177529354,1242.8681562154923,1251.692799142227,1257.570912189041,1257.1281407913134,1256.9824755566465,1259.2518627532236,1266.765544818995,1275.4678108029682
395015,128,"Reading, PA",msa,PA,812.25624113843,803.5201811642376,797.0355402101545,800.8617556208955,809.9905169375182,814.2905519005037,815.0327567525877,820.5712355163976,832.4143661115099,834.3690286948212,826.5023285624526,818.5688556908894,818.3743279439951,829.0548607629063,836.9451357482039,837.9763753678277,834.3550474226375,845.4514238602552,847.0456514868914,851.487371032924,845.0126077969065,845.477995886089,850.8670739026127,858.3426591503313,865.0244154065751,867.0410095146428,864.5541320482711,868.0504373203264,863.3234339841339,857.7434734465253,855.4208933322083,861.352625741714,871.8589696626473,878.4180168677939,879.745496373313,881.0512805004702,885.7011464007861,892.0626762006997,897.7391142453571,899.4438173797525,904.240825053225,905.0986489598581,909.5504448068071,910.3359974244315,913.0892712203529,909.9161676625299,912.8064715369674,914.7395702068366,918.6234421522246,921.3090273286139,923.778962592676,927.34771975009,933.4160565206532,939.9405935940443,944.1164599644914,946.035056386331,946.120991825556,951.7326797180264,954.4666139277504,957.5414394261865,957.3427651198747,957.8049679309652,959.0742052415975,964.5884822221177,971.1302592776312,982.0442637457622,989.9215890921039,1002.9347866709563,1013.8496995479858,1025.4753728956043,1033.0532920080989,1040.8787069502876,1061.8496270963064,1068.428491035243,1076.6866867337121,1082.3603167686806,1098.5492561713384,1118.6217327061415,1135.4867868103279,1145.8245445029365,1149.5184271062235,1149.2765633758115,1154.9803323308588,1176.0869354770928,1178.4144037788485,1196.3035675410863,1198.950418390901,1214.6244012057896,1213.58332866495,1218.5680921885858,1227.6760396349478,1245.1138347731335,1267.3445117073131,1289.3304690211748,1293.9310224859144,1283.099763064393,1295.8135830814817,1302.0186096864682,1329.7260968012506,1335.5731070330567,1354.5877231171378,1355.1564537051947,1353.2184522636117,1353.3189522626294,1352.159405891004,1358.32314885311,1368.1254247657491,1374.2872512181325,1368.5539332893854,1379.5281637493829,1391.8440168901175,1414.8719899769708,1426.364883362504,1433.4458602305074,1437.9615367649756,1436.6289303317255,1441.8509754366673,1448.2656128119384,1455.0891289203519,1468.7565738331455,1483.207054479231,1484.1910135887967,1475.9878609138796,1467.695356377854,1465.1407227725558,1473.597681757485,1484.0753121019266,1495.9889830700129,1502.0761183800819,1503.0616724738677
394502,129,"Corpus Christi, TX",msa,TX,1044.9402715549495,1048.7105284556362,1054.9359520521975,1053.3461173256444,1057.3231273644894,1054.9373273823805,1059.8834024744517,1058.430780123014,1056.2512369501962,1058.9430469553272,1060.8920022172663,1066.3654186606093,1070.768624218858,1076.9798575074426,1071.969657907068,1070.0219019115775,1064.384986599964,1063.6430290297515,1065.3215561963918,1066.2340240791766,1072.6064332795122,1068.2040533497534,1068.2348695925568,1064.5088618727011,1063.80234976861,1065.6184691356177,1068.1672315720953,1075.4375768133846,1075.9114119578928,1079.3616974990791,1074.859793598921,1077.932942003242,1084.974207191699,1093.2976894821593,1097.0170824329855,1098.90246023076,1102.114434067468,1102.415036721108,1104.7528335389152,1104.2436937085095,1111.6278210868036,1114.7636882960232,1119.5137151508309,1117.1024910182348,1115.0303148822788,1116.4212103937784,1120.1669659430343,1119.3811833065001,1116.4939949943735,1117.6046849191177,1119.3819579180254,1121.004330288312,1120.9574915258183,1122.1385006169696,1125.6360336089908,1131.5736419524926,1134.8155516158172,1137.358826062588,1140.003522448589,1148.2160355216863,1157.4306636830354,1165.1530696907637,1166.1428265087823,1160.7489032486458,1151.6582053556012,1154.0124260922764,1159.936972708603,1174.1931522661953,1185.362995863332,1194.1525291290052,1196.7413803299123,1201.4563822253285,1203.7077322552977,1209.5869333344235,1224.0530520873613,1239.089952967412,1257.0018359599999,1269.8435136662342,1291.862227393689,1312.7407376011563,1320.8582330832255,1322.4279375831384,1328.7648215818933,1338.015446426967,1345.0506836553075,1343.2356061431651,1341.821451940745,1346.8034907894012,1354.3767044454135,1364.5877192283128,1361.6471059346065,1357.7733156486463,1354.8243220939992,1357.1587535934264,1357.0640279309293,1357.722288935574,1360.009597078622,1365.091267459552,1369.0620802591584,1379.608382056351,1389.8020741130806,1392.5142118066326,1386.9645617488382,1379.5834954306135,1377.4718397087904,1384.1307797908482,1375.5813226831287,1375.3303481216324,1373.7711631399716,1384.2129014309737,1383.3412306303105,1382.650682043076,1385.6656573853413,1393.4816790555046,1396.7569874577969,1397.7595225412676,1399.770530765463,1400.697636319678,1411.750289947182,1415.1383797038159,1418.943523691066,1413.5042961162633,1416.8578396959974,1415.6127740587285,1411.1370753500053,1406.21300464589,1410.8241035455876,1418.0909692598989,1421.9466529236104,1421.1836917881265
394421,130,"Brownsville, TX",msa,TX,,,,,,926.8500767845151,931.8778850626081,941.246978116938,947.2756611698646,951.7972533993385,960.2027114120477,970.8265591653682,976.3942880346737,969.5356385877584,959.498643900888,948.6459886592459,958.4175328704046,966.0263915078054,966.8862861488936,966.648443368367,968.2231087930272,970.3009210360707,972.2684487435072,966.0693537350093,969.5890093904945,968.6218023365258,973.6103973127537,963.74419554908,971.2872335481105,961.9353926611345,964.3917737491761,964.777019648595,977.0838207012271,983.3313226575649,974.4967521944548,978.4097909967112,978.1356391691687,991.6683332717772,992.8163296001788,995.8314888271799,988.3219227304003,990.1742440296155,991.5129126265435,998.5418845236778,992.8731774360672,990.6751193341549,992.1548832288628,996.1333866899917,1001.8521886377764,1002.8840645950069,1006.5591267919352,1016.4354823406887,1021.13391410234,1026.9907662932064,1028.4458092821499,1026.3503250525553,1028.0041366675139,1029.798479253207,1035.926612822667,1035.2803170453215,1033.4107644469927,1029.1087093252565,1048.5348749939756,1047.4281684005578,1053.429092245531,1061.38424119701,1068.3486592253894,1082.013819695108,1076.8308357828903,1086.1755301018588,1083.328216232032,1098.7937106900954,1094.9664840470339,1110.1280861850762,1115.5761596976383,1131.4486950413514,1133.9373510701237,1143.9194128960874,1162.0613852915412,1172.1476462615467,1183.5087455851276,1188.0512669523919,1205.4424650363512,1213.3941012080245,1226.1043076776973,1227.1002625193726,1239.0580642142004,1248.0408795007397,1266.6031749770464,1278.2163353484702,1282.1479218387035,1286.7477602991175,1296.1884419539722,1306.6245676341296,1322.234858107081,1336.876586294216,1356.057334940885,1362.0933572260317,1351.8191308968865,1353.7432547113394,1350.7283764997794,1354.8677014479329,1356.5278916848808,1370.0317075889063,1385.9814249355063,1387.2495027186592,1385.675068808929,1385.2036298471394,1393.13891069854,1391.1168633210477,1404.8767780312357,1413.5934836566469,1430.8836402353197,1428.7535043535072,1420.8070222316678,1408.6155252085343,1412.58129317133,1430.4630943120144,1433.5966523255822,1437.8928581135763,1432.7847488637203,1443.496036978595,1447.528516041934,1449.3377955422634,1444.9698826764932,1452.8470504658087,1467.4840990412122,1479.4968984945972,1476.2824711756055,1469.3498316498317
394820,131,"Manchester, NH",msa,NH,1081.2458213746659,1078.2026211389825,1091.1577236771461,1093.017682360501,1105.266332819588,1102.2458462207717,1104.5308564710756,1105.3825002217018,1113.2814327493977,1114.6589987617729,1119.994437344346,1129.1731065090169,1136.6800558117977,1148.416226222189,1141.9927898982664,1141.2641892279844,1134.4871657864294,1138.519523638303,1148.0324215984094,1161.4393954550335,1170.4212070335407,1178.7260188789685,1177.735809030679,1182.785750488788,1180.1475877823507,1187.0172146276404,1193.841502901672,1205.2919015612542,1205.6942111368562,1209.3683798570169,1208.3787389960387,1212.488916818125,1215.11434033119,1221.516259861257,1226.060937890111,1225.7575141865525,1238.9116802820602,1240.2431036597818,1257.8117929780558,1260.0262989330954,1282.4209371091233,1285.170420760512,1294.0870614783382,1283.5224580080494,1288.652044514502,1297.6595118595144,1313.0058377188252,1317.895443880479,1316.4971274496409,1325.213972956063,1322.709392657729,1329.5544064484159,1327.4964250538235,1337.7437394482897,1344.5777302856632,1363.4854058165683,1372.0740261029553,1376.2961028570242,1378.7759798037932,1391.0724618157149,1403.6268597404578,1412.7666729203802,1403.9029559430066,1408.1531866689065,1407.1476756725474,1405.4841477666487,1410.8193394596367,1412.384952876193,1427.5218676561456,1446.9516391702643,1466.2246454248238,1484.09353117453,1499.6488461487177,1510.4073495334542,1515.2893496072745,1529.5462712809426,1559.642489627462,1593.8842752678424,1624.7868205446705,1661.0490155320547,1687.3486361776897,1709.7588961700303,1721.9892676838235,1732.5552914610964,1745.3665555199295,1767.140443396817,1791.48341914168,1808.5896925392742,1814.9318025050443,1820.20744502789,1825.0004407493757,1828.5070245716256,1831.1717692319303,1835.2237180630693,1841.224735941896,1849.5386195502383,1874.147738610409,1890.2189322374327,1908.137756186458,1913.9163468129557,1921.2949315144851,1923.1478344032546,1925.919094071398,1927.6265359142649,1936.7487786299487,1939.3685563560166,1957.0604283299058,1960.7934581619957,1971.2205797267588,1966.941451800311,1968.3565246779108,1969.6334702935953,1981.8237443546434,1994.6375695144684,2009.795763867927,2026.7989657777002,2033.0884006729964,2036.611874313556,2037.6497718720884,2048.210144204678,2044.1963046545907,2053.7327591159687,2057.1424232862587,2067.4590246348057,2069.5731612726504,2073.3160342772853,2074.301455342218,2073.7125675415364,2077.5595842308467,2085.898939976189
394612,132,"Fort Wayne, IN",msa,IN,665.2231473377902,665.955886533781,670.7161574712642,673.544986479764,674.4996681014638,676.9084094036341,675.2482964615748,676.6376551724511,674.4898815675482,674.7276405115584,680.9906989899225,687.3462326891039,690.1721943050495,693.9372599697924,691.9759207982335,696.2979821426451,693.226084651175,695.6144340736898,695.639642879246,697.2558014838767,700.9684112075734,702.6053061735968,702.3734665778632,701.8597864514994,703.2192274708276,706.2354403877264,711.8944278617556,714.7020826301484,718.7389024907378,717.916285412575,722.8305061062438,724.1007964000587,727.0038952198541,727.7103933365659,729.6397097556671,735.9126082184239,740.4707598566711,746.4820144946561,747.3464399498451,748.6444014571214,747.7146878440667,751.8769141709574,753.7320906638284,755.611072907362,754.8292144496968,758.2275893579202,764.0234340898244,770.0393637730925,771.878309945624,769.2109772429033,772.513172996057,775.6577957175261,781.5064307824529,784.6414530534017,787.2353151261824,791.2080877954065,796.0557253152828,799.0827573957074,799.8094813475444,798.2305727835591,800.5954972651167,805.3906098236118,812.9463534946196,812.8360205974985,810.7545147056431,805.8840096544096,812.6429343173854,824.3424781722788,836.9829540783862,843.7925760839556,845.0638061350618,848.2377034343622,854.8473704640639,859.5711094932914,863.8535906128113,872.0209876499707,887.6090522205261,907.6305500962302,922.2015738204834,932.706412213983,942.8192278694645,953.4113511005028,971.4806418376562,986.2857305070189,997.8400040299188,1009.295537981213,1022.2847642854313,1035.9751728037247,1044.4430508680748,1049.2355864012666,1051.67024191137,1051.701208020378,1049.7531065927246,1050.4721628831703,1053.2496764554753,1059.7740024148784,1065.2963538221154,1069.7914058903355,1073.128586684734,1077.464540911835,1082.517262425391,1084.4862480294491,1082.4202756432517,1079.3891894982087,1087.931289776828,1098.232427520348,1103.5287761940892,1102.1051325554818,1104.7359091008027,1110.3757381770022,1119.417999709112,1124.268192567978,1129.552057720813,1132.3796381322568,1139.1651891164004,1149.4218214925445,1156.4470640846107,1158.1198480167723,1160.8679053314988,1167.305356362732,1171.3671120255156,1173.357928727899,1172.6149118510343,1174.0463265383523,1175.244780285881,1180.0415273489727,1183.966836384649,1185.7645345957267,1184.0581073241651,1184.3953164080078
394658,133,"Gulfport, MS",msa,MS,789.9461348551854,796.6889118563323,796.7113254180575,796.8295697799524,792.9733290747519,789.5980484932843,787.5669669729189,794.1162176331117,793.8860845138782,803.1081425127089,794.5527598574112,802.5008372664302,802.877281224074,809.4466537384003,809.3118522343518,809.6302279544204,813.4524325785309,817.3947921030767,818.3261336823854,817.7447233033635,824.0295348067846,827.9283619109336,831.7372669572613,821.6055911469966,820.578511680229,818.4055741953438,824.6507815075661,825.9665094638249,829.5827556864494,836.4058463167221,843.8419205274201,843.7446966237414,844.7577606010301,840.3778358673078,847.7870107846569,850.1653519498175,855.1102030725525,857.4222379794032,858.4151321067402,861.7562411516838,860.7302831404878,866.5632884658017,868.5415293103041,873.6097251134387,873.2793333663308,879.2537009446656,882.1263713784002,889.4935065843878,888.7545424740865,890.1230701755999,892.412413680391,895.4630769578619,900.4077287031535,898.6350587155306,900.4222358830118,903.8696327514618,909.9593201029527,914.2805542666687,915.8432634297475,919.0709729901462,925.9175992925227,932.8226249149551,937.208171906142,948.468602388777,947.2811239064606,955.9141050448718,964.6765856742473,972.1281376745237,977.3641307637716,983.6290374890948,978.1762604233602,978.3812567547927,984.0961147145075,999.7452528454653,1007.4909293001205,1016.5770269309005,1032.8153891598463,1051.8498018238693,1063.3983708591345,1074.5671742487486,1089.6342349103404,1102.8760722699435,1132.1706394580924,1150.066222821662,1163.4392293529831,1163.1509564430783,1163.525472779204,1165.0548125532002,1167.1590645894132,1176.5694025351656,1183.744160399317,1201.6645617533425,1208.2742405634456,1217.17042952828,1215.8176806676236,1226.7766391111031,1235.9273668435778,1238.53974641138,1242.9989340884201,1253.9069854043141,1269.1837211649201,1272.4380003800816,1272.09488567537,1272.8496254660488,1279.9296038753685,1285.1166965149753,1280.4277699695658,1274.3526660359128,1279.0883022294668,1290.2706698905379,1308.7904338380454,1304.74374367414,1315.8839669265456,1314.3958614801772,1326.0169549748784,1316.9067817306895,1325.0654232414795,1325.5560473360358,1337.601804807171,1346.9900109865077,1349.6627605932206,1353.1291860331726,1349.9741297575406,1360.9438861885149,1357.5906875753853,1368.6254103138467,1372.1635432970625,1389.1309772482807,1391.9868685753786,1401.565957974031
395051,134,"Salisbury, MD",msa,DE,1123.3915365240725,1127.5367222604937,1129.2815354871534,1121.485911331514,1132.3381882964675,1130.6682860042856,1130.69942160796,1122.5831166951052,1123.8873491798404,1126.9835764251175,1128.1347951095981,1134.3095002552748,1139.7468409099774,1140.96721097913,1144.0335081293022,1147.49181750544,1147.3552994044785,1148.8022464679723,1154.506948175201,1168.443567587273,1168.7233998463657,1159.4004133167984,1154.159233519913,1151.7990746602068,1157.7977993321463,1156.2180195151427,1160.7460740358822,1165.7772695872711,1174.1344585134789,1172.815192630663,1166.1624514218547,1171.2951127488527,1177.0538422466552,1188.0306032331162,1185.973085632607,1192.281275633599,1188.4914945479297,1190.4350501798306,1192.47572916037,1198.0640944606382,1200.4387687449293,1204.6790671539957,1199.596172482693,1204.0894699803916,1205.3279214549382,1217.87446419165,1218.1806529234373,1216.1462876548724,1222.7934342719245,1227.6435841345155,1230.429875519014,1230.9332767189248,1232.7953905859174,1238.5522806248155,1253.6694076089748,1254.648149368088,1260.8385247264541,1258.0520450852666,1271.0562229990978,1281.6077402712115,1289.3565661763935,1297.9524221233414,1295.782761158059,1280.0105917207193,1278.453724590043,1280.0948061266208,1299.9807698837053,1316.78491841256,1327.8121143112794,1342.0670151933484,1336.2621321250529,1351.2884162145415,1352.5650238112369,1377.0516418420377,1400.0768439303565,1445.0516367660957,1464.006315152341,1492.0486953325421,1492.9609703796486,1514.881772591377,1517.0733883150072,1534.0703233639922,1542.8697405914163,1555.5813080387798,1578.4056024337533,1599.5842081079645,1605.1903558405054,1604.9464756748669,1627.7684308078756,1647.833084118937,1658.9023097032177,1655.221961135883,1659.029800697107,1671.6096670542831,1687.50395252615,1691.544575760713,1698.281428016962,1692.81363350232,1717.7190743342144,1730.5803520741993,1730.985321436353,1713.7228419471771,1714.9776014609415,1724.6644373117072,1736.1535542290617,1730.3703135810513,1730.6947860684134,1730.763695243636,1734.15729776498,1746.5495873098635,1755.0978573453901,1767.4970974004582,1769.780686470495,1783.532413181949,1788.6476845510185,1799.3726093401174,1805.9792687963318,1815.0345606903911,1823.3388021615979,1835.6937007161216,1841.9131176525252,1846.4538904807532,1842.0558935832046,1841.0843168566298,1849.9150869406585,1858.6188490727513,1867.3806224666903,1869.565976171471,1872.457263904653,1879.3186482767878
394596,135,"Flint, MI",msa,MI,606.3967538607573,609.7997174022643,618.0940789644685,615.1704288237977,614.2237598334616,617.1978576428854,618.7665655289618,629.7364101196658,632.8528088825234,629.0617762703004,631.2671573988897,631.8173314191494,640.2651291597642,641.8705608031008,638.4367486352322,641.4853143094576,646.6050483336269,654.3452470094344,654.7698229557027,654.8625518744543,651.9183040154596,658.0288568518929,658.8220740102686,669.4340110346466,668.1305926722401,670.9675524610863,667.4341901165867,671.5638984309828,668.5582913957342,666.8663350846055,664.6318031599136,664.3792962414032,670.573542624002,678.0298950679114,689.1671918960981,689.3092381181636,691.3779198433825,690.9891097646589,697.9018773037501,697.9136911906998,697.4221586160992,698.6045643191477,703.5409954350155,707.7728383757823,706.5582454546637,706.3581189984984,707.4444406019395,711.1984820148837,712.926073942891,717.667351615316,720.8837021807469,724.4039858769372,731.2455149817781,735.2262776645923,737.9459269074623,739.8753731296318,743.5462578615987,744.0556582703352,742.6183015667832,742.6095816572696,745.4786195157476,746.3792964586672,749.4906401716867,755.4956907613173,763.5867801723739,768.1894510747021,762.1717163691111,765.7895890333363,770.2810192897555,783.8215744552235,797.790022930827,808.4194145656354,813.2498234149074,824.174870317856,829.6973652640611,841.2110050593237,845.1849074884861,848.653964756359,862.3674130699115,869.7423405723318,888.9625849335677,897.8668265236453,907.9185027428299,905.5702943350097,910.3587385614912,915.5708916977007,936.5174782173062,944.5625939880391,951.1737151157424,959.3552798537985,963.679156284872,970.2083330979319,956.4108725179304,953.4239583555064,950.0019167903091,956.274328871473,956.5214738977984,955.8756862572959,948.8386356667203,943.3467874032748,945.7260126550796,953.4554208510082,961.4830518314839,963.9871049751474,969.5977743988833,975.5980261289195,980.9501681246418,988.3518993584315,997.5971740441429,1010.2604359206953,1023.3864867710192,1023.4239399040586,1030.9918236836068,1030.5231914834008,1036.7505991322832,1039.7220807720187,1057.776708707883,1059.408401428616,1066.4307041459483,1069.3892373551391,1072.3442499772443,1072.3970451698722,1071.9213536838622,1083.418244232764,1085.1206167690934,1089.662192646062,1088.807659601447,1092.7687735497582,1086.6342491209593,1090.7881087919038
394972,136,"Peoria, IL",msa,IL,,,,,717.0401875183638,711.5958467333842,710.38050400952,712.120928656661,716.6559986290206,723.638018547457,714.0056091407906,721.3437235908705,717.834522062319,718.4716952204013,,723.1272883861916,725.1594494666017,720.5243584072477,719.482430982619,719.9156501482892,726.1562691320148,722.3222809139468,725.1005402382219,714.2984662454343,718.0253557687772,717.8510409555182,719.3734971091064,720.283196794362,723.5846848263149,730.2228429796317,729.5965229328207,729.4732363194449,721.3586086827106,723.3403952312897,724.2092375734695,729.5381092038072,733.0200357973723,732.3989188713639,729.4317308399478,725.7603152082332,727.8926223477042,730.6398100126336,733.4425704284733,732.2703539484884,732.6392559779771,732.1873722434613,736.1964796402889,743.378175378357,744.7910055225307,744.1513023447461,747.5450711766908,752.8800779830806,752.5674328157711,751.5332210174012,753.2181352829949,757.3754400066872,763.1431925627664,766.5240503242939,766.0229857102419,763.1335770857894,763.2250045604039,767.7564383038964,778.4866726559986,781.8060447505773,783.5047745967768,780.9904650975419,780.9724034417548,787.8994468413372,791.4697214057624,798.5900738486621,799.2911219014286,810.0166445551077,816.2981638204733,812.0940172301669,811.8770195185534,813.6137955265943,824.2954367375247,830.4510662935828,834.1860432801251,841.6226686266209,851.084418300723,868.2294623509162,874.1022135777291,872.8243433403536,865.5407733761426,880.7488569116027,891.7405157280857,899.0853609578545,900.454469682553,914.4878963361705,933.5544809344022,937.7305768846556,931.8448101002106,920.6973080997867,928.8761910208015,941.5359178840922,960.9928042830188,958.2585609191345,964.1572269803191,970.972271695315,989.0062998495624,993.4687670967273,999.9374522538862,1008.0576003386443,1021.6591427580696,1029.4660843519473,1033.466450795536,1044.6711353828898,1052.9138251245874,1063.544747709905,1058.8835187372847,1061.4823162831663,1057.93012602911,1067.5387092853584,1072.6891975001129,1072.3697669562903,1081.4777296583661,1089.0180018912,1095.9786177892609,1096.1896188835701,1096.8125513073069,1102.6115861740668,1116.7587709789234,1125.7966991075223,1135.07928571631,1138.5798070330152,1143.8300874246665,1156.2291359330366,1160.695071191111,1170.9065934065936
394439,137,"Canton, OH",msa,OH,644.0515356159648,647.4977447161706,648.8798684984342,652.878374348561,651.3897358681164,644.9624263755834,642.5433390487863,648.5937467387705,654.5166454336646,658.4105343490857,659.8634377868593,660.8069866970304,663.9314917782492,663.1781725220931,661.4170988170036,657.2262591773671,658.7231660429452,660.2145303276378,658.1706738095984,655.1420763242484,657.1030646544249,666.035274308217,664.6773769933282,663.4925653036914,661.5487789760168,667.224058632693,672.3950679944164,677.6348486105562,682.5097015312197,687.2979883309505,690.201177622728,690.7960503971158,692.3809451479425,689.4691610971286,692.5369449818864,694.1418498970343,694.4023410945579,693.1558931438333,692.3076071827998,694.2794844785822,695.4771704855917,699.9234081898654,704.1013677295521,706.9362027336073,708.114344341156,708.8731400604557,712.0800768567982,713.9930803744313,719.6213689334915,721.8188516370103,724.906408480105,726.2557877297274,727.5468155506276,726.5830246585265,727.4917073042876,730.6491463072227,733.658631230491,737.8424037875319,739.4275768938517,742.7842889437763,743.9983539454678,747.1708494442,753.7932302074302,760.4918708089509,763.9919831217677,767.724052075802,772.405749430588,777.2079823464428,786.474320593074,789.6415535235287,789.5067085617159,793.994184894407,800.495132679916,812.3031069257836,816.351449152676,818.726754587251,824.2710108000912,827.7902199766086,833.6080148013209,841.5312881544373,847.8760223285237,859.2966546330664,869.0367953579382,877.2367255997818,879.7457879802525,879.597548764484,894.2773117513202,906.2498234926655,920.0034473095168,929.0400603023417,941.3033198130039,947.7734694993903,954.7990033997003,954.6262801674717,958.2912194938525,957.5480492886865,965.8608085857473,971.786236832275,974.6735812125116,978.0031260122239,980.7760325956613,990.0822070039163,993.815046822026,1000.3249639629657,1004.4149328367051,1013.8432724439871,1016.6353694498313,1030.8564469107582,1035.0824308109254,1044.1872384744468,1037.6932828347014,1043.7766094807864,1049.0209952640291,1052.003635501604,1058.6677234154652,1059.9378306809917,1065.522949450609,1068.6266888636112,1075.9018174158466,1076.4437053165068,1081.208432816243,1083.6556689385989,1096.4973755409155,1099.9013949746331,1103.6414180380848,1106.8215905240106,1109.1523709582145,1115.4371121806423,1119.4770208689815,1124.0174603174603
395070,138,"Savannah, GA",msa,GA,972.0422254683656,973.9928898483835,977.0078922624544,987.4556915845114,990.4039537099352,991.2324182827441,991.3456195023881,996.2515265017855,1003.3003146441013,1004.0501040814552,1008.9814185841901,1007.201756324448,1013.6486770893813,1015.2826260606053,1017.7844603534103,1017.7692335184247,1019.6809916805119,1026.512043112343,1029.108607291144,1025.8672973487505,1024.4885059158978,1025.4869067871584,1028.3061801450654,1034.6777104782745,1039.3990412880687,1044.7978744469199,1048.7847075378265,1054.7288904267136,1062.6749950029657,1061.5677420721072,1070.1321809015549,1073.661268999659,1083.4508705023131,1083.3456717930605,1086.0312393204665,1088.6617094438188,1089.4219524178523,1098.3495519999356,1102.9053820806637,1109.1544633120545,1105.5826974011095,1112.4779862932155,1116.5493500020934,1126.3905905620416,1126.2174413736982,1129.012239804746,1132.5873206913407,1138.1207725764702,1143.3873879851142,1143.7380940556905,1147.1937379472447,1148.8624364953748,1157.191359372146,1161.1910225193137,1163.6145631618458,1165.3874625191372,1171.4630700452428,1180.0741239680306,1186.307890601946,1190.6761796473754,1196.5212549063315,1202.3642143920986,1214.9687904686107,1210.5387774188093,1201.1574211019317,1188.2578710009473,1190.5571561460022,1195.1047321439783,1205.5198250227236,1215.193032418051,1233.0381843293674,1237.082309357674,1241.83473246546,1247.8521906903834,1262.4915241519327,1284.8118340856429,1313.5279316742876,1351.1726235685503,1381.191834506419,1415.6479984877956,1441.5520741666069,1469.1992383144782,1477.8360254952597,1497.688471340984,1517.4635606971915,1546.735749654513,1562.7308030425158,1583.0811579754873,1601.8095303249268,1622.936111114686,1643.383662680762,1655.5218396412345,1659.3589853426604,1663.1478573468419,1667.2279049252172,1686.8082642336296,1693.5837631559002,1699.4993689207936,1705.5047228833998,1715.323676229611,1722.706517498421,1722.191160003392,1718.8696947874566,1720.78309987325,1729.285055901872,1732.6182442054471,1747.307253906628,1755.077500150073,1769.1424183042636,1766.8184254703508,1765.8481990541288,1764.6601059598445,1771.427932627742,1775.9708471511794,1786.8653464320553,1791.7432971520432,1799.3978096218166,1801.4066483334484,1803.7870900821601,1800.751752328435,1798.429384561034,1806.0751569158274,1814.549186468889,1819.2574142931817,1818.3715990412732,1821.5086479749373,1820.907928084984,1823.2388165150758,1821.4864562953403,1825.8326926326693
394327,139,"Anchorage, AK",msa,AK,1259.9671765962944,1261.0271365282927,1263.8752157481902,1260.34398918842,1258.0757447782894,1257.453726303774,1256.5067320091396,1254.224573089699,1252.683594471727,1252.5328443009455,1255.2354195651426,1260.5199547439665,1261.007416636713,1261.3881868176945,1255.0588468891233,1254.9318240313369,1250.8603231908116,1244.2153484128328,1236.1094754362393,1234.0856181299523,1233.7221718323556,1234.1460308682317,1232.7879507182297,1228.4325038436787,1227.2739393054192,1224.3650076048068,1231.2056585419375,1232.9399064721463,1233.7606310116334,1230.0380707905315,1228.9921449874723,1227.2584510840607,1223.622807823741,1222.7833420555198,1219.8578685701236,1224.2894940012648,1222.201361865942,1224.4838629120027,1223.3443492673287,1225.4694424720085,1231.0410675934158,1237.5453889537507,1240.642421304089,1240.3523231007414,1239.6364515553917,1240.152190426004,1242.20846446058,1243.944735156004,1244.35090083088,1246.1263605891672,1245.8753856376359,1244.9782510633486,1242.9304488644411,1243.1252909097789,1245.1078045928343,1249.0389312117734,1254.087285475405,1256.9050398819334,1260.100415906242,1260.7451415848132,1265.3852732373223,1267.5674068359658,1269.1474609832421,1265.6962140890946,1267.2620752319467,1266.9956643244786,1269.9927044731173,1270.178617444744,1276.823405048116,1289.8339439857684,1303.1577255652867,1311.499940371707,1313.226123171242,1309.511769179326,1306.1876487039256,1309.3828117812093,1320.8459489684992,1339.6370375967736,1351.9709298617013,1369.6556778154495,1380.0752786282983,1390.2985788336769,1394.3082421196148,1398.2312366296105,1410.9489181714828,1424.1433955907257,1447.7478631368012,1464.2079843748907,1474.9216911163346,1479.1900034481948,1493.7059279345767,1503.44493970178,1510.4201820314072,1516.2657038640698,1525.8627821333926,1539.2962407222446,1541.213982618372,1556.4460552629585,1560.3914379675873,1571.15434511407,1579.6570303992976,1590.628523829692,1599.2876055473273,1598.9929560662245,1605.9629773655292,1609.6538591233405,1620.7686460028635,1631.94742945781,1637.1213083524287,1636.544512771227,1638.6448658005372,1648.1822284866757,1651.9599231539091,1660.1996281377021,1663.2779392253167,1671.5568464140201,1676.3334302245153,1681.1244627759984,1683.865611295735,1684.5418788295683,1693.812412848582,1700.6794480406622,1708.7840539079136,1708.942534789836,1715.7706792136248,1719.0428430012355,1725.4463667751563,1733.104588392828,1740.6852350933661,1750.2122436880707
394372,140,"Beaumont, TX",msa,TX,791.9673784045614,798.5775797593477,801.4441778983612,802.320849185945,800.5835219601362,806.1970304442818,814.893197710621,813.2361351602494,819.4882346256935,816.2600972554543,822.3076518729099,822.4736110945854,825.4398117033687,822.9511749381521,824.080051048469,822.8775688410684,827.6490888243084,823.30784725803,828.2877724339202,839.4131577745178,839.6276989487232,835.2121658901843,834.5206866254355,841.6621458532469,854.940540994194,859.3092069623399,864.9827156574189,866.4553894484721,868.6883025383552,875.7179751659485,879.6658323869381,878.840864632647,890.5559029708418,905.566542493961,918.733549076523,921.2794875780995,912.065932712812,910.9832319169286,912.5716899463478,926.2473065853842,938.4262225234112,941.445122684322,939.0711986724262,941.5993873720076,939.8024188413006,946.2333473632112,948.0171634808795,954.0540626706882,955.6773610339563,955.942921652425,959.491665201197,956.3020556049684,952.7577928490072,955.5907584169576,962.0169480617492,966.2209372435119,969.6397845491987,966.5868774197176,967.1797158840163,968.3387946827613,977.3606155257941,985.7181441733237,988.9778004993714,996.6098732929894,1004.1935627492034,1004.3058499799166,1006.0952237632426,1002.8563548689367,1006.8792054230859,1009.2500252379486,1009.7737432803057,1011.0550085061305,1014.3844504773102,1022.3373833761881,1031.2951055650822,1035.6932825214487,1035.4974064723208,1041.4710824375602,1044.5007887755753,1053.5097644685961,1055.067057535504,1057.0799413403975,1063.0897890484327,1072.2869782913456,1080.7470519258788,1085.600140864949,1086.6367439733942,1089.4312498649244,1091.9759290190646,1097.0273184659889,1101.7202097446316,1106.8044612389956,1110.2937828024692,1116.8260142600184,1121.2670330032558,1124.5272669064236,1123.4883476580185,1115.7220674170276,1113.7395033090231,1113.4194658161846,1118.4868295988203,1114.6779433071097,1123.629800836358,1131.8213363652737,1144.6326036852577,1147.4055576452104,1150.6739492305526,1156.1009836237865,1166.847753827021,1180.2478648305305,1185.9421339614066,1185.1365067047298,1183.0277015171075,1188.4098899804017,1200.4039130776214,1204.476662188094,1211.9852860947615,1209.960544707474,1215.5620482887255,1219.533494928913,1221.7396322028856,1226.0197802693083,1234.2632449378837,1246.534063421872,1257.2866465476068,1266.0266134432027,1263.1252108946346,1266.8724516762186,1266.3762657249881,1278.1597463002115
395096,141,"Shreveport, LA",msa,LA,932.6980525503928,931.1731328270338,928.6395108995088,927.6678200889572,929.076472477088,936.4253688825789,930.6686345041707,927.0333765671588,922.4090994372983,927.6793595003421,928.7098184599007,931.2341362693279,929.2811063793407,927.7725741572938,924.6616977068018,922.2513913707677,922.8141790075756,922.1270688979982,925.3562583864029,926.4149136497952,926.8849346440405,924.1369664084766,920.4256488462718,921.8772879423216,921.720301025562,927.2693407044208,930.7400479730686,938.5199515546668,937.2586690303374,932.7577401249436,929.1806488483193,926.7334189067926,930.5652523450439,928.859339701306,934.3934474983243,933.1753041851738,935.8475874957226,933.1871192341464,933.4544399442714,934.0042568373441,933.1234860737427,934.6492125989287,934.8663679738556,936.5579879183655,934.0454970545517,936.0242428164416,936.4112119147818,937.3303644033597,936.460368545019,936.2579746975331,936.226500494797,933.9417399236893,936.5685668551371,939.1395894798135,941.926800328108,943.584821674873,945.7247187409348,947.7079135126265,947.9821052624491,950.2576398531185,952.7491100149056,956.4615865257947,961.9586331998094,962.4863648127284,962.4923311531476,969.4592241522743,976.371147713144,987.4382132154487,989.9887926684344,989.0082578903298,991.1261950194389,997.5601322054158,1006.8970131015202,1012.0482839934566,1013.7951110121874,1018.7476995285751,1023.2523074052233,1030.8645429803776,1042.9958627361625,1055.607389743868,1068.6853770802545,1083.9605590988538,1093.980135857301,1096.1418550283447,1090.236929877735,1089.4835798148838,1090.7853326111147,1094.7228238679236,1105.1777914038194,1112.2481505567891,1119.7642975636124,1119.468758881294,1120.3495359790695,1122.4029605896458,1119.9284474936537,1126.3197742271072,1131.1432099591543,1142.9596174765793,1154.2841529187606,1164.6445746628349,1169.084842081084,1169.076271086017,1163.8125340964255,1162.1947882136958,1161.7073196894391,1160.7987802904324,1161.5505879530763,1159.425456149491,1166.8352621780516,1173.7676084977782,1181.4374027821455,1179.5422824365723,1179.3004291128996,1184.068601931825,1193.615839339684,1201.380752179646,1208.9673198897133,1213.5895408688677,1222.3078581989157,1230.1839452278039,1232.8403516284673,1231.3776722900618,1229.3627366036299,1234.7587613030491,1240.5049485755678,1245.1853415111318,1248.396641845854,1252.7232995664656,1256.0959095391104,1261.4216516902013
395164,142,"Trenton, NJ",msa,NJ,1542.4113232916654,1541.764101743348,1543.2237825981506,1553.7475925656122,1557.8900635104617,1553.893570263702,1557.4447784779286,1553.4575966546506,1556.5639162879304,1553.6128196906589,1558.5920582791568,1569.8070507105338,1573.9008287296451,1578.779980437666,1579.5634788510572,1589.252385378133,1595.8150597371564,1598.5008112961004,1599.409192444373,1603.4842633822584,1610.908729071206,1613.6016398744957,1620.9548443498372,1617.1792671976145,1623.336171210353,1622.2305132496747,1624.5876823683177,1617.6351718322212,1619.7999615612189,1629.9355287473775,1638.2116901690897,1640.6809375830228,1639.2481839952686,1647.5769075272376,1654.2044475395492,1662.6562911137803,1661.4363450307349,1667.9685172451784,1669.5377415477205,1674.7163566451325,1676.0335928923319,1681.1332567966388,1685.8921143229286,1689.2632522191866,1685.7463232998257,1683.7437905659463,1676.2081380475413,1689.4603724973392,1692.7953446772508,1698.6777251982312,1705.0201702178263,1711.0997078850276,1716.5773594281136,1716.3955439250108,1717.579419082504,1722.5016432744967,1733.7254291304318,1740.5376825900723,1751.4785385703465,1747.8437741209048,1754.8861072137747,1757.7772336082485,1765.5156693808738,1766.1464355891806,1765.0543591014723,1782.0399874909292,1785.4954669264362,1798.2531291388839,1800.3297165848544,1812.9819751934133,1818.799176670024,1830.555252309537,1838.8395074616942,1855.930181032179,1867.3220406853359,1879.931561158418,1894.3473590599383,1902.2491597449707,1924.8427405610046,1946.2510484532797,1973.2875461567496,1989.3192277951903,2010.8491781818418,2031.270235106818,2058.4128961053525,2084.646188434286,2112.141245336262,2123.6108920462766,2128.4360100637596,2142.641808610008,2159.6652279020095,2185.0234930578813,2197.9735335180335,2191.776787399047,2196.5516822075438,2210.910715863333,2235.8077512073746,2239.921627149591,2240.2132124062687,2271.5984932031347,2299.229126587599,2327.2062611298466,2339.200713928207,2338.209525767113,2334.1569787539343,2356.6871399641977,2378.092725164423,2384.5395881794743,2380.301850979145,2374.4376470250136,2388.125621923213,2390.6937811738744,2407.0928430392405,2420.3452415138054,2422.3531053376596,2422.7830793898324,2435.4803960983036,2455.4642302629045,2459.574229592605,2469.173731712249,2479.2174893980873,2500.182323113996,2506.8627028134974,2508.817125058094,2502.5260970084346,2496.1598552064384,2504.5047804883693,2517.794890814023,2524.382463181642,2515.293178294574
394875,143,"Montgomery, AL",msa,AL,871.3508337556261,875.8734691322844,878.1801446474678,880.0264086558709,874.6378440119385,871.5914305275628,875.6704072039853,883.0391594504284,884.5105741798801,881.185675467768,878.2269108755897,875.1142890571377,873.1220565463176,875.7718336387217,876.9085423423181,881.4203007517578,880.3629462435409,883.8218040161647,880.9960023224136,879.6683552368232,880.2550728957661,884.0428964972884,889.2268400167259,887.9612040665921,888.249336543097,886.4680958009707,892.2505388158467,893.1318755006254,895.8224691754968,892.4144684131777,893.6013957584638,893.209967487085,899.1576673156969,901.035600142141,904.9718134689299,900.6653099558482,904.878310026582,906.8113386429718,908.4178177278894,906.0092988551413,904.7024956869043,909.3626484605983,913.647877367903,913.5803498729995,916.5433898170515,917.4550593150939,918.6374493667275,918.2529593435048,918.8691337920122,920.4038670199278,919.5124961255352,923.5460879720521,927.4773699808558,929.0386430718738,930.023653897446,934.9484972957523,934.6145794755492,937.5999374344677,939.4602476740998,948.1175952967268,951.9945591212218,956.9660663905355,954.7579098080973,953.035645912679,952.3610823679755,956.7222348521641,962.0670823899334,965.8459153378631,971.2911275678389,978.647765651434,989.7425030039782,997.4729785246869,1003.431460665451,1003.6521565240404,1008.7400457133056,1016.9616191764377,1033.859924966312,1043.9638545299044,1064.1972152254073,1078.939743924344,1093.6365957475857,1104.339846780139,1115.2257842241402,1127.7804711201313,1135.7280045547927,1145.1559758374153,1154.568426553674,1164.7407749659171,1169.698478807953,1173.2617010883905,1171.8094963552096,1173.6169527381205,1176.6389232699592,1179.8552293019707,1180.4361125780777,1181.6098493428678,1181.1887517490109,1189.9569077495546,1199.4510485985215,1213.120339235892,1212.043317431266,1217.954851298313,1218.858087822171,1226.481501300756,1226.8228969537104,1231.5676430720018,1231.1614078934858,1241.8716477498515,1250.8812265427525,1261.8662037065112,1264.1068015630578,1266.6925474470022,1273.7209131330515,1276.4815046306721,1282.74475816816,1286.2633344188857,1298.900707059591,1304.7784725768238,1316.0113841317032,1317.6702415220839,1322.3631197845696,1320.4709912542132,1324.8212405821473,1326.3907588489333,1332.6829105214913,1339.1062688949194,1345.8214288245924,1350.3561076039234,1350.7976620076047,1353.992933262051
394520,144,"Davenport, IA",msa,IL,742.2799131564708,748.0591539659204,743.0008909786843,744.4683619538134,744.4170658730799,750.6495539533906,746.0085797725178,746.8563604520979,748.9280510891333,752.2035256778086,754.907065561802,758.5890855807921,766.2050826804932,763.5420096902388,766.727027037942,765.316161446254,761.1402995292783,758.2216269658496,762.1522891081102,770.0351963866344,770.3926474744347,767.0043777715326,760.2194228830798,759.2376799040192,758.085103429503,766.061138683932,771.9575006955322,776.2221923410034,778.4474234259958,777.7868396934316,778.3034722826254,775.4857595820812,773.9823248157786,776.942583408073,784.158697280421,791.1111045155111,792.5700460689673,791.2180127686573,787.9679628587107,789.4910880920934,790.3887538309408,793.6589057416286,794.9621793510989,796.8427332507499,800.4399495547508,802.0663813703942,805.8022979514627,804.2648717445505,806.3063560902318,804.3395648588,806.9641221833664,807.4689672915438,810.1050834550653,811.9061522147972,813.5847249169501,815.4667548779416,816.8892465504729,818.3902739970204,816.9595606571951,818.5849858847617,820.1780272921764,824.7313084481199,830.1818819978042,831.2291337796612,830.8375291729498,831.3508719008139,834.1957727626477,842.5083865885654,840.9223700305364,844.8819772375766,845.4800394167651,851.6200090662267,855.2171017139262,863.0034175038999,863.7835415620192,870.2935755348349,872.54001103296,880.0199287110064,886.5248691873743,890.1557856553592,900.7582497738108,906.5136434493321,912.4748246266614,918.2184960635391,922.266880619941,923.3050702878446,924.3137200738541,929.0261883618131,935.8693413830149,944.5270672535462,951.3826117034475,960.4170292689942,965.7179455181687,963.0880284203153,966.4875240841401,965.535911646752,974.492829596968,977.4206267695541,979.5102537399031,981.4334016422841,987.1588338446433,983.1999524773432,982.9667114073791,978.0166703191154,980.2739436061789,989.1730126325825,998.4891725798631,1005.833511345785,1010.4639909844989,1012.3551610878648,1018.2741373030742,1021.4683342006992,1027.462876397017,1036.3264898252933,1041.299582243954,1047.0224667368511,1044.4685062091487,1047.5988208828828,1045.7170761365478,1047.4002245161116,1046.5425622982323,1051.2061259694956,1053.169538442899,1056.1109929865108,1054.3596225537244,1054.402734039031,1055.7269266587243,1058.2167916657693,1063.6538252857447,1063.0094408133625
395146,145,"Tallahassee, FL",msa,FL,843.1977300494345,839.6665174983771,839.3914035076716,844.5108396508623,845.5781804923915,851.1732282627021,851.9099856377537,853.3933064998353,852.7361151326872,853.7674972909829,857.4953858620993,860.7594178881473,861.8967528772027,862.3487329692404,861.5316787297719,861.0818927835223,861.6380448525068,865.4889426343038,870.996594289466,871.7292250154821,869.8749082693455,870.2639800504832,870.3353556134223,874.9859379245776,877.6545141932343,883.2796542588563,887.2716036087678,891.6240809790896,897.5878994767064,897.5724378588226,899.4922134258848,902.5595726656132,909.5616491042198,914.8843893436642,915.415197592534,913.735257457134,914.0162858428016,918.2242913854674,924.8508332565254,931.85914654493,934.6381916819915,934.6671602462442,932.8121675922354,932.9074658857812,936.2448038736532,940.9240144652558,946.6170446264202,955.2469077083292,966.2299705718651,968.0224575735272,969.5453553382812,970.1966419495201,973.1103749551194,980.2145634536911,987.4909722548682,993.5294397709074,995.3264986142392,996.119332379238,998.2041678034924,997.7981561480967,994.7379521115867,995.924246485209,1001.4174291185694,1008.7958412510153,1003.3388413189207,1004.6863372784768,998.6361996786758,1002.1655775458825,1003.4794805226159,1014.0434826699272,1020.2045470779002,1025.4225613291774,1030.171947970599,1036.9633690343405,1043.4410771909425,1051.1498910153375,1062.2890418210266,1075.9653385246736,1096.2768809340237,1116.165519597533,1136.2052793415317,1147.9192105895497,1155.8079147287901,1177.7910610371007,1192.052981536667,1201.6934446886498,1209.3513214749678,1220.4567099966223,1244.6362380495698,1263.1756413947696,1278.8089421657633,1291.7862047604326,1298.5873018832503,1309.5775884119807,1312.4177670287406,1311.5132375382605,1314.6259014088514,1325.2222280370308,1336.2060200855722,1348.315106795418,1354.4396269576825,1355.1088860592806,1356.5034744121217,1352.3877679469967,1365.2164642273108,1367.5775902285507,1385.486210858649,1387.4407477519335,1394.5315975970593,1394.0384433115958,1401.3135734608763,1401.1699943335182,1401.2072425764609,1403.955668056511,1410.0524241662213,1417.698731482393,1421.4965637203368,1425.6206045470462,1424.5280988468955,1433.9897916669024,1438.8176176537952,1446.3435909055447,1447.7650015333184,1453.31022304078,1458.344812221913,1464.9952031385867,1468.8222868313255,1474.6764886652793,1476.1236342292027,1481.82586591856
394576,146,"Eugene, OR",msa,OR,953.8545028176842,960.6940581222693,970.7429363306608,970.6586910234957,976.2536907763816,976.7357305602405,980.249418902945,981.9599400041693,986.9965096446413,990.6009977877234,997.4022065063315,1011.7615933172975,1015.3948905505322,1022.7474968276058,1019.6321104115655,1026.2641007499242,1028.5282510967488,1033.0903285197026,1038.6344736757642,1043.5026270375597,1049.4922562456306,1061.1480573097792,1065.9768924146838,1068.345685336168,1065.9757676232912,1069.574763510407,1078.180722715784,1083.0500498651854,1089.1994122892047,1097.3284734642164,1109.535433326718,1116.0803978604413,1116.51785689395,1120.6584430329274,1127.2623407015803,1131.6458209588159,1143.0154200377583,1147.5721619521382,1155.7854361281734,1158.6829571139886,1161.9087463963629,1169.9549491736188,1172.777253941165,1183.7040670472584,1189.443091699606,1197.5907818688502,1203.814290578997,1211.5590140937886,1216.6904352082017,1218.5056208500428,1222.2937830917579,1230.3675062316536,1238.3420213495149,1241.0886739108494,1245.5795269353189,1246.8152161966548,1255.0091473058094,1258.1091901903171,1262.9227438167543,1267.9730147843966,1272.894291999323,1282.4258918728585,1292.8418818675175,1295.3191868517458,1287.2715110370284,1284.5494544456928,1284.5794679703529,1295.9312769904718,1301.393475505476,1316.9390979988655,1328.6142325193937,1343.8552855023331,1349.738151145145,1361.3824192120544,1367.6560417462676,1377.0469905192444,1387.478662270568,1407.1058942807344,1424.5986699814307,1442.5553279834683,1461.5040890931982,1484.4299905151738,1495.616557616701,1506.536370213064,1516.6761983540653,1524.075154183834,1535.5139735573719,1557.3680181501118,1594.231039561515,1614.6911355937905,1631.6572527461842,1633.5550741505274,1632.8469205418298,1631.3046071359688,1641.868619684111,1647.955110847641,1651.1164093185866,1648.7038834467114,1652.5759341144483,1649.904286025696,1644.7756545280429,1651.2729101947875,1656.4584525724097,1661.7351185901375,1670.6358900111518,1674.3459544217214,1679.4253139350187,1677.1743303967216,1676.169058421534,1686.7154898524154,1694.1823043364957,1707.6632857835323,1716.1753336264821,1718.5370518104032,1723.0992034339815,1723.7949251797147,1726.7961412196407,1734.417536847201,1738.4722813668054,1749.8958774024645,1761.8910156593001,1767.5654981920477,1771.452891175025,1771.2202834098714,1772.7491909559353,1776.531965227675,1780.0519458721456,1789.5924006754228,1795.8471999931887,1801.0093512742396
394901,147,"Naples, FL",msa,FL,1442.8638491142985,1455.3170219815638,1471.9692012650514,1479.4095820853308,1481.6560476796942,1498.9987157373237,1500.6082177467924,1506.53722989863,1508.5190412232182,1530.7914622032686,1538.026427659036,1541.3549097823777,1540.1261229611112,1551.5752531419298,1561.5817072753182,1561.1706769339717,1553.7463483904369,1543.527613301865,1542.8933555462215,1554.3242483896877,1567.788894071305,1571.3851276656894,1576.890384022521,1574.8310633155613,1582.7966378204708,1577.182532218956,1587.394932607976,1598.3075763950785,1611.4549326303427,1623.443918448426,1633.8900654594786,1632.1493624113673,1617.4133165339545,1597.8766767238144,1602.6046240772919,1615.3582390858282,1631.8212591642687,1646.9115938608486,1656.1146258625613,1667.3707693602132,1679.8530807216516,1695.1861360610708,1695.8853395559502,1689.082376582984,1696.5645013921833,1711.479757755178,1727.3516230604598,1733.9854245074357,1731.0532832932277,1729.3059500436245,1727.4777146775232,1726.6827165422528,1726.1489821868038,1724.7469478933751,1734.160406510389,1752.6935744023272,1766.4314144838434,1778.3316413780701,1777.5727041055054,1781.7020613582113,1790.138832903773,1801.505646674856,1793.609548060251,1776.2020201669727,1769.942568763334,1783.0041273341117,1794.3224497280705,1799.1349836784507,1810.8883516079766,1829.0922027281733,1841.274364699078,1850.0123211257346,1850.1258985327827,1873.975971681455,1909.0061488178073,1968.3626520387893,2011.9504651634547,,2141.5643246971963,2242.8447038606846,2326.942877955486,2379.52997262379,2432.8357502278286,2475.6268326623476,2550.597356742411,2585.724211094139,2636.584814698331,2672.3131670335474,2732.9755036833467,2749.916899227343,2741.833457271348,2683.8486017799755,2677.045084376748,2684.7740609719735,2752.5164858526514,2788.06068440502,2808.7918099016174,2805.331969392714,2817.101604275022,2818.608449617942,2809.887961737574,2807.556774576401,2814.2213937899987,2830.2513628430374,2839.6082622291724,2857.2922421251355,2834.351939769726,2830.5671648400435,2826.845650464712,2843.422341662109,2822.1680460135835,2807.4124537372336,2809.514848441381,2812.2246883383873,2828.8755529181108,2845.3076736069124,2836.278343243013,2827.8791656364688,2817.417816124415,2809.581475162266,2800.4046096288293,2793.252544786046,2801.2980474471697,2809.6422249688235,2803.8233913346394,2800.6733295423096,2785.145375891317,2772.155115122852,2770.2745946976984,2760.8631797720045
394332,148,"Ann Arbor, MI",msa,MI,1354.243800530131,1379.1419670226362,1383.809797338191,1385.3383443369466,1386.5984022115415,1386.567078731267,1388.8707488248365,1374.6287361078382,1378.405413773677,1381.4387375311185,1400.9074108783132,1406.6251971825072,1419.8375949708886,1417.360337356754,1410.1986920326185,1404.5639377493221,1404.5371478182583,1419.1303495424945,1431.0437180471538,1452.2754693771378,1462.9216013353691,1469.0201540867554,1472.6871846628146,1475.0357994933586,1474.3486247076946,1473.105238517102,1475.8577156275496,1483.271128742502,1495.5498421741154,1505.5330013540868,1516.0169469949008,1521.2364167145686,1528.4215072643528,1530.9783485199512,1534.8942153056973,1536.9510220934565,1536.2272160683353,1541.3686625504117,1552.6170085710328,1566.8581091792003,1575.0162757826013,1571.6608780974893,1578.9374328230824,1571.7956492263756,1577.091924343896,1575.5789620906642,1585.266154596118,1586.8036832819012,1610.207152046088,1618.2318827521162,1622.4735498604082,1621.4527111949035,1621.1211183816433,1627.3140943032338,1625.267295715316,1635.2774261327138,1636.2084608153707,1645.2311414532542,1644.1858834833533,1650.4211064578174,1640.6817109797562,1639.9715436560994,1642.8519882481348,1645.4279140991732,1645.8251184417832,1650.0366970484445,1653.3288599673103,1641.0765273700192,1636.8188997632199,1644.4765418560685,1664.3693842781777,1671.078759075373,1687.053855173144,1700.1311949335234,1714.4608758539548,1724.6369392733882,1728.4145003564918,1742.3506351193287,1753.4796435770286,1783.1791950066236,1809.745959055383,1821.366499237802,1830.0408124267185,1842.689169129389,1857.715399061017,1862.598081517808,1877.8081966859186,1900.6272403167293,1931.6477238971092,1948.9652057815508,1971.3041927190613,1988.5939188184466,1991.1688522455665,1986.151294769619,1978.5702302703328,1990.8627518294522,2004.1456000081237,2009.6432218306936,2008.6599143970882,2008.7779637013107,2016.3464942990863,2023.1325420232201,2036.4261737814713,2038.942390690313,2043.4390168561526,2044.8129034479527,2057.1830273602004,2064.495209110355,2077.6589807092773,2097.195435713417,2113.8342803260716,2119.501757790606,2117.256709164082,2125.157229668825,2132.1584919997304,2142.7249760730606,2161.0295403714963,2171.894959631074,2184.9867465680422,2190.691315757184,2189.257467534789,2188.244735314763,2189.5414659021562,2196.5152294736536,2203.4323893668097,2204.637780205767,2201.2637830154963,2199.737862517335,2193.128375839123,2194.4002876448067
394927,149,"Ocala, FL",msa,FL,819.3149992149521,823.231759909756,827.9519472385881,827.2255184518721,833.7762791937304,835.7956646107604,843.1177122730875,841.780460471383,841.6322464005723,845.5286771219997,851.7510470103973,859.1161085254837,859.6036021211531,863.216688274087,867.4070195856954,875.0030020965919,878.7558128143453,878.4758004108984,877.1877663166656,877.9603215746474,888.9897098364639,891.1336009123123,898.2542918862084,896.8552883419384,903.2534187439709,905.847446038006,911.0588229131437,913.6784159145885,914.5030413216751,925.8922922835699,938.8085911292911,950.5825776869841,953.9906247698776,960.7144747458086,970.5983053646089,972.258315450557,973.9577897470614,971.5070492873832,977.3104219375047,983.9747112636562,988.9810294366753,992.0779143645728,990.2461092765783,996.5827292378232,998.0638327636296,1004.357794378381,998.5156884654813,1006.5616798816762,1011.0326832655596,1026.1029447061758,1029.2036598123477,1032.3679740335178,1038.3281501416925,1041.292889446735,1047.4053868315377,1047.638751016393,1053.7594003003458,1056.3145941968194,1065.6429339092128,1069.9575349261268,1075.5022121837567,1075.3223978626456,1081.5255038779108,1083.9528292054872,1089.6750857572936,1104.274608415087,1119.4575470517204,1131.4764308832355,1142.140780979384,1147.6814233530858,1164.8122138705219,1184.3232094725781,1200.2405287233487,1208.7401854731704,1206.300978174452,1221.5276266690507,1235.0251984677577,1262.9452274686869,1284.4698971428413,1330.397086185281,1361.6948357259748,1403.716991118589,1418.3783113154375,1441.0093420034868,1454.3633077900233,1470.017905133658,1493.3761424751785,1510.1805690967115,1528.7401495908637,1532.6670576956867,1540.94081360855,1529.5250295676087,1526.9732709458208,1520.4501564253928,1531.622516326113,1533.4136617563395,1543.5980223500273,1549.8531158737376,1561.762360172208,1562.7881931357401,1569.145828380938,1565.1638576151497,1561.8804796119834,1550.6295364588987,1548.4331553486827,1544.3216507817467,1543.4296984580672,1538.4739886176358,1534.2299201654444,1536.7873333827117,1540.229282323417,1552.4529103963223,1558.9626353856404,1568.7383398346449,1574.096498293467,1583.6747479457206,1592.5842550272055,1597.438930795259,1601.2852270489648,1610.3352306508004,1616.40925592806,1618.3845313590398,1615.3943639973588,1611.2319631344503,1608.4543836577498,1610.2234018480888,1613.915821062093,1620.7282916541135,1621.789185076416,1626.6659932659932
394679,150,"Hickory, NC",msa,NC,,,,,,,,,,,,,,,,,,,,,,,,,,,,,,,,,,,,,,,,,,,,,,,,,,,,,,,,,,,,,,,,,,,,,,,,,,1031.149468510635,1045.9211997418943,1085.3584734298722,1109.2959575952143,1118.9197381568936,1137.7133728513618,1165.5468124164602,1201.2115160238177,1214.7788668296616,1218.7076415032532,1233.255672248904,1246.7321450687139,1281.3960096640199,1281.7844638691245,1295.563717755203,1301.81511639054,1327.3748101424283,1341.3210460693797,1346.8215348256535,1348.1986033815092,1349.9022120369434,1341.2687261681451,1335.2289773966831,1346.3783181395963,1364.1764126597857,1382.7968516439364,1362.346936661282,1373.821620280996,1362.0861886283935,1375.7726363488598,1364.6660619677252,1374.8311762372268,1384.029323308107,1388.168901140543,1386.057260059806,1386.6208626639643,1381.378351156713,1388.863897710865,1405.6144883045847,1402.419326500596,1404.143134035237,1397.7372371642032,1409.3782048119035,1409.0247937270344,1407.876894642904,1420.9667839929343,1434.9284477481444,1439.7885135728225,1440.9887652803063,1439.1018561420772,1445.5389169567159,1454.405556026403,1467.8871333304683,1477.9134686849836,1488.1797125878747,1498.358847856666,1510.900352733686
394697,151,"Huntington, WV",msa,OH,,,,,,,,,,,,,,,,,,,,,,,698.966558647432,706.125530527614,709.2491603583103,708.4157599927607,717.8013351363455,713.953658044301,719.9990999441425,715.6297654632242,719.146061334108,718.2429503312903,712.3276790982012,721.7111603054989,726.0825821260349,730.1024926239006,726.1413122116622,724.3806250642374,726.0642475492646,734.7676451108523,729.9613008870734,732.099772367598,724.906549435011,730.7284544688362,735.5855997654967,734.5697269087267,738.6909178211529,744.1658868654343,747.6522482920037,744.5462582158519,743.4628479646026,743.4367027996183,748.1531246957886,751.5729034497053,758.4347648609674,757.7892198288112,760.2884421736607,759.4609588203981,756.4415326608231,752.0993878256551,753.7456739507493,759.8592153046826,771.219271231461,773.1655669663396,777.4970264670798,777.1639170509378,777.6934767764444,774.9017057802427,783.9870191679821,789.658083106494,795.8306757256103,794.0880960447229,788.481462297087,794.688846856015,797.5872425456884,807.4887587270936,806.6647236167292,819.2780914683871,817.3395277832612,825.2918364665477,821.9642467419106,825.2316803580549,827.4110863627998,832.9966927482263,843.8559460747457,843.3509568263155,847.6302405259844,847.907307009425,857.2801074507344,853.10106763937,862.9547488038388,864.6285827364517,872.8615425641916,879.2799604222593,886.7472189209853,892.5051612416453,889.4609369882261,888.1414216848109,889.7172608371897,890.8793883352196,894.9268184176411,903.4774014904651,908.4090095399588,912.8845597093406,913.2680566123328,917.6567166415176,914.2145500453621,918.1578771223088,918.0729963609585,926.6645868171255,933.8608508270319,940.6353042709619,944.8353379305121,946.6740740940944,949.8991683754651,950.8718725304745,952.277446759164,952.4648688039895,960.2394753849164,962.9711747134087,972.6551753637727,977.1377842876326,980.7355060557148,985.9767061137551,990.6333100631607,997.9680472314755,1004.108532131694,1014.4670497967957,1026.3206275083696,1038.0748663101604
394602,152,"Fort Collins, CO",msa,CO,1171.64645837674,1187.191716799934,1204.307521834341,1209.3096011633254,1201.6941554313212,1213.2596949867216,1218.1515772469888,1233.1188856570193,1231.7375339275643,1248.0357291768069,1242.0960125475651,1252.73302089858,1257.2401733729525,1260.9677072322004,1262.164998581147,1257.5673375792687,1270.112866306481,1274.2737439728314,1279.965634354008,1274.2766238895695,1271.7058492813874,1266.0329332584865,1264.5224215487347,1272.5491752011437,1276.1981593782905,1285.9480143530463,1290.83358812374,1304.9634060143692,1311.6851605427098,1313.9895123744939,1314.8082683803989,1315.4143717498523,1318.7631978391262,1318.0294256535722,1327.3387086049927,1317.145144394369,1325.525870026327,1326.8833768676764,1341.7682905998927,1345.5986430558658,1351.36193699526,1356.6906339795426,1362.1808865878065,1368.1405643697053,1369.6462580068692,1376.0964193950947,1380.211121916382,1398.1703356952848,1399.224221039862,1404.4052121565906,1399.6697898522166,1400.7878761022596,1400.955530977491,1404.7509300946024,1408.8858366209174,1414.6234223980382,1422.0461157173913,1427.3307667120944,1428.7045665857365,1426.0938953100124,1428.289832329089,1429.4329943333519,1442.12109310685,1437.6811502210785,1440.587667563002,1437.2822668181564,1439.4890925032541,1441.0558048129194,1445.6567824268816,1450.8716612525743,1454.1869083117874,1463.3166957226601,1463.8743834196207,1478.108605081519,1483.8044083255447,1504.9056979425106,1515.954866283227,1536.7948434552336,1552.970323810024,1575.1542706462756,1592.4706986923827,1611.9499041091603,1622.6172490401445,1631.7495157477656,1639.7882368905096,1645.6846350029932,1653.735114257952,1660.7156653411307,1675.7071506695615,1688.905484308693,1702.6909714140745,1715.2706479997917,1724.460421646749,1738.3636469776754,1745.854149857731,1751.539003185406,1750.6469063808934,1757.630621447223,1771.0798792931105,1777.1059281816486,1780.233221495607,1781.9101866030785,1788.0440336666618,1794.8572069001852,1804.1586348007818,1809.8339671151684,1826.1096417934025,1834.497207942435,1843.478550953455,1841.2218378921527,1840.5758766231418,1846.0331352295009,1850.2335024956938,1858.653572185179,1863.3014203125117,1863.7758746956213,1863.288746365716,1860.8892807234288,1857.1549054669265,1860.111349087561,1866.0649148772188,1876.244330878632,1881.4494802989186,1884.9402715853118,1889.1080515265567,1890.574323704669,1892.6617378961719,1897.6642479732468,1903.106629650605,1910.8916047020628
395033,153,"Rockford, IL",msa,IL,662.07038806448,669.7973765234324,663.1195702784067,669.1815205145842,673.0748248755359,683.2876821230623,680.6667290701035,680.6887996389402,683.3519597727966,686.4158233552903,685.3640581773851,682.4207930356821,687.0903345758575,688.9738806104208,691.3396953714613,692.1991921655695,695.8017832665909,695.6488722487613,701.4509163241175,701.9214430558657,706.9018121815519,708.3208222980486,711.7328944926537,714.0580764505627,712.3967008674953,713.4839018148404,716.4146894125843,721.2614113048044,721.2433552821159,722.0531906163455,721.6499271430688,725.7831984080409,726.8070772649336,730.7069273180977,733.5328543534357,737.1953559355503,737.4938861117266,740.6266892106083,743.4728804475909,742.9476657409875,743.2249667117128,744.9546026417917,750.8841464729485,754.866641132459,758.6254929546856,758.0853234689474,764.0629008835618,765.801682905307,772.568512866091,770.2227935259217,772.4426703492368,776.3409762957342,781.663912782053,786.1980362423532,787.3109862908449,788.8777041889936,791.3404643176466,796.6104966089524,797.17400925454,801.1576897970032,803.675117664101,811.6149059700147,810.4635985074359,811.6107059065514,812.3415670067982,816.979848356329,826.0010363047406,839.4636410283916,850.9541926972505,853.3772278237896,854.9954547766991,857.4549683597892,870.2880577552687,886.6874620265721,891.2246938661683,891.7199952943437,891.9218614765593,902.1067688069339,908.1033867967378,909.5611400028246,912.963831807659,923.011583100859,936.6358002810075,946.5540634187249,950.1522427560234,948.3362333647027,958.2529091772473,975.4216193181554,990.7128147854863,992.9641964674358,991.5130326311245,994.106996375064,1000.3992328318792,1007.7632260269522,1008.0415782153851,1014.6740062447366,1015.10304628334,1025.952535128649,1036.6177299882522,1046.8049615795687,1055.6428841280954,1058.0020523177102,1065.3602335242067,1072.9891737760101,1083.1158304141372,1088.9923537645716,1102.6524533215988,1114.6595575993426,1124.7096351544587,1121.7985805911185,1117.0161708231215,1121.7715344653889,1134.2292764863846,1142.9657784746635,1147.67914869947,1150.7799015569315,1162.768381123155,1174.515538072607,1178.444587448784,1181.0718732481043,1189.5974170738255,1203.893390328889,1217.4723751750932,1222.0133282956203,1221.3698074781323,1229.84932591763,1239.7423859656853,1249.86857958465,1250.3280830802764,1252.601851851852
394796,154,"Lincoln, NE",msa,NE,,,,,,,,,,,,,817.8720769084536,816.8055468418083,815.8061328588466,814.8892927445478,815.2336624591393,817.4268008273543,821.5385844853475,830.5506639725434,836.3522161139875,839.7403536166818,832.1512046555681,831.0427421358246,828.5400859440184,834.230206921329,839.1191695719211,842.2272265603713,841.7739146487979,844.8999328140452,849.8972524010973,849.3696005081367,850.5364371604461,852.8366125427528,865.4566222497456,869.6908414710696,871.8328753431533,866.700887348057,868.3374570930723,872.2234720882576,878.1610866929213,877.2670771408767,879.8234957625015,883.0010351859219,886.548677880499,887.859592611576,887.0446160549042,890.1286386039661,892.24025949604,895.3650013296643,897.1086377782527,897.563362319897,898.1805261537372,901.7142056276917,901.4698746982465,902.559340505886,903.1630473973722,905.3301370763769,906.2364808334302,907.1387624858712,910.1544450245527,914.2665519994441,923.2595111943281,927.0594810920148,927.6615619203227,927.6589631522427,932.3179330454125,938.6446321042566,944.4306189189317,945.6001508924521,940.1149853748328,943.9177595280341,948.080013614164,958.7466099701837,964.1466548677246,968.2745539314994,975.8644774675338,979.8493175996716,989.267243765661,996.6886868605601,1008.0944084276982,1016.847057263955,1024.8378436807118,1030.9663891545733,1036.6514101095547,1039.289934195702,1043.5967031724513,1051.9360388290654,1062.8354782458202,1076.5625214238526,1081.9760012620688,1085.9042645799445,1086.638115926426,1095.5299487777806,1106.2402371950325,1113.272819879685,1116.103842117662,1119.9283628178393,1124.634711552463,1131.2981048631984,1135.9409728880391,1141.968958986342,1147.2524288143775,1152.468028187392,1158.8262011219854,1163.5306558156853,1169.421816487928,1175.7307718863658,1179.0229438534952,1183.0755766100947,1185.5511393728602,1192.2731567614414,1196.7795316818429,1198.1612638791678,1201.4609676581663,1203.5920170215156,1208.3241094393977,1211.1698320081582,1211.801506299654,1213.9693874552688,1220.547617416207,1226.3151162678353,1232.5317675071458,1233.457568625408,1236.3641004074411,1240.4058690447969,1244.9800147377455,1250.8568799606269,1254.7147511590833,1259.1726443451214
394622,155,"Gainesville, FL",msa,FL,900.0437339858262,907.9089967282936,911.7313975410926,913.921220238453,914.7727570199289,916.2360910589555,922.4495084116404,927.2976255160339,934.7509529811412,942.5432111711791,951.8240270943369,955.1741185993828,954.9189457268656,952.5809412847923,952.378810719687,955.366188797965,962.5173631478469,964.1588480518016,963.1626342800423,961.237883854256,966.3251542442414,973.3521604810393,979.3930507192008,988.1318772865264,991.7176596328324,1002.5927792941592,1005.0197193748434,1011.2566679306962,1009.3631101304603,1017.1028046462751,1020.3717747443021,1025.501240531828,1025.6176218409778,1028.160817583575,1032.2969406388154,1037.5935396242535,1045.8199665991854,1048.771313958521,1053.8986438274042,1060.3949529975343,1066.8744218797074,1070.5895160571356,1072.7045045582195,1078.0141860260226,1081.3491310063534,1088.548450323405,1098.7982052822365,1102.9236393799276,1108.151102741919,1108.6961552047248,1115.9229080903572,1119.567486536859,1126.659568640002,1132.2709688601312,1141.9678671624335,1148.5029403787685,1157.6796188076362,1162.1921443870617,1163.8061831503594,1169.535168522785,1174.3953307779173,1184.4179872336397,1184.4568915109758,1189.9127924528227,1189.8500244213853,1191.895799704034,1189.1605203775828,1183.027530711913,1173.27573545653,1170.506331259802,1174.5532714822475,1189.9805573925182,1201.00679783253,1218.5832061634367,1225.125570743589,1237.9999945380682,1251.0827638742694,1272.1888556809147,1299.0360399057313,1330.0582657389366,1373.5070162947113,1408.3682828314663,1437.0043721317252,1447.9188524085482,1454.5876337822467,1454.574368654828,1460.7236094866332,1473.5289155391306,1490.0808491440173,1502.5862829252344,1513.0393196761077,1521.1791625985165,1524.3631072693015,1528.4206939180297,1528.5394895862069,1528.929978702659,1532.3887771357051,1542.851486468463,1556.8262653167353,1564.479920748204,1572.041212136107,1580.8260517544684,1585.4786728319782,1582.7402914758193,1569.9029678910745,1560.4465226720286,1563.5735141879172,1569.9253973867144,1580.840528830666,1585.5612232828573,1590.2279697326685,1593.9173800313656,1592.203206995273,1591.7828829079046,1591.205267754643,1600.7821572169228,1608.2858999101186,1615.7408422476442,1620.0081459957744,1624.7413245696466,1625.1759520468556,1627.9535460916,1627.9669367274098,1630.2961502482472,1636.1205188832803,1641.1523755711441,1648.6184124817435,1652.14613728472,1662.8143911616805,1672.1548534798537
394405,156,"Boulder, CO",msa,CO,1537.4856217077174,1551.9704431087844,1552.2063299585411,1565.1295279778828,1567.5837747147696,1585.5399788106774,1601.9270516865238,1627.264041958416,1635.067864135343,1647.5551114492987,1642.1985885846525,1645.4639542397874,1645.188062810406,1651.4823926548615,1670.9048040307853,1677.8620206506569,1679.9799979046506,1670.191839678925,1665.7148235032946,1659.4835397341212,1668.1890642561325,1666.3829847395339,1679.326910035081,1673.3123605788312,1691.8652729744367,1700.7471235617152,1718.9832124069542,1720.8670306365884,1725.1147285545699,1732.5816635548806,1736.2268850004507,1740.6673132086587,1742.6049828876735,1749.5996180379643,1756.082762145675,1772.5838869620175,1773.4310226015457,1778.9151952029245,1774.2729193285256,1784.6760295390843,1792.7475503306962,1804.5730990927796,1814.8662506675569,1826.7864269128925,1832.488514291667,1838.3156588094141,1837.5957697719016,1837.6494391010199,1844.892162298427,1852.9314207904984,1857.526083752919,1861.073462276474,1866.765431760346,1869.9002933055756,1874.9440662338884,1878.3076795118905,1884.8662778205232,1890.9082879145212,1899.5236046350178,1906.3784223305772,1910.2838513585818,1913.294812543401,1914.5606975085757,1908.2754914567088,1897.9863826464525,1893.5470952437372,1902.1283862484886,1907.7073770435359,1916.8374649039015,1924.4658702279255,1937.4110258078922,1934.4493436921648,1947.8428432908636,1953.8942325486526,1971.1279238085187,1987.6634733450244,2014.5949774015253,2041.3058789690504,2065.3191724073117,2094.175902739826,2114.595633637324,2127.1592730850707,2132.0330258255367,2152.6302558362763,2173.3415333150365,2202.801027158193,2220.8433594466946,2238.238175379098,2242.1860260884064,2249.3686269314835,2250.4977882044873,2256.6124314908056,2267.1573217398204,2281.0827883968204,2283.3914423324304,2284.293245807864,2288.7275251560864,2301.8117242504277,2312.7220368991916,2321.8093170603615,2335.49006014952,2339.3031924193565,2349.128501860269,2350.8557758727716,2365.971007997991,2367.099472935559,2381.4031896288534,2383.3179965329364,2390.7688768767403,2391.8236687579824,2393.862045972408,2403.113189881664,2406.8645592651783,2416.761598929839,2426.692132762569,2440.1629429201334,2443.0052299974736,2443.3809153014827,2448.167124789426,2459.1054477909424,2462.324215173653,2463.5365020046347,2466.160207285524,2463.227958942597,2463.642871775093,2462.443885957182,2458.530621748901,2453.5098736007963,2448.134215956304,2449.499153229333
394646,157,"Green Bay, WI",msa,WI,,,,,,,,,,,,,,,,,,,,,,,,,,,,,,,,,,,,,,,,,,,,,,,,,,,,,,,,,,,,,,,,,,,,,,,,,793.8661359736232,794.4039536009026,799.5520529906528,806.5627813147889,811.1444142975711,811.2574518623632,818.5261322062264,832.7446023512963,855.7322665553548,870.0440348569194,881.1793349770713,890.1200098468357,905.0671697411906,909.9944005174698,915.8965687131172,913.2343503766623,921.8561035462502,928.3264313604235,938.5484591555395,937.5988462940155,940.7585981127597,947.1549116183328,951.2424672783908,957.1563444262446,954.3637567941058,969.4340569773989,977.1870027081379,987.9846723161373,989.005680703263,991.8254630635043,994.0528886266791,1000.4709854671693,1005.6073899732702,1016.1393689206108,1023.9925587974642,1031.0935814141326,1029.484366015359,1032.1111526491122,1032.9806568047206,1033.6281316054835,1040.9496264174795,1047.8384067205927,1058.3062881807825,1062.604052722071,1068.5917244511731,1063.76869712944,1066.325969986428,1068.8957462603041,1081.2711277029161,1083.4746315414648,1090.4858369075953,1097.8202135906313,1102.4064347568928,1106.8972194840508,1107.7100464598755,1113.5162553973823,1117.5372603613164,1126.8936251920125
394488,158,"Columbus, GA",msa,GA,775.5111526327966,771.8046758386812,773.6780158498906,773.9805289595731,776.2177869010827,775.8807377400315,776.6594295004563,777.0028273352364,777.9156561220134,778.1452674192104,778.3990646465525,779.3770965371089,777.5558480612152,777.6199908423367,778.2015876725312,777.0240261685104,776.8768395104163,775.2479057552391,778.0261381559919,780.4762605710181,781.1652219230717,783.1077499955858,779.9112253197874,779.3133181235003,780.6043686985137,786.8450288154721,789.3202968772782,791.3477470140368,790.8034282784049,791.2244430773668,794.1774544546855,793.6831649981144,796.0435105902804,793.3846256926635,797.2214991638162,800.6358650276709,806.8478832685031,806.8560588883529,810.2852371514794,808.8778211597062,809.2751916770792,808.9077737970804,808.3815107775783,809.117655124868,809.4819631701847,813.5034112260664,819.9249480747493,822.6076911531965,823.9788987892424,826.6625296721995,828.3467768434376,834.524366064358,840.5349333895776,847.3096268686786,852.2868566037648,858.2706186796275,863.707780270427,868.7994566427087,870.0967615106804,874.3804431600827,878.3397819602072,883.6355105426136,896.3184915877758,907.341298736373,918.1041089583741,923.4434583421497,928.837417150966,933.0011594827743,933.3500641684262,936.3401728520673,942.1632999403184,947.8046385544726,956.2620632678122,966.6525088033208,975.9228503222248,984.9312171628437,992.1781793031328,1007.395443024692,1022.3732995474288,1045.9322503947108,1063.1380102729847,1083.1309829490942,1094.4457050145227,1113.8515294568926,1121.389532344531,1123.0269792703725,1124.531201560779,1129.218955665796,1138.245725722292,1143.8590631708178,1146.2816105250743,1144.1721160341551,1148.3995719558482,1151.3311463522036,1151.3204409015,1144.0548700415643,1147.7028149287105,1156.9505385875893,1156.5584341548629,1151.5285692720554,1152.4006640225298,1158.7351112416725,1176.054100071223,1179.1266481813698,1182.0256164001842,1176.3564473765955,1183.6169910881292,1193.6089970134149,1200.4195311369608,1210.3978318856248,1217.7742592930872,1224.2738107248706,1226.312221902791,1230.769342003479,1231.9131644100405,1238.9707456982849,1244.778627844297,1248.2881802428767,1252.126968535967,1255.8239681760383,1259.0628549557625,1258.1473688722788,1264.236672744413,1272.7298646652314,1280.9777337876092,1285.1517571029613,1287.155639628275,1292.7260049600948,1298.416484293395,1310.7384737678856
395107,159,"South Bend, IN",msa,IN,683.6682352223545,679.3663600926576,682.1698794950814,688.925783106123,695.5639741054742,692.7063818518371,684.4943846762833,684.8590465373594,685.7569404184203,686.8749342401798,687.6555141347357,694.5305871694337,698.269917871133,703.1111714406627,706.4087987487917,706.8098091070827,706.0648815192975,704.4650719676963,707.4833533263665,709.6907471879715,712.8067980989721,715.3112979596367,716.7889721437614,712.9351862197253,714.9768648842377,722.8512681932164,728.408064610537,735.9687014401164,728.7100913650065,733.7619587741563,731.4096821395401,744.1631718265337,752.3198084218739,764.0912175107732,764.0267736201552,767.6362379125106,769.5307564111104,767.2673734573556,767.717291752505,766.6965342187685,777.7235329957957,779.8010205750663,783.7241914362306,784.9816281757397,787.836384832715,792.1447523613701,794.813467224013,803.3717788342916,802.5846503082909,803.2346699675948,806.6503722089064,810.6226546454652,812.8869766931342,816.4089409055414,821.4533167800696,820.7765090666891,821.163189283935,818.8510698060322,824.1176732483727,824.0040558175533,830.8415757394935,837.3433213496614,846.945133251125,851.96030449336,856.9032051580934,858.0641492535407,868.1272601939273,874.3385565174149,882.5549505139239,891.5544016638656,895.5189166693189,906.4737097257897,918.475835521337,939.1532923787845,955.5480992568685,965.2382130048921,975.1394723068953,981.2562039378544,989.6160458957605,1007.406608785964,1017.1458481400172,1030.0616213646124,1047.5156517572605,1060.9425603623051,1072.9744312752084,1077.3322745399726,1074.7338547253105,1079.5031850451926,1081.3669560819378,1110.8564336695442,1120.9334012875945,1131.6032777628589,1129.5040009569161,1139.1438100814464,1142.358928590678,1154.2225039040118,1153.325390732738,1156.9632994106482,1160.8151507578489,1176.0048410459622,1193.051469598855,1199.708208599482,1205.1067902781365,1208.9948024694424,1220.2672709743895,1217.6987567222518,1211.8386795843644,1210.9693046923992,1219.4564467023104,1230.1676385837188,1232.1149695440824,1234.179949139841,1238.6814075133736,1234.636493292085,1238.0082431014491,1239.0047173266626,1251.258720180653,1261.175285865335,1276.3370080549596,1283.5311745664787,1289.8781342351383,1293.192548638987,1304.842616694759,1308.9212764977149,1310.808526782773,1318.7064039239128,1325.8042338431997,1335.096518585147,1334.4633168073083,1339.883345930965
395109,160,"Spartanburg, SC",msa,SC,,,,,,,,,,,,862.707870429977,859.2535867214042,847.9172395940599,850.7664716895014,860.5251349471523,875.4739828716438,880.867442663879,886.7552177882101,883.1223536476855,890.5422334996334,894.3835597574524,901.5999485622008,904.0316629582269,907.3208797609609,914.7652822400499,911.1063772685696,907.7758883540126,904.6664293858544,914.6703140974407,926.2071039025423,934.758882555039,936.2993177252653,936.9153240918191,935.9950624926535,936.6308413806506,943.4773086290639,950.8464255625738,956.1361172660994,963.5741301765171,966.5144953222314,972.1808922834372,971.5680501338941,977.7645325836895,977.2158329022718,984.5539728828478,990.511923632895,994.7155083612948,992.6232353897502,997.226268915296,1003.7140704225369,1007.5174498576614,1013.9290385295544,1013.8667301681002,1017.9292757538683,1020.0068513337718,1028.579248925724,1032.5456378122055,1037.6850972506736,1044.9451502126956,1054.3736392325188,1057.7605124876236,1059.168323308063,1059.8570863547625,1059.7866491230259,1062.1632897341144,1070.5819824192229,1086.6091738812831,1091.5881982230628,1093.3585822291845,1091.883867273064,1090.9835318765445,1095.238553473978,1102.4150578868976,1113.1268170909636,1121.287828489366,1134.1128649292696,1145.1453284937636,1156.0327034347183,1161.125465971176,1174.4862997028672,1189.1111505627193,1205.132935929672,1215.996878761181,1224.5273744431033,1234.5732306068194,1240.3694761953866,1245.5551992497537,1250.3838257727243,1262.0357892503928,1275.2503983469912,1281.8799124000395,1284.431567069951,1282.6573333969243,1287.9319328743177,1298.8311190066074,1309.0458990290165,1315.1502798128388,1317.6585731228522,1324.3133033366046,1331.5998138655862,1335.365422031389,1327.4167690563565,1331.818067819457,1339.0325120776442,1354.3321004223499,1358.285501289698,1351.9589532967066,1358.1254893264077,1361.1468890487226,1374.1268237700215,1377.9402898966262,1383.7405906827087,1384.5274247578684,1392.9972202062074,1396.3964317437617,1402.1855303292184,1405.7181532623651,1409.9574570707243,1420.149829893101,1420.9803914195727,1425.4612031721101,1424.3231939007694,1428.0562530377683,1429.399427475824,1434.4990895491376,1438.6610242636273,1441.702779454279,1441.4667237502122,1439.241960157445
394645,161,"Greeley, CO",msa,CO,,,1103.9879197792325,1108.6841345659293,1097.864674494846,1094.2640231204223,1110.1794015322937,1124.7352231271911,1137.4650748844033,1132.6423176023354,1135.5471698520648,1141.7661006365493,1144.5831512109562,1142.1265282115291,1133.0634280551112,1144.417418931653,1153.9701834080038,1170.6921839538286,1164.1344522803618,1154.9792844680871,1151.230279753982,1162.1406485828081,1170.6345495143164,1167.0377048177402,1176.0022920991273,1180.3594096612355,1185.56426540886,1186.5465108117435,1196.647267258709,1208.3846302574384,1214.1944820120495,1223.2086581132887,1226.4350235328452,1226.0980999918083,1226.4260881558016,1231.9698983847193,1232.344397138372,1241.9513738681064,1252.6842657730795,1262.7716154445593,1267.6492215841756,1265.2455774374332,1272.9956253006148,1283.5550476261415,1294.4611085094969,1303.3554857212318,1304.3688224366767,1312.3400094695426,1314.926483575444,1321.7204050044973,1324.3059867656339,1325.3984442303786,1326.9305683579696,1331.5336776627812,1335.5306876002137,1336.2622468183251,1338.333876642948,1340.8096467704527,1348.9704427136126,1351.3501062538896,1357.5832965115917,1356.8589161572843,1358.469512796704,1358.8052189472392,1365.8219640942712,1360.6266646904487,1365.9386930113108,1363.787511781556,1364.205495038467,1369.2490141798582,1377.0656384387394,1388.010940858748,1397.1723404346333,1404.4323465223185,1410.7779517523982,1415.4854175974467,1422.86724311172,1441.166079333579,1452.806586181834,1472.4715686725153,1485.3998728650427,1505.325418497153,1516.8566172451701,1526.6172835371556,1533.8063144886037,1542.7311110718395,1549.976897624879,1565.9188103653692,1577.6608568419242,1586.3272067635414,1590.9462840112096,1586.2541102274804,1585.229965070025,1583.7386756607036,1599.6396716877168,1610.4816508544006,1626.0197141338206,1631.0042237150233,1644.5076410091954,1645.4207980659826,1651.8648957611974,1651.0348879058256,1655.866983711587,1660.067740890891,1670.0863982712742,1672.0661473720081,1674.8072760144075,1667.4267188859276,1666.6714818050668,1663.4330527572815,1676.2021686820276,1683.7902902578242,1695.0043076414145,1698.5955246299434,1706.0193555825294,1711.9253178215704,1719.8641327940395,1723.0791107100827,1723.510670894037,1733.8807768868353,1736.8540800827311,1746.0936479971801,1738.3608538288158,1738.4996970996024,1733.334211276405,1737.1190445583927,1735.5358088588382,1736.210069856738,1731.096196565005,1732.436316248806
394808,162,"Lubbock, TX",msa,TX,943.4008332674898,945.123753299712,948.2595160271915,960.5852049673657,965.7399032202351,970.4389671924388,971.2397411147518,964.9442180311551,973.1568073482783,973.6369699718763,986.4466571322425,986.1523791352884,985.0019514144772,982.3715950176072,982.3299631876267,986.8320996284656,988.0063776515286,987.0537767453419,987.7596549562078,994.351189299545,996.0647442531815,996.4724979987092,990.0975794094036,990.8912052557835,994.1227081108676,996.8215058651327,997.560987341797,999.5968726881252,1002.4068137242135,1006.7433309711812,1009.7236177050478,1008.8021973342865,1005.7458251870542,1004.6833223853009,1010.91842286483,1015.5653218957141,1016.4464316594266,1015.6699752158696,1016.6475533050942,1015.8477952040765,1019.8916372128162,1020.7632482294686,1021.4887309896529,1022.3490427224747,1024.0980493648294,1028.0687664439433,1031.273098553328,1031.678300004252,1030.8438424559283,1034.0285602328333,1036.7967405289146,1039.2069822802343,1038.6164314183357,1040.3654099985977,1042.7113954225838,1046.0248841048276,1050.375897560346,1052.757854221009,1053.2976233377688,1055.7856514356888,1060.7003373886996,1063.7151734788301,1063.714692012432,1065.430486039,1067.0347393870118,1070.9417013073055,1075.45929743797,1079.0753120954957,1082.0951661674412,1084.4930690190092,1095.3011440969074,1101.2215828367778,1108.118421775669,1109.3454801886828,1117.7784338540196,1123.222078658764,1140.0484344158401,1147.7480961537385,1156.2318956649458,1159.1287440754554,1174.342104336653,1180.6889437627306,1178.743791336631,1180.1891513579467,1190.384357409094,1204.2298740154306,1211.5794792014124,1218.4697297214966,1219.9611866097885,1223.6680698835685,1226.7583809411935,1230.919083491147,1232.36341567818,1235.3453779550484,1247.5752649163933,1249.3163599379243,1248.5863045108003,1246.5345025661054,1246.9189268660775,1247.924208398174,1246.3364485366767,1248.430314356754,1251.225684767979,1258.1971676743644,1256.9545105452933,1259.865464934432,1256.654602801545,1260.023565251859,1257.9552215536535,1259.2180342778506,1264.8228596510073,1268.4230011071213,1274.194905432399,1277.4656791887455,1281.739731779129,1280.1663987519892,1281.6373846315976,1282.8463571601255,1285.9049012169228,1288.1702475807276,1293.683425479688,1296.4178840236061,1295.4485001666494,1295.6396838818985,1295.9441093380563,1295.971608304686,1294.7908270591838,1295.7359188114842,1298.2763842446875,1298.6674794565495
394471,163,"Clarksville, TN",msa,TN,814.628615873989,813.4067615156821,815.470966105901,815.3398275030152,818.0325477470824,820.1947939363423,823.0263532644688,821.6758362594205,822.5606311895126,824.4795060483387,825.5988809308443,826.8853164124696,826.6726957217065,829.4548764536723,827.1407187378128,827.6928947394726,825.6732454886765,825.1161434558403,825.7745753988149,829.2117064549598,832.3829049130094,832.846397848768,834.6910764977202,833.7878884000801,834.1795057316202,834.6076033101666,839.9182400739642,843.0067284183144,845.4389903440007,847.2775961652341,848.9458686671632,850.6108478188067,851.1526318382646,854.6019447301464,859.355807414747,867.3814122188439,872.058087287371,875.3757845498595,875.7657514319527,876.7775905431472,879.8831943033667,883.273666759901,884.815282455262,884.1695449074839,884.630886061828,891.4624454135072,897.8015932591765,901.7574989934824,903.1119721655889,909.834005823387,915.7461966967038,921.9146998131379,927.3957822315535,932.7920429134813,939.6324668922708,947.9004764689156,956.0808929448663,958.3935337785712,960.4026096933709,963.4549985971121,970.3123990318732,973.6612841599862,970.7922251234725,971.2206481487714,973.5006746113255,980.742330866621,988.272267962477,991.9750750768469,1001.3754507551669,1010.0132995635322,1024.1765414809345,1034.5364815628675,1040.657045432759,1043.2781003271948,1056.1024765041886,1070.5362157638817,1091.4781792542053,1103.643479543089,1119.4249110580854,1136.42404389634,1154.6489973333503,1170.0001186070583,1177.715590180066,1188.05060112056,1201.56929147166,1217.5231645915044,1226.5794696305547,1233.3055743195573,1239.4847401576887,1251.061143648844,1261.3564456665767,1267.4981206647708,1264.8359329230152,1263.1183957449846,1261.3608791325578,1261.6710840549538,1263.895543146757,1273.4789376643446,1282.2188210776922,1286.8418417556752,1284.079351496703,1283.4088100195913,1277.9170048309284,1275.2515192302749,1274.5693972898068,1277.5723495755776,1284.3790260849082,1294.5511892561997,1308.7031823234106,1314.6427789236354,1316.9283488641813,1319.7626480006284,1326.5787248708289,1327.663252470064,1334.390668295132,1343.7127508544909,1353.5518340502354,1360.8456071714218,1364.8884273122985,1364.1324888260453,1358.159881922778,1353.9946258752566,1353.6048237744205,1354.5967176442668,1355.3033563662584,1357.675450029256,1357.2129707241722,1353.0520748312424,1348.1895536151,1342.2599906308897
395028,164,"Roanoke, VA",msa,VA,774.4919561861113,773.7561128983093,770.3970943954348,771.8413464938119,773.797493094828,776.313536331281,779.2395857296702,784.5428241155032,781.7141199983499,785.3750874578205,777.7665453454184,773.2050081534102,773.7013609414897,778.9833254269439,790.3602264731434,793.9353391489918,796.402152555886,790.6926440113743,794.3790708067717,797.5161104060253,807.4258703767108,807.9398596044603,818.3196125586538,823.1366957348074,823.880585458867,816.9936570825198,815.1728418869609,818.3211556157053,816.6486354296349,816.5160905405261,818.5473045127845,819.4643467166652,822.0756382983059,819.9778215745739,815.5705158548222,822.3751943431577,822.8972294543319,834.8543701617552,827.979761111804,830.0790726470535,830.1346843097787,836.5228340810218,842.2359666636072,848.0079974328986,855.50951394881,864.434907307548,869.2298650254352,865.1106482466373,862.7644583605905,862.9154414825667,873.4888869795632,876.4939166327955,884.11472336301,887.9626834238428,889.6771909539857,892.3083785634648,891.9840520189128,895.2558054846334,901.7651497457938,911.1124914103281,923.4980745542161,930.048733010327,926.8848869364261,922.0821303958866,920.5572547128272,918.2402259666984,923.4408019306339,928.9360213271747,943.66603168752,947.6341364793693,949.6572587602303,949.3922955131542,950.4078271803439,957.419579262279,965.7978771246283,976.9869882010256,989.8077901308745,999.828336658865,1011.9785647381057,1025.9301415710434,1037.0227881508447,1049.0833000008688,1063.31155528761,1088.6875958429446,1105.1580584156184,1120.69410015683,1126.0236911613872,1138.296969892967,1150.276446475505,1166.0067217290252,1177.532643952652,1185.9983889516006,1185.7182404683592,1199.418739036641,1204.1643068291312,1208.5196836966047,1209.1400352207188,1212.2978702145124,1222.935345387137,1229.382844016837,1231.572944832251,1247.318406250215,1250.3643606626795,1262.7248994996728,1266.3019091521455,1275.6608142009468,1282.5923451023903,1275.6603044417404,1281.9735136820454,1277.613851219386,1288.67290857011,1294.8134784359765,1310.9304842806134,1317.1469511526143,1321.6413814955022,1326.3202011645428,1329.9861324113242,1330.9321805819027,1337.9333474420705,1353.0021889868153,1361.4360655563391,1376.6308499832246,1377.4853560986446,1382.4792817475332,1381.557448487181,1380.6546756846037,1388.538057248737,1392.0283518810702,1402.739456039098,1409.2126929674098
394579,165,"Evansville, IN",msa,IN,602.6182076045895,604.1035236499254,605.1533547026778,609.1268926162837,611.1246375424574,612.1318856149221,612.2691455842569,614.6089273454255,617.8362695505493,617.2620799403762,616.932058507913,618.1489180679343,620.2775749078091,622.3846503337406,624.8581309723432,623.6122297335866,622.7516656004914,628.6326343435223,631.2285160981186,636.007385321756,632.7916790642525,638.9236106085295,642.0893588412915,644.9141023146639,643.4128329582999,641.5260319557549,641.2494187611004,642.7499926453826,645.7269016527242,647.1144056822712,650.2146674718273,650.8054611047484,652.7145227728349,654.0805487168055,657.251299515218,663.1284459056485,663.3976938531928,667.4495199540869,665.8947569535195,673.3931505650205,672.5139818417965,677.8629185030977,677.2261549545083,678.8406264671576,684.2182762692012,687.1034811907411,692.8364641666417,687.1463748283313,689.9916656476976,691.1692055548446,697.305071092687,696.2916497033185,701.348777781043,701.232062004864,705.9270839635136,709.8321228453214,712.0255211369417,714.9320689122451,715.7161531171564,724.3702474706923,730.4677110682761,736.412998173501,736.7923040465743,732.5611057286903,729.6148306631401,727.9132587527972,731.3082923803911,729.1055471068516,733.511413883365,739.8136635109825,748.4561033479326,756.6836165012498,753.6898453597137,755.3076273988253,753.157929903824,768.3886100015261,781.0929416694455,788.8311419664959,795.7425998951836,809.0141653233851,824.8116548857139,826.7641969335388,834.0303834592323,828.2582138761371,843.6532411519117,842.349585630229,852.7307817549764,847.7743129555998,848.6241481365552,853.2450107653051,858.4124242720408,862.4082348216544,865.3603399221555,873.5773662173596,874.372463948839,884.0459414661143,886.8093859705094,900.2699822335429,903.5913384597683,911.8793676959788,919.8020771557349,928.3146735555172,932.6524705504453,934.1337328606097,934.05756438626,937.2464694568579,937.3831133949399,950.8060075108782,954.0202424305446,962.793112432439,969.2158589204998,981.9265941308663,986.7308731248202,995.6776197375923,1006.8092198659414,999.454032209487,1007.729669552803,1008.680023820857,1019.9964298803401,1019.2905822265392,1026.5833037560317,1027.8893246140433,1034.4734416784581,1036.8768026299858,1045.1958132986695,1049.9088213250113,1055.6965436294188,1078.2266313058553,1090.311200214322,1106.5899470899471
394747,167,"Kingsport, TN",msa,TN,,,,,,,,,,,,,,,,,,,,,,,,,,,,,,,,,,,,,,,,,,,,,,,,,,,,,,,,,,,,,,,,,,,,,,,,,,,,,,,,,,,,850.0512944285524,865.7715435400359,895.5556208684097,906.6143119579534,925.9812508166552,934.1363157389682,966.811456649797,969.5532080514887,991.0135935478868,998.8557138798063,1020.441721860509,1044.0353542343203,1055.847357294222,1063.8944002713035,1058.9408900418834,1062.2909301605696,1075.559486645789,1088.2004975677319,1086.1070179785381,1090.4613596192055,1097.029912173045,1101.3843658542307,1095.3034264534938,1098.8811844305326,1108.3039185095686,1118.6926558800983,1124.9310358055181,1129.1080520522269,1132.4334838204059,1136.9296802825745,1142.4161746315203,1151.486067373473,1159.0397791217742,1167.759304742809,1171.8592516044678,1175.147008939953,1179.4365169743899,1180.446726460214,1186.8637090124219,1194.8765806707722,1196.3810360518132,1199.4861528860868,1203.1905920210204,1206.1933303828514,1204.9396301685122,1205.9083383100603,1213.027972027972
394741,168,"Kennewick, WA",msa,WA,1012.737866277082,1010.2229862764408,1018.7341122382333,1019.7213188878212,1018.7820228054381,1021.4209725064541,1031.0112595524758,1041.1414277561673,1043.9137561414955,1054.1260219393773,1051.3859704423485,1060.8908735746045,1053.9088256176244,1063.9644575633279,1050.584057567209,1060.115150036071,1064.1362944212894,1078.032491053208,1081.773717473556,1085.869149006359,1087.3964787002876,1085.7176695586938,1093.5326394089504,1097.1472406664573,1111.6488593621186,1113.9455439111648,1132.9093976560132,1135.7653703075225,1136.7120436374944,1133.969999122001,1130.2541779349976,1137.2270766825002,1140.8318306499032,1151.5362137120817,1158.2613951302583,1158.6977137672254,1162.0485495481178,1159.8060054997654,1161.7067991670356,1164.0389074855996,1175.0237631367845,1179.6071162453811,1186.1508738216653,1187.220000756309,1190.7010149053312,1192.944276104277,1194.3787487740049,1197.7985990241066,1198.5930754622673,1209.7865632890578,1211.713889924394,1216.844955865,1217.54805791734,1222.9309778039267,1229.3788907612718,1234.7282358363639,1240.8964250580989,1245.0744577697644,1250.50471438826,1258.2042717520271,1264.9104584273734,1268.5670935469145,1258.5109803628006,1256.6021220088703,1248.2481511068816,1254.841304473834,1261.9925437976497,1276.2949919676967,1287.855670291165,1306.0076229365714,1318.1355812127404,1327.1264747776595,1335.2169613987596,1340.8009726482774,1352.971519807154,1373.332362113822,1409.8014509443929,1429.7533677169033,1444.797755327057,1447.5745008146735,1462.8687046244956,1477.2532351651591,1489.728851016896,1503.9905324351494,1512.2954079821925,1521.8267936685922,1538.2873831128393,1553.8094262865798,1561.681823521807,1564.51416796597,1569.071594920289,1585.3256842108344,1583.7143934241415,1580.5956197346125,1584.7695368098127,1596.4492805579685,1613.5345030599726,1638.292614723,1655.3289980380289,1657.2675737918041,1652.1970542353827,1653.637402509807,1661.3364703876268,1659.7014955227523,1666.2448514478272,1677.463380548832,1684.8610417937039,1680.3583621077619,1683.0267492515688,1681.030556958202,1690.8354570191955,1686.1370166458798,1691.4055114120324,1694.3289628964696,1702.7016295533153,1703.716721789047,1710.4086261271955,1715.3873732367008,1718.7307865363114,1726.9703846413315,1728.3190449899596,1729.3057307316772,1723.4540795614614,1736.0951139985525,1745.634873667828,1755.422664000022,1757.6232704337262,1767.9532730371288,1773.1930999874705,1777.9049958576577
395179,169,"Utica, NY",msa,NY,,,,,,,,,,,,,,,,,,,,,,,,,,,,,,,,,,,,,,,,,,,,,,,,,,,,,,,,,,,,,,,,,,,,,,,,,,,,,1070.854306774313,1073.6993711682003,1092.2684929665927,1100.3445481366236,1109.724344873836,1108.0920253410363,1113.3805752800192,1132.552347754961,1138.8975834889213,1159.5549659796268,1153.8253439326966,1165.4114526197188,1159.1945693068642,1177.6943219435298,1192.8753412633885,1214.1906833652813,1220.5433004982096,1230.7594444998344,1216.8039256769337,1225.3969442751445,1248.6179064485907,1265.2351691787028,1276.9332214045703,1273.6385218973244,1297.725975289111,1289.7995605852782,1287.2907993545364,1281.5591795964203,1302.7959543315537,1319.2336310715332,1333.8377218434703,1328.9205455218266,1334.895026691201,1351.335419411012,1368.4195201222835,1382.773017765282,1367.7981010466328,1380.0345064780279,1391.4079435930832,1395.8295069266374,1389.150377754308,1395.6610927921056,1407.4270206815916,1420.2045184039844,1419.1553565644338,1411.1121981384895,1410.8296765405348,1417.143640396837,1434.8324940368007,1442.6140317464792,1448.5018711359112,1460.5338567026165,1470.4497240559278,1472.1391812865497
394660,170,"Hagerstown, MD",msa,MD,909.0722589394823,908.9221125010313,904.2958630712809,908.2644294774244,912.9489932102596,917.3345963495876,917.762064284331,921.3673124142186,924.4468813612323,925.8990217587449,921.5681526960518,917.7958526382591,921.9633810080247,928.2905940428038,929.9813813565488,927.290029823076,925.6663397420691,929.4192761308748,931.1364942153,931.0503026221585,933.188521988234,935.4229838503995,941.9906536568606,944.4750469222872,948.000696424484,949.5707511553077,953.955462307146,954.1445792540599,953.8433880616875,952.8892158330032,956.0025795314319,962.7267063707734,965.3019398975104,966.9562287482906,963.029954021243,965.9179160673128,967.0133036614822,969.8538434525324,966.4871175402787,972.1339980006466,976.6348329680628,983.1532932016379,984.6021320328906,984.590981529429,988.2377417304206,993.3693020312519,995.7727309856178,995.1731502131933,1001.4802020337019,1003.9901679025988,1010.237842219325,1012.2251737136925,1015.0062985205441,1015.4922272103647,1018.4392170779576,1021.093061773777,1022.5088310410367,1023.2231213917006,1028.030384579725,1032.612925588983,1032.1888562405697,1034.0661766946503,1038.0040978272539,1052.6425080107983,1057.9383415704997,1067.892053033528,1077.8504303639031,1084.747119522555,1093.0986014331706,1095.3802858927493,1108.036704479737,1111.2375994863528,1128.384363721839,1136.6455347883589,1150.632659782112,1158.3360452312859,1175.498281253008,1186.7157129668635,1202.2369652609118,1216.7026055496992,1238.6622927690132,1252.8720625448857,1260.7973825892698,1270.3090396314349,1280.5608777998189,1297.4131991986385,1307.7649956868715,1319.6230451829178,1326.7638781900137,1337.3443220962492,1348.2122470770446,1361.4969932374202,1365.578104417601,1379.0678270510427,1387.5782025749616,1415.9493743056294,1409.9134582542658,1415.5172395504783,1410.3307607121744,1423.68354697627,1421.4389639953351,1426.7586373947443,1420.4625942538846,1429.620764351668,1433.9304483765893,1444.4595349542676,1448.4526905070825,1442.1798841526686,1456.6217840255053,1459.3811425233575,1474.675698397681,1470.6213373365674,1485.0712309433052,1490.1358278078658,1507.8609060533056,1510.4626224231988,1519.9655310536898,1513.8422606426243,1521.3905308962705,1526.5686511574174,1531.7345504699617,1538.8494420895324,1542.3633339132089,1551.2860717776402,1553.7308161105382,1558.787484035733,1559.2014953370635,1562.7702243455558,1564.9320115793028,1573.892034456059
394543,171,"Duluth, MN",msa,MN,,,,,,,,,870.2175504809591,888.1344544292922,891.6603721662824,884.7490701685687,878.0576119423915,871.3821153401394,875.6420007905006,877.9958748918802,869.400711040612,878.1637345267383,888.93469777615,903.7529111750272,903.8790697294603,898.1908520858949,898.7433471836231,901.3565637007325,899.7845153698028,900.5422188906457,900.2828003706782,900.176819823564,901.1975472088658,900.6053868790212,901.6476428881019,901.8647621334684,904.541347464202,902.9006102712117,908.5156681016203,907.466423722509,917.4853688005315,919.3027068961953,923.3109400267371,923.3652031766463,929.2773722072914,927.3211901473927,927.3351188552258,924.1197499564736,929.1761517341288,930.8358759050026,927.7390292001983,929.3015169221826,932.2613736623148,937.6660528562819,938.4931020073549,942.8038383909653,943.8113110976809,948.0734556736346,949.8167762643412,953.337229622945,951.9818796291818,956.2793327725159,959.8759501074744,963.0413201435786,960.5926194964625,959.5716343943537,966.8758299388071,973.764724330318,974.0457583704834,977.1000552965261,988.0541278315941,995.9162919752468,1018.6701663790584,1017.0477954895348,1024.0943540930423,1009.0902251178987,1019.1292714933182,1020.8059505175233,1030.122502628627,1030.0228502893017,1041.2545409537913,1052.0714828965877,1063.1448990628203,1064.7136465308865,1064.1487088867973,1070.5911117480127,1074.6736888661362,1091.6111275605303,1096.6168454631752,1113.226745836498,1110.1415742100248,1118.131420368214,1122.4651318577046,1129.0820846626868,1134.9443255869733,1145.9714831693327,1160.6829255267564,1169.6438053659251,1181.5177297191856,1181.1341304930816,1191.203737807709,1188.7221722225656,1203.7559804507325,1206.6316983109818,1211.4862120975718,1209.2575163205024,1206.3272110585324,1212.633365888909,1217.448564956235,1230.1259185287815,1237.4685986245222,1237.147821271747,1236.191490370716,1234.0370066245187,1246.5371249429452,1250.5155607509002,1256.790642625539,1258.9600524376576,1269.7917570380612,1276.9246600387912,1276.0879757648445,1277.5104642946908,1278.5522878113268,1289.5556062777473,1297.678233908518,1310.8092350864079,1307.5794058364754,1315.1063273887796,1320.1929806092492,1331.5551341903995,1336.727155691145,1339.3454403809483,1348.5538107003779,1353.0083134665933
394937,172,"Olympia, WA",msa,WA,1068.7986745942167,1078.1155842745477,1081.0795446365698,1081.8940328951821,1079.2682956315368,1081.1378367525217,1087.4469813117316,1094.0444333824325,1101.4483915222243,1105.7502677872067,1110.4890423403806,1113.251428524896,1116.303225658623,1114.4134458396616,1121.7480079439829,1127.5557221360177,1140.23590657227,1147.7618967812646,1155.7091750439565,1164.7957413647155,1167.8677577209398,1172.0882328075465,1173.321994010322,1188.270134967901,1198.6301986234143,1213.071874068836,1214.8092118363254,1223.1877177529211,1233.1970658709201,1242.487858975804,1248.3880636178976,1250.3245023552656,1261.9159947964033,1272.583135660658,1284.9943213418421,1285.319223036565,1289.81261115707,1294.5202089749437,1305.7208242960564,1317.3908311769085,1319.6368919855067,1324.1107157201686,1324.8693250269514,1335.3012040451813,1342.4807134710657,1351.8645944576476,1354.3537917745316,1361.4620193124567,1366.23019928527,1377.5480130129508,1383.832907664606,1386.739768930022,1394.8566010259383,1402.6641057805502,1415.012273543745,1421.474504249896,1426.8775120633504,1430.8560821678495,1440.0940552086838,1448.883005085763,1458.513889776475,1462.116443119791,1471.9128648730145,1474.0630214003138,1476.6716145724693,1477.7484082748736,1496.5275592161165,1516.2355841940587,1542.4272519371723,1553.3188895328851,1568.2326698265722,1570.583913595313,1591.0496400914365,1608.6434239068822,1635.0163220277195,1650.5611051129465,1668.5735054785926,1685.7065720009996,1705.797942199158,1730.2347565201871,1750.492794188223,1773.8650204774312,1789.979420373753,1816.0363712933242,1825.90564472874,1834.0034325501335,1833.6783293739925,1849.0807230064463,1864.6607661533926,1879.9617462251958,1882.1967843262848,1878.8899405439317,1871.300899738773,1863.0255441819083,1862.5651517123727,1859.7962633909217,1860.7961529015404,1867.7541121872841,1880.8443650353981,1891.3891551230522,1898.4382853894524,1902.7830131682338,1908.6091265941116,1910.3080478392428,1918.1268082956278,1929.1689575651376,1935.4429017441164,1938.7221645207883,1948.9191317197347,1956.4454382621384,1966.6255404834728,1961.6388837510503,1958.5050022416763,1956.8479347933687,1959.0404813683335,1967.3090507523516,1974.6007936739416,1981.899084118299,1988.052496179735,1995.8804187562598,1999.2723130073427,2002.215949465019,2001.764481060677,2011.4974388874132,2021.7935067250028,2032.688178628195,2042.8276206126711,2051.530438848765,2059.245620050981,2065.607756502566
394803,173,"Longview, TX",msa,TX,,,,,,,,,,,,,,,,,,,857.5982667727261,862.3119550611871,866.6516767178456,868.0354501112331,859.0580188681354,848.8937478059139,848.9032602318485,856.126611926443,862.4724915530718,867.0130986054525,871.8354835773971,875.8137501313205,875.5268448205276,873.3475797362784,870.081352855099,871.7030428842302,873.0498865010521,875.2791870678273,870.3180138735252,873.2925261475226,877.0583011781755,881.9142883453218,879.926550516859,879.4524756709417,879.1717695032904,878.7528621514741,887.2729415898466,895.1679137838207,906.586026491788,913.056925875356,912.4961571182381,906.7533847928629,904.3235526518499,902.9753048244104,905.3072837419753,909.3577761446962,914.0296587834498,920.0276253861391,920.2253709249186,919.3613783505363,917.885059818657,920.7217843593435,930.6654735597232,940.1086914467652,942.6084317424682,945.9319306573832,944.2676486496208,946.7598482781054,944.6678841324737,954.1043061646965,960.0878399451177,963.7011847569039,963.469754698819,970.4120228144603,983.0689201004168,985.2956652947122,990.6643622548385,990.2115806771459,998.2207588088389,1001.9960635785897,1013.9361290234618,1017.9079371231742,1028.2849189846418,1042.0880428184587,1061.2178173652794,1075.815209627517,1076.2439399062218,1080.1638371163376,1084.1519641528098,1094.9537964725378,1109.473805074633,1123.9902202442984,1144.04411289172,1158.339945531134,1166.7123080944393,1164.1417770983312,1162.5822066319283,1158.290194374688,1161.6872127312502,1163.1785459290709,1177.9123209194845,1184.279579252702,1175.7241747514422,1173.5073076297404,1176.9539906843522,1184.727385137863,1190.1109509444987,1189.2947597122009,1187.3563412520502,1186.4094832936375,1192.1873652283991,1206.786480469655,1209.3897739064898,1211.008087721142,1213.6944021247134,1217.05236489743,1213.6753909292397,1213.0388651930994,1219.528181670208,1232.2642620644044,1242.24226437429,1253.428150242574,1258.1593939661193,1256.1658778088618,1256.5397951735652,1260.3130359115305,1269.371517828222,1274.894729832017,1281.3574973723973,1284.8907510745282,1284.7478426121522,1284.5431524547805
395229,174,"Wilmington, NC",msa,NC,946.0019166280093,947.9395688501066,948.0275983448851,950.4353551482471,950.3965496504652,951.7795551123467,951.3927099536319,954.0647637969523,960.8246211297821,961.9669207755073,965.5697922789707,965.7310542283888,973.0450042432403,976.1945277345287,980.9935702132386,979.1886635156469,983.9566678542243,989.7469058713011,996.6274372494262,997.9884930910067,997.6438384517048,1006.5694158628559,1010.8848234337057,1016.5740728776098,1016.2345728955906,1023.8326411540476,1030.8996012013047,1037.988058427735,1046.0381934567163,1048.9450161772043,1049.6548909093217,1055.2869298173061,1057.419994705066,1057.6433629004352,1055.4245909778083,1060.924278139352,1064.8269520245572,1064.1064561115654,1074.7209985872712,1086.187958094445,1098.9875508094217,1097.7998839591096,1103.2701640281618,1098.825904176258,1114.5797092196653,1123.233020081533,1145.117738980681,1151.215990890114,1162.7402165565186,1172.0285734152094,1173.7428972453138,1176.0609693949082,1175.3514303908078,1188.2100032101903,1196.5716304205098,1211.2258602855388,1211.0318009664927,1215.3037423925791,1210.5949990307195,1213.8296568319033,1214.2327903939836,1216.6755547442415,1231.1333939147614,1244.7839242651376,1256.5941206348257,1260.516723007346,1264.1457803404994,1262.711738930325,1261.4497208196694,1266.6736509224413,1276.104310081668,1290.5697325743708,1310.997349164842,1328.669525317174,1341.533782435487,1343.3212450378971,1353.9096220419428,1371.8874897620708,1399.6966166662737,1428.65595597446,1466.9797525439446,1494.62003383833,1520.7428084704513,1536.9657899763702,1561.0415264633134,1579.5138149674826,1610.3301780619565,1637.5143361708076,1666.4732828483661,1679.3843361632423,1696.2440287212912,1703.7969036393704,1704.6154305656098,1696.7818394801393,1693.3316832878352,1699.1717200292348,1698.1184233506738,1707.054559081464,1700.375490133327,1706.3521159723914,1700.9786558379344,1707.1755848994744,1701.1701732346546,1707.67280413656,1710.7733858397228,1714.7675523047271,1710.8882434582697,1703.7568978432835,1709.021141331023,1701.9346572719887,1705.3750023189098,1704.458134912487,1710.91562869282,1712.4377600568,1716.1855385722442,1716.287422031122,1717.641243055013,1719.8143481175625,1729.440141033201,1738.353492933472,1738.3746301777298,1743.662942873651,1745.3393403920802,1744.9623344710992,1743.2500530703949,1742.2803002374274,1743.9339757638663,1743.691052641141,1744.624570635713,1745.8528736764765
395061,175,"San Luis Obispo, CA",msa,CA,1432.200554015547,1448.3113009807846,1470.6157157346752,1489.6467825859681,1509.3602640871225,1511.5482100265797,1524.5419335350841,1532.979737863307,1555.5396606346687,1555.7471621510408,1546.7930840891938,1552.3189466809354,1571.7727862104173,1609.0239868147703,1604.1121967129607,1604.1875393926407,1587.034513809954,1604.3462767611109,1626.2193063071736,1646.662666007295,1643.1100740958123,1642.4601642149537,1651.6651455062758,1673.0586444497224,1688.1828918964873,1688.3756866021683,1713.8293055108293,1713.8205204227506,1722.7630813338608,1713.136700497743,1702.1501798405998,1701.1907099112175,1717.980942861151,1737.881699241674,1753.8751428856917,1756.5946231598346,1768.74205621303,1765.4434058173479,1759.1810397628722,1766.0698272679233,1769.090118327177,1785.4203276089254,1785.0745711589634,1802.0477230746067,1814.9689811063583,1831.1395980524485,1838.3169354586028,1837.8699903409065,1829.9754780020353,1830.4292301614214,1839.1316487936067,1849.112183114442,1860.9581638445663,1864.022488118294,1879.0446915979119,1875.4562182827444,1870.5841415438128,1861.6855739315965,1859.829571546601,1867.2417455611633,1876.5167324307417,1889.6601217289387,1909.0984710749856,1901.2933094600921,1894.4471777706751,1901.3351666863575,1908.3205030499241,1927.0028533269276,1934.1052324366872,1938.0905192617086,1960.0114420736397,1991.0534552596341,2013.9014400158896,2009.68234861159,2009.226800922881,2019.3143620471662,2032.9134152220352,2042.6681720052245,2068.341636944703,2083.7924197608154,2116.041663866992,2147.4591239689908,2175.099128319526,2174.9628703620756,2176.2255434037365,2192.399476135306,2229.195298498875,2260.9542457901184,2284.9547942392614,2301.1038519716126,2319.4907750575176,2334.2707886663484,2350.5869602759235,2331.9021571359795,2332.967949323486,2331.2558952263066,2349.8206626242954,2360.648998807653,2383.594712573844,2407.443991859568,2436.540728357289,2448.4044971792146,2450.6980317607367,2460.432627669414,2465.3833468259695,2495.953883078247,2498.6650756602116,2522.824236149848,2545.41432733949,2566.3690820040792,2557.3871353117843,2545.786286402591,2548.8854381994975,2551.6307303783824,2560.5547070820076,2575.846410921391,2591.9869661534,2625.890157944845,2649.057232231704,2661.524393704892,2663.067001441741,2666.242577081397,2680.4675458172437,2696.227092497659,2698.3953602205033,2710.489973194304,2720.1094472467294,2720.349725621927,2719.560239284381,2697.270571569352
753875,176,"Crestview, FL",msa,FL,1064.636586974074,1063.7158217602866,1068.5217239605938,1073.0079671034246,1078.3770950229991,1080.9635726783933,1083.276239242245,1083.6906385623383,1086.4677498133556,1089.953701175754,1094.5287581783105,1100.8928224163994,1106.0140702574183,1108.7073120221007,1108.7293841133353,1110.0689355988725,1109.8636909481372,1111.5606485005824,1113.1969941789514,1122.9200412645348,1127.4316091135436,1130.911502228488,1129.7487215017306,1130.9554233221825,1137.4482386059308,1146.9630329974693,1153.8384330774682,1155.2382617180995,1162.882966435048,1171.2788775161403,1178.8033939447712,1179.9405167026591,1185.1869892202083,1194.7145633562347,1204.1273145786995,1207.2090427172286,1208.191088189791,1209.278784634542,1216.294630397104,1225.2430565733646,1232.5679833415666,1239.6550294331844,1247.5339823594934,1251.6201482286472,1257.2198024457734,1262.6833963934419,1278.0849701848238,1295.836539689705,1307.6571788057058,1316.9173644109665,1325.3713673862983,1334.7432504685994,1342.298132551002,1349.1993938995822,1355.8319942792436,1367.0785393148362,1375.8273381983433,1382.35630399088,1381.470229704591,1381.1403674831,1385.1132455896184,1389.919345867445,1407.2965293645955,1398.6803148389074,1388.103770028234,1386.8033030701101,1399.4239847087892,1418.878705473995,1429.056578649674,1450.6595269264994,1474.8938843770356,1488.8152194627955,1497.2680882173443,1521.8082612926523,1558.5982302788184,1612.649873359927,1663.5553944149053,1710.5434618878476,1755.132026056504,1785.2773931045526,1809.5479996777085,1818.0394022392911,1830.2326904236222,1858.8235307893292,1889.5386513520377,1904.9356533949476,1914.452828739627,1916.0693149773872,1925.24239157001,1934.2266638903284,1932.618153252175,1938.345550132545,1944.4515430651336,1950.591605507466,1950.670665244895,1945.4177466447468,1946.3133902768657,1945.2371718314696,1952.5820665005956,1953.8364420485261,1958.2662610711006,1950.3143573960217,1941.0691703015893,1931.1457453539738,1934.1511435923458,1944.7047379603875,1953.0989571033974,1956.4728609724762,1950.7043898184504,1945.5660236497579,1939.739837553436,1945.906643980404,1953.33734374926,1957.454004213087,1967.9487720982333,1974.7793209149638,1978.3102661009116,1973.408831749049,1973.8407482976697,1976.6092899012913,1982.3782238227063,1990.423430399509,1995.120090605985,1993.744323355434,1987.8505121616618,1989.8524368107508,1989.1499426673108,1989.9696843159604,1986.5388485253955,1985.721366995074
394851,177,"Merced, CA",msa,CA,928.5006054144698,936.7275561193594,947.7596604812286,948.2335059650156,948.6366003380356,952.7332644667977,960.418407111848,964.1034078713662,962.0015665261571,973.2308707674182,981.493800188715,996.0855006006468,996.8625524686004,1006.0373488383785,1006.7803089786133,1018.7030939573073,1027.2299243613757,1041.9120758543388,1051.7451846634804,1058.4801037447592,1067.060136343068,1071.5992653505587,1079.3864476359277,1088.1318293846066,1096.0206025083305,1101.5372839290987,1105.5342035429649,1117.4942730212058,1132.8658992397206,1136.9269318277302,1140.6131380125764,1145.0222917394324,1159.834841578127,1161.8285952993115,1168.3519811624483,1178.5017559850687,1199.3659628695548,1208.94189426713,1209.5670742656864,1219.233392864031,1221.1045508320433,1225.765315229252,1227.7147370010732,1233.5108341282073,1242.5318090804399,1245.4933470365293,1250.734195597303,1253.0971186867864,1260.7059799945778,1270.5358583288025,1286.5774071010399,1288.7871905694665,1295.9956101540186,1305.1776946069197,1317.484653099403,1327.0286569912937,1327.8449387713072,1340.6798428478037,1348.2830306667838,1355.6276510578368,1353.4169972219865,1355.569755223544,1363.5741699765151,1372.8200542505526,1369.384816156369,1359.7174609163592,1357.8547116901643,1365.1490097278,1380.3692854021194,1419.367650704582,1447.057357586839,1471.8673829685913,1473.8932471887044,1469.304444143333,1485.470701081444,1505.071897358908,1553.5314127995464,1602.1792749525803,1639.533054232629,1673.543863228864,1696.8644470907248,1700.2906996948307,1721.3719249473588,1732.0049559621589,1755.4788595523962,1776.3957533886535,1781.9354702175535,1796.0034131290151,1781.3918176254335,1780.804221786008,1772.176502529164,1766.0615846708367,1770.357258109579,1777.686993618904,1778.4231925944466,1777.5318193996015,1786.9447659196164,1800.5277997261908,1810.7622470321735,1823.1640332854752,1825.1735412576866,1824.7735247644137,1821.3914777816155,1834.2232364660051,1839.8632609088452,1849.475783884749,1843.7885289095257,1846.4841158911258,1846.9586904276714,1857.0380649662225,1870.7629458942356,1877.507953563991,1895.3599964049686,1895.0556491383952,1913.9804340180347,1915.991473697733,1934.5586618281548,1934.1490853902756,1952.0017767465392,1966.0371136184308,1974.2417002717154,1973.105675714696,1973.0736868111858,1975.363914044176,1978.6580679483236,1994.1142112343668,1997.5924854771,2005.286040596232,2001.2302204163193,2009.3495495495497
395197,178,"Waco, TX",msa,TX,911.3202996352776,888.7669742772941,897.1226642113544,913.1090698333173,908.9183031186748,903.2317452483554,896.1463907098762,904.9755918001392,901.8329498413143,906.7297800463166,913.6824925394881,917.4071017374479,921.0436551378422,912.9683083403665,923.4809402105792,922.3451123592095,940.1485572922905,937.9279143066856,946.8479819836438,946.3825498578716,949.1516576390746,949.8889280182814,946.2520841407718,950.2935555828271,947.1949599065148,960.7306911045576,957.0454083760809,965.2854649647262,958.3424839055511,960.2534320304711,958.0858639593188,965.9643726441657,977.3707467329618,983.0450981995448,985.3994072842975,985.1445588023914,995.4130186932344,998.2190303286618,999.3896036349058,998.4117906089741,1003.3748039309227,1002.4127678519908,1002.0603714529225,1000.1865420861435,1001.7724406281053,1008.4175988544464,1015.5254178593952,1021.9471699922605,1018.6938174485914,1023.8455718061226,1030.599069767256,1035.2693551159255,1039.248337001632,1047.7258727802362,1055.3053477765252,1060.5017334814308,1060.729292466219,1059.9723068126577,1061.4509545137212,1063.1651216414255,1068.5114863173433,1067.5349544171936,1073.8313263044531,1083.051038754293,1092.9767377209573,1091.2859257143161,1084.348280382407,1088.0713532893271,1094.709949339196,1113.7469693060016,1122.4932589585878,1124.2623824385134,1127.8598149171098,1131.0537071461133,1147.163852010546,1151.801679273077,1164.3125408618323,1177.9940260114342,1198.6890158842868,1219.3193192646902,1233.210092411502,1251.889195588311,1269.9696842359042,1288.6457268149245,1291.444656642444,1304.9759773581427,1313.681253694453,1339.747354725003,1349.039461454183,1378.4286358561612,1384.4561127381232,1394.0835578256115,1394.7680850051727,1394.1120694326978,1396.8573803680706,1403.9355769731935,1423.2975382144928,1425.6958277403191,1426.1480811532351,1418.2982048267831,1423.5947960922956,1413.074653393154,1422.7978496694022,1422.8473759998856,1443.6533992849202,1437.6670087545574,1434.142854723159,1432.8034439180137,1435.266600911968,1452.314888229896,1460.082859317006,1465.8825606447235,1464.4839744819037,1467.654872732068,1473.008940345592,1471.9946080339728,1468.168103038139,1468.455484690159,1475.7359612135897,1479.0920144386387,1476.6558683202968,1468.5623985592001,1468.8561597773644,1471.1034098520586,1475.5262208829793,1479.687754579615,1476.8242865091122,1482.6521085215736,1482.4272877310398,1492.0236652236654
394447,179,"Cedar Rapids, IA",msa,IA,699.5829928414508,702.1734639808392,703.4490536159257,701.1360077272768,702.8252820207205,703.6650420621592,705.8238654953809,706.4147860637726,710.21734301538,711.406455986525,713.3442789863948,706.269263600363,703.3938328942065,704.5467013806659,714.2565292329053,718.8487943199909,722.7064565416495,717.1856654352292,721.7046848861215,721.3235116799842,725.0711468787621,719.0928983614518,719.0873263954721,727.2992262251826,729.5244028744037,731.4537454873578,724.2898898367242,731.8750418455147,731.0386551543436,732.0094682640298,726.666177724589,725.7175867331906,726.8062572386488,732.1163756627834,733.6220452223736,731.9556422553151,731.2602562638664,734.452357750057,741.4092747849767,742.2301749085968,747.0553831384326,749.5462778216007,748.6009690354215,751.4391640278687,752.3946981954786,755.6050596085415,757.346482335341,760.0636315610963,758.6304609453972,761.148826620125,760.9976150580204,759.9412494812117,760.1232489226215,763.4002952808835,770.5241202485763,773.9748775314889,777.1471325992293,778.7293850870869,782.2777869215234,785.5446883468177,793.0279855917445,795.9080340552144,796.5056764731146,782.8109591296795,783.5371624382556,785.2974713432983,791.48840223134,798.0060085327591,807.6927834816976,811.4612618576916,815.9476750818759,812.361870256821,808.9911227361324,810.8398632927125,818.6336270515095,831.8136685755259,834.6393295552413,840.2839798290802,836.7497439322163,839.112083927785,840.9274275579941,845.6046220326402,843.4876387778133,846.303484724642,849.4901089975262,855.296157618378,857.9501568257323,860.0284998758373,867.590829908167,871.4469233747228,882.6628208254264,887.5059609884846,883.4375679697799,886.6154168588313,886.4361618802947,900.7466089516654,903.9435551897442,909.6940858883656,916.1981223739471,921.6487129006555,925.9648101646582,923.9240932271258,925.0378322921426,928.2402734704164,935.0342607816051,944.9414724628269,952.0196840521245,951.2906836696404,949.4509518856337,953.2441794630213,952.5803205133097,954.30126810764,954.6061491318253,964.9429832712186,968.1979919207618,965.8966108263174,973.1472189824898,966.5784873192097,970.3960112592212,972.3823563011318,981.251978145077,984.2439480996863,991.3092702392735,997.4786241728597,1005.0820043362295,1009.3109985179879,1016.8890656561423,1029.7539377519445,1036.0431079566847,1050.968433048433
394348,180,"Atlantic City, NJ",msa,NJ,953.6188825110191,965.3941080416743,965.7410861381289,970.0307702681531,989.367998271574,983.7030740065492,992.4546762286473,984.307152380452,994.860934152893,989.861906821309,995.6208146759266,993.1324177928566,1000.9194417720325,1005.8779771144541,1009.8561112421603,1011.3226319267782,1000.8348985557719,1004.4986337147938,1001.5258901044965,1000.1564134615966,992.9582056983869,991.2206547839269,990.4238245487394,997.9806309302533,1004.3293882413104,1006.9694528789844,1009.3382044303337,1008.5653129141062,1011.9069953848013,1018.1572515725824,1022.2206037363915,1026.4060670548033,1026.0129335702673,1037.9296234570459,1043.8885013382974,1046.6757354840552,1045.0721468371137,1048.5929674478475,1050.8298786436594,1060.2570986719652,1061.3865420115199,1066.4283953113847,1069.6270672310204,1074.5401351115886,1084.5566647199798,1080.4921345682387,1086.5165879838742,1083.5931272729451,1092.8311612936136,1091.4607268423642,1095.0004308163425,1095.0959818678828,1101.7369677970858,1101.8281158702405,1105.3632198959062,1107.719127933154,1109.0512524718843,1114.4529242417707,1114.7525080754847,1122.2034532591535,1122.5131471910065,1129.508675210536,1141.5137993501783,1138.9586430464867,1131.42770947866,1130.2819319680145,1152.3969603226406,1175.219580215276,1203.3314625402097,1213.9599765980831,1217.1318466827358,1211.894772135911,1219.8739458152436,1242.3333850406116,1268.4037601774191,1299.2991286468684,1335.2159191732187,1351.9914970265816,1373.1123349189759,1391.5262242084,1416.678045847863,1438.4937793529375,1447.4036318323501,1482.5059747788762,1515.2291976063145,1548.7906812997765,1554.1492046618605,1575.778436698719,1583.4677833135358,1626.0342697442984,1628.724746598629,1636.5738231803448,1630.9564585245128,1636.1460549141564,1652.3042642110156,1641.9099594197226,1639.224433335035,1634.2575798315345,1654.138826639325,1655.8445090183839,1681.8491347515912,1696.998714314744,1713.326995982835,1726.0920726107963,1723.5291515861875,1754.1577923826592,1776.1950504057122,1798.4113362631178,1798.2504385661618,1793.2709878262738,1790.6053259449816,1796.8879996089004,1813.177061041055,1815.9156504903876,1818.7904254039981,1802.3261229668487,1832.9941704505509,1828.8595255019175,1827.2630956919315,1833.2034485946556,1852.2310621231086,1875.6046210667573,1890.5486721009981,1904.4937258733191,1900.9381566726959,1907.3058832612435,1922.4888748811327,1954.5099286825819,1960.4988511840097,1975.5301226551228
394412,181,"Bremerton, WA",msa,WA,1059.6549688069174,1069.2045622951177,1072.8414807183567,1075.7381218174269,1068.0088342149663,1073.2751569968234,1078.2507855612346,1095.6521936791585,1100.530157040581,1116.142042607015,1118.2480292320167,1123.7067583261671,1121.6898455312507,1118.460474047993,1144.1130684099999,1157.0031839208725,1182.9986977283463,1180.0720176434077,1200.4249557605124,1205.024104707893,1217.1313633397297,1211.7177122472897,1219.100449916395,1230.6085460543395,1238.3965540877264,1254.1913137572503,1248.1200354505995,1257.8471672271253,1260.6463790770288,1280.11675424216,1284.6159133714602,1293.3718933956598,1297.1831168826611,1309.0915019982865,1317.514149301135,1322.3856770169218,1336.263099340048,1345.4209674370027,1355.663260673321,1359.48802902468,1369.495942644718,1375.0143435347436,1371.9463561561538,1370.8310354526702,1380.0548765196374,1396.7058052747188,1406.3926266216072,1414.8441184910562,1418.290231961731,1429.9611976835868,1439.5752339561313,1448.9251019523033,1454.0597078971437,1460.026502069066,1475.1426335779768,1489.4897650741352,1496.394402769051,1496.2285947354208,1500.7235546639247,1506.6143800795328,1512.5193487690049,1512.1180769715047,1524.0515120288724,1518.1789430580657,1508.0562214178844,1497.23713373501,1499.0548206468263,1517.3500769614618,1536.7824352404573,1548.6066316646702,1560.4749144289965,1575.9574315108546,1590.5882752516995,1613.4965471679473,1633.7536167387375,1669.5362262606243,1698.4319567658642,1733.2543747179493,1765.3215956086922,1794.7781067513904,1818.9632781658934,1835.1020462269748,1851.1247736177174,1866.5889748160073,1876.7289717716837,1875.8972795585585,1879.0734166556276,1882.8053067524688,1892.6430819113828,1898.8377221254634,1902.0069758261343,1897.6149686987017,1887.8389333317748,1879.1752628614806,1872.2203765682568,1863.1797787964156,1861.084186629879,1857.394679381042,1857.7130794718494,1844.6999541572104,1850.6798409099824,1858.915740017559,1872.8065159659952,1873.4168976901922,1879.9722649451526,1893.6335719613496,1900.8818162900998,1909.1473789592574,1905.1585560774001,1918.240923057205,1930.0529823262186,1959.4855374841322,1967.9099203983615,1970.4156097641985,1966.5389547549823,1978.129862989096,1990.875707976062,2001.4917555126112,2012.947007763511,2023.9677417429216,2041.602586790394,2047.51350812864,2050.8747700353165,2045.7068815263997,2045.9441643742484,2049.642596498931,2055.569221133278,2057.147052665622,2055.155531400748,2050.0964129244253
395103,182,"Sioux Falls, SD",msa,SD,,,,,,,,,,,,,860.7629564595189,862.3683046238162,858.2714782502732,858.5799547587624,850.6986433115843,850.5388192905,852.4068678638281,860.371538845001,865.9941126688682,868.0537450347931,860.7525017190462,858.6974347634288,859.4120428118778,870.1922309900399,877.7980810161934,881.8758628626116,883.8420680140646,887.6754603910306,893.1966809345774,891.3773025958675,890.9290428666013,887.392508469727,899.1276036299816,899.1557931174098,903.1260263881821,902.057975318829,905.1667743074656,908.6892018878809,905.1271774106758,906.5906192483706,903.4388024601203,904.9943966734551,901.7114944934065,903.6791426308212,900.447172583152,899.2966845885114,903.3340067689736,908.0961961311829,907.0301697664511,906.237440902539,913.1979376044173,914.2062144601355,917.9381897304038,919.895725030192,925.7413768253629,929.8746868486251,932.7360501751298,938.5435457573107,937.9701448221367,937.5610146351137,938.4367234913205,943.6016668391168,945.5671361904895,948.3431011495104,947.9421646880346,947.6279584229529,950.7361064789892,955.9478889173192,963.2680865701949,965.3747670011098,975.7339559185525,979.1635494447083,983.8811228507318,991.2470293607599,1002.9782990280131,1015.2974902528326,1023.939722908598,1035.4722471391265,1047.2556301166003,1062.2665794552258,1075.2076145853507,1088.712873803376,1103.8801613911417,1117.7116142380858,1128.3704098681344,1138.495549326553,1146.195173567475,1161.1584403755733,1169.5168463546865,1185.1706176965713,1188.035985263813,1192.814693508944,1194.4851955778622,1196.2279524582261,1191.5657395287785,1193.4423053409982,1204.545152315266,1211.9907350910796,1218.9177107947012,1217.376446718659,1221.2127621560962,1218.2109044991812,1220.5661158106607,1217.6308146811639,1221.1864802262016,1223.2353277254176,1228.3551035400035,1225.563463273652,1228.2740296672796,1230.123042572238,1236.28010417155,1238.940537039614,1243.6408738048183,1242.3787172492684,1239.655101530163,1244.7444419835012,1246.9524122804464,1249.8729056500345,1252.518635809988,1258.2505686777663,1255.6697520172825,1255.4207468626155,1252.3175920619387,1254.315064036048,1253.4774193411558,1258.7083806661901,1264.8578688249934,1266.9336957417017
395065,183,"Santa Cruz, CA",msa,CA,1863.0271115195656,1896.2162617987872,1933.8166260989608,1981.834875127871,1950.3210704545202,1936.5163648490961,1968.989215049971,2011.9078624563906,2026.5538162938767,2054.873747046257,2062.001349315645,2089.348417639187,2106.734979943889,2165.0331629516463,2131.952212493438,2140.3175106542562,2134.547517546378,2184.3065040801002,2152.6949430318514,2139.4258288451656,2157.654772326219,2195.70498797994,2234.49689080024,2237.4605544267965,2254.307240560915,2225.0846626553252,2252.0548296162165,2258.3675357605007,2304.074087834902,2291.403697506516,2314.8200476290567,2316.200063843689,2335.2162122436353,2328.6896056724318,2332.7764539760724,2351.4659561130625,2366.6944349657874,2380.1055777878264,2387.0430770108787,2419.2481803228684,2411.2812171531245,2424.0861240435793,2421.39635791759,2446.9808225615056,2450.1478403540345,2458.2004965228007,2468.4932452410467,2465.4252140998983,2463.922348328569,2466.6475050587196,2475.496564404112,2465.7877024607606,2472.93056110546,2480.3948033024008,2497.4168608400173,2499.2347103988823,2503.28479792868,2511.7741022246337,2513.978781798966,2526.580430820575,2536.9769713802325,2554.7423862443934,2543.165113911939,2542.3938522139565,2524.6241466860365,2526.965304031459,2517.4478482988484,2510.4865051280785,2528.9334128497876,2556.2136462960016,2589.727846655218,2610.3669879120616,2602.9120487935083,2607.358833357915,2623.272577915903,2675.723594390093,2693.543872292146,2716.0025725441546,2731.2312232332333,2794.011778353496,2837.912687355045,2867.3554198299094,2866.6413674541127,2900.090269070183,2965.2708471899,2995.38376853876,3026.6216286031836,3007.556881882942,3039.3612475033256,3049.8087474427384,3083.7992163519916,3102.0275307687357,3114.9150994183638,3147.5201931519878,3160.8849280114405,3153.9017551264546,3110.3097807373333,3111.0598642656655,3127.548250718506,3152.6902309239463,3183.1681617411664,3206.6668007983235,3242.7506555524565,3243.1097753681647,3224.8858091760017,3202.383596524213,3186.9137843119897,3196.3856936526654,3196.014942834422,3226.0586585894257,3259.1937405987487,3279.5358052984616,3279.7293261094974,3292.0946672241216,3304.0925956249216,3324.246178417244,3347.3850274798997,3319.017117655521,3350.653905156825,3364.0739231032417,3396.0712139739753,3388.2569298195453,3368.430318087827,3363.353945931533,3361.1174856856364,3357.2701906281545,3342.6006075975392,3340.3954799097937,3345.6139717935735,3386.7255881459478
394572,184,"Erie, PA",msa,PA,,,,,,,,,,,,,,,,,632.5105738731564,639.6610144160378,633.9378053404683,645.0007599166742,640.3433738486074,,653.7225008949648,652.3345712478839,648.9422962918649,646.8102947470727,648.9374894391459,656.1527211799186,663.555962170738,668.2963098118491,671.8126575208462,668.6661465024107,665.651587869858,657.607492163951,655.1015448246237,655.987991972387,657.5319700571305,659.2733472017995,663.686181747416,674.1768534959325,676.9194967690956,676.6870545557458,670.955878994196,672.4031126323063,673.8856107497692,679.8228935169809,685.1981945062743,691.9523148927955,692.8402065093195,695.3285680755904,695.3899063977977,688.6230294547755,688.3992514002648,688.6365792900706,696.315289316053,698.3753632699492,702.951937889919,702.420320833314,703.3753188209545,701.3944311433461,703.8860905519241,704.7371872555093,710.0350996229572,708.9722825586224,710.4862191375486,708.0377687074013,714.241090618635,712.9644814610499,723.4767156588465,728.8157213774188,739.6561129164801,728.9446618326762,729.0450278391003,723.3983802011652,732.7940300775283,735.9061697931453,747.4094409461537,757.1918830580324,764.8180435156344,773.0552880951292,775.5611769617783,779.6262911487604,783.2162341700821,795.2652004609911,801.5482692562612,812.5958959117371,817.6922697892401,833.1804106630397,834.3345421198803,840.1366656484926,846.8153081060696,855.1853314110454,865.8385902052485,869.0442728327587,866.3831989437276,877.9940406024693,886.3278902100479,914.5873174613367,909.0331940096538,910.1412281922917,903.833846781725,911.4281729031225,914.8423040053428,921.8187251454439,921.5651554580448,928.3882861461386,925.149897889002,933.2000376138063,939.8722457627583,934.8201263443981,944.8057511633451,946.1901944813902,965.2989635676893,969.5300681313333,976.5659330123199,980.9461913097063,988.6280757414877,991.2852041465422,1008.9390354500272,1008.673769145691,1012.5290092983302,1014.4994835506488,1023.0630865262821,1033.0525954357795,1035.6367638297043,1042.0692711426957,1048.4452094879696,1054.6476857469686,1061.7838944350708,1070.8490338164254
394924,185,"Norwich, CT",msa,CT,1022.2252560383761,1023.5415742184279,1019.9602924676432,1017.5825638266874,1004.8227025095533,1008.9025523782653,1020.5687963582786,1040.7876846728575,1044.2073450223402,1044.5180451448366,1049.3450422506835,1051.6349704894856,1060.1043560343019,1057.5645487986556,1052.9725828439741,1055.4849479760226,1064.7115933545028,1068.1080665522213,1059.6369078489276,1052.7313246486772,1056.7661257526004,1063.9731061345876,1068.217782244128,1063.3570941708329,1064.3978105498963,1060.9882539742061,1072.5235780383666,1072.826338142641,1087.9555717591836,1089.4104836592264,1097.188528918621,1093.0108037463167,1099.873418619072,1093.5005677823208,1091.2199344300845,1086.2285634548227,1089.5334993422853,1096.9142031054873,1097.5161022616876,1097.7251751771716,1096.3940770400432,1096.9517754718602,1100.979917267452,1107.37873515076,1110.4330466402444,1120.505511696652,1116.7529986050768,1120.7140692285338,1116.0356809576497,1128.0666527981505,1129.4380392934108,1135.5487879243365,1135.1165580144586,1141.1095877564492,1143.9803830946048,1150.6817566747347,1153.337268546009,1156.9111450412017,1170.1823869045747,1181.3009642833517,1194.1401329292828,1193.4254517166942,1189.7225426568723,1180.6908515705557,1188.4006769404477,1197.4423792591604,1218.4820353217353,1226.5676202598067,1238.792051217148,1254.455255280605,1260.2910103763336,1267.6885987557073,1271.8347341330502,1281.248630989007,1294.3377113143558,1305.2346339248957,1329.9278895447212,1341.7741388669774,1357.5943456258076,1372.6412204213111,1394.1332472814308,1403.0113112069087,1410.1909370227984,1415.9422431199987,1421.5524316440756,1445.5464229289294,1460.8302279283803,1480.8756569049615,1474.6352635007443,1490.1759980862423,1500.9608714549602,1522.389525044008,1528.9583012770813,1538.2135881590702,1538.5524547160626,1547.803092027821,1562.1996803837758,1567.1647241286632,1577.3359845142313,1598.9409879451566,1613.183263972271,1624.5347279703212,1619.1202951833845,1641.1609704357725,1654.9914644203543,1665.7497075704505,1673.7098969758174,1680.5638687409676,1696.9279446313299,1709.5226958416247,1723.1428626027703,1737.2758004194852,1762.1886173177909,1778.0578789066076,1788.405603772323,1772.8493296094039,1773.291030437346,1790.3605733371642,1808.0737845664344,1821.5973600470204,1824.2177251116045,1829.6732369283295,1832.9364411807735,1828.0225260680736,1823.9225216553384,1823.48048949857,1836.6021631145131,1852.1455922469927,1862.209997751624,1859.693488154977
394323,186,"Amarillo, TX",msa,TX,,,,,,,,,,,,,,,,928.0340349317866,931.5777439961431,927.5729607706081,932.6645116633957,928.1900366444605,926.5478966930121,926.256687051361,922.3826022218469,920.8280911469568,917.4943927891261,921.1854322647403,928.9666228221505,934.4465527895218,932.100413111571,932.166082093141,936.4240877042799,938.8178910786573,942.0897498954818,933.6084682731636,929.1456023514852,928.8566222398224,936.0407875396601,941.624600378366,940.0598298074593,938.789249712364,939.9889506349623,940.6147801276859,941.2818416147621,945.7171480867665,947.2111556320524,949.9550233967468,952.1367719634652,954.2331824976285,952.090294822833,955.43928053409,954.7461588932065,957.2917364896091,960.4405963344079,964.3521502576773,964.7043868848258,964.7555626522669,966.1148401384705,971.9287300287873,976.7946256428174,979.781737751479,982.931692271397,981.433087869057,982.5443162811126,980.9768453356791,981.9745906641537,989.7791308136241,989.1080577575816,994.1380175120345,996.8999044065129,1008.3371587996122,1020.9801267822075,1020.2073879887224,1017.7958207422342,1026.4996010353132,1039.9247482980277,1048.2357332732047,1057.079112632896,1056.4044355507108,1069.3161169605637,1078.0381619852917,1093.6761645884867,1100.5884583676395,1102.3184664228538,1111.805365999446,1124.9325454403513,1133.9981365297024,1138.0134805116052,1150.2210056509175,1160.1552715124783,1183.054368588585,1191.4678591780714,1196.0697619773641,1188.4306125931682,1192.3353754029565,1198.5628436315983,1201.2675587201977,1197.7409884555218,1202.2270514729241,1209.2260625467197,1212.0274926885897,1212.420202745506,1205.3669810305228,1203.7097934027033,1206.6138126152935,1221.4055553478531,1223.0773677136835,1227.4957570997647,1233.5988427412822,1241.1121034007972,1236.948361648893,1231.5258981630445,1231.7139609114226,1238.3324018718397,1245.5777747175218,1251.2228562184346,1256.4972106069986,1259.7174628265373,1260.8131033200234,1263.5905087413103,1265.141864895934,1267.5823801349043,1275.2261578271177,1283.273577269878,1287.167482627695,1287.3704868185591,1288.0638485609895,1289.6378811670668,1289.8936992282113,1287.8227610771849,1291.5485485485485
394772,187,"Laredo, TX",msa,TX,,,,,,,,,,,,,,,,,,,,,,,,,941.954171308016,945.8724076654215,958.5166144489997,960.5187497399055,950.0162132901878,950.6957178372761,946.5955447182346,954.6705885371894,960.5612803341206,978.8481804335604,983.5140586511163,974.6198106419913,975.208513628294,981.3373037243346,981.4049207785055,975.5733084679617,984.5515841231165,989.7715123524333,1002.8144763686294,998.8584998046999,1002.6963485046517,991.3482813065533,989.0541523508475,994.6968231757572,997.3152427334919,1004.2137909741068,1005.4578340520292,1012.0817723432277,1014.2672182746891,1012.383318403824,1010.1890750557548,1012.3416526605995,1010.8377922460196,1013.0028382957677,1014.1275908692444,1015.12206022131,1014.0584254265605,1006.2845409844298,1016.0822991311505,1017.7708018302739,1020.2113092039426,1021.6020186423557,1021.6433035711927,1029.1301834496821,1033.7874329032406,1039.0324024076406,1027.30567585013,1025.0057335658673,1030.132345818757,1033.510610822137,1037.111742457293,1035.6510761964232,1047.320812900691,1058.9025574772327,1079.9323932104783,1093.9003345817932,1100.2165382482187,1106.4419904572728,1123.3319460022244,1135.269228047407,1139.478676631628,1161.3624710251747,1177.3157877448468,1191.2201032650944,1183.1969198925456,1185.0653835992555,1184.3720971362318,1182.39715720642,1185.8015883752155,1191.480103285749,1199.6157544970233,1210.7874748059305,1216.1308347909624,1200.9063079468199,1198.0805603186784,1205.2155355793936,1226.6894600743558,1240.878572856891,1251.9206745772296,1265.260841782377,1271.644304848706,1276.7923628569788,1276.359642590684,1295.4639374109977,1301.3945639927135,1312.4587187982345,,1284.789930521397,1282.7032937381043,1290.5348928061962,1300.6608882805947,1306.898119243451,1322.842740939428,1327.2782322360058,1334.8112718817677,1325.388391005907,1329.761634489766,1335.7853921991036,1360.922388759411,1368.9155248282061,1369.5952005456684,1363.1147484015155,1355.7710693519632,1349.9003660930744,1338.0605478079092,1334.2298534798535
395171,188,"Tuscaloosa, AL",msa,AL,,,,,,,,,,,,,,,,,1017.6169507062765,1040.5712354969821,1026.900896814246,1022.1223833222406,1039.8365468890413,1054.548770924378,1051.646394898616,1029.387282021553,1040.86544361862,1053.011343829894,1055.9989277035418,1055.3010848605188,1055.9231742303684,1054.1291915959275,1089.527672101371,1103.4022974947889,1121.8633475824072,1099.3299454616372,1093.8964017159099,1086.0103037013441,1085.2901037206693,1085.909171049397,1084.3505875013952,1093.4590927263025,1095.7917145944762,1108.439301607572,1099.8131161060924,1108.9485862719598,1109.3032707508348,1120.503935632612,1125.8570664171727,1120.186247647385,1123.2889707051422,1126.995234262955,1138.7121526558249,1140.625207881123,1145.2851426997836,1142.2963944999822,1143.5045155150544,1140.1556314770046,1138.3750489476781,1147.7116804534835,1157.080422565492,1178.2645771210548,1185.3471363533795,1191.6498773647495,1171.8314368934123,1178.2022846563498,1177.9622510650224,1181.3619171476769,1182.6412106437338,1174.7473566614801,1183.725652289346,1185.2497932159904,1202.9690388962788,1207.5547032826448,1214.8491697161035,1214.7063759079604,1212.919635846638,1211.8237061787001,1216.1770276577463,1231.502676134427,1245.0439663394245,1263.1747552426716,1268.0460882853054,1278.2279659423175,1291.2848161307713,1303.095028855934,1314.4823032511952,1315.1959082270157,1335.125922057916,1346.559456782971,1359.345547205975,1351.1916045116586,1358.7115328773937,1366.136285192331,1379.8919287185,1380.4984252362995,1383.9418510167916,1385.567881328808,1396.633947515878,1421.147358949873,1432.9724538469882,1445.9253262765262,1444.826395808244,1458.6149793185027,1457.3167008981638,1468.521660359201,1464.4232098354073,1477.1427622917645,1475.0089141022372,1479.1779563740142,1484.9343064604443,1487.6603831014663,1505.1582787021991,1509.9188849256068,1517.3863938113373,1527.6951185226728,1546.5517164185424,1550.1167501572015,1557.2468073496245,1548.0972531692596,1562.2983735134965,1573.5029732214955,1578.9499976669554,1582.9543071126184,1578.1043605989353,1585.2598716753546,1597.4245553987587,1604.5949255256,1609.8815946072496,1621.1455349931016,1637.083904709208,1660.4621806039488
394483,189,"College Station, TX",msa,TX,1161.3614442070352,1164.3926990732673,1171.0127939682607,1185.8816800500438,1189.2046789041156,1197.535880048553,1203.8504681878708,1222.5202788177671,1217.015838637591,1220.2540151644225,1219.5210866671791,1235.0929863382785,1240.9314254786289,1238.4620947124515,1235.5103306187384,1232.0009137521004,1235.0013851852575,1242.37522830421,1248.6980274201971,1265.5935270678438,1253.7524554655088,1247.7254490011617,1235.6770995392824,1253.5325768271298,1268.8808123110043,1276.578101050217,1277.7848882002816,1278.5900719589013,1284.2017122548014,1286.1877329167612,1280.1789822206813,1264.132885051092,1271.5656827559526,1280.421432162525,1294.289522033998,1284.2579623456581,1280.7463347894175,1282.5296005219848,1286.8179964948379,1291.19743191272,1289.7387831758233,1283.3875721770248,1281.9714043143879,1274.8482525184293,1281.2024271664814,1289.250141196301,1288.0916983486595,1294.0714932095939,1289.9398045190942,1302.4558346529643,1305.4134744895503,1308.1521853385425,1311.8252877857499,1319.6873807984916,1327.5566342520945,1341.9543889110741,1340.6142914937302,1335.6476819389752,1336.5630469820749,1336.6913082207477,1342.129309886298,1333.6737721024153,1349.2380391659008,1349.3577053967151,1354.3423103007513,1351.1782095825777,1350.0619737312413,1352.5734413191983,1362.9520938049068,1376.563891800795,1384.4235872546403,1389.5672690125632,1395.946093293676,1400.817904901426,1400.5548948525336,1403.283675265383,1404.9727463566956,1422.4984607754366,1441.0964327139375,1464.5379776678933,1469.892197426299,1482.0060138407357,1484.1346972242916,1493.9190501420337,1494.2310621201652,1501.984540369711,1519.9651506822931,1537.1680681789835,1551.7583787435667,1561.0521605851377,1574.1037173252594,1578.2989588728724,1589.4040122320891,1592.725262066438,1605.2927914850782,1615.347151310287,1623.0707162798153,1633.5481283078025,1642.9023761033118,1657.6069317697836,1668.635897873552,1674.2493327888553,1673.0016204504159,1671.3914631295938,1668.597046550539,1670.4809446451789,1678.6760232941017,1694.8059941047056,1706.1659070521844,1714.772593229774,1718.134023460281,1725.4687442523525,1736.9251661817864,1739.477979517903,1755.2132251653045,1757.2702412061778,1768.2021082736753,1776.016792779393,1780.9911001431833,1779.3543970821981,1785.1027291250027,1790.1690912407446,1798.2131712269866,1800.9015065718206,1803.2664675994897,1816.2332236245181,1821.7964961819,1840.211855904722,1851.6849251033086,1865.0890221110567
394732,190,"Kalamazoo, MI",msa,MI,740.2895474320153,746.034582786847,745.5161405613484,744.4183436293326,738.1705812991725,731.9198612766475,736.7149500227397,744.6892147335373,753.2321907793191,755.4256364566419,756.7014279814908,750.7945240878058,753.9955517379237,758.6886271257464,765.0378878137511,766.3681255160793,769.6628676328418,779.34140153477,784.8041070359501,789.3162164679603,789.6003798206564,786.9302122821849,779.5756967001472,786.3649854710764,791.4109304524054,799.4328668696796,802.1081235319011,807.5913801513469,812.7047921221243,814.7583021650089,814.7971528683513,811.8284290729055,810.3674276910912,811.1491417996629,822.3779276652489,825.5120114094805,834.5788970204438,833.1807702704718,836.1040415010025,844.3137728044982,852.4887707606223,855.8226667554732,856.983779275017,859.2224207224722,864.6015949393484,872.8788234004219,879.4524106737215,877.8495811958646,879.3761836656051,883.592438627934,887.3136226040893,886.8766089503594,886.6262546830012,890.4918044872741,897.7721195211088,905.9696361134729,911.9507839293682,915.298600920114,915.6944596041935,923.9804135246982,927.1142072059849,933.0847524623232,925.5802139648692,924.2527955464493,926.5938899687625,930.6386629588553,932.5594915171181,933.1244562092209,934.3430586779225,940.7312832543258,945.6954454829738,956.5915746377539,961.1648183164752,971.8734441003786,979.020969457015,990.5426555516251,996.3493323073814,999.042059838903,1010.7986511564442,1028.788791906573,1039.6796967012278,1044.6447121900733,1047.4505281264424,1057.505723950227,1068.2814657981974,1072.748361938098,1080.3917155010106,1087.9776072297705,1100.9126818812322,1112.4262809886693,1118.6534539955214,1120.9336720495621,1130.5825170774092,1130.9148745420932,1136.0513473299568,1127.2540203483074,1129.9041115833834,1128.3638061515394,1135.8464089634235,1141.1287680993476,1143.4915278770268,1146.1033196873157,1147.63558209966,1147.8697988036179,1141.996971040066,1147.5650960630153,1152.3535211577978,1157.9762635692337,1160.712108606656,1165.9044936349674,1178.8630525959477,1183.476277749342,1191.2423837184456,1193.380585500153,1197.0885036172563,1203.3212465805689,1209.0843761012975,1220.2822976472423,1225.4799045082302,1234.9077315848363,1240.605884790524,1247.3695659084176,1242.4396310982406,1245.070959500532,1245.5751559118344,1250.563480239644,1255.4194234714469,1259.199326928447,1264.6433030910848,1261.6047157479343
394811,191,"Lynchburg, VA",msa,VA,748.8339925965216,749.3235381343986,750.5238159852544,751.7733457778077,753.4684771792733,754.3772804100479,760.9246351413136,761.8107741480113,765.9125208770478,767.8243329768196,775.0956186313263,776.3311726841963,782.6885198836802,785.4470450275851,785.3149762675462,777.6500506518308,774.4933243481587,781.329292869761,784.5053320359212,789.0256368616989,789.7396401396466,794.5753621826568,792.7990163270998,795.0898201597205,790.7209343838632,791.8487706088845,794.0388459261358,800.5255822323826,806.2594035151093,805.4659856588908,809.4783327780704,810.7417724108515,814.0860814488624,814.0892839874349,820.9372118136017,822.3751178944648,821.8787189198722,817.4448831171551,820.0842357557846,825.4424545302868,830.0379504113046,830.7629441245242,829.553384300288,829.3960990084101,829.172352306686,833.7531283213657,834.1710679729254,838.3655862789622,842.995151643466,851.5573437151813,854.104927664494,853.794792346493,853.5856338903734,857.4463331309905,861.1116811910911,865.283273963127,869.3073541304026,870.4081068077925,872.6030613331931,873.7306640516479,876.6778851960864,877.3804934741431,881.3159029272653,886.0715960842117,893.1031441169401,895.6331002209387,900.8609848416431,905.0423607392645,919.9158933693689,925.3217072974537,931.9165182115512,924.26075899387,928.9694314930931,936.643948000707,949.1579797823956,955.273766569097,956.5007967074445,968.9533337682323,987.2299713337829,992.8858900740948,1009.1626885406829,1023.0801362402173,1052.8345116500727,1058.8616402175849,1068.4082497040808,1073.578344203697,1094.1116654796924,1105.0354247397415,1128.2541088085645,1130.7273993481726,1136.2203574469224,1162.254686227635,1167.5305909065594,1182.3545659578274,1169.1763132571837,1202.28984246639,1204.8719697754586,1197.0851082402187,1180.8064730301473,1192.9050615393423,1206.0307589238357,1215.6287050234744,1220.7708417127858,1212.9453334929667,1217.3654382230416,1217.3454114879178,1220.6268396395928,1213.5468294849968,1222.3296503731422,1238.8299046404718,1253.3802275527603,1241.048072187841,1240.5111817461882,1240.1024401639918,1249.9307371268992,1249.6125404619538,1254.4631525709622,1252.6407387439233,1261.9127143506137,1262.0801448529178,1263.8037192694878,1265.3285202189097,1269.0349340123328,1281.6260310760943,1282.455635862579,1289.167553952121,1289.5254764147219,1300.3320788291483,1305.5765884334864,1316.5201940729085
394455,192,"Charleston, WV",msa,WV,,,,,,,,,,,,,,,,,,,,,,,,772.6318138003422,779.0126563425687,769.8568564990038,773.8671088624993,769.1509945394474,785.274671124378,783.486166377325,788.8969473544039,785.8464941882933,791.1819564282739,790.2734080986495,785.0670538665927,783.5936624335266,,792.2151509285746,793.3358633514306,802.0862306062352,799.1606160774629,806.0829336640545,802.8082909326974,809.6528170041522,802.3824435500508,804.5653050861073,810.351655438376,817.5811143890978,818.5772864083616,813.5991886146062,811.7547082706113,810.0377411899174,809.0372896230307,808.7343566302497,811.0402586752473,812.7389883506504,821.6980402282425,826.0785448791937,826.6623120088586,826.24408351944,830.361313569431,836.007816589949,837.483688053842,837.0665739332766,843.8626068489044,838.249637226966,836.8288231339828,834.406704490974,840.4121472037152,845.4943285862939,857.2746539550365,858.7487161127445,860.2038150100618,861.7663848348914,863.5117770237199,862.7352080332668,853.4730983524878,865.1002669068915,876.2825377962907,893.9014555282209,880.4694497033445,879.463669185077,875.6718074140794,889.3186874121501,896.2300204807323,899.1515314048386,899.7778263035867,906.2983829726815,919.3300696308451,925.1350845341851,926.2726711751354,917.0200567551047,929.2294884151446,935.2858797794341,943.4732748764328,936.4394648405487,936.1155079543804,947.7588561419981,958.2174554178504,966.5368256274892,964.0843643450593,963.7529125348458,963.0682357109614,976.3683599950673,988.0839311176735,992.5845227443266,991.1143901069646,995.1716625598283,997.5571491376674,996.4780864885037,1010.2733422854229,1018.4214227828859,1025.2275249851382,1017.5913679046268,1021.8993200998417,1027.8915187645534,1032.416584889524,1037.089568215443,1046.4276430505586,1055.8493000196677,1064.9200344794513,1071.5788568452779,1067.6480391466303,1068.388007649104,1074.7959606526117,1092.6366904548759,1102.6564899317298,1106.3092677464415,1108.3428934574831,1115.2324074074074
395240,193,"Yakima, WA",msa,WA,,,,,,,,,,,,,,,,,,,,,,,,,,,,,,,,,,,,,,,,,,,,,,,,,,,,,,,,,,,,,,,,,,,,,,,,,,,,,,,,,,,,,1144.1967047155538,1177.4051935268415,1200.957204953982,1214.6375040782923,1189.8084525062882,1181.31983839229,1191.4780583523345,1215.8088392010538,1222.4757368310788,1219.0608348662759,1212.6772149268088,1228.8427595418361,1245.8680589955086,1241.886411886285,1232.927505210076,1224.126410685277,1250.4741575289572,1263.2323030098612,1271.7887714319188,1263.9483101402955,1278.5201801122835,1275.9768897063504,1290.579894796035,1280.7370901341214,1295.431215846381,1300.098476211453,1312.409150659756,1322.9206483486903,1328.0780563433123,1334.3839117348327,1331.1762458646272,1330.156751117518,1335.4051616172385,1343.8777155274456,1347.869005787361,1359.319920237821,1355.235531236743,1358.7657059204396,1360.7285491984119,1365.745750386822,1364.6391336674117,1366.072161188602,1372.8157172344704,1382.902268413883,1380.658924337181,1385.6133333333335
394585,194,"Fargo, ND",msa,ND,,,,,,,,,,,,,,,,,876.7368218958613,868.2788269521538,866.1207080435158,856.616888957765,856.6784653222873,857.3249104399383,859.1578870516407,859.9365832805328,861.1265475581245,869.8557545936189,868.30546419275,868.1473007943309,859.164262642,861.435741416175,856.1056089984562,863.1107150901527,864.3941751183282,879.9064941486713,880.7581206433166,876.1769984452224,868.319551388567,865.0671602332758,867.342695334893,865.3165609085636,871.9408898685562,873.2542154099915,874.8452800333862,873.7413737250747,875.5879924745468,876.2760537174123,872.7483789861502,870.9237824980954,873.2416132328573,879.8600925476294,878.7921805016409,881.5815253605302,882.3699308508396,884.4274877443523,889.060379478769,891.3494274442934,893.0249961585986,889.1539048004954,895.3060901144867,903.4830106223983,910.3948870870862,911.1988590122901,901.8898739010303,903.928762780885,904.8012688262546,905.5957708635624,910.0581084991562,912.4561135591454,917.4190016375071,920.4957634522286,915.7390063299634,912.7594678369537,919.208057383796,927.0481541066009,930.4218873944799,928.5824187017605,932.6171644640206,941.5418684050499,942.943977195938,947.2253609730127,949.79323062837,963.5924271080281,975.8060063341272,974.4209810457342,972.1929735351976,970.926189427843,985.2213121559125,997.056382575777,1006.2963144125081,1006.6166072619872,1008.6499742294332,1011.7476086207528,1016.2405616728371,1015.4867955206068,1018.8103731595928,1029.096600116959,1040.2777069618444,1048.854043543321,1045.523410616868,1047.3084488838672,1046.3607833377773,1054.075326128082,1060.6817934163985,1070.01013481813,1076.9518135265564,1079.9471093803368,1085.404772655097,1090.395098972856,1104.283370346337,1103.3936757559488,1113.3099509975104,1112.2085335414406,1121.1820587983864,1122.1544012272802,1124.8432029289054,1122.5914000187222,1126.9607315229018,1139.2616884230729,1141.7356138844027,1143.825241493652,1138.1278692981757,1144.7972656594184,1145.524243846284,1152.6261705723527,1153.394532325082,1157.3311614839365,1159.9806341527199,1164.3209814600186,1164.0967534897106,1160.124845721654
394387,195,"Binghamton, NY",msa,NY,,,,,,,,,,,,,,,,,,,,,,,,,,,,,,,,,,,,,904.5585007723853,919.6121402300078,939.5349680332095,918.753463555511,921.9823390565573,927.0702399859613,951.6066446601579,957.44507925869,950.3161229824525,954.2877214454536,961.4863380365907,970.5564124026657,956.3607396830035,961.0202092196472,955.2516991063205,983.9974757787438,995.160251746763,1006.6771985870287,993.588343395239,997.3847412698927,1001.5562609841834,1005.8157902370549,1009.5204204296869,1020.9562495293125,1040.3592193866132,1042.1284956030925,1043.999608663006,1037.6419774554279,1027.531824428328,1028.4649634471612,1045.415137610915,1063.6132397834845,1082.2094001269031,1097.3443975179707,1125.9996499333774,1121.1116783828743,1126.535605255544,1120.1788219996365,1147.2804308291484,1143.984837221547,1166.642495893324,1177.199511457857,1195.461060027776,1206.5905259587064,1228.0637779010844,1242.8458828517516,1243.1453117354524,1237.2796264413253,1247.8096055619253,1265.3794192152218,1278.1879682908732,1317.717957390575,1334.4315614770221,1356.912590168678,1333.3788671272919,1339.174067012254,1332.0790182690948,1357.8073363188803,1367.4304301335908,1393.119892700738,1418.0522409963392,1451.8732432303664,1445.3193448837746,1431.859017992826,1402.1535106237473,1410.0352887018207,1440.7551219957184,1478.6216671974685,1503.6813245834687,1497.7664308957508,1510.5475874582276,1519.4472515520736,1524.5886898258973,1512.587695099885,1533.282390783199,1568.241912457207,1604.5449787411876,1604.5642976845513,1608.0203261138884,1604.5400808776399,1616.226093174462,1613.1570660559964,1623.1016470111388,1630.5840521719913,1637.8478670320512,1653.0544595055492,1663.3500274104176,1660.2861993058586,1670.2531321300708,1688.104908648954,1701.7254870139218,1711.0972819588126,1718.9147653042105,1747.9788761174968
394609,196,"Fort Smith, AR",msa,AR,,,,641.0895605855083,641.8570086969708,639.5137270832221,647.8592032563934,646.6156323456016,654.1368119137561,646.7037190672627,648.0623306081909,643.736240944896,647.5174951811554,653.0697019252166,658.0280163733246,664.0423236390069,661.1678652239779,661.3883961734389,660.5093290000608,662.0270202924034,658.3421772761995,655.5014185006237,655.7034152045851,665.4263199356761,669.5315472760537,673.1726792954225,666.4411595434353,663.1263158695659,664.9278839889331,670.212282454315,671.2591535844236,671.4305571244364,672.1086624405934,676.479055145813,677.6415180454893,677.8117239579032,677.4536523142264,673.4461195608047,673.1127927098639,673.8129782745233,681.8413583544556,684.1390329529067,685.4635795325286,681.7309010818194,685.3153364402382,689.2104361529435,693.6530893218719,691.3145778319362,691.7309188085568,690.4856377714183,695.7776603124169,698.5825491734512,695.1962766350557,694.197729565366,696.1207860295183,702.437533007392,703.971177614105,704.0039902965485,704.5364869060494,709.2317125935527,713.2829516039278,720.7535132944989,717.3822697698881,718.533093983428,720.6503345335983,723.8594358822967,727.5914253545039,732.8850759664094,737.2306960834264,744.9622688613226,752.3406616943261,753.8352788140121,757.9612123605776,758.2498094808959,771.6745044307962,779.3510421495984,786.8661062041399,793.5427271294947,805.0667092444824,820.6636022354977,828.1085204066795,832.8762159649367,833.9516882210409,844.7800463744702,857.3229324857226,871.954007273656,873.1031194446397,877.9263835259013,879.8298846864715,887.7317324879654,894.7316904282039,892.5974172418221,898.9968811180406,901.3760280230838,917.4804558614046,931.6161556148502,939.7177856531238,943.163503866313,936.5983226424426,939.8817617389254,945.3012640944189,948.4189094501722,946.2740981868825,949.1022238920821,952.6632489626039,961.3774189916955,957.8015100652827,958.2347045749303,956.7654150470858,961.7815682579367,974.1963419596685,981.8482459198226,992.5361324831144,998.9368639464203,1003.6477697770089,1002.9189575128529,1002.0426028234253,1003.1795544480183,1007.2564399325573,1007.3469759733056,1011.5679678476977,1012.6526595952189,1015.260884149664,1015.9934698339346,1013.8216807952374,1014.7330631479324,1019.4686247519692,1027.603000975119,1033.857596972904,1036.9065656565656
394334,197,"Appleton, WI",msa,WI,,,,,,,,,,,,,,,,,,,,,,,,,,,,,,,,,,,,,,,,,,,,,,,,,,,,,,,,,,,,,,,,,,,,,,,,,,,,,,,,,,,,,991.797733173868,998.4998041614137,1023.0122213193233,1035.6822386463373,1038.1200144730385,1035.7204950270677,1042.46046262396,1049.3782547740866,1064.1426672391476,1069.676239351188,1085.2359167229413,1085.3092696278313,1081.7482434912856,1078.5738365293796,1090.0227597237786,1103.2483981765713,1106.6708769794607,1104.4173264594506,1113.692811675081,1126.4885969689053,1142.2127706679123,1139.106770779527,1140.8030858034952,1141.778301110766,1150.4200979518896,1154.2995358432374,1152.3930431248855,1157.0892401791791,1158.6571562616944,1167.814691035062,1172.2128902993347,1176.0278956158381,1180.4484754789762,1188.1682572253997,1192.084197487182,1204.4049186273446,1212.6971652164475,1224.3258105498387,1230.0292841207417,1231.7203784875028,1242.1551777316195,1250.588723081757,1255.4109227645652,1259.610737170667,1260.1305817470359,1268.9239672364672
845160,198,"Prescott Valley, AZ",msa,AZ,948.6881946899907,954.026271219203,957.6846990647504,959.8619381127381,961.741131014543,970.9735435671789,982.7635119624913,996.8405671867179,998.1973984507532,1005.9566664676612,999.5666424101064,1002.8001038388013,1007.6194834291055,1015.4647244179803,1022.0676719938002,1027.4326509987677,1033.567160056519,1040.094622181996,1037.6288541128083,1044.1867918491405,1047.3615717561422,1058.6760774517372,1066.0928354787761,1077.3645394091877,1085.0303803482634,1083.9099232152364,1082.1892052549433,1089.7495318532015,1100.2291018825872,1106.8048157855358,1112.8969467754766,1120.2549602220533,1130.6713209153127,1132.140359249999,1145.4003411559734,1149.659916647247,1156.9413906857844,1161.8573456248641,1171.6365723744264,1174.0306552171423,1176.9498441226817,1180.3767535625668,1197.7791538916913,1203.684371118137,1211.9656301911966,1216.6913467579886,1213.5765931931983,1215.772099095763,1216.6421218588807,1231.7605747395696,1238.8080310976002,1247.3291662135052,1253.8471336761602,1261.8653144802845,1261.113184142045,1266.9612703636358,1270.8050742856635,1280.3840503985248,1291.6806211709397,1302.623695204841,1314.0643061791784,1317.384788087271,1317.2112286856725,1303.4699176322163,1300.4801409392107,1305.4882078882085,1325.1665337719107,1339.9086538111508,1352.236261691247,1364.827686470777,1386.8201896412231,1398.1366355642097,1415.2879019581972,1439.3912681931383,1469.677722773409,1500.590226583527,1513.7879520865995,1532.111254484205,1558.0390977791324,1579.9210140953737,1611.5105522033823,1635.2048409337908,1660.736787933897,1675.8393300800478,1686.4977587416838,1683.0040784072905,1694.0655974172275,1719.3475121449942,1755.301570540076,1775.3149104664062,1766.221102048456,1769.0696324947007,1760.833868965996,1759.6512486769382,1754.7343154659707,1757.9174171293748,1762.355480638835,1767.324929269529,1768.9457024277065,1773.0822217285036,1771.4624040416816,1771.527023522725,1779.2932591472825,1782.9900944522196,1786.4682460007978,1792.8085986099477,1795.2334593687087,1801.3960482864388,1796.20849817819,1807.4699605739397,1816.1517808618116,1816.1634719786416,1810.8988632299236,1795.2532525263846,1800.1611636887835,1808.1055051432606,1826.8497686782564,1832.7839867686373,1840.682433555717,1843.6615864020991,1854.7053914118362,1854.8316384338088,1854.9578940492274,1857.1444098163674,1864.342204617597,1881.580341674037,1884.428302336669,1884.0851626605968,1876.7964287373209,1876.3718980853307
395161,199,"Topeka, KS",msa,KS,722.3734399342594,718.15012638791,716.9642971686089,723.8845353312634,726.5505810827228,732.4025790019766,731.3349185585125,725.8309062425366,725.2320612730131,726.4372355920593,734.8968275375307,735.2840483944018,737.0651510354328,738.0953683129467,740.5546280070874,743.7583451733177,743.8074644220927,746.2353037231234,746.0452445707105,754.4033161410485,757.3429196121731,762.7435171974076,755.7985352391023,751.7225374293407,743.9225923871611,746.6899292916202,749.8180912208816,753.067782531338,754.6121418651973,754.6824880650599,759.8416303161437,761.4958961603057,760.1280171377919,755.944444556592,757.836691929076,768.7432204579844,777.428069601347,774.9680606607101,768.7497807412,767.234111797833,768.957336664269,773.4874211098185,776.8157208649601,779.5380829734278,777.1741294398117,781.434750971379,786.1934442871976,795.0416032286703,796.841500790568,796.7349684859072,805.160770390024,809.5282686132165,813.0552708478275,814.6206861920017,815.5053615101485,817.0811326517633,825.2307021878183,829.1279327531125,831.9868725742228,826.6972755546694,828.8840013913377,835.8912590725489,842.6137335618088,837.9343921528435,833.4388623439838,825.9133197714563,831.7351534429553,835.4723362274616,834.3626368863736,839.3766058935606,842.048047522988,860.8325489951234,855.605689489137,857.8644961468598,855.4049617324994,872.2371078303187,885.9762380896002,898.0154740843961,905.3548375267876,918.024893291875,925.9078661419117,933.1336845920026,938.6634469309689,949.6053344477234,962.1288470674513,978.749828983972,990.1819838472708,997.3144838250944,988.9534259419838,994.9642896484626,1000.1106149462423,1013.2495279005907,1018.4185619402047,1027.438707155601,1033.4216218378863,1038.2947854301106,1048.2570142522122,1047.5048056501066,1057.6670385960986,1058.6290575037037,1075.6278581887152,1081.5560768833589,1085.4507116564243,1078.5171019730594,1079.5150565497322,1080.2608048017312,1098.5573296703892,1099.167202188485,1103.1709836299435,1101.7086778752255,1100.5639715262864,1104.5221985671672,1107.757840107169,1123.0989364846523,1134.6753354106816,1148.201719471192,1153.454758543928,1159.7659868147455,1156.3468745213925,1165.397651847896,1169.4838889367911,1182.1116707680694,1190.0362334375423,1198.7070647153819,1202.8645105443954,1199.4882595224115,1200.4023955081586,1203.0634666831222,1209.7746343671333,1214.720390720391
394813,200,"Macon, GA",msa,GA,,,,,,,,,,,,,,,,,705.0243017119244,700.4300834677737,698.9796854083008,700.751422155427,698.6328218831297,692.3377952042758,691.4187066394752,705.4496646281235,716.721997117187,709.1857262464156,703.7021514782707,698.8020534020196,708.8733036800392,715.3358532201102,716.5997945100629,716.6147439467321,723.6429197297992,728.8558248978976,742.6824897861753,733.8910431129584,741.1651189524333,739.8986118754996,738.0864414974955,737.5740066054035,734.1413003933739,739.4719281455541,743.2961348776853,751.6996990246571,764.0709297876449,775.5330758165697,777.0052615116581,781.6767735621769,777.8669811762305,775.5910413318618,784.1754574131162,790.2557420415696,797.883964561453,798.4353472631554,802.4452238415877,802.2914999490523,796.3516926830453,793.1530363704289,792.5409591126833,797.5668238164527,801.9340128564414,812.4456803764466,822.8910002026164,828.8578027970784,817.1323602648934,818.9915230995394,829.7821356897396,854.5619195382043,868.6175681376337,871.2089424467221,877.6001490818669,885.4311269937236,903.9757014408527,909.3639242601505,911.6480097585026,920.1176361843078,945.7192493612341,974.472983367053,989.2298121547473,998.024805152431,1020.4505389091635,1037.7587435096257,1040.41258078105,1030.6452807289581,1032.0975153807879,1046.017026258527,1053.1030659865955,1058.9569807203577,1064.2637531378462,1067.6544841228156,1073.9422179731896,1068.5643824873391,1063.7576561876992,1063.8244849493735,1075.7481444795255,1092.7234201606686,1095.4722253989432,1102.3771962734872,1112.9588823647118,1131.8743624847432,1138.1411834836033,1130.2720530508943,1127.2706086808912,1128.8507963696566,1132.162551800195,1138.2147556116468,1138.9402674365235,1143.6195226093641,1145.0674842914018,1151.651418118066,1144.9690840376702,1143.0917192512368,1145.0650038756316,1160.629005881912,1171.3932395494778,1178.1046631705635,1180.4956715345827,1177.925099136387,1180.645027063675,1179.8344128314477,1185.607137417011,1182.807354117009,1189.7051535806872,1188.645799913825,1189.998870499955,1187.6823143376853,1186.2824855410772,1188.0238808389568,1191.210125955085,1195.425920306109
395174,201,"Tyler, TX",msa,TX,,,,,,,,,,,,,,,,,1006.9484695229743,1009.87618687151,1022.2790186825135,1028.052380426212,1026.9857982391734,1029.8368606883182,1030.2127705493376,1026.5363024751157,1022.9725657740227,1026.414421406853,1040.2616914271725,1047.4481287097226,1048.4777700124678,1049.2062017670132,1047.410935947337,1048.9969218115475,1047.559532542939,1048.7175339116134,1047.2962796004958,1048.2225227982176,1050.9063677632776,1052.8000670105316,1051.7288314763443,1055.217665165258,1058.633414295495,1061.3087055654707,1061.3133867261718,1062.757594431369,1066.3981748749395,1066.4335155050674,1068.0852997661698,1073.4910392508225,1077.6393181462429,1078.7785423743055,1079.6420942189075,1080.8259077887665,1082.8722159566414,1084.9513141705759,1088.485686567324,1090.7411332640718,1094.0445859026631,1098.2598997021587,1102.8754514723807,1104.250396096268,1105.9011228875363,1109.2205632968612,1110.1302142110574,1108.6797253799116,1101.6570761456258,1096.450324548943,1091.3393515703897,1095.209890883774,1100.040189347241,1107.4819699984846,1112.7942768208798,1121.0240861217426,1134.3380218369575,1134.0876552865795,1149.0527959767028,1167.978603174001,1196.37619237938,1217.8587732178116,1238.5621784019286,1247.6190615684031,1254.3787392584659,1273.7526113258943,1293.04868620443,1313.8335384584025,1313.4515394425584,1323.568203717068,1326.380345623669,1327.1698230990378,1327.4063485017666,1332.3225229654265,1344.1548431356382,1359.6666245592771,1379.1484181940377,1381.0691887163655,1388.6180912805364,1384.3266486827415,1395.5387498042626,1398.3509192400845,1399.9877113843854,1400.7325483294314,1396.6291736524115,1401.406138346725,1403.3859738743292,1407.8452659444342,1394.1938656525363,1384.7924646928734,1368.2314613833312,1371.1004941722913,1375.3658309833472,1392.6347010407098,1399.9538040509808,1401.5492485355396,1404.8806106002053,1408.2572379108296,1410.8361696822017,1413.1362646987495,1415.0243528362264,1422.872715528155,1436.5354083567001,1440.1865947563476,1439.2289435196285,1430.113801256298,1430.1155060848005,1434.95927059959,1440.4236264188191,1440.7818173945698,1441.5608961551582,1440.7828568240388,1447.8673947209436,1451.2353237591333
394361,202,"Barnstable Town, MA",msa,MA,,,,,,,,,,,,,,,,,,,,,,,,,,,,,,,,,,,,,,,,,,,,,,,,,,,1560.5105250026468,1560.7235263195676,1537.9787645701758,1512.1252499550772,1569.9607499506767,1620.8855148249359,1638.5839230388362,1668.7968846086444,1675.9987689757052,1758.6847724859942,1785.404444794415,1847.5725828804163,1731.6106999668477,1742.5850298262287,1732.584172581388,1739.9465019947827,1743.8177475593898,1787.9731764388112,1839.9971228319653,1838.1485949531243,1837.93133312233,1828.1971159275795,1838.5705326284099,,1845.1463141173858,1892.8047399110114,1937.5748566770712,2002.2707996309766,2011.5080747481024,2008.2575953232385,2019.6455153803372,2041.1085923008002,2082.8010776550027,2067.6935466115287,2083.369954648589,2081.7416016360685,2177.321308797081,2189.2196578576845,2189.959522890122,2162.2084708343796,2212.4576157676856,2251.4297059090177,2273.199463931528,2261.6325409666943,2257.0124101847728,2281.4817850374598,2328.9624310598115,2340.8082390944737,2304.8284551855727,2299.392800814411,2346.3844000660174,2381.1930127305045,2377.2078975951067,2360.9505100436577,2389.044854285643,2399.655511516988,2416.167537759696,2429.813516858546,2447.441132929706,2459.1035642182574,2480.1750416548007,2475.4857277366673,2483.364331428616,2468.8491894009676,2477.1566709365475,2482.7623524851897,2481.4188042231767,2527.2927356500513,2536.244873638512,2545.9782324051916,2530.93519569397,2542.0085923233464,2545.9492079456973,2571.859981429206,2562.5600457608953,2581.931815516006,2586.2858164971326,2600.988470145642,2600.751117694092,2577.2953636304023
394519,203,"Daphne, AL",msa,AL,1064.03549886135,1054.6371364309703,1039.2757274207008,1044.4961360184475,1054.9729629099727,1070.4041569199942,1061.661114924964,1066.2573896240237,1069.0993926088581,1069.7540856854487,1069.8130020619901,1063.3415361195316,1077.5504659930275,1080.071504697611,1085.2416439234673,1081.0709206356912,1084.384521117605,1085.5332028601122,1090.5949045429031,1097.474593111459,1097.9009653652286,1108.1111754632655,1105.151671004948,1110.5307926336056,1108.7357102691997,1121.5456492130124,1125.3957695262263,1128.787542731645,1123.2820746583577,1128.7918907715875,1136.9435512081047,1147.6411326844716,1147.8396432458815,1139.1568958148216,1130.7814131714229,1134.889297672044,1137.9937823152268,1139.129794384584,1139.648259135227,1144.5188562281246,1153.1104481699035,1152.205470534099,1155.4900070646988,1154.9758733191038,1165.9755740436267,1176.0178324551628,1187.2822797672522,1185.134980345526,1189.2091870033173,1188.35810213272,1193.4788063446454,1196.865917763208,1200.42415282713,1206.5667937468277,1208.349471974455,1211.3851075378748,1212.1910505841072,1216.2798035424378,1222.3849754240853,1231.4421799266063,1237.3082818483872,1245.402712282051,1248.3554480313217,1245.2490719052462,1247.9668076736168,1247.8397587456238,1245.7669448630058,1245.5821279109107,1249.1937276062567,1269.5404986776937,1286.8629919302869,1306.119129563498,1314.0030767124706,1330.2358222215842,1350.503797660392,1388.3333554204928,1402.0324717492354,1428.0831816216798,1465.6697925652766,1518.4957760613888,1563.1033345044495,1587.3060154270509,1584.8596636818688,1590.74766696187,1587.0775311841128,1608.6282851855065,1605.496788291495,1602.7724454645402,1613.1698404718275,1623.9889102417994,1636.5919163730598,1629.4092267071235,1623.3318231754274,1614.80714282219,1635.7569191561583,1651.1784851309167,1668.7275789758469,1667.5977683702263,1676.9674856840636,1681.3181292462543,1684.9120169777484,1686.7994717525503,1678.4841209153933,1671.1500891277626,1663.4947922686279,1661.2208399295814,1654.3458288086165,1653.6210695969726,1663.8886261487896,1671.3238126721305,1677.531649223229,1678.443345989702,1690.418495413478,1695.6078733286085,1700.3872894325502,1710.1003619870228,1709.8606228043484,1705.7730924298921,1709.5617978096345,1709.5640395617556,1702.4046890819377,1701.131834013502,1700.7353781610532,1706.2960229327273,1702.1576193102696,1703.777270880272,1710.0323287648819,1715.8276298535077,1729.6043916453514,1745.2843417366948
394378,205,"Bellingham, WA",msa,WA,1005.5171702515244,1007.3548510368377,1015.4665440415279,1022.638936974236,1028.7024001193995,1037.9866615857406,1044.1573345778056,1051.098212169264,1056.6001646381778,1056.0215202246652,1052.7281124266897,1058.8800013693212,1072.1592219675483,1080.4544335001574,1084.0361096121862,1089.24861692178,1093.4758365896782,1101.6047474465893,1109.5163436988717,1118.23761052536,1124.7335296052481,1132.1742262292223,1139.0902728336964,1148.562178409835,1152.3473119411838,1160.6571284916706,1168.928909193516,1176.8566492311763,1185.9104092659918,1189.4222196255387,1204.0810553648848,1214.6071016449202,1226.5562433464215,1233.1555968371554,1232.453654634719,1234.0496457753584,1240.0376186048954,1259.5076659338529,1268.0806459454936,1276.7801552196804,1279.4762978537815,1290.7046121513151,1296.003995344774,1303.5710409962091,1316.7939932964484,1329.7916037985651,1346.8240040583619,1350.9740021101127,1352.4054025201392,1350.920331055921,1357.4758780449201,1363.975204713888,1375.1689742902133,1381.6943240290045,1387.3121152417607,1393.2585361992824,1394.5339363967257,1398.970088150717,1404.4036290244876,1417.920787604768,1432.4370264419501,1441.4831976199082,1463.9863729495557,1464.982537535718,1469.9267571988817,1463.2246012977664,1471.9192373418261,1474.8507552644983,1469.7989487935806,1467.1331601303818,1475.9533353487893,1497.024261965144,1523.8645254509997,1541.1737032601275,1552.942948816821,1559.8821827747613,1573.5111954574509,1594.274297957458,1613.8892163972748,1638.9107665671913,1667.2643295180485,1697.5933027669043,1731.0570226767552,1743.2111007456813,1737.7033851611452,1734.3955042223831,1738.9755643717588,1771.7064837160237,1790.6461908673457,1813.9261060725623,1818.4019924734523,1825.1067012436324,1832.1322435612444,1838.4024953813794,1851.8314160446157,1858.5238400092123,1870.6565421841844,1870.492525950886,1884.561008461908,1883.6236263828066,1895.7212362001922,1894.7351393872095,1904.324677374659,1911.7800176086598,1925.920193331799,1938.0167036403345,1932.6905473715326,1927.6567694879736,1934.5444028535883,1946.458008049041,1949.0087784369864,1945.8400100042845,1945.2885198614877,1950.4159825421443,1961.5028798809567,1974.07775545915,1976.6621320220374,1974.0625902815643,1982.2576037622237,1996.9601725136163,2002.4402263164952,2008.9469692336675,2013.1712476348412,2022.2716196763422,2024.8788302608398,2027.5598864226856,2023.725977993726,2018.480907732897,2016.7313475340982,2019.2306822376588
394429,206,"Burlington, VT",msa,VT,,,,,,,,,,,,,,,,,,,,1575.2712921820423,1588.7583402686628,1645.5104780085,1651.2473773176396,1673.367331132541,1674.0794780551462,1686.9853999728025,1698.4302474507692,1710.400194816207,1733.2780958290036,1717.4554345026736,1752.4649908425438,1744.1501596929036,1751.9583461163372,1719.003845987964,1711.3646900192193,1718.3695969115784,1741.7140084794619,1759.6250801306203,1773.737559357332,1780.9413129371567,1777.7253206046537,1780.7769883684484,1772.2894031160504,1780.9349203061388,1783.3984957664811,1781.8560996875622,1791.3533330870885,1797.5139204343848,1806.2953437615115,1803.6956986612474,1795.7416718271502,1786.2696498153725,1783.2091705866408,1806.2586885003057,1821.9542144541767,1847.085282474767,1845.088712150007,1853.9004177376507,1853.6323421276431,1845.081127052171,1832.832726277912,1828.1764712437382,1847.340184465637,1850.7978604276434,1861.9896543782074,1868.8193405043874,1885.1335657376012,1875.0767655191255,1885.7181948928744,1896.1916246226049,1911.6916641872137,1914.7563478033742,1921.6088435115303,1922.3063726997452,1933.9489119114216,1949.7880227740404,1961.5828274920186,1982.1866063923023,2001.5472056011517,2044.6625327811703,2055.080098681385,2065.8822063482544,2061.857993011211,2088.402613502863,2113.430508850703,2142.9680188711563,2158.8656556164156,2176.2441910214325,2208.7739336333384,2229.289976174236,2258.102550313692,2272.5339238890065,2287.1691410990916,2299.356949586062,2311.4762151625437,2330.4210656336913,2342.6926713318276,2359.682664671106,2378.081679588815,2385.94681026586,2388.962874430029,2397.522134701935,2407.793463446456,2408.945320246632,2415.9677426629983,2433.797029605158,2458.4120520008564,2460.020981893097,2470.513143487747,2464.9478236072036,2486.8580582396303,2495.4707148696666,2518.2882782570528,2521.5241702371445,2522.9889409454154,2530.828046522503,2547.3098199206074,2544.651098577529,2545.9075579150385,2553.9662827219818,2557.8861602380184,2570.233439343982,2562.3788323180847,2568.770263970085,2562.5582591207826,2570.037344310846,2575.375882090251,2581.5335561724205,2578.216396734051,2583.584832808517
395030,207,"Rochester, MN",msa,MN,1067.6785744705871,1072.9328320197887,1088.2395627359144,1089.8059018091521,1101.1101945993407,1097.959433643999,1092.5952277532544,1104.507533935053,1106.241464011937,1122.6402918666674,1127.5633310379587,1129.2813022358016,1128.6236122111784,1138.4255656036883,1137.4009482869287,1126.077185286362,1111.6246267689673,1125.0062231477418,1139.8680231782787,1141.0398769389851,1143.5067819616256,1140.300274007184,1145.8816039430283,1149.6564009347771,1172.81314439452,1179.0242134943903,1182.0558907744676,1180.0473305142793,1186.2445214067939,1181.4846855116978,1174.3997418741312,1170.5289696002085,1170.4374327201854,1162.7870967341953,1161.3212428585625,1168.690834299847,1163.8469981202402,1152.886707073442,1160.2850975114238,1176.5450628028107,1195.4800624664774,1197.3733387561629,1207.1528918037652,1209.0331393590575,1222.5073761016017,1231.618680522296,1245.5608913779085,1244.4144585439597,1241.101897644787,1247.3245635165313,1247.8039487009119,1246.5055115027246,1240.058492953901,1247.279225779517,1249.5648464997466,1258.8116711709336,1257.434401721937,1264.12854042911,1262.7664005035183,1269.179879652079,1279.7671107228996,1289.8020582662848,1280.545374790496,1282.1778449497892,1277.940835549549,1264.3914246241375,1265.1177790175318,1261.5009626665476,1265.384894942652,1261.432965591542,1263.462420216627,1277.0877874268335,1285.055914880892,1297.8436536273678,1304.3862423887683,1313.1004907832516,1321.9914527612102,1330.4830720440675,1337.682195741358,1348.2092212206587,1357.195827652209,1366.1082108941066,1375.6733694718905,1384.5089867519453,1395.3868604467048,1398.9876890189885,1413.1216438592146,1421.3191094498677,1434.062443211659,1444.0521147839954,1458.4683497961196,1463.465345583918,1469.2732489714447,1467.3438729088077,1479.097166126048,1484.8768289745738,1499.3474873685136,1500.033834179748,1491.4956338592165,1491.933555591427,1496.704266738638,1512.5974788148583,1509.8540660410788,1511.321153368595,1511.1936876775044,1526.5970901336902,1516.7387138371487,1515.7229269396878,1515.1933296693348,1528.7376849447971,1543.5654386076037,1548.6594977891048,1557.1384770684388,1554.5112283717315,1554.217508567806,1553.0456304991571,1556.9220387675364,1575.1720444981668,1588.6599328291393,1598.1056004309376,1602.3099442858313,1603.306826676715,1605.6032424256116,1612.1118953819405,1612.686894093405,1616.6692960617825,1627.105770431503,1637.6707172145525,1644.6162570593444,1633.4216982040543
753895,208,"Lafayette, IN",msa,IN,879.7389001094399,871.480095042727,877.809918859844,883.1847022401615,882.6356471141881,883.9736038870761,880.3693647601854,888.4769285581144,894.5409689886204,895.7727398298362,886.7213710275036,881.1104213806121,889.8890608983637,896.8234972354538,898.2092606626119,884.738169024528,883.7566744307956,888.7746957949853,901.5477340631884,910.4318709651154,912.7323138916388,916.5546746679456,919.6079965520527,923.7470288584636,923.1055293013721,926.9776036979262,926.2612593037225,930.0587877172536,931.4233959525201,934.4883873577537,938.0075037780979,935.6765764752598,937.4253216026968,935.5720069352192,941.9773332423136,945.6069620606339,956.2756069311898,955.2371518452757,958.7967123980553,957.3158171644022,962.4347118581237,965.488281634671,967.7547357641226,971.1022922559347,975.336838768113,978.9889709743794,987.630128169692,995.5896993458681,997.8702035812466,992.2756717340644,997.3871534396075,1007.3578052212015,1010.9301356948295,1014.0130804135891,1016.052322283823,1020.8831870497014,1024.6424617288812,1030.6323014064849,1029.2030600398286,1029.4510176728877,1031.3899956391049,1044.4475433188709,1044.8577035448825,1051.9155869164342,1047.2113395269537,1047.8480098579057,1043.4786704470262,1050.4752426194252,1062.9138564364189,1071.7869219825352,1077.9526998185042,1082.2526329231773,1092.9822584426543,1094.9851322539923,1094.624210168864,1087.7123837399347,1094.2397410079664,1101.0141959246234,1120.7722145372118,1127.9353912538015,1139.221457428342,1140.3152371851418,1150.689477816753,1154.2994563719199,1165.0931904047022,1173.7495053847292,1197.8863034301112,1220.5141179322588,1238.220329210908,1243.2243665172857,1247.4256504897915,1264.9470821886216,1275.529766017452,1297.442259610073,1299.3432737965586,1317.09874877826,1316.1722303718043,1335.09844452567,1333.285576546576,1342.495197433309,1348.2400778833505,1371.048081453472,1387.2935294591662,1393.9640622234504,1386.8054755024443,1387.8134321245848,1407.502476666557,1434.7179237014252,1443.503480292542,1441.324099449152,1442.635939208418,1445.6446524247765,1449.3460479179,1446.0954494222347,1448.06601677767,1458.3060084562956,1476.6282571251154,1486.668179037474,1487.197371864533,1474.6741203365357,1483.9759534570449,1491.6464987181773,1503.171780125345,1507.6908241816393,1513.5455534284602,1518.2603355301674,1521.3883984196202,1519.5995182540657,1519.2836825683266,1518.4709391995193
394454,209,"Champaign, IL",msa,IL,818.9211907889188,825.1346027197351,831.4673567186942,835.8570236130109,835.121317482286,839.3485887271618,843.2144353699019,842.5424156369894,843.9708574279506,841.8608316873975,848.5162487452711,835.1908663553584,833.0709813963236,828.3571424372308,838.3751134880008,842.0899614065528,842.039618356115,844.507133574186,850.2779167495041,857.9878418598007,853.555123692691,845.5913233975698,839.5713571971031,861.1831479753057,867.9259245073616,872.6673039372355,859.4022763038078,862.3579223026868,869.8242615974688,872.1023557732004,866.6521111078865,865.9491695752772,864.4908508746548,876.1941244687814,872.3288822649464,870.7628492827794,870.5495859768947,878.3728601767223,886.3574321199953,885.9596145402572,883.9961860174187,885.4103930963947,889.8089425710522,886.6027652054923,889.9012845425859,889.511530089951,900.590596329172,907.3255337442375,908.6760398847473,908.169577450875,911.8123856428977,915.286978175945,918.5797211944998,921.0540563142372,924.1463030121374,930.3107978283629,933.955914551307,934.4658344436949,932.7258131750874,927.8406433155882,928.9878614419413,927.8565562839746,938.9333558040258,933.9486839648631,933.0604504700242,932.4571974209936,933.8827931285201,933.2969878009326,940.0919387907696,947.8311094742744,956.0345422775666,951.4244146771747,949.7069163852702,952.2196986024355,956.344663272082,960.7127712791876,965.2288705783624,973.6038218628958,986.6013264785554,997.7612980336568,998.8622290313384,1006.3929233745308,1008.8679330554239,1022.710478830211,1031.239885355041,1040.2303718023359,1055.5391763251023,1063.9999905884579,1077.8212213545698,1081.1477317149142,1081.5716274184222,1086.2932969215972,1090.7843564430977,1094.4628211728145,1101.8701326372752,1109.6409853278312,1117.7681063588243,1120.3875022627458,1127.7752731897172,1137.6167788749642,1134.0447610685321,1132.2587159510517,1133.1942329236244,1143.3506349402794,1149.6576893742483,1152.3242688189137,1146.0842010704423,1153.5009652033366,1164.2132533078989,1183.189053547734,1184.098525419262,1190.8096246019313,1195.077092927401,1213.9647237269485,1220.6811320741845,1222.83783257306,1229.9091655546808,1235.4248819653376,1251.2057460106278,1253.764804317358,1254.9319406714365,1252.3795480330195,1260.7099258526944,1264.8631439791031,1276.8858613101756,1278.7036326204773,1289.4674088763506,1298.1487015751752,1305.4006609530857,1315.8726763432644
394848,210,"Medford, OR",msa,OR,909.2368255626595,916.0436846560077,924.2715369366355,928.1646990066855,937.2712954034951,942.7561920503948,950.2621811912227,966.320991822263,972.996855140596,976.9319408315117,984.0502864520777,998.4400989797601,1016.24610889791,1027.7357144694167,1036.7081476846972,1043.774998978846,1050.8701139242307,1055.2258728130885,1056.0515762705807,1053.4299558479734,1068.700945955139,1084.2553544927123,1092.085003029603,1095.1299392259136,1103.6926915578651,1114.400945034546,1124.7550359225684,1123.0073538857234,1125.3952449602928,1126.9043834384001,1140.5932373898531,1158.167542580787,1163.9090858053323,1166.7359533516758,1176.9582006694113,1186.8787004108144,1189.1034414745593,1183.586801147155,1181.6774392617833,1187.7764137770162,1193.6630420026247,1203.4694940626866,1210.3698612899345,1220.3526688776851,1219.6067336391247,1218.5891598618377,1207.530044518064,1205.9140753036534,1206.0332491604395,1232.0160049312742,1239.6352102039277,1247.7049637981852,1253.2552718384577,1256.6314055942614,1256.6054898245452,1252.526986052679,1259.1378125816434,1267.4928803189523,1281.6162121648524,1289.2920601858082,1298.0590103645575,1289.3711715589523,1288.2945905444008,1275.451586862638,1288.181763259206,1290.9010609858124,1318.2908634703988,1339.7541256670986,1348.596053661014,1369.1629035771034,1375.3220579122903,1410.3348129962706,1419.5774854807244,1432.0853784597327,1419.8140918474155,1437.1275272926355,1439.5196538127432,1445.0708753361698,1452.8559146416412,1475.6788900225067,1495.7572583847546,1486.2272221512233,1499.027197056659,1496.6305892698456,1514.0696749416006,1516.308667908926,1529.8344334474148,1541.257390578492,1544.4072953903603,1565.7505324256367,1558.1761005912847,1556.7051537380542,1547.8968973357792,1563.704857285494,1558.9844438270225,1558.594261351001,1553.5742533770547,1573.5557186894287,1588.0873566459802,1584.8775247964134,1597.5250190248862,1594.3503871828514,1610.4345212687138,1606.9882146456655,1616.4229348723468,1616.9723015595634,1625.315258478769,1616.95483045503,1622.2074324516784,1621.2123843645966,1638.3254875410373,1650.360291750242,1646.7795567236435,1652.6049018305098,1667.244210002989,1687.9985841953878,1685.8395393563485,1682.7414207723455,1690.1320679650044,1710.299958736778,1718.6981298755807,1722.1918251955476,1712.6129814727199,1715.5665551768395,1725.1530303433883,1731.4372077835792,1727.2549589023924,1726.3860404922623,1738.1066276733627,1750.4805194805194
845164,211,"Lebanon, NH",msa,NH,,,,,,,,,,,,953.1030555726423,933.1359825816648,929.607219977971,921.4842186375822,,917.812284487216,938.8195593826591,958.641452054304,964.556874193792,960.7784953631199,976.8478056058249,976.2399983127244,995.2872853338663,1005.5703446605864,1012.8067377541872,1001.5713500714442,999.8572326532385,1011.9440440210404,1023.0790851367251,1020.6159092745364,1021.2876322153514,1028.5721188546531,1010.1462195172705,1032.1287942804609,1027.1912870742503,1039.837510066656,1025.9309393149172,1048.038099706904,1037.266378238869,1047.1722466293213,1045.1628777247463,1083.0631093365757,1088.7554923192517,1095.7771188077552,1092.6767567421607,1077.5350713458333,1089.1886394083426,1076.0615436335936,1101.3790979503924,1101.480063513013,1123.4577776451572,1120.2834492886832,1122.477646117503,1102.0986199683223,1108.6386045764245,1114.0150063671358,1136.1282216670063,1152.4838692672934,1157.8503344087628,1176.8037214748897,1179.1871795203554,1181.7461949507026,1190.8095369495595,1200.6909214483373,1220.6374351070222,1219.7864848992517,1229.627971005703,1233.7443169693938,1241.5336386918216,1248.588318374301,1266.2854921936128,1264.633236198958,1263.0325840543658,1256.9334129605247,1248.7330712799378,1264.351821292435,1296.7122396997713,1327.961388881198,1327.9470622484964,1328.7225917115438,1348.468880150952,1363.1585382212722,1372.1921402561104,1387.1320507339715,1415.1141051612622,1439.6473822334056,1455.9410941480194,1460.7990862278973,1453.7779895265044,1452.8436218661568,1453.4998480819072,1475.707085329066,1483.2668092520155,1518.6794478554352,1520.2559502539173,1532.52349756673,1529.085343589043,1541.396432034308,1557.9786563571643,1561.050928053906,1554.5472067112762,1565.7831294877503,1616.1723814435281,1654.4535088166183,1663.0732810842974,1628.5913968870111,1600.6357434347644,1607.7308466370928,1623.4654580347424,1643.022463789545,1643.698780595321,1656.9655720984842,1665.1328642731962,1671.9781128322495,1678.4494827386075,1638.2284403295275,1652.891943790667,1678.4399627873772,1718.1255479928293,1724.588328652191,1728.7374844655105,1722.4506571313632,1730.5686677930062,1737.4543382671693,1755.569942935095,1764.5352993786667,1754.4235074527496,1783.0203365624827,1786.0857699805067
394459,212,"Charlottesville, VA",msa,VA,1164.1359375388693,1171.9913427198467,1172.9198703687387,1185.568953038105,1182.51571239592,1183.562814216827,1184.5081284877112,1192.7017946086883,1198.44548586197,1213.6388388097967,1213.266946520258,1216.236544926329,1222.456474118078,1229.3228939278363,1229.5648425440875,1223.3116363729782,1231.1992954205987,1239.1956399885062,1240.6513086568295,1242.316186999166,1243.3524121226233,1244.9273888924538,1246.414129312548,1247.3371340078784,1253.9922391345924,1260.692718419681,1269.7533281538351,1273.2580655977679,1277.596664867998,1285.4120107344042,1295.3255763040997,1305.2779216805857,1308.0876135188246,1308.4038521224422,1317.9622442735317,1328.256310493434,1329.1425422222062,1323.7918161362045,1321.819686037116,1331.3085857059846,1337.5962933753722,1343.5638557265481,1353.2283896537974,1364.8534050846795,1373.5764120015372,1367.400432826009,1360.289259687148,1364.139079265585,1373.898764183655,1385.9823991470134,1393.9150367130846,1396.8420793608873,1399.4487294642556,1400.5486217793284,1399.2036883383162,1396.2685425663728,1399.5189426445784,1415.1889819035227,1427.6258166853993,1431.2977554171653,1433.5080185649576,1437.057693142865,1446.8972756239177,1442.7446468016765,1436.567247541692,1436.7732638913405,1438.8071749417447,1440.9110292174287,1454.0955775798795,1468.7594187541686,1479.8110848365225,1482.5431035779948,1484.535590406529,1489.267956756591,1495.8988731356683,1509.0733489066652,1530.181034859718,1548.9887852970069,1572.5687129685416,1591.8997081162336,1603.1526441089366,1601.7676649548437,1611.4837401205402,1636.2103848284123,1657.180369177771,1667.1717234467433,1666.0710882752765,1679.7206396122463,1690.8478821706367,1706.896066408434,1716.6949500694695,1728.9890576407643,1732.3455843498057,1744.7965869442312,1752.997035723917,1769.5163933663264,1777.8796422447808,1784.2348681597782,1790.7846710031238,1795.0849752267432,1801.562262890577,1793.2050845462088,1791.3502308543202,1802.548347962161,1822.4815234008465,1839.0308373708804,1845.4027445202169,1838.4551571760394,1847.5038737842638,1855.2770110820545,1879.5592964863456,1889.4513624143965,1899.1495277490355,1911.6253203806784,1921.242231809295,1925.284380894006,1923.8262925351487,1924.7739170088105,1933.6938219589185,1945.576371380031,1949.8425060921506,1958.3005087919646,1955.7678356452536,1961.9221825354086,1967.0958276264494,1976.36686528145,1985.6290587913636,1991.9713440669727,2000.1951103447302,2006.5879744651484
394763,213,"Lake Charles, LA",msa,LA,,,,,,,,,,,,,,,,879.8575890812756,879.0199074736479,891.6892206556565,876.2643171849073,892.0229787996252,886.7090849692573,900.3766070046803,905.8263457270112,916.0299753264374,929.762877101923,934.4750854587788,928.3602203475467,924.1452746316237,926.22059495694,931.1921001826616,931.638680332674,935.7791076409335,941.6534066937994,956.2103715831643,969.192596908225,968.9035817007954,952.157652884296,951.7977819929074,960.877442636058,974.8229011830742,974.7089592925233,964.4014735845394,954.3246799901287,950.6846753003204,956.255206650103,965.4357540147629,963.627304422088,960.4679433274318,956.2200584660318,951.6907673365513,949.7369248879506,939.2424584903506,938.5171399814752,939.8443719646124,948.059571503595,942.6650198131346,933.1396576705778,913.7430391888986,904.0590235386202,899.8761137100656,901.9086264614617,898.3495280673357,884.8772903925037,881.5786504098194,885.0303040326925,896.0460648209372,905.1994284524999,909.1754132810628,922.7284933934466,918.0171772727583,967.8555059563475,1004.5093956268096,1063.8268366956388,1074.1581952569454,1099.8746596178794,1125.1584051287045,1138.6164059957132,1137.309019451658,1133.5183997356278,1134.5095483817513,1128.6116217948666,1133.7633308281352,1108.335922103666,1092.7767429336807,1070.1441735029634,1067.3714788510022,1051.0091016900517,1030.8008818608212,1009.0726875843362,1001.7113694503372,992.9372980624003,991.2527531227184,983.397750777743,978.4865696053475,979.3030824269308,976.313494287119,973.9031477234595,959.9463903086923,956.90941239145,956.3374529204948,969.9295025772428,975.53417414831,982.094479962106,982.3193806245289,991.9288546509025,1003.2045466123037,1008.8908738053639,1004.1743982581513,992.7875770837311,990.1354239245112,991.0048575102297,1003.245975622495,1010.1653356838565,1018.0100473008242,1015.2186107349465,1011.1581516446221,1011.7355355856022,1009.8360758719124,1010.4418372966669,1019.4320460379115,1033.9323793829906,1045.1890754017663,1050.2995150738404,1045.850652101657,1039.1271725962924,1033.555771086259,1036.1409517490022,1041.5226147457356,1040.313428579806,1039.3074186991869
394773,214,"Las Cruces, NM",msa,NM,839.1997327795416,834.1450913302785,838.3764698940852,840.8565371591693,845.5528837376457,844.4648223329997,846.518450584027,848.4654633644035,850.314191036429,853.6641131433353,855.9625704868487,858.7106764834994,857.4858638275588,859.6703112245518,857.8312952954578,857.8330337402655,861.2099184916058,865.830219162682,869.729062772808,867.1206349352251,869.4185241338395,870.3878949109964,875.0306648134269,876.4314677592529,878.5409986570521,877.666762909442,880.6799926099824,884.2636636490562,887.3970485207736,887.4426422745778,887.0678762156253,891.1843849719435,894.3173275904118,895.0847130879812,895.3464541064202,894.6355014989313,901.2938032850656,904.3971751691834,908.7143128975526,910.6534778835883,911.0632856704118,915.4803407799385,914.5798235508648,918.7813743516865,917.9799085176866,922.149257534177,925.6700557906106,930.8107496004849,934.1669956836449,936.0026767354773,937.9037804235048,941.2067781891976,945.290767513685,947.9101870754114,955.0968549931171,957.6159282310992,963.6523069786821,967.3960109438844,971.3929766315532,975.4647034120059,977.4200265106502,983.0542324935647,989.5818759288337,996.5113961750933,997.0867126866857,998.8934150660123,999.6220495196413,1014.1338699778751,1026.094172810556,1042.820448418912,1059.132419124867,1066.0773899527303,1068.4850404416618,1070.0498219550936,1068.7173952383807,1080.927511047779,1090.3371354534913,1108.9237745830796,1117.9594999191906,1137.11976099515,1154.673351093806,1166.2686632627367,1171.3174008170156,1181.326216497825,1202.0535528062128,1222.5331233928894,1246.7023438066456,1262.2069688907632,1269.9427678081297,1272.263863574678,1277.6229700699882,1277.5202406668127,1271.005633793419,1271.7123029185009,1281.0319080093473,1301.0449773539203,1322.081511127271,1326.1759157743322,1330.4395121031293,1319.2022525326156,1334.882448602753,1341.1256111281723,1365.0394986035365,1371.0409736692443,1382.8592159527136,1386.1974216625338,1395.4808671342473,1389.9720450608888,1381.8343883613495,1383.4943473356534,1388.594169881696,1401.0085070833447,1396.6013620021924,1406.1269646918108,1402.3225002736228,1408.7901353345396,1411.047596524664,1414.4821079270134,1414.6675892748985,1419.3900577109566,1423.0562111872453,1427.5379705021824,1428.1473699963976,1431.888749567721,1436.400203631503,1435.4946418890893,1435.3288224458647,1436.8069944735848,1439.6935888022103,1444.1524024024027
394464,215,"Chico, CA",msa,CA,985.5195283402428,993.8374480864054,1002.2275862831817,997.364721405374,1006.9777501486158,1009.077629149202,1016.3586286591498,1019.3402400889213,1021.9225516526669,1026.3826011076605,1030.0049013636499,1036.2545937410393,1031.907161137498,1037.2176288749706,1037.3092505436664,1057.2373017269636,1058.3594951748607,1065.0919803954741,1065.4622215862455,1071.2058762095576,1075.7289284412677,1078.9365175534422,1087.2797914340022,1091.278637979856,1098.21025281601,1098.4139594564185,1106.7361859832954,1112.0602197263395,1111.935407040269,1107.5726228906676,1105.1198468621012,1113.7987826749832,1128.4223734216548,1136.1235535075991,1130.2222474106625,1130.4499461657033,1138.0419278886704,1149.6651769681112,1157.637009046652,1158.406917102133,1162.0355833314634,1162.2757864380453,1168.4415811410852,1170.6078050807312,1173.8564668017557,1177.8440430334717,1185.9925941629804,1211.9575590180816,1226.3430940378882,1241.0539050000586,1248.1898915730123,1257.8939092310932,1271.3001250379334,1288.0079928492476,1299.5456382615341,1306.496650067445,1308.7682133162266,1313.5011550056176,1319.7490715952397,1307.6808820000256,1299.9905516006,1290.0167762244632,1315.3135536890866,1313.9751294243824,1317.4466983418279,1311.661456582591,1318.8300393961501,1317.268247784078,1325.5836468101331,1330.8181217433505,1351.9313504118127,1364.1128388209593,1373.8542857463099,1363.5515348631375,1363.6471130928628,1374.9814049459674,1391.93024821241,1412.2801939448866,1413.078374095812,1427.9589245199707,1444.4946751388898,1453.7320208764843,1447.3089770585163,1444.6454176231691,1462.2568281203357,1486.851920586269,1490.6022805730136,1492.071273885551,1487.9559244659702,1494.8878632963613,1504.7500578500403,1516.0203355152573,1514.983885054802,1524.8014899512837,1526.3329064333552,1532.7203686535881,1520.8178889316823,1524.3687449464844,1536.420161676901,1546.855266320172,1554.1064085403718,1547.093798608418,1549.0009680662597,1538.461766538142,1542.739730077059,1536.3360219289034,1545.5899990507362,1551.626907238471,1565.8067652477866,1569.6603343582447,1569.6012050407635,1570.1943470519266,1572.4384690834727,1576.419516738387,1581.679693241214,1597.7826953747706,1608.6212309813466,1610.8245831875736,1614.1880975393128,1616.6981051048472,1617.4054074422236,1617.5694885390792,1620.5390599058069,1623.6564589796103,1627.7995023193944,1634.7412108360481,1635.941064451227,1633.6237467629594,1630.2133077645958,1636.1287186259742
394681,216,"Hilton Head Island, SC",msa,SC,1126.2670051609964,1129.8278883863038,1135.0997670111265,1144.1236161720883,1154.4132992726543,1155.5432707292211,1158.9472478566524,1156.3199799787324,1166.364264797037,1164.2704395207124,1173.9397902616852,1180.0778972206308,1178.7955628843363,1178.087043994425,1176.9889520825136,1188.7073373365367,1191.2887765412604,1208.276476376399,1216.9319946719743,1228.000369829985,1228.2593320623635,1233.0799151661977,1229.9000549003667,1233.0635777976802,1243.0912682337787,1254.1505406837832,1261.6737024773975,1264.8557835238971,1271.1883494509777,1269.1691127961674,1265.8301448589007,1271.4579123326596,1280.8053607903141,1294.6881441352814,1305.1944529335613,1315.3357385017694,1322.030638302405,1328.0813111072785,1328.3107162505153,1325.3221545841272,1328.2658375389406,1334.9323367116358,1344.188660799872,1341.8600563855584,1340.4751837775934,1343.1543418609388,1347.6930034570448,1353.7252115660424,1359.3961473946856,1364.1395904820715,1373.355158856779,1384.0380004945957,1390.0697117418113,1394.0626411735036,1398.1670836640458,1406.1284580563522,1413.1778674820353,1413.7711974420563,1415.7651310049234,1415.193920967944,1415.044280287643,1415.2753806876135,1415.223030952223,1417.9446240860686,1415.3135538243264,1420.7496646432157,1426.0711619003398,1441.461686100441,1451.973043026459,1470.0765606235598,1474.5451783273957,1496.9526679379826,1498.6757875499143,1510.1617653256515,1513.650115779829,1530.4399848049636,1556.81115957003,1601.327386722824,1643.6997372610156,1685.029088135683,1722.4829146449817,1769.6607005167157,1813.0353412187776,1837.288874926104,1878.6283827427526,1899.3871998563857,1941.525270519322,1958.0307423618272,1976.93576020461,1976.8199288382928,1985.1515219445716,1990.7231742893543,2019.8250674266042,2011.7978800675253,2016.5061243890486,2001.536069894152,2009.7504103757008,2027.619792770048,2048.5497999268673,2071.06414321892,2086.352317960253,2081.8669109799466,2080.723431419054,2091.0841274642594,2087.4798363352656,2091.0278966936066,2066.9186317649965,2085.3603794200408,2086.966298787241,2115.591340674067,2113.6712301298357,2119.6874998091207,2108.968667328434,2113.999354545341,2118.2837486935264,2121.6627067806453,2120.9411205886995,2124.957671444535,2147.7486478088545,2150.1433112742297,2150.1351091284196,2127.777939155317,2122.4418852467293,2114.715193105124,2121.4644976220366,2128.2760597762044,2131.5852029198177,2129.7759770452994,2131.9119458848118,2133.11862021255
394346,217,"Athens, GA",msa,GA,825.4132904871491,832.6329685747307,841.4692757897535,849.3220185554095,856.0951440936756,868.0976710685577,869.236630353314,862.5233831790051,857.9447215566414,855.6648076861948,869.6651540504736,870.6285794813186,878.011572539283,873.0341792308437,878.3966850386068,883.5245875539023,896.0101559231701,899.4251726583874,906.241244842362,911.7048741735522,911.8852890995004,923.0131140484368,924.2252236695274,931.0546076047856,926.7266495730192,932.3074861261732,936.6623846428721,940.5201981668098,933.34784995398,938.0217056321827,943.4329426787765,960.5222594132075,973.5552399280832,976.1867124572716,979.6190610762471,981.2470867666196,998.6691597855305,1013.789781703298,1026.5965910293623,1028.462271846757,1038.6991924791657,1044.1709128546624,1055.2478073005614,1055.0844620497428,1053.5006923055691,1050.9171151206408,1055.9544617557303,1072.0909652676914,1076.8154662472405,1082.252040304164,1084.109462015163,1095.2720852623213,1104.1507451150553,1112.496429881112,1115.7836795663354,1122.3863843123042,1133.7840422011511,1149.232554758132,1160.042065351013,1162.0399090597816,1167.3680327511217,1171.7854239873818,1177.4809043101575,1174.2364692832462,1179.7604958902025,1185.613725899097,1195.4996256421462,1207.409575864509,1211.4499594661854,1225.999158351915,1231.5043549586462,1246.2704724158514,1252.8653623273292,1268.901563663528,1284.8140212358865,1299.8416411351093,1304.4446808517775,1311.4833199244429,1320.4429096559252,1348.1064502900404,1366.4837563830197,1377.0334909175974,1386.3414181686992,1402.7062667716975,1421.6775474407088,1425.635008846736,1434.0641362024044,1451.4195335664729,1478.2795761850887,1501.3660637355504,1521.2852846674912,1524.8292525144775,1536.8086920387063,1538.2299721644238,1537.8356321791557,1545.2023355754152,1561.5418317081321,1593.152943605543,1609.567990681496,1621.0642086668495,1614.6671892210131,1625.3251836027218,1634.8549672277882,1649.1049268747,1647.086748032716,1650.6186565953299,1666.4813925367507,1674.4524288987009,1672.8866858275878,1672.1698575776318,1682.4170360962412,1696.6018242392731,1707.9416163813598,1718.051702453213,1724.4914716831302,1725.1690482119973,1719.5250201015967,1723.0736919608612,1727.0222190085624,1730.5595991992932,1736.3374091404387,1736.5537111291062,1734.9367299759006,1730.5689896628478,1735.5014139666002,1733.713075040484,1735.939788300954,1743.045492192576,1761.1460442591867,1772.0274919885308
394765,218,"Lake Havasu City, AZ",msa,AZ,799.250809357303,802.8704251800335,812.2815514250497,815.4396141832779,815.078049112535,820.0063487456847,817.814398381441,818.957676199384,814.5292990249584,821.8277798648321,826.0926863595514,841.5417058453487,847.4208350321411,852.3458843335653,846.5037043813646,844.5744858721242,848.4054026568203,852.8928870780594,856.5517845169763,864.2884760110917,871.0859604333976,871.6340360735,873.740747947674,873.4380126805224,883.534299256028,885.8286045377499,894.5946942094205,898.6555910066958,907.9480961845637,914.9270353952032,920.8545432239899,918.7749766896096,920.9940933538653,926.6592018227515,943.710019762861,950.099738021539,950.6242483916477,946.5609869139141,947.8819914803215,958.9130330612709,968.8702367663237,977.3656011217815,980.4432407437107,989.1770618505993,994.940593446315,1002.1552876314223,999.1293277486366,1007.5192380860778,1014.3478449635696,1033.1897922685234,1043.1199134294905,1046.946896220402,1047.5166346777537,1050.132614108413,1058.0079126824967,1064.415661382142,1071.1944115487986,1075.9076828961147,1082.3057144710303,1085.1234018034618,1089.879850964552,1088.7986250782394,1108.4310334222366,1103.3462697984462,1113.430870866703,1115.482365887106,1128.1996452669482,1146.2580042425543,1164.2247197796053,1191.3464971905953,1205.960736954857,1222.111647689176,1216.5517923698235,1228.5917076695423,1247.6642554080418,1297.9729525200369,1330.3597342918065,1357.2442796796565,1354.066603758585,1356.8226430433592,1370.8629927091654,1391.1629758475278,1426.7295890987568,1439.032454074334,1454.5421027794964,1464.4405257930964,1477.854687661361,1475.6724202320017,1473.5146608151153,1476.2640384795718,1490.9312812477451,1499.4985382407986,1501.4558962427143,1485.3331505507233,1479.026519761713,1489.5572081602893,1508.666302178769,1509.913361540621,1501.1892399981873,1500.7040910879468,1501.4989343178013,1502.0956957169533,1513.487911237956,1522.988382942207,1528.2153330565654,1531.3640883466624,1534.7329181794964,1537.4243606642729,1539.5492540956436,1541.4265678669085,1550.3209173931984,1554.7728694428213,1563.141678591366,1568.735822021717,1566.1053691417449,1570.042938800569,1582.7844822300303,1591.1529335101313,1596.6189481439014,1598.5934503459405,1596.2631947527805,1602.9124773052904,1607.5569177980851,1613.1329422871504,1615.0792149594326,1617.7615769940894,1619.2509745984503,1617.1039045970322,1610.622078090397,1611.4077466475098
394485,219,"Columbia, MO",msa,MO,724.2522347830458,741.8181363819785,750.051296416806,746.6225282481964,737.2865513892466,738.9378551249201,738.0976252880856,749.2137770603487,749.7990467357318,751.5025975550975,753.7608837307263,762.6404742767565,756.8951293885275,748.7978046951356,740.3273533780597,745.9559222200406,750.6179866691401,751.3885044336138,754.8404490451469,752.4762545878558,753.7262541834599,753.6826314398049,762.5179045400056,757.4634989910761,760.4390456708414,756.5034152101261,765.7323945595438,765.2961558994942,766.8467079655424,765.158725351194,765.1420787910762,764.394094427386,766.5021310623657,767.4376198607237,765.4168381212154,768.8676251172111,772.001532654434,777.6309006915312,774.2685026375952,776.2502758972506,777.5585533135555,782.3271963749276,780.8224821064922,784.7430661826972,785.2160482248453,789.7172341320885,792.5058975085939,793.740768012298,792.8893657974638,792.8244779698744,796.0166222140006,797.3951266656217,798.7704099894577,799.6452039667868,804.1745778350711,805.8310305540934,808.439897141707,808.8820589697582,810.4371251934995,813.3074568372597,816.9614518067804,820.418483134837,825.8419548131998,822.6084784027079,822.5335585974792,823.0534390028674,830.3166436882057,839.7966917326347,841.089432397158,840.1466342675004,834.1312778372013,842.0070223862156,843.2951355175339,847.3611158388389,849.0362196682175,858.8573223516765,870.8078632801423,884.817012684356,895.937601183343,906.62836967147,912.5052474835284,926.8168788519768,941.404347873262,954.1128343303553,964.4557005829957,971.1410970251112,978.7068353422176,984.8957623712984,991.7968123572628,1000.0390774839514,1007.9120858205094,1016.1376047007798,1035.5921769019087,1046.617570116961,1057.1730686772744,1052.9772603188428,1054.070831253603,1062.6490491782006,1073.2134574930562,1087.0268168734833,1095.63091502502,1100.8953874251981,1103.5625161024045,1106.1419130957102,1109.587872975458,1112.3882285122481,1121.6719127051338,1133.4550324183688,1141.6980636468772,1141.1143944438402,1151.4447577446952,1158.7336928726402,1172.5768495082366,1180.7554974394222,1193.2645741607855,1208.0717605953755,1210.97636638211,1210.0522481959467,1212.7006684436062,1220.7876448993823,1229.5371531356284,1241.8805886393693,1243.9019773557432,1246.383373040113,1245.8765650350852,1251.035409325639,1254.0573326887481,1255.0257631364648,1262.0673417354149,1273.780487804878
395114,220,"Springfield, IL",msa,IL,,,,,,,,,,,,,,,,,715.7450742464731,705.3343747166289,708.4808225702266,714.6544965776707,720.8851198952948,728.7459621914401,,735.2473086365954,734.1364101402877,729.4848098505173,727.3025578534285,727.3822362757207,729.8998820198377,737.6144376814734,737.6113161489691,735.3196373713779,735.7842191086659,729.8951266328731,740.7279064296872,737.1769881289143,745.2714624894463,734.9084711761215,740.9365967107378,739.4020558235068,743.1160742904776,745.386542165966,745.6349863383359,744.3143534264724,742.6027674425288,749.756573203842,749.6595981297979,758.6000796942839,755.0996762203384,760.2419571808315,760.6891152572048,764.454199054836,762.8930958709813,763.1300048450023,766.2009529180976,771.0906559312218,775.0617423649763,774.9986368807249,773.1161124232226,772.1623675242582,776.2951802599474,784.0397088814319,787.099178259966,781.2226345551677,780.4197694871492,782.6534986905386,793.9120508055602,797.6714080770049,796.2175794849322,798.8287332796536,805.4093555693776,812.3551717298129,811.5824346925334,813.4115555085612,816.0924773834062,821.8840958931266,825.3776339398755,834.6389434649153,842.0890585267664,849.0486389885787,852.9495464568093,861.5106561144573,865.3494821526872,878.5673873398972,887.1624380574222,888.7117928153916,892.2561058919638,902.2328441022067,919.7704716911485,923.1939232861703,923.914992453471,928.5319196681717,942.0107066599959,943.8403523465761,941.8090148801853,946.902476104988,955.0892927835675,972.9577774724996,974.8265375469526,978.856527921469,973.9527398129251,980.7670122467258,983.2791979147348,990.8465466021663,995.7144302699417,1004.9173553807215,1021.8122322836235,1022.1135890120186,1037.7124852642332,1023.8982277685982,1034.834152491169,1040.8086899638106,1053.7810056283147,1054.2441683565949,1054.2460534920697,1056.6364095484523,1063.5208012096039,1070.5299197063644,1070.8711678616357,1078.5011463791589,1073.913927420753,1088.7649474172106,1092.1806544238057,1096.7231352325637,1098.7258042076176,1107.4221099320434,1119.4304586310934,1125.99989685588,1128.494957548042,1131.2259918427883
394691,221,"Houma, LA",msa,LA,,,,,,,,,,,,,,,,,,,,,,,,,,,,,,,,,,,,,,,,,,,,,,,,,,,,,,,,,,,,,,,,,,,,,,,,,,,,,,,,,,,,,,,,1062.3791934727008,1071.7495650702115,1078.049789678721,1061.7950103937749,1066.9151292460851,1085.2347743393289,1117.1370446144158,1144.4982598051006,1156.2721758500988,1139.0077803392583,1137.6167789710116,1151.6706439771658,1185.740765068849,1192.299607398823,1190.5882527351068,1197.896470059106,1181.824714886407,1165.5083896251128,1130.5102426376009,1125.9297034847536,1120.8511729120112,1132.3738048669686,1135.590604098734,1149.2570448057243,1152.241635898918,1157.7642478999735,1151.7451520622267,1142.0360729840195,1154.6359511228802,1163.7710637427717,1176.6104626522529,1171.4719314085396,1174.9509005957098,1176.249303721535,1181.8292121869554,1173.0576403522284,1164.9719183407067,1166.3365087554237,1181.37779449123,1199.48150539345,1207.9277426049264,1217.1148446731045,1230.5140350877193
394872,222,"Monroe, LA",msa,LA,,,,,,,,,,,,,,,,,,,,,,,,,,,,,,,,,,,,,,,,,,,,,,,,,,,,,,,,,,,,,,,,,,,,,,,,,,,,,,,,,,,,,,,,814.9704100197092,827.3309673727763,828.0478764000944,843.079883469901,848.5629226252154,861.3853287915456,865.8840671566815,860.6709723347896,863.4919586515116,858.6241542459833,867.0638138431653,868.4140324491884,874.8934347382169,872.0067981186529,870.510055168844,866.9553149855133,869.7778829976994,874.631198726287,870.0037466076674,877.9758175389222,873.2861881681772,882.6801010170723,884.4870018395526,894.0126834791274,893.9383476838767,894.523713377902,900.754641038379,899.774813860917,904.2700367482062,905.3770081321792,909.6596447368083,915.4983731946842,923.2592460730712,924.414116972873,926.8881891121549,926.6639421834866,934.0497624738598,942.878498500928,949.0565576819154,959.8497662336624,965.0288948768215,972.0957121584718,983.1435185185186
394565,223,"Elkhart, IN",msa,IN,,,,,,,,,,,,,,,,,,,,,,,,,,,,,,,,,,,,,,,,,,,,,,,,,,,,,,,,,,,,,,,,,,,,,,,,,,,,,,,,,806.5700224570687,838.0816637925443,855.8552402989632,,887.9716888271086,888.7825340992222,884.873043188963,889.164914916457,905.4067919850538,916.1904759996149,940.3383400638419,942.502822300739,937.1000591766826,918.6770108641091,915.132672783273,916.0486118664545,947.4227500348243,957.2380521105115,966.9180308057231,946.312804296042,935.8802587551256,915.3921808120175,923.9752701614984,930.7131479150327,947.7302728644597,950.0165007823318,944.0083197587933,942.7886701852829,930.6812661359597,943.704977873255,954.6012353979681,969.350394199845,967.015420537898,969.6610327659748,963.3721016168897,962.6051232838159,962.1526582263108,976.550180982949,987.5375532837566,990.534915139759,992.1732885084472,985.173816958383,981.2444468450349,985.9305203610531,996.5810421036448,1008.7975415682234,1011.9549163619762,1015.2804456010765,1014.8652492337372,1011.7037037037038
394726,224,"Johnson City, TN",msa,TN,,,,,,,,,,,,,,,,,769.8371087258374,765.5748622747379,767.7537815706223,767.6920490488894,769.0335824412007,767.5518241097828,771.1361264881816,774.6784256989798,772.3439849211974,778.972790306116,785.9288994423448,799.3736992061046,795.546074482669,796.7350394618156,791.4728662709427,796.6943404287888,791.9953431837876,798.5302473864645,802.5429803748613,803.2608923961087,805.0058569053735,806.7261107294746,807.892259012802,810.302276966858,810.1660772290082,813.4271746320237,814.7409950881814,816.7764373253278,827.4615290869267,830.434078665955,826.7250653936293,823.1628068101809,827.1028685008739,836.5325184540982,837.8141513456544,836.7783952754542,846.0343609014087,851.2028850347468,860.2151592329507,864.5513015354835,866.774979037392,870.5876652365208,880.46959276353,892.324212467429,899.501540528034,900.7649118943563,890.8800559965924,889.1214706809777,883.9084358302331,885.1871019532417,895.881915439587,899.0306245594917,915.7419724084956,917.8220013647028,918.6266238954058,918.5691317611273,929.4993997619841,949.9887887056072,959.6916070324046,963.0010904184721,969.3006677543918,986.5122494214199,1003.2003619475862,1025.9858779427918,1031.632427409281,1055.8263160072736,1076.7252028057505,1109.7402004119901,1115.4005500140968,1112.0575826316444,1116.4561754126778,1146.238027409567,1173.3330866769804,1186.6878049389068,1187.6267029016412,1199.4000327540552,1214.3219584201904,1229.5826845741092,1229.2645377234196,1221.658538424609,1227.1547295972262,1241.1719227996357,1259.0770602271655,1257.8411888509004,1259.7997881332567,1269.443135872907,1279.0878134378363,1283.9162181863146,1291.6753282413981,1291.883508793378,1297.3548272072203,1299.8359854032983,1306.1809813704833,1316.451229446116,1323.308426310083,1336.2353039272016,1343.730454464178,1349.4303227571295,1359.2839248076918,1362.1058387117057,1358.1231694823175,1361.1406784221574,1371.4745700984254,1385.053276952406,1394.8663319204186,1398.7538159909543,1402.0053327398387,1404.804961871242,1411.1298102608619,1418.1139591759631,1425.1172911932395,1437.9031732433357,1454.9760930723924,1470.0864197530864
395247,225,"Yuma, AZ",msa,AZ,,,,,,,,,,,,,,,,,,,,,,,,,,,,,,,,,,,,,,,,,,,,,,,,,,,,,,,,,,,,,,,,,,,,,,,,,,,,,,,,,,,,1163.2571030132024,1192.3695651701526,1196.1655968368407,1206.0473645700322,1222.5808627178565,1243.0309369534293,1256.2282184698556,1273.0259831332592,1259.7526747247891,1262.7265748304533,1251.1417326342835,1250.454907397155,1254.748599884951,1263.893181489261,1286.2150692824657,1292.5618076641865,1298.932929741091,1297.5879471852568,1296.409715064539,1308.366481531051,1300.302003716519,1310.14222652821,1306.1314952629934,1320.9678120461392,1318.4866102388185,1306.6721729648605,1298.417042695985,1306.3015529434408,1313.5229086099168,1320.1459476725927,1328.3240273154552,1334.7711890820017,1349.011535315618,1345.6301648847536,1347.0255855319376,1346.8292789720992,1352.4127244025608,1361.3791448242057,1366.1708910388434,1364.4631383385822,1361.5404417599318,1361.7694587271478,1362.1244866180966,1356.895999674034,1358.944621785816,1363.0951936273868,1371.8810606060606
394623,226,"Gainesville, GA",msa,GA,911.4161210119526,923.6592638070662,938.0546634766666,941.1321946228999,953.5826685630669,950.4706767839083,960.7577450574394,959.748495698136,974.0593588458014,977.8239856436135,984.5893424588048,985.3171674462862,991.8638600137286,984.2889128639928,992.6160412228496,993.5691817453354,1003.211244692888,1005.441398169011,1021.2278893905391,1030.4265525444675,1045.1970175382673,1039.2314284914653,1045.6291513830533,1041.0905049418816,1047.2381778528456,1053.4878190831298,1048.9401785019118,1050.0214288981047,1056.9644865088692,1076.6890282416623,1081.7211706473206,1081.8565694201777,1075.5745051700972,1079.2297573875553,1086.5672930970657,1102.1663308087323,1115.0555392509834,1115.8876496172934,1118.7118858539877,1123.7699961395883,1134.053193146013,1136.879333311666,1123.3057366925173,1123.0489002301417,1123.8855029868253,1151.9212520286824,1160.4626755637237,1168.4414540780865,1154.875185624236,1172.308434368296,1184.4844374621593,1193.7077225954054,1193.228666112123,1193.9802830993196,1211.6706342786629,1223.1912152999041,1235.170125451398,1224.2671672634244,1224.4379217659234,1223.0738117016715,1237.2684878639177,1233.1308415595433,1240.732985652215,1230.6266552364143,1228.2679050508987,1233.0710977089998,1235.9474670947156,1245.8620294339898,1254.447576904741,1278.4790944170825,1298.8813066711693,1315.9868043403756,1330.168091527947,1341.3768155362488,1351.1156439060358,1371.384292023194,1414.1896987707955,1457.3008140510021,1502.2263085330462,1528.4105719923075,1544.5896331633353,1555.2643529014622,1560.441887996573,1576.6568069071818,1587.502397067763,1602.0742646021881,1614.1871155255033,1622.0931342390352,1625.9871905040682,1629.8750883611538,1634.7950580375862,1636.597333778297,1646.1949653803326,1651.8494746543947,1664.551134651337,1666.0595991934424,1679.3156104277932,1685.542721216373,1702.0316317469947,1711.5660108009952,1712.18097098945,1701.2504838992306,1684.4627030712068,1684.7904145498464,1685.3740633441023,1694.5157713910414,1698.5640938987149,1712.6274606191103,1711.3145005667102,1719.002617387565,1704.7942093323566,1704.1383948142013,1703.025442320058,1720.2008372658847,1734.499739322306,1743.0535446397107,1742.1249392869518,1733.48524475578,1732.4631660008115,1726.4635943230878,1727.4613636198862,1723.8805595196943,1732.1508052192562,1733.5602954942133,1739.236529338534,1735.8285943351655,1736.675339183419,1734.5344643585977,1737.7189694976607,1743.445693277311
394716,227,"Jacksonville, NC",msa,NC,844.9119163905239,846.580063377397,846.5837974250894,845.303265719039,842.9376361096902,841.6899517312145,840.829760391222,842.0764798183005,842.2530541114371,842.1600294457673,843.2123520037711,843.3341807232235,844.0669677175964,842.9018815174544,841.5203079095418,841.4209940418738,840.9527693733485,843.188230346642,843.0479101922652,841.2179213077342,839.9939918155512,839.940419544011,839.9027711525557,839.5707092013323,839.9991714928224,842.557138063174,846.4208885193896,848.3995616942316,849.8137618894451,850.2755132463678,852.5692054285811,854.6933595663662,857.3831866142568,859.2150613250179,861.1008340889921,862.3564637956819,861.8501179558923,862.5468015594006,864.8730824916458,866.4626922559663,868.982668192733,873.0715009163785,878.4499517812724,884.6661997675518,888.1304694051563,897.7510795975002,909.0194576970586,925.304767510146,934.6282912072595,938.880497143444,945.5793291206955,953.34507484646,960.5483999844321,966.1296656857309,969.9395432412064,973.1666594268554,977.9138093358445,977.3552334651597,974.8966431797893,968.3095947876379,967.4631356064988,968.7798649874901,976.4825068492235,975.2713628498242,975.1766679344056,985.1074504951074,993.2083973098237,1002.7986519711094,1008.5210517627322,1019.3213514267592,1033.4146227992178,1041.9636980645985,1046.2299991168618,1040.3499342075988,1054.6773967018848,1068.8594410110206,1086.4415924891,1094.59073850248,1106.29005805754,1119.9656237950728,1136.2198360396947,1158.1756793670215,1174.9851296313484,1198.7866588150778,1219.492096644858,1249.542954877088,1263.3225319090361,1281.4874257545075,1297.7304917695362,1312.4238883828693,1332.865270688094,1344.8271395748607,1357.1772343133784,1344.3006785246507,1338.386376552067,1334.9174022249579,1343.6823743868645,1348.8824391177586,1353.8598211840622,1355.9038593171226,1359.255065466608,1367.8520384987721,1370.8018060140073,1373.7146304292382,1376.543576571514,1387.4704530779313,1395.6575563442784,1398.323554884544,1398.8161331650742,1403.366458396842,1404.829279917674,1407.740388336712,1407.389233918411,1412.3501395010455,1415.163859671465,1421.4835557816127,1422.8315627079396,1428.0266925714618,1435.1675001611472,1443.5085927837679,1448.0015920224478,1449.1382633847843,1455.4338187060646,1460.9037920320736,1468.4482872778428,1469.8457327988804,1474.319431087061,1477.688256386214,1484.632253658079,1489.3907675145026
394597,228,"Florence, SC",msa,SC,,,,,,,,,,,,,,,,,,,,,,,,,,,,,,,,,,,,,,,,,,,,,,,,,,,,815.866980017092,822.9249628043268,829.3783929506777,833.5306199195323,838.428400074053,834.854143413705,830.1611163274775,831.7131517530645,835.1333588819319,846.1281857973823,836.3946344304147,839.3660365667781,827.8623121715019,844.6085318262342,859.6984215769368,878.936110298104,871.1717943852111,870.323377344597,867.4060133376544,872.0119900930482,882.6968971033288,891.9805370640754,906.731175556493,920.3293198586863,926.8102155666144,923.9719821400804,921.0487612171327,930.1271535706337,942.9229039235358,956.0526145547391,963.8537712441035,973.0894592310259,978.6777060067717,985.2173845961756,985.3252010013599,991.2963933515216,1006.4671630050892,1012.5587995197642,1028.8995511729333,1026.3454575969968,1045.7107571005063,1063.5461382342294,1088.7772838399983,1086.296562339359,1083.1843048073604,1074.9927684379745,1086.147508953765,1086.3955904742218,1093.218483961789,1095.7411230210998,1099.2728947386775,1101.9001866882613,1096.5504208029975,1091.199961552322,1087.9480623291317,1098.1475494747644,1113.1612855027397,1128.3720601046805,1124.8791757924396,1129.4051855834975,1129.317672450135,1146.770747107072,1159.6942229182876,1178.069233127274,1164.501634234534,1169.1697146185986,1166.7651320583625,1170.3853468612492,1171.2260992363974,1174.6296411137962,1184.264882813616,1192.088539763108,1198.4696165402065,1195.8366890553107,1194.3687305685692,1193.3230217761616,1215.9768762144438,1225.7831319932222,1239.1845238095239
394680,229,"Hilo, HI",msa,HI,,,,,,,,,,,,,,,,,,,,,,,,,,,,,,,,,,,,,,,,,,,,,,,,,,,,,,,,,,,,,,,,,,,,,,,,,,,,,,,,2009.706079037696,2062.6187535381932,2094.218202039328,2126.977808985797,,2158.1979587826754,2173.968539369759,2174.978475153852,2250.8656694246242,2301.5829486807647,2335.912954718451,2302.870173952402,2305.757337784525,2287.341752014289,2277.5679467023624,2278.355589254426,2310.1465039952545,2352.432780298602,2352.2691483196963,2362.1026480485284,2348.1820920325304,2369.825902227971,2378.773973901742,2411.8909247167185,2413.9780309711196,2461.8828708224705,2496.6921580636176,2518.6345509685048,2478.9785397617147,2472.87994984965,2488.982573119278,2538.0043801658853,2553.4098094134174,2552.033509262873,2559.762069146624,2580.253633686224,2588.103643245057,2590.4839213087876,2592.1521115666837,2600.421491022445,2636.369681447475,2651.5185942808234,2664.1541180538234,2645.7955583415137,2650.2216143772953,2653.0577272856904,2658.9415981208062,2652.729292529513,2664.771013722139,2659.977283107646,2660.3444779621254
395118,230,"St. Cloud, MN",msa,MN,749.2041158836624,764.373685123127,766.7647766929458,766.8770226276442,766.5688496335936,771.3998572101461,774.5793980186926,784.1139381331684,789.990253587971,793.2403927805317,788.2595010963421,779.9310831142502,776.7673287826364,787.7204543810326,794.897224491995,802.5059091081534,802.0197336866668,803.7994803791546,812.2798701425094,808.995255403675,817.2188657355421,811.4376171948095,822.6870341575866,823.4305175109567,830.7336636947832,823.7167111235392,821.6106315427342,824.5930147617947,831.5433542819806,841.3218055081132,839.1100858621401,844.1484826873093,840.5235262323644,841.3002627749889,848.5632226999137,849.0324882550696,872.090126337495,870.1913781700484,878.3420364157998,870.9783926236481,863.5141981879899,866.8500366377637,864.9931300170987,879.3163491644264,889.9798553008613,904.5258548351136,908.290018456353,916.551415355362,895.2364198893608,900.8726495288452,902.6077883502608,913.6359565578326,924.7796993775147,925.3666295475126,934.8623122008742,930.0998526784372,930.5709671081531,929.0628924654528,929.2831800379694,932.1880318974146,944.9124541844512,952.6325097598203,935.7255720206163,930.4935630591706,929.2564889865691,938.9747572048842,944.7106174910544,952.0217963287733,976.7137812477554,984.223616273626,990.4298297963473,982.2408391872958,982.205594425281,983.6453088557387,980.0623227324872,983.1655116470364,989.4435787347923,1002.1269533143328,1010.085090006617,1022.2158287784879,1022.7936776254083,1038.7483707861418,1051.4638195474313,1071.827999266712,1089.8283703305042,1095.221772306839,1115.0877440690713,1118.9095805084103,1130.5074888782835,1123.6429298588075,1128.587243364332,1130.9723345082216,1133.8858467558703,1131.9836031987275,1131.6946903189685,1131.8482162147527,1133.5188801214665,1137.4972592361585,1144.610034232436,1161.010419500715,1169.5857450591202,1182.040205423569,1178.045049740496,1172.5542943759253,1168.8802636725568,1170.4760012227653,1179.5491838599214,1170.823008640865,1163.621810573281,1166.8280582045436,1167.5007300577852,1172.4803415285724,1172.5145853129613,1187.5037371602991,1201.7565713335623,1207.7341176605446,1208.3578092429505,1210.4790523739816,1211.1271052361742,1223.6632680203395,1234.623946394604,1238.743476626507,1240.2945994681616,1236.982951285425,1239.9230059503623,1232.837421651246,1232.0952450017542,1238.850421129679,1249.0019670235909,1255.6083333333333
395011,231,"Racine, WI",msa,WI,,,,,,,,,,,,,,,,,,,,,,,,,,,,,,,,,,,,,,,,,,,,,,,,,935.9198110459961,944.0316438771298,946.4677397103131,954.6494437719515,941.3219079418287,940.5710258470888,939.6583299444557,946.0509711587787,942.5384983508061,945.0478195973907,944.8497096617779,949.4129984860066,954.4383657410715,961.5181967819592,967.5451156864237,974.538202067867,992.7922752199703,988.6090147605397,987.5966124953127,973.86727142215,975.8083635292289,985.9364690250871,996.7651171989784,1012.1417307588641,1008.8235509443348,1014.7318604319571,1017.5966855198158,,1031.749696437271,1040.6779646569898,1046.2948364345016,1060.2218473451844,1077.6900997350235,1076.2660023453777,1072.0362422430674,1070.2426158559622,1084.3819865241635,1112.824267601665,1120.2770496787227,1136.1854867772051,1130.6289699507793,1140.9292399290139,1159.083905861069,1174.5020035520695,1178.218330108309,1175.7182387611,1189.9484720131072,1191.9281712522916,1207.7926822863822,1195.6442167292125,1215.4045539530887,1211.9414526079563,1228.48279209282,1230.051234759746,1238.7168367071245,1234.402905996861,1231.7777090818324,1251.7189327301944,1254.0238803870504,1271.7444291070765,1259.3152714747102,1279.2196576630135,1271.4864142369795,1277.3415273493765,1268.978957619035,1271.695386273463,1278.7328641507922,1300.3215786493706,1318.4467910648148,1307.591847264664,1314.7612583782948,1315.1737763588767,1328.557850920497,1327.2194116468854,1336.0232318923518,1343.953901299252,1357.5826376190114,1366.1907190188044,1365.8241966812304,1360.4948073945013,1359.6774830443987,1371.577850877193
394380,232,"Bend, OR",msa,OR,1171.8309277972546,1174.899287449901,1178.2507570917521,1183.4553039669045,1196.0269827951192,1199.2727601950567,1214.578391645915,1229.4475007913268,1246.926579369307,1252.2367816247217,1248.7044848664045,1240.8344060506001,1255.292155856264,1274.3295232926587,1286.3304128336404,1291.0245345040848,1306.8372075718478,1323.53478428326,1328.2573846435541,1327.5990835193802,1325.4787664511073,1330.269452905884,1347.4042319605176,1357.5610731436784,1372.618260200978,1376.593950311674,1391.7814991287596,1391.3369344850291,1390.9598511214301,1393.8400635015985,1403.183332445714,1404.854551875024,1403.3943660089305,1403.3734538032643,1404.483624434606,1412.0590488758444,1411.9097396726543,1412.260503458193,1412.2155527876616,1420.3752707799754,1434.3766702393455,1435.5028171221413,1439.2365994095946,1447.9156582734408,1459.0324557071463,1467.905679937001,1479.1964302243641,1484.779692259042,1494.0247318277131,1498.7620570003623,1504.7445213992949,1513.9612207913774,1516.0246285268809,1527.075733788897,1535.1911489104893,1544.6421020736404,1554.251775338027,1563.9490253963968,1568.885138085939,1577.0841569897368,1584.9315936320152,1598.7065379013063,1586.9258642476284,1591.3408608501413,1592.7072887748582,1602.534157683874,1624.6363696250437,1648.360383994721,1695.7013292471863,1745.206842275882,1794.9955159000324,1832.1388305758974,1874.7270739566006,1896.3411908912146,1915.2114473829297,1936.0149170258176,1977.8083909006689,2027.7100103043315,2065.87064188072,2085.9042928721256,2081.032438106937,2060.659867906256,2042.8215164625178,2046.4463608076755,2062.2263729863926,2076.9350190599903,2085.6358250149005,2092.9158770321437,2101.5711085902426,2097.0754051858576,2096.2640598199123,2098.521603564526,2105.219975267798,2110.123015516765,2113.376011822787,2111.1251070269454,2107.523267182746,2107.6436093950633,2116.620545558975,2126.276863779893,2124.0418748226816,2125.5054027448914,2123.788626629438,2124.223835027444,2124.605701666488,2135.1990871337675,2146.7964911377544,2164.6390999903942,2162.5546117594836,2170.662056997743,2178.2337235304753,2175.8984201055723,2176.963983153672,2166.9933128452303,2176.500216481606,2176.9449292839026,2182.3425205867957,2182.5894081576575,2183.0418697556706,2177.516608179767,2185.069613487466,2184.1167754664098,2180.6134071754745,2184.6842143888243,2191.273211112004,2207.016425467389,2209.4303391588696,2217.74565502982,2222.492524025971,2227.3425477897254
395047,233,"Saginaw, MI",msa,MI,,,,,,,,,,,,,,,,,,,,,,,,,,,,,,,,,,,,,,,,,,,,,,,,,,,,,,,,,,,,,,,,,,,,,,,,,,,790.0206927937105,797.8388633188166,796.0249766904531,796.6362810808643,805.7630312870102,831.522046115605,848.1814157223829,852.8528498372907,845.0012348986462,847.7399364298687,862.6071540597638,872.637680249044,878.5124738208003,880.6763399514008,890.3195088601822,908.2330777555744,919.5360138786323,915.5759268409037,906.891246796404,914.4927754690983,922.7196704796621,926.0769914776608,923.5980272867452,912.8259201870115,919.6801061330873,924.2394724276808,941.4255769764488,938.488717139406,941.0417405403231,940.0089469249477,952.7188786307886,952.900822481731,960.8561952087513,974.1728480310999,980.2048960267184,990.6846629087864,988.2932209578007,1001.9485394645585,992.9422864937142,997.4178968446347,991.8877296117405,997.8298747166147,1007.6785078041348,1021.1339088690261,1024.0551529592303,1022.8118609010825,1027.176663618832,1033.1924605552163,1040.808931436711,1037.6684300247887,1044.0716221410257,1048.2149966199709,1058.2495407408273,1063.5436849214504,1059.4572371722475,1055.5483405483403
395202,234,"Warner Robins, GA",msa,GA,,889.3144914819331,888.8641946862588,892.8138860840364,890.100250013959,886.789143057753,883.3641841073099,887.5734442333212,892.103888346955,894.7107740918901,895.001949983441,894.8024882675649,900.4117721497103,898.5687881733687,904.7835456101501,903.2713679867048,910.2255580929399,910.4067653542655,916.1445820787467,920.3223048544753,921.275583456465,923.0510080659062,924.893235045286,931.991176896009,928.8342133936616,927.92211071431,924.6708577438392,931.8155939129846,933.144790055749,944.6729872456327,950.5517652208564,950.2778838311741,946.4004691984038,944.6211328651337,950.3140107981585,952.8310048801222,959.4911380000805,967.596351763909,970.3101082498421,967.744837298367,967.0206386928129,967.5544903852254,972.9524718083685,981.0263017590648,981.8931162470751,990.5157790656807,987.1148768577518,991.8946471346661,992.0750860384184,996.709756122747,1002.7343752471836,1009.4013344190791,1016.2914311322453,1018.7506829843467,1019.3324023556054,1021.175525061891,1031.3804534917256,1034.6130583390618,1043.8671666480086,1047.5203124871377,1054.969430290806,1058.1515901312289,1057.2720359378063,1063.700787255913,1068.7174949440307,1079.9780918423025,1092.6142586192361,1097.7351585578049,1105.440077943801,1111.82502079207,1124.7504415356148,1130.283415745449,1137.3396296249355,1141.694099029712,1156.1924815131156,1168.8845921532381,1191.5330855294926,1192.8587617665091,1203.8499566264882,1208.1776471434403,1235.8297747891304,1258.5619141273273,1277.3800118621657,1296.272231948227,1324.2850119240675,1340.6466713562204,1354.4897467960946,1357.5054801574472,1358.2757779333774,1371.7744867512138,1384.1949488341022,1413.7034897863082,1405.910904590293,1415.0503391006573,1413.3659979518134,1431.0354991297447,1424.0630332664655,1433.3006076000372,1432.2087946457825,1451.6787980746967,1458.8134518202316,1483.979638040074,1493.3667033950553,1499.1147159519924,1499.6061640526625,1495.939027497194,1502.1859213958273,1498.3358192918777,1498.4422741587994,1506.4796517696946,1522.46463447529,1534.085744081328,1539.5448135177078,1528.5412061445577,1528.6235679172353,1534.3363570777497,1550.311467301898,1553.4808002058505,1562.123586821414,1568.368462548597,1581.520451471906,1582.4135272216158,1582.0929362738075,1576.8470224079485,1582.6460453973748,1589.8310168904843,1596.224183634331,1596.1943089284403,1597.5864061112054,1607.1062873218045
395151,235,"Terre Haute, IN",msa,IN,,,,,,,,,,,,,,,,,,,,,,,,,,,,,,,,,,,,,,,,,,,,,,,,,,,,,,,,,,,,,,,,,,,,,,,,,691.4449113090992,680.7294459458133,686.1608479789754,691.7691601543484,706.8998952542743,721.8460197152205,737.3591630863543,748.2725710810196,748.2863080414244,750.0904322274798,757.6196748223001,748.3747294423472,754.646061942433,772.0297311311123,787.9139106464003,803.185539818476,799.5301519464454,793.2359763008269,790.7001786382743,791.6768883916743,800.6948200191121,803.6866129886583,813.4106311418367,831.9156423245155,833.8072504389603,826.0631360655952,821.086830757499,824.2604321838203,838.2110212899225,836.5168346184306,830.9329310181103,830.0629316173596,835.2304607804643,849.0124571677995,847.3120250707368,855.9646275053283,856.5096174578338,863.9352259067252,868.3550033262668,874.254793262759,881.0410325128591,884.271072099153,895.0715106826623,892.7423380706281,894.231730472955,895.7388515835642,900.1823040408665,896.2388727458418,903.8869072548615,909.4577787262646,916.1993993925938,918.0744794164515,917.6311805188423,928.8468443461919,935.5810495181878,949.938634858643,957.1422670201724,961.473968897904
395162,236,"Torrington, CT",msa,CT,884.4022511360475,876.0425777197813,882.4961875648652,877.3070589633462,886.3328986628187,890.246617947278,900.1900623028338,896.8696984459527,897.273730985133,903.4103261413672,901.410162552574,898.2327823368674,898.9375677045161,909.214161254689,911.9957994280832,914.7842082157786,907.4657016175958,902.5983253164761,900.9251747820047,910.9423542684096,923.5181596011611,920.264282113362,927.7092378487284,935.0562774895416,954.0849878770717,949.7118466140787,946.9691693617683,946.7678909102095,951.8669522256785,960.9001820932301,956.6218057760649,951.9061549074644,945.4887434873,959.9351430842598,959.8102392612802,948.9891860575765,949.9155939246059,971.0112960547555,993.4185242452244,991.0307858987554,976.937147403003,979.3434435774864,990.8962434940702,999.737709554862,1007.5333823360197,997.064946801659,1014.1401699128805,1014.1928801019944,1019.2015755419129,1000.517020882317,991.0563319797711,1000.1886771085105,1017.8688426134858,1021.2670744543623,1023.5703590734079,1026.557386526606,1031.1732558177205,1043.0414603520949,1039.719089367468,1055.9157421901143,1060.8705584552001,1079.618834516004,1089.928359291573,1119.183044874851,1112.6733618469239,1099.919067437359,1096.6333170588798,1134.6904545595944,1195.576902091609,1217.1307874207737,1237.8505454349818,1227.4555974504506,1249.2846671118832,1255.9144208834052,1264.3162207375808,1252.8861263297615,1285.7681201822143,1317.8270713513703,1349.248559400663,1334.5004660897293,1318.6827387512878,1327.645767386716,1353.4888267380738,1394.4929515576212,1396.1027859595724,1399.6768363060044,1405.4771986379317,1441.9506090447464,1459.9004584594393,1493.0084548417792,1467.1276017309456,1460.5351880365822,1443.3602570639734,1476.9746238982004,1487.077644672792,1495.654844222449,1500.5478200165253,1536.4156118578883,1552.9539601158988,1550.5148254106525,1528.2880467212835,1517.479398958525,1592.95912058753,1649.0983144487207,1698.9437506549918,1683.558973570283,1666.454367077646,1656.6780666100804,1641.8621618859447,1666.149900391617,1694.4523350811746,1709.5510169056977,1733.1298208151152,1737.2681224631274,1727.7113551449759,1716.1066845667387,1742.1121631438086,1736.9234832889308,1766.3130056381156,1788.243556985398,1824.161240666995,1810.2884648227816,1802.7089168684922,1808.8281843807936,1821.0659996150189,1838.9683773067948,1833.0623143398493,1838.1076777393305,1819.3359284044884,1844.4666666666665
395009,237,"Punta Gorda, FL",msa,FL,1017.7951005471749,1032.3923887440762,1034.4329019979289,1047.172842450995,1041.3695560551728,1061.923196574242,1070.9282551713666,1095.6049280146844,1092.5656544573355,1100.504024761345,1097.1731685648606,1117.9041577306275,1126.7250722499791,1130.0624242719348,1130.5320370624015,1123.5943510716036,1125.7340886488473,1118.9017349629519,1127.1333631033422,1132.5273023276352,1136.6631305102735,1137.154320925668,1138.1699316411018,1143.3483108919875,1143.9127198327085,1146.2056976883891,1168.1749608721177,1182.8352738830263,1199.5436557479043,1200.0079661853706,1197.9292046363005,1190.0469076755044,1196.1737580240595,1204.1325566865257,1212.9452839215107,1209.856025728616,1219.7314736925318,1226.5268979659063,1228.4961000387418,1229.7652196832566,1233.4120273067433,1236.608991297638,1244.010270225689,1246.3306824678893,1253.0911054979863,1250.4726217175694,1253.2809128810782,1247.3501475195085,1255.5163680356686,1270.6179917537872,1268.9339542075916,1273.1481493434553,1273.2229724890387,1282.6846345024528,1287.1663657547974,1298.587835018227,1300.68743805205,1309.518850177772,1313.914817997583,1329.380391691605,1328.6515675027301,1324.0100978024075,1314.9200881199351,1321.8006596364519,1341.0027243634336,1353.9712055478278,1376.4156707032696,1392.4958251394514,1394.7115722901065,1392.4450808586962,1395.6485679706811,1408.8330637079243,1413.4149661694626,1442.700931385604,1466.2784732239536,1490.5183828527358,1487.3175898071306,1506.5018514313144,1520.173424407893,1567.8952191605774,1632.5391076935587,1686.3471063185705,1739.0406287132544,1748.9842431670743,1804.4110159012419,1809.737170272114,1822.7178788471365,1836.0956757789827,1874.3234463418878,1920.7757266452504,1953.6145352280669,1935.4406927170899,1920.9880039715326,1932.7004182899905,1972.5434627421978,2016.108870416778,2011.8945276983252,2016.2602718227006,2018.4198790593634,2030.4137850460866,2036.1940422235214,2025.238155836557,2020.3027802652239,2028.5413959577575,2015.9335755945874,1999.6146610121516,1964.77077827752,1954.2980302131793,1958.5017495498287,1982.18721011612,1994.8630260201978,1993.3794720160256,1969.8920681817067,1963.4676045279855,1950.9883878249032,1960.955894869816,1957.4591336963995,1968.9008524776962,1971.6251462097084,1963.5702263248181,1956.2717425171572,1939.4158630580866,1929.9024785202653,1925.8149615763493,1935.9435824738555,1938.4291095581157,1945.1276205658862,1937.1032753542247,1946.46549350683,1941.3485026669239
394386,239,"Billings, MT",msa,MT,802.0072598612969,824.9885329252711,836.3963099802008,851.402892219173,855.5244066167032,860.8274983925085,851.8498558431585,847.4259498691424,836.7972226162319,847.9532114753235,845.0862193640617,847.7847987419638,841.2997353124086,850.3295127163102,852.2293363494241,848.8946770565277,847.7354247737866,850.6475103069623,858.6644949505835,861.6181153846054,866.6420079374215,862.9459774213972,861.4483273926569,851.9445853912765,857.5092449537163,861.2198400944803,868.5627778766581,868.5782054486584,865.5453911930995,865.0023493208546,863.9328784544151,865.823444308701,866.739470313044,866.5193398168399,869.1977317457643,869.7487639953848,871.0530852190086,869.4080896516822,870.0450704378865,872.2928351166663,874.8365261954037,878.7443258533526,882.2923603206508,885.444423183339,887.9493061873565,888.6472929957756,892.1727042754072,898.0605322569611,900.0478342813597,900.3992223373126,899.8815410427126,902.7782673234943,906.660965660155,907.8672734334749,908.8418504785899,909.9681779786441,911.6979467991741,917.3069607543331,919.0268413207804,921.7202887787938,924.1472656668003,929.7794402552362,938.801843991188,932.1217032493828,928.6461680194334,933.3615729503573,948.161536141627,962.5868338654615,976.9425441156887,990.4739878615709,1001.1306116185114,1008.8230529273055,1007.1493794849908,1013.1300060728926,1017.5096520654364,1045.5422673300357,1061.3771958947605,1083.5875737032557,1085.5107118207234,1090.1477375164507,1097.512719016155,1109.8487680067137,1129.6615990159278,1134.8781619261363,1146.9281305269576,1152.0734831690313,1171.3080626771298,1180.665420872948,1200.6242294545066,1209.0119598554206,1227.2785643747918,1239.2414685481422,1245.0990748958702,1243.9213036662097,1235.5181773744393,1244.4977168546473,1258.485581316946,1270.909450264643,1275.416397582538,1269.455459214263,1276.2417413498697,1271.6997576326357,1275.444390319404,1273.2975174662067,1279.7619028176089,1280.0693102246753,1288.476595276835,1298.1116680261064,1306.0628768233842,1308.0648009173697,1304.3242687045872,1309.6675990275717,1303.5641441656228,1309.9818830312247,1309.6637029366639,1322.4421466019253,1323.5346430060904,1332.1674457299844,1337.4152142803978,1336.2470536898643,1332.5397466129268,1335.4052619033243,1343.4443346935723,1350.9381223766993,1359.1373745797544,1365.5064515702072,1371.5355362470996,1371.3846259530487,1377.191008580533,1381.4907246376813
395018,240,"Redding, CA",msa,CA,,,,,,,,,871.0686697756147,878.8818635641344,890.9681278047445,891.6241973368348,900.1422688898951,908.8122168597487,920.2459749911011,920.3422932319869,911.5454767552437,909.962286573561,916.4201857633412,921.6572108889784,923.265049951687,926.1012317201289,924.4895592196059,930.5375397702353,931.200782581234,939.5815372287911,942.2847104870336,943.1872747323487,947.0529603970707,948.9052698530895,948.6638753516579,954.0636750228656,962.9809307153675,971.0581112518838,974.8206308248594,973.9967184102433,979.9015809466106,980.0011059389534,981.7340914838136,983.5377859487293,991.719270493424,1004.0431020414052,1009.7656611062346,1016.7989612452774,1016.9433245964847,1017.0341251858224,1029.0104465199586,1038.3060749039332,1044.9070345595312,1051.308058745182,1058.9313696207591,1069.1683528508008,1074.6802631209418,1076.0706612532247,1082.6052514444577,1085.2457495395593,1092.015753582352,1098.987719338126,1099.30489344717,1102.723918948187,1105.4455619213602,1109.3886645319255,1124.9421454664782,1129.3996134961155,1138.555596242647,1143.6090974331787,1144.3390019784451,1149.1670313675907,1149.9640472477577,1166.9305451825303,1171.2178833681419,1185.3164369573367,1190.261679917865,1201.4390843019453,1218.6154962289497,1215.620894521579,1219.5070345734664,1229.1648360618444,1254.3793513890027,1278.0104565328725,1290.0604842667956,1298.4034395308242,1308.7550882945266,1322.7443978137003,1331.9638320096208,1330.3143204018747,1326.7356726746011,1348.080840595687,1377.3928848780008,1381.9158837363154,1379.5347720925809,1376.0550212197193,1387.3543240327315,1390.452821812191,1398.5620484444898,1396.5440503410655,1404.0353634620562,1414.3404168502934,1415.8381130023702,1416.4904517821483,1406.0241599459357,1420.542469385399,1426.871452006927,1432.216048857025,1436.9889026661194,1439.822073492697,1447.933444479292,1444.9898890055556,1445.5185433388322,1446.539017869726,1455.8596203409438,1473.5711216811726,1472.663732561423,1485.6502527269256,1494.0793077177282,1503.608270930958,1499.8630556321903,1505.9285857295874,1509.0603239366956,1524.841705779508,1534.6432115379528,1544.8968415466836,1553.385975847761,1550.9069974453048,1567.3149514478368,1565.44628617144,1572.8088369460527,1580.586814149406,1596.670399227621,1608.4163440860214
394748,241,"Kingston, NY",msa,NY,,,,,,,,,,,,,,,,,1088.1701493662663,1092.497737966545,1075.5856322860802,1075.984011201809,1057.0625337175295,1087.3871169709832,1085.1023177142142,1090.4139923653954,1101.4625379773827,1150.330289840574,1164.2056574876528,1165.4109976507982,1159.7476746520674,1152.9967954891285,1155.8591486073171,1143.8701148462542,1184.0060279636173,1179.8130477846992,1213.3283926024565,1235.1176877636556,1226.6260593067777,1203.4892081392225,1166.6444195918625,1190.6320501369073,1197.464204454452,1265.8162114413456,1296.6526274561222,1326.8595997884486,1300.0805850694649,1296.2942275744153,1286.1148522056997,1257.4187696476565,1259.5189624784018,1282.8880423493488,1315.6526896969242,1307.9839377519747,1319.5053059151348,1283.9842745727403,1281.1403667609127,1286.246382667475,1311.8578197246977,1334.8763782677952,1351.6639213740818,1389.2871798838657,1419.5395807590367,1433.3325523877631,1405.5295865160579,1391.7528595600597,1405.5834381111906,1410.947156553795,1445.578790031019,1473.8342915763812,1512.1262571220245,1544.4588622886035,1565.9129120412017,1614.6416053547093,1627.735846231226,1623.3111239767577,1594.0846431697191,1612.5199942420097,1641.8167899395128,1686.4336656935095,1712.8875255393798,1735.5471318154337,1736.734906483621,1756.670921416018,1763.8983402572405,1770.9662488913154,1762.2499179436804,1786.4574601896031,1837.1648544984619,1873.2175871071001,1868.8714031040013,1863.7103233486584,1844.5823497749898,1848.9412560344779,1863.0109701202598,1873.9417078454437,1888.8546381660212,1886.3650569021354,1887.7102426314468,1879.9984880519196,1888.0576017487745,1896.4728937342609,1905.744093067827,1898.3627097289148,1894.9258541179895,1891.5926934266759,1886.171670755653,1869.351377785208,1873.7258064801624,1890.5988380274125,1930.019293979167,1952.738401273639,1959.706574217675,1945.7493492021126,1961.371275827932,1966.0438083358454,1989.0983839386608,1998.297415745237,1999.2662386524273,2008.3507054934944,2009.2224120887608,2008.090210614816,1991.943587385291,1987.6734956656453,1983.4843532517168,1997.3514223608174,1996.580445351807,2012.2101475247257,2015.4223021617647,2024.4999346894233,2039.4820308185526,2054.4262077294684
394960,242,"Panama City, FL",msa,FL,950.9054321517175,950.7711610683166,952.9960400818277,958.8452712195437,959.6267626325799,960.7216508124969,960.1538262169586,966.5115800220058,970.6355477868276,969.7311101543532,973.1990232543003,978.900665194996,983.8906195884309,986.1594561040149,992.5398732507679,996.0301941384554,1004.0719494557394,1000.3279589697134,1002.1732084839472,1000.833251400918,1007.8950093608998,1005.2701425984998,992.4077997270351,988.2615322699158,995.8938502144549,1008.5439196080603,1010.0282520779384,1017.7731672398653,1023.8140891659909,1041.218033336583,1041.1246308829116,1053.20579055741,1055.6644736901162,1062.2710851255042,1054.2793662316508,1047.6936140937628,1051.5276350142124,1056.3293634519762,1070.4605853622838,1073.5802388173447,1080.4497328858195,1083.833814759933,1099.4056258425935,1119.8654341511847,1129.3021664206242,1157.9540452638485,1225.9717366526277,1284.9228483829763,1319.4565530138862,1334.274511308013,1356.4921982666879,1383.8259282192157,1405.867054243378,1425.3841962613346,1440.6159086905081,1441.3979889651112,1453.7682325170301,1444.1527933727932,1405.945600726337,1372.2857170057157,1347.032205986635,1331.2226657992637,1344.5178095142348,1347.3957794691592,1341.6184436949954,1343.2574409888236,1346.4241474498951,1372.2043428905579,1386.1916991899448,1396.3358775840086,1402.7056572932888,1401.3986169869315,1414.471876432636,1430.6902481771253,1461.877137359624,1477.8644318790762,1497.339539758434,1508.0468477685292,1525.0783803315887,1554.295477049894,1577.0753355354045,1608.1041306291124,1618.2364843908335,1653.6406546068313,1680.7873343117246,1695.324449821988,1683.2290612906138,1682.6584944175663,1692.4650667515675,1713.561442309317,1726.7337464682282,1723.2358614134328,1725.5877805133982,1710.399162550099,1711.5344525215794,1703.5900030080174,1707.7670296591461,1719.9949605470176,1733.9515808795582,1743.279266597948,1740.4203545030468,1734.5876302386462,1722.5771845698337,1718.4489870870095,1713.9475014958066,1728.4555426676807,1737.3168411176698,1732.9304754612397,1726.100997310215,1719.362942169491,1733.0297390469848,1741.070554695236,1747.271371790525,1743.629716461214,1746.466754739791,1751.2200561787738,1751.093546589335,1744.698176465131,1740.6749295181355,1745.7054640616866,1748.024578471551,1748.7951705520472,1737.7897961858796,1731.374236870427,1729.5991289950555,1734.3531200168363,1738.2596802235735,1739.8562849088946,1743.9882477933152,1746.7601731601733
394729,243,"Joplin, MO",msa,MO,,,,,,,,,,,,,,,,,,,,,,,,,,,,,,,,,,,,,,,,,,,,,,,,,,,,,,,,,,,,,,,,,,,,,,,,,,,,,,,,,,,966.446548216238,960.2454595213719,965.9532860580407,973.4999112559742,1003.9228279348185,1024.618199904314,1025.824005548046,1032.8088373042674,1039.8496009411047,1047.0952952057798,1036.9490805390374,1040.5961869090363,1039.9427602124326,1055.196380014676,1061.3991717883416,1079.8284479648523,1077.538098045007,1073.5420034055708,1076.5841251691525,1079.91323438571,1095.1543813951014,1105.774833432733,1118.9893876832073,1122.0982666139366,1120.6287294085955,1131.293969129067,1130.0605327065216,1127.7408972780127,1118.8524479471544,1119.532940490068,1129.037604071418,1135.6319278747808,1138.8677298505154,1141.0119803537286,1144.7595821111008,1151.6468834785703,1164.1533179363787,1162.5785358300645,1172.0942748953098,1175.805218575947,1190.2967945249163,1200.2364997127697,1203.7193370173627,1207.7833890106144,1208.8751817656062,1213.254226554481,1218.944740110936,1224.079688510723
394539,244,"Dover, DE",msa,DE,1012.4044289506548,1011.8496261562118,1030.8757969979204,1032.1005184526457,1039.801831930642,1028.026136376108,1024.9564973294453,1021.7280206228288,1017.1382511400813,1021.7687563052756,1035.0444535708082,1047.0601180264164,1044.8068177433813,1049.0038019554813,1048.2401780363948,1047.8146268691091,1043.0174251579049,1053.261332087864,1058.5056609823177,1059.4828276157625,1055.8568753125887,1057.0318526069195,1050.6385208858946,1043.0718541731267,1046.3297875097646,1054.7094234940298,1063.9016286789245,1067.1925345671195,1078.4837531117184,1072.7466559677277,1079.861591568256,1071.093694336283,1080.2804533568265,1082.6691836597938,1087.6772627515277,1106.3895830230806,1108.5593369358053,1111.2142419068136,1101.5928281483814,1102.4573083562657,1101.049240700496,1107.6355002860091,1106.399733798032,1118.7571964734532,1123.3165884817383,1125.413481608588,1120.8156931044396,1117.7565877437557,1125.56512660443,1127.1642578522926,1136.4233190314637,1141.215784162038,1144.4555246152856,1147.325733275275,1150.5049957548167,1151.7847506456624,1151.0264923881018,1154.3145287151174,1162.688206685992,1163.3604323761692,1161.9135487703338,1163.6664040664316,1182.2944542977357,1178.0849144534925,1172.5165213591815,1180.9541706483565,1189.626684583261,1203.7750969826507,1205.74292858295,1223.3946858030376,1235.0825959914296,1255.4243513174833,1268.1827167041859,1293.8104568433098,1316.4120944637918,1346.868473694928,1373.1011230019046,1381.118483332085,1405.6472005976648,1425.9657758133465,1462.6405960178374,1482.3098379654384,1485.4682649707047,1492.4675929451712,1476.4378949641023,1480.115873800527,1476.8912794874252,1499.9048526092347,1517.4856174551787,1531.99674299298,1526.0262604621562,1521.3128947409969,1516.5467137266153,1522.1051741124431,1533.9617825625228,1560.6485521177804,1578.0529500882922,1576.4979619799633,1560.4895299315956,1545.146200450857,1542.1981469790278,1561.6470402839611,1589.9864223715958,1614.9120315398839,1612.3888662493641,1612.650081992099,1617.3975196807828,1625.9115710793064,1639.8327690517472,1643.3428671754277,1659.4367824671024,1664.4303597924245,1673.086238627858,1663.942471848791,1651.2398623151562,1645.0523937611265,1655.057893861034,1668.9350653801478,1673.0782525140012,1665.7996530434757,1664.1627680513486,1675.0449054069968,1684.8614187778342,1696.9797718707384,1701.5611637886295,1709.827376794019,1720.6220709643762,1728.6855178263288,1737.7021396719288,1741.2984749455336
394559,245,"El Centro, CA",msa,CA,,,,,,,,,,,,,,,,,,,,,,,,,,,,,,,,,,,,,,,,,,,,,,,,,,,,,,,,,,,,,,,,,,,,,,,,,,,,,,,,,,,,,,,,,,,,,,,,,,,,,1339.3973205176487,1332.1718372258574,1338.4040692696117,1339.6858955621879,1368.8837569406253,1374.4336332220714,1362.7979165318038,1364.9569856301223,1394.0991783716797,1414.062202213581,1463.6868276011362,1444.5910074007531,1465.098993217869,1432.9211982473003,1442.0006617828997,1451.5553725029474,1432.628725372264,1466.3398547227696,1494.6120474111162,1520.6596721969238,1533.8450185519941,1540.9848897063528,1515.35951441471,1541.6921260251497,1536.0054807839529,1587.4471316235158,1594.8043438789052,1612.0128378257602,1640.6011239702154,1636.952380952381
394712,246,"Jackson, TN",msa,TN,,,,,,,,,,,,,,,,,,,,,,,,,,,,,,,,,,,,,,,,,,,,,,,,,,,,,,,,,,,,,,,,,,,,,,,,,,,,,,,,,,,963.3949223328423,994.4205825690983,1017.62418154415,1057.3523198076448,1052.0412993533266,1047.0504852030213,1055.622870546723,1073.5417389726442,1077.2842734449328,1088.7116743324161,1106.728105331156,1118.9439781826259,1116.9219416581784,1120.5834971147692,1132.7277487362778,1144.723692251845,1142.4065726183567,1148.5447243881204,1146.1431282307924,1165.392100448178,1179.8382752563348,1186.6056791512642,1197.820327022376,1196.607529029245,1213.7653634168685,1214.7265530813727,1207.9264309475575,1198.8747671420037,1213.5600615106175,1231.1125853933743,1257.7659728038313,1257.0256569503883,1278.2011379878827,1277.6676023542393,1286.318040123618,1283.4185906962898,1292.6336577415289,1304.2480261863643,1318.9645308105664,1331.0082507139196,1339.9449393403233,1341.0878352821744,1336.5387307879657,1340.345710019019,1331.5592366533783,1340.8691580120776,1339.081222282223,1352.698538011696
395246,247,"Yuba City, CA",msa,CA,,,,,,,,,,,,1013.55613071998,1021.6536010951115,1026.1264826690053,1032.8420597824584,1016.6688737156145,1028.156956824353,1045.326595374246,1054.4351563522866,1047.5328650438792,1051.2828807720273,1064.8892900413955,1074.2927183765637,1088.1317509947535,1094.7198671042763,1103.2858076461227,,1105.0886295226928,1110.9999245771219,1122.2367921957805,1141.3446058869831,1149.445007342873,1149.4876219694333,1153.3307542085074,1165.5492896468675,1170.3174412845185,1175.8378197351728,1182.4412657047214,1194.2043503624293,1201.3217935306786,1199.1213199814918,1206.776814467777,1199.2773725190518,1214.80280004482,1222.242855493245,1236.939012874359,1236.808368080204,1247.3408238323595,1264.287995009585,1268.8944444085168,1277.11670194096,1294.1423202431574,1309.185248624394,1311.891139022497,1324.9964320054266,1328.1820055881576,1340.0255284207901,1341.3670542600805,1351.5597775509652,1356.5824850735212,1356.5609766813643,1365.3278523856347,1374.4775126916359,1372.828849083478,1379.906227881899,1381.025305334115,1391.6608001355403,1409.5539913848418,1427.0398981056564,1466.5547084975449,1488.8147240822714,1507.1924796108726,1510.7223028490591,1526.497833373631,1548.0878050283775,1576.521060725691,1593.6991588123547,1629.455049442156,1648.9952437984348,1670.9340582220107,1677.2410384844673,1676.2446239762091,1678.3653553531265,1699.0544908969077,1715.8029806233028,1738.9576876519875,1743.5010797905006,1761.3288944434335,1767.8328249923732,1774.8269336449466,1774.7473811224006,1772.8224444645975,1778.4030067543756,1772.6090937508006,1793.8101849193365,1784.6860024715181,1805.3915826844134,1781.9253453985118,1783.6202609710283,1778.6207240983617,1793.1847231453544,1801.267150454167,1806.5951907922329,1809.5594461497446,1824.3489554018192,1842.231629327675,1847.6121018588178,1855.7134302711806,1851.217943001629,1860.5764205117082,1866.5711766731106,1871.850733699607,1890.2425433029389,1892.6455100981188,1897.7174685287675,1901.6608061115853,1904.545281354315,1918.369034776315,1919.941260718222,1929.9167703437051,1935.3541030871477,1949.5225999556135,1956.8232513813332,1964.3012361637348,1953.5430875301267,1957.2738328769392,1961.5453177357474,1967.5513549097388,1966.5022109742363,1957.363725490196
394406,248,"Bowling Green, KY",msa,KY,,,,,,,,,,,,,,,,,,,,,,,,,,,,,,,,,930.5286643520396,925.2828952641044,923.8961745400866,910.0817448725569,904.7051333831098,905.72042628101,902.7821768335931,904.0952487210321,908.8446380506313,915.3136737349027,905.7452582508128,904.1730057891388,905.460291857118,912.2579837745716,912.6314299907116,920.4217434939668,921.824440052064,924.3636691275296,926.6545761148584,932.1214197577306,934.9029138243714,932.9986385695186,933.3855802723118,936.0709277810154,934.2075697140334,934.7697463960187,937.0611480558817,936.5429979485866,941.2780698018662,942.2678661844985,948.0730145918767,952.7756267611608,954.5551935879922,959.6381615777209,960.1670225306912,962.5661214982723,966.798787576328,969.7716973517674,967.5487713213072,965.9694673949206,973.965544198895,980.9379261316582,985.529570968023,984.6103739614094,995.7384348190076,1007.6804949287899,1025.2241324288227,1041.2267603055611,1056.1587416352409,1065.0643045453307,1079.36291187676,1092.6663693973358,1105.8515311359995,1114.855368194137,1132.4668925342437,1148.3142048790235,1146.3894669633048,1144.0377486398072,1142.392052057867,1147.8368143632847,1158.7812499311442,1166.64306887385,1170.293223224329,1168.6008993078553,1171.331616350329,1168.2035442232873,1170.4331082633537,1169.865165647942,1193.8835961216132,1205.672982581003,1214.494684146371,1215.2020745771476,1212.2546118979542,1220.440061227226,1218.378790181128,1218.0830773266462,1215.6625522696286,1221.9880898014833,1228.8983482157414,1237.820546630512,1243.4545238399487,1245.3917590966282,1248.4385017361915,1251.6565548056685,1249.0874727171215,1245.5937656119188,1252.6205850520514,1260.624799961193,1267.4018953510183,1270.8265635155005,1268.9904522143397,1267.2985875786856,1258.9291010379081,1259.5208508783337,1260.222185580641,1263.1241821882857,1270.8095881887675,1274.278459061068
395119,249,"St. George, UT",msa,UT,,,1050.2372272678022,1054.5086085843086,1058.1653059666523,1059.0977560157794,1062.782992517514,1064.270628833115,1068.8544760959435,1072.007291814179,1078.8524082600463,1080.001145894536,1088.2984502684515,1101.7120408630003,1111.1055960286114,1110.1619267310466,1118.0006529037569,1124.5918206266203,1143.3236045098408,1141.286883246433,1152.4187938177824,1157.2528869732691,1165.4995785670935,1176.6521620674291,1181.026836343609,1188.8978068684714,1189.3628153304635,1200.0308590572768,1204.9942893052812,1210.6413210298736,1216.296488152304,1227.3658978912615,1240.9705583168795,1245.664838673825,1251.3152150862616,1252.480071104639,1258.5698662959442,1262.489334125066,1269.1769724139433,1276.6421514991832,1285.2294892363254,1293.376040177992,1301.109522946915,1311.8974952361825,1316.5741928119355,1321.036063926601,1320.9026785608592,1321.5396199145114,1330.38784273676,1337.5334805639593,1344.0186446406428,1346.5563614242217,1348.8775099373233,1351.0983011925287,1350.362885394908,1349.023888688814,1347.7551294417717,1352.302428997144,1358.5292110356472,1365.6402429407456,1364.5000127307328,1364.1724946519723,1369.1745681971963,1372.149058998391,1375.6424857329612,1381.817997179882,1396.3385536835838,1412.7401811107634,1433.809165096865,1451.7932095204446,1473.4932450419185,1483.9163826670815,1500.9421514337896,1519.5409980857119,1531.100120906786,1550.0907380842568,1561.6462815434456,1592.075140498009,1617.6672030005495,1640.9560269752506,1656.4645587624786,1665.071310235217,1673.7448137584888,1689.3531286953516,1710.9327083473454,1721.357464467675,1744.7071721336329,1752.8458450043595,1768.9030310070148,1770.5444405463993,1776.2816187508085,1774.9744905082505,1772.9331427188222,1769.8674038379845,1779.8691304985864,1789.5342142207573,1792.8623615458032,1789.9633841383463,1793.9841084405575,1809.2040663918046,1818.2949382745392,1812.8077184208494,1799.0753121776547,1797.8847014594578,1804.4687518798416,1816.675352044514,1816.9620835458675,1824.3082470601887,1817.6660324477243,1823.349185683522,1813.5189637209353,1808.7530924875641,1809.5069006058284,1818.6100796687276,1838.6514965766214,1842.6573095495767,1845.7980349490633,1856.63680169124,1862.1894874384855,1860.768638614181,1871.0298519708733,1876.6933887580544,1888.1800317567968,1892.8927117777125,1894.4395452379524,1898.2823500634688,1896.3829606885863,1901.8194070499653,1903.9092616830808,1897.0660800552105
394896,250,"Muskegon, MI",msa,MI,,,,,,,,,,,,,,,,,,,,,,,,,,,,,,,,,,,,,,,,,,,,,,,,,,,,,,,,,,,,,,,,,,,,,,,,,,,,,,940.7581661045016,957.4813192442324,962.252855721999,966.11030609186,962.2458570359788,971.5234922428056,987.1508228919778,1000.6181945493763,1016.4315397493679,1030.4143363810708,1035.0883294814323,1043.7213374708197,1046.434343462225,1055.331883552522,1058.4646887288068,1066.8981027589496,1072.5561447007638,1070.6888329590204,1059.6943908081585,1065.810941099761,1064.560279488357,1075.8475062103894,1078.1818029686283,1087.1040489954394,1089.3900677752274,1078.8714236063074,1076.0478225190275,1086.3234113736632,1110.532629853754,1116.690290840224,1105.5641998173414,1111.571480380681,1130.4906776638095,1146.898854320566,1145.0242043618343,1151.1070799286958,1161.6752828725826,1177.6888435265375,1183.0063100999444,1181.7456140572708,1173.4203209271184,1181.3902721043748,1205.4982945032484,1208.5810883843885,1204.5353437813603,1197.5288535708103,1211.066173007648,1214.0439556009528,1218.2446079393762,1223.5868943053215,1235.1239223086657,1243.799788673874,1251.5087719298247
394299,251,"Abilene, TX",msa,TX,858.1272578554375,859.5498986290909,860.696599358885,859.5849981304746,865.4554315752008,867.1158548201266,868.1040554336349,867.9883062669074,869.9929780128772,871.5199186704075,876.4902766164588,878.8508194299172,880.685397550511,880.0094459585271,876.8131387995577,881.3624531855811,877.1097778126062,880.8900268011199,880.4396377347873,883.5619911434782,886.8977541520151,888.0108422300026,889.5328849681522,886.3204385189119,887.7698498843737,892.8340468115239,904.875789421044,910.6535009356326,915.3980439227876,915.9370071141697,916.6881127412224,918.3573301992465,919.35499159314,924.7087393590776,926.037167748867,931.8590333256993,936.6169686418295,941.587110021916,939.1162964781959,937.5025732173658,937.8492496840838,944.2987878572558,949.996364719663,955.5310401195126,957.8117096281214,956.8620170337324,961.4420288435512,965.4758270857802,971.395670898503,970.1120925844281,974.0807291783923,979.1877796628105,985.0859429002131,986.8717221300549,990.1814085713196,992.5703962946791,997.8457362018961,1004.0859833705745,1007.9837761822638,1011.3110350984614,1012.9131259752105,1019.5017762874953,1022.0107810977689,1029.2056394911674,1028.1094578855857,1034.924295138235,1042.9602921580176,1047.7730036292348,1052.5011300692092,1055.0965592961575,1064.0630980372289,1075.8826275080435,1092.7058625728157,1098.4933450102012,1104.5352752619694,1103.6292480368234,1112.7748401514245,1115.3831980198454,1128.1138398968303,1144.7564819350077,1161.0485648827737,1177.9651783120419,1183.3298113604637,1178.5906989025254,1177.3513575773595,1184.046110718338,1199.7231395387519,1211.5188469290288,1226.1344417679309,1236.9665573239965,1240.6050811174518,1247.2634589987488,1255.1254964096609,1258.2392927279275,1266.8268884561521,1270.4973696043864,1275.8655437720502,1280.0536323814244,1292.186403910461,1304.734861155734,1302.8881761030407,1305.187479701329,1306.0005955089719,1302.1553501824314,1300.7461811917055,1298.5156283018289,1304.8201241740255,1307.264851343497,1314.1016252508352,1319.1859589506748,1318.1463968705723,1325.2610116446933,1321.4098497259504,1326.8759439558264,1327.654169573743,1346.0723742002804,1349.1987007691869,1348.3124887968027,1352.784517812319,1366.0775490045348,1375.7232660657073,1387.7133964550792,1400.38338667528,1409.5151009757367,1435.7468499743702,1456.010499504288,1484.7128987879983,1503.2308187752706,1535.9636807494062,1577.0944220430108
394707,252,"Iowa City, IA",msa,IA,,,,,,,,,,,1325.9244333751956,1317.5814989569194,1319.3152150377623,1286.0821421812445,1305.8700898370641,1306.8884950513398,1316.1747074522564,1307.965450927698,1309.0701556915662,1312.8777007251072,1301.5058080137612,1292.4317676984092,1292.770259208995,1324.536229162467,1340.5443030313588,1346.0881098723105,1338.2034423128434,1335.5324140163293,1341.8045672725773,1350.275334349672,1344.2072620837712,1347.4787626071836,1346.4017251412201,1372.995565482627,1373.8623820646862,1380.2994795026248,1369.9600777516114,1374.261878289681,1368.1535893741695,1373.95036934929,1373.7517768268078,1373.3254992042175,1377.455491017928,1368.3745168810963,1368.4073045948498,1367.7796739910082,1381.5862688008817,1379.2161010693208,1375.712327294001,1375.1889286690373,1384.9052096793414,1386.616074305261,1386.2908514403716,1388.4441729204393,1392.142118957659,1399.7427503027097,1405.2101616964019,1396.7121711474504,1387.0872440466107,1382.0375078632128,1389.0880572689075,1389.3730414458487,1396.028797208174,1395.7980564312384,1400.5884848366013,1401.7851097916384,1409.6293905857628,1408.7936390791865,1405.9523243839758,1405.7029317483107,1405.8778778014275,1422.6342314155602,1425.272392371931,1436.8360050419285,1438.952563893445,1448.2615073721927,1448.5907437239875,1454.336507480731,1455.147707684448,1460.126387622556,1469.5737023396819,1478.2393192318088,1490.0597949359342,1492.2544008546317,1502.6083445777554,1502.4130089034977,1502.4665602781315,1498.7886676430207,1515.8374930804666,1528.8939289307339,1539.901604784904,1542.344194872946,1542.3268199370311,1549.954974385584,1556.3559279380256,1566.7310676329812,1570.676747361348,1572.4538351701005,1578.1071730319836,1591.3592648677084,1594.0122865989863,1599.366130308804,1606.214803028619,1620.4653839015605,1634.3592685927674,1633.601279337046,1634.9944525014585,1637.9819797488803,1642.0944068017945,1653.0894561164416,1662.2399082302263,1668.5021829508714,1670.6254506972004,1669.973519838963,1686.3819904011455,1686.003446393853,1698.06268277534,1696.9814304602903,1705.9221022976944,1713.2663089649243,1721.7301052359878,1727.9092480148893,1733.8211613296223,1738.8314751709402,1748.4063776459514,1759.6959956435464,1757.675680457279,1766.9595919298024,1767.3374764975308,1783.9365615615616
394351,253,"Auburn, AL",msa,AL,,,,620.7699416587975,667.5848722482505,714.481379543986,840.4601534428249,839.9587492959265,,851.8435489352352,863.6871545675242,874.7248282457147,874.4492285608738,,881.13420739259,920.1036083556862,907.2810051024153,904.7706968214195,862.3075293706878,864.7987678424699,874.4848841839902,872.7027864753924,875.3160235337309,872.068208295434,881.7604794321709,892.1356556666395,900.5004696769197,919.457164094005,921.0052651598389,918.0326912773103,902.3073773207309,912.4258683724717,916.1716772188274,923.3015275387137,930.609147386712,935.216149725202,947.6045243586886,949.3683327334913,958.5335774389406,959.4342228925575,966.5342992924468,963.178578271779,968.8817942477,971.9673690097255,976.3356911174026,986.9782358156143,986.2884129753303,993.3366659742346,989.3362534401639,998.7090278901555,997.8812952655762,992.9187182879369,998.5132463931815,1012.3572695161787,1031.1108303279052,1033.381125594552,1036.172949512102,1033.8178897148864,1039.4387746259476,1041.4207271978335,1045.5712105380585,1044.4294293183216,1035.1994957556292,1033.6368749233043,1036.8414345124675,1036.985429829832,1039.6696775170913,1046.405475355505,1056.175459796403,1057.152112065962,1042.3792678485638,1049.7242285551865,1059.7077739393983,1079.748038288644,1087.4267197781292,1099.0740980764197,1096.7397830543828,1101.4493559018904,1108.9664523767028,1128.999111239109,1140.5450764046025,1155.6597383972323,1169.184027630764,1184.3894266068964,1184.6751956164214,1180.2501443752803,1178.4193978582643,1183.6164014163953,1201.433983539444,1213.4438720322307,1227.576546523344,1237.051088178897,1249.8181286651243,1257.0806428607789,1264.4778194475132,1253.3222644680766,1262.060670086976,1268.22036761423,1289.3422352184123,1291.9422510077964,1311.8262160471527,1312.4881805080654,1326.6120518992,1307.834213535024,1318.9272363537616,1327.2141152875802,1345.830946984036,1358.0700938666382,1358.2930226909739,1370.0012169330626,1381.1484100146522,1397.9141191100568,1401.287833955402,1430.7195945260196,1451.8834316066825,1486.4578375229696,1466.0629629456114,1459.6253717218824,1460.6011687891214,1475.4399612810005,1492.9798557734864,1503.3571646727205,1505.915984157097,1512.3630562743103,1517.9909179129347,1514.1557714239364,1509.7480166617293,1513.425286058086,1543.4841214346034,1566.121351766513
394860,254,"Midland, TX",msa,TX,,,,,,,,,,,,,,,,,,1138.1137476404135,1127.4506742407295,1109.7537503019844,1096.930726355339,1099.1471817924896,1105.3519079695384,1102.4678970335488,1096.7090763154795,1131.8000464796125,1159.7158924241205,1204.5993680242125,1231.2778454294044,1247.6599341297435,1249.2561329762127,1258.8478125202557,1287.8539878993208,1314.153443946986,1336.6270036009137,1378.0791954592987,1404.0240751602078,1406.38085032509,1382.458516947247,1390.6854276773715,1431.3223955036344,1496.6963958876388,1561.7137559597545,1586.2626083186162,1582.3609649950233,1584.618891548629,1587.0279497289519,1583.473855049166,1607.6429216514898,1594.1709765063101,1627.7559836963053,1622.174415575226,1595.0023528720324,1551.8675873936363,1527.5969017056045,1530.3466682003261,1541.1841962110648,1544.0069236517304,1547.4065112686328,1544.1863939662198,1528.8241599425467,1540.0753662826273,1498.9673869412188,1468.0687034352409,1372.4918097430527,1314.1622723678445,1265.5508788218358,1237.2584074982963,1220.2346530622967,1215.48673075195,1224.1029043718681,1224.1185182866877,1215.8876913240447,1192.8546091797111,1179.147160589136,1178.288166069621,1191.376639103828,1205.8559005446575,1216.3534752136702,1217.715321164656,1215.7379110741015,1207.707926786019,1198.1712817402297,1199.3777933351046,1205.0954425512166,1215.8089241829366,1228.1774484925625,1253.8696499685313,1284.9470111390506,1308.0204624413282,1326.1349521352956,1344.225865357436,1365.483381577138,1389.7635561519219,1410.1045221259212,1427.8507494505689,1442.8289892728853,1448.1329106794178,1456.0024626797294,1454.1762562446352,1465.9662261108763,1475.4237141976564,1500.8924517415583,1520.8671165861222,1534.7968725482012,1533.3463494571758,1537.3572913138153,1538.9343061763232,1549.8752112885593,1560.469507087159,1572.0988872781347,1568.6393209878568,1564.5704667768393,1564.4050312237619,1566.480869360739,1571.8473767984078,1566.519072983682,1580.4557497740113,1589.1127714451118,1597.8246004080597,1598.7030735775159,1603.1435935796846,1603.3920360711747,1615.5039553728902,1618.2394054239735,1620.5749567432708,1613.59508914341,1606.5472789145053,1609.247837002328,1603.164964249234
753869,255,"Bloomington, IL",msa,IL,,,,,,,,,,,,,,,,,,,,795.1115259846401,793.9070496619355,782.4574645864319,786.6725227185077,786.6956860506257,800.1702962442884,805.1686134291182,804.566556433758,808.7199213495828,806.0438096589683,812.4654607652444,810.3565741725342,800.6122306541151,797.8827779393904,806.2802945117126,812.0302480270722,815.040582596663,802.9956067169334,808.5113501936385,812.677079366669,819.4502538107295,819.6216928856556,821.3742547296814,819.1290047015386,805.9250709838418,811.3093324433293,814.2241474711833,836.4978923748962,839.3690819471292,832.02638555984,830.1315996720571,829.8710890562152,826.5829582575766,836.1721233688554,838.8291797148571,846.4966906823711,866.7517026275993,870.8489464153644,873.7885233710042,859.6259567466159,864.8558912397427,883.3725489405854,891.5224074519869,901.8551300938307,885.2479211676474,893.468268580147,886.7716831096567,901.180784242758,883.0858528101876,894.5274494372476,885.9882532921855,901.345642977095,902.27485997239,900.6066652086412,913.9125185348781,916.7814162531382,935.7385528462243,944.0936641288989,965.8340431278275,975.4897262112221,990.8204804978756,996.5667755180053,1016.6894788482324,1037.5727645307225,1051.9808449442894,1063.0022669178484,1068.1118604769542,1082.119562588531,1099.486013150231,1117.4930514338957,1138.5945282033647,1148.917281353047,1150.5602728609479,1150.040034566947,1156.3231192913977,1167.1508014313117,1172.35153673885,1178.8922195638092,1183.3435221115578,1196.405626905755,1199.1685131682218,1183.8093185842893,1177.726859439661,1180.5205990894324,1212.9431584490087,1235.271522758183,1253.1290912955806,1256.726273154406,1268.409324941505,1271.89886103629,1299.4633147859245,1297.3629933316945,1300.3930473961298,1308.6178868350091,1319.2043187002714,1327.886092078902,1321.2852131134475,1327.023598180928,1331.7828508425466,1337.5968333031296,1342.112569682651,1353.1067595948368,1346.2846955841067,1356.0439102301807,1364.9926987279293,1379.0774000295628,1384.571609165213,1389.2427966984708,1390.6526401347467,1388.7427864688377,1387.4839363535018
394671,255,"Hattiesburg, MS",msa,MS,,,,,,,,,,,,,,,,,,,,,,,,,,,,,,,,,,,,,,,,,,,,,,,,,,,,,,,,,,,,,,,,,,,,,,,,,,,,,,,,,,,,,1060.5964961466925,1068.5990700211194,1081.1972558259486,1093.0434214571192,1115.3173229853253,1124.9893536700217,1138.2731363261814,1145.1416310293025,1160.6655846028898,1179.4703802976437,1189.3641091236927,1199.0298986577002,1178.7617158895084,1175.1150983232749,1171.2411977990125,1178.8330496162778,1179.1450214440413,1187.1243365207847,1191.9540030586397,1193.2842682679136,1175.420868457566,1170.5626602017114,1166.987874703444,1174.1346704634964,1183.1501338466016,1199.2994985952507,1209.139389467528,1217.0044239030742,1222.2192609794042,1226.4753004596696,1232.6296022010608,1231.9763764338552,1242.848499576458,1251.5455861221203,1259.6382679690291,1258.4430648085167,1268.181039955627,1266.2652245749537,1268.6203554898586,1267.2693303918006,1269.3418635157284,1270.532579677934,1270.6186085524812,1279.073638365461,1286.1264832644706,1287.3686675180927
394944,257,"Oshkosh, WI",msa,WI,,,,,,,,,,,,,,,,,,,,,,,,619.7865188225388,638.5356970130662,,633.582973124971,634.0337300543221,634.42094028027,639.7710777711752,642.00767371495,650.2719667455412,651.9181487444865,668.0622895301311,667.2389393413624,674.9885472168394,669.9032054426344,676.0139121745814,678.5903635698704,670.6065030852074,671.1573070810857,676.4472883067655,689.4275547710184,694.0220081766806,694.7078719633523,688.6918546101787,688.3554971920782,691.7261267891058,698.0569246590393,706.4690326579894,711.4813315933638,725.00680899667,732.4264410189013,733.6936005927552,727.2936199662944,728.2678696162437,735.7364150554247,743.1467469851123,747.5199921248208,746.0042975607106,746.0376465515783,743.1686602478993,765.2857096967904,769.4580755926556,774.9766200522228,770.9529555513373,777.097247887251,779.54740947656,786.0531104814497,797.4684206288628,801.3677281431649,,815.6138957069397,,817.8974347105861,821.9981305958937,841.4131462468046,849.4851318425328,852.0254024729248,852.7160740046993,858.0791148510964,868.6098711809673,865.0212130137892,875.7295603183023,881.338604577653,897.9028501663261,910.7525913101209,914.7003112384604,917.8414488224131,926.9981903424664,939.9438404434411,947.6331622125107,949.6750348816104,953.3208524979929,969.089282126103,968.7419001204888,976.9532057466625,979.2126830216396,984.304266608337,987.4837801476853,986.5416890769711,993.9182233439169,1003.5450715226248,1012.792975902459,1026.3363494957728,1023.0340323045008,1024.5484714835825,1019.7198978339533,1034.9369107794564,1037.4211715335002,1048.7128828718849,1050.6166313579713,1058.7724725933745,1053.9032042689778,1058.7205547119224,1070.1426248482292,1071.8467174918146,1084.2061770274452,1090.7958581683142,1107.056614763426,1104.101972346039,1111.6748153112726,1111.7825556687726,1121.9583132031737,1128.9669682182216,1140.7875584503047,1142.9828849640796,1141.098217178337,1145.7381836886275,1149.840579710145
394555,258,"Eau Claire, WI",msa,WI,,,,,,,,,,,,,,,,,,,,,,,,,,,,,,,,,,,,,,,,,,,,,,,,,,,,,,,,,,,,,,,,,,,,,,,,,,,,,,,,,,,,,808.9687223959537,819.7001857601044,820.6497886507409,839.4940170243949,851.8973726788734,853.3804684714771,864.6972149535758,865.352906456185,889.3655343916348,887.8043805632622,900.6661334258005,907.4261155857276,917.4361780964512,920.0173466573441,910.3801834641832,915.8231851781104,921.2954543953473,926.2997205834353,931.9981269317482,935.7217384325022,935.0927264578073,937.5798839114309,934.7594684646056,932.9436838268407,937.8184839783675,944.4386358971677,959.9986770998089,957.1147699410865,956.5118244939096,961.4136493047921,962.5560761837534,969.3482140232551,970.32419418774,971.1779666941319,977.3585315449352,981.120296894799,981.8220488161392,981.6262955544962,981.833536156206,985.1029172222245,987.9674706093659,988.5413876983847,989.4543198714579,988.4106792790946,989.0442390094437,992.9063961322026
394651,259,"Greenville, NC",msa,NC,835.6991986554957,835.1931630796805,842.7321566172918,839.4405857457615,841.4599805035506,848.5261070178202,851.6167111649947,849.5291933523458,846.0585591039959,847.5343139416053,854.7786511878136,859.1224420910821,861.9977537711259,860.2749621779495,860.6675341702536,866.3603736498158,872.0358208292737,872.8707855472462,874.7485495571968,875.981742996092,880.0068108361658,883.5918338523222,881.5568654244126,884.603207608351,886.3098576642284,892.56851830597,892.5768176977674,890.8819703714055,892.1404570415301,896.5879674953527,902.6352223692151,907.5698731834921,906.2274422358951,904.3550536311549,909.8461220303041,915.3395109678478,923.9592062342024,927.3838196671144,933.1720308514149,943.422273852249,947.9905899261289,944.6798699207985,942.3233527706316,946.9688004933618,956.6473213014743,969.4925852987232,964.7379895168131,965.4489549417314,963.0069075066348,972.3213839316109,976.2358877179529,976.9131982880161,980.540488463821,989.7311619327022,997.3945333084838,1000.581374996195,1002.4738491821015,1002.2032916838197,1013.0231486741633,1018.8292538068748,1026.1647057009404,1026.1594455812226,1033.1981492956688,1042.129960555728,1043.69763876554,1041.1405906984578,1045.4844436397152,1047.5613022518723,1055.4894977756192,1059.8352123773948,1065.5432267535582,1077.6401019033624,1083.0835370999948,1094.4026698488944,1095.9436983885826,1108.1688298565225,1120.2431371848525,1143.6539609072377,1147.1273467135636,1161.5563368378466,1171.7586816009125,1191.0298373434416,1193.492795987879,1195.8389178004422,1210.06506222905,1229.7320988243048,1249.9361824248454,1269.7878369124885,1282.935576315563,1292.32397141321,1302.6345457581754,1314.116868715333,1321.3955271138566,1325.6642326475112,1337.8002610262558,1345.8437044634888,1360.105918403154,1362.5486783660297,1378.1106242546557,1374.3226554142054,1389.8008500315857,1393.0121706554796,1408.699193784125,1408.0922106903947,1413.028065537272,1409.3209043889208,1414.1081824653982,1423.881645487487,1435.2119548448838,1441.6388020490676,1440.4852996277657,1445.4660158700437,1447.8871855073648,1455.4372974157586,1464.8535787589026,1477.69613757155,1479.5859295565692,1485.390078967761,1492.0021355734261,1495.980163842745,1492.555512806917,1497.1816013466341,1500.9897854730034,1509.3997649245423,1511.2296985213063,1515.389962945148,1511.8835743785626,1512.8854760993213,1520.171616211532,1528.6361547883287
394428,260,"Burlington, NC",msa,NC,,,,,,,,,,,,755.1498021016852,759.0764224918466,776.9882598849098,780.4950127954337,793.6842177909247,780.1096343872172,780.1203289634751,774.4059060396935,779.3688345146792,786.8508090702074,793.575888559808,799.5777936045769,798.023981887252,801.986604880427,803.4110126517895,813.3899988722957,813.3351174498521,821.3785816346752,817.6388774825236,823.7232566368591,824.5430905675495,825.0354411864666,834.5616084316686,845.2732281970242,856.5241803892791,858.4914497364176,856.4327239920958,856.8134352647846,861.6380238752826,868.2503185238072,883.7490366598881,886.2399579453727,887.4368445424772,887.7984372089419,888.5093229843568,893.5254143928353,899.2702769135135,909.7462092732737,920.6536965159565,926.7538473109098,932.0343483952279,936.9320627849823,937.9512432107354,945.0573749206702,953.5563038617581,961.9836619764059,965.5472618365873,964.7165692367336,964.3498816073901,963.4002589528308,963.967254940538,972.3556816793168,983.2931947646318,991.7545532241146,1000.0687034622629,995.5913121880991,999.6988375038032,1007.2344091854267,1020.7835397683913,1036.9491551033875,1053.4395062068245,1077.494186551217,1078.9742849789452,1084.507936293724,1086.5347124784348,1104.1858656229986,1116.705778176873,1133.437046228066,1146.5188640193796,1154.8373571019997,1167.9401216055855,1176.782853677869,1199.5783528347304,1210.940202007773,1245.4769238870115,1257.0870216549836,1273.4850637788493,1274.00714266659,1288.5166799329565,1308.3852484188517,1317.3405181636313,1322.8591906882393,1330.252661726131,1344.3491780800746,1354.8353993660512,1349.6212439265394,1342.2076334551102,1344.0211144662126,1353.381475750152,1366.0121206644842,1367.5149833398666,1372.6594209306156,1377.677086374443,1392.673101774954,1388.0181620323751,1390.24994935269,1389.1405479882483,1398.1242643245416,1409.4931174546566,1421.7720245197324,1431.4577799973074,1445.3460777695268,1440.6623104772552,1440.438962177421,1443.863105175256,1466.05133865668,1476.122283489254,1482.9369764243263,1490.0642101773515,1498.607300781714,1500.817711392458,1501.9139016206461,1499.2386547241388,1493.6456023273329,1504.2828715773248,1507.1423799332015,1508.5441291683833,1489.7697987263061,1488.5683726150392
395210,261,"Waterloo, IA",msa,IA,,,,,,,,,,,,,,,,,711.4474146384182,705.156251426744,710.5462540161466,714.3083694794185,716.6683625152262,711.6744738833718,716.6834065468779,711.4584386983162,720.0023606047909,720.1580579841581,733.6549777644168,734.4294226816312,734.4905331468041,729.7155962347568,729.1702194653818,730.6061147718913,736.3619644083186,740.2867490437028,737.2926350236467,737.1713878286394,736.0747622921126,742.4475599912051,744.3096513196658,744.3779723607153,744.5769201973566,748.0990250293324,752.9459772305016,753.5027470660644,753.5855652800988,754.4574979650696,759.6186097396007,761.8876111644194,764.5042529335481,761.9225065068192,756.7987946210623,760.2275988980492,761.9272931282878,766.6955332352707,766.7020224385877,769.7316834550276,771.0364070524405,774.2340276308425,775.9079058625007,780.2214302505633,782.3411200006875,786.6645750531816,781.2184825307261,779.9678599003798,778.3367220326629,780.7702861645752,783.3812280595222,786.2682661313288,789.2530195810891,788.4019149860086,787.803560552024,788.3542693322025,794.3136753417447,802.3540507072753,808.933489207686,815.3812478690627,822.8994551066554,826.8332533064558,831.7873878872693,828.0415916528378,827.1935718962953,834.9562820344757,848.0823006465046,857.5490358268751,861.719317161695,860.3242610109351,859.9097702514579,857.6414459482929,858.8636088917592,856.4166188485349,861.9654655285843,874.2865270253908,881.9928854694597,879.7954755642801,875.6486334054457,880.1342850266321,883.5945526562768,887.0627364408523,894.0116311322884,901.3382011178952,900.6939973137834,910.6853068643115,913.306105689696,925.9218378458162,929.6206208603776,937.3094934261876,936.3110205409059,935.3596532838378,939.40210333874,941.6378929945633,948.9163116525539,956.1317609684677,967.2278073044083,967.3444934746278,971.0069439208467,961.2484410913216,967.1792624582949,968.8570608042533,978.0849055893568,983.5529460339006,986.443476951375,991.7118886657352,990.8014075572414,989.9535353114348,989.243636184945,992.4152836853638,994.8044556020902,1001.127670797353,1000.6253530866687,1003.0418050656896
394480,262,"Coeur d'Alene, ID",msa,ID,,,,,,,,,,,,,,,,,,,,,,,,,,982.5926927878523,981.9071064508956,996.1718201477028,1003.3193217964923,1010.1441017624925,1015.2278121401984,1014.6597832447868,1024.8696318446869,1030.5537762964927,1032.8009774621705,1028.777002239239,1031.4230780363575,1047.440207639939,1063.3437126655963,1069.3805522666346,1079.8258888839937,1077.1090131865258,1082.4936543066005,1090.0823036187164,1093.9609896412853,1104.6717190066615,1112.8559424993487,1118.2707059677398,1121.67553214404,1129.8633839944673,1132.2529230330592,1134.059294348652,1135.313050144106,1147.564555823146,1155.9921417183846,1165.6984370300663,1173.4136118509555,1178.579167072803,1187.0448490681918,1202.1848002313232,1217.3680905752406,1221.157070043208,1211.5998276143525,1205.2519553066168,1205.9549679896884,1201.600877523725,1225.6592286810771,1252.611111317648,1283.8212359280253,1318.6681507763722,1349.4870337538591,1386.7464565195587,1403.4277014517359,1423.1615966459133,1444.465568791902,1499.3569644349905,1555.4842233710187,1614.141457838984,1632.7618123404247,1646.9974201350615,1653.85155850187,1655.0037292205263,1666.0100479139285,1666.196338347925,1683.1917790325701,1705.7013324835636,1731.4128960458631,1744.312720973905,1748.9778162906784,1743.0762779688241,1731.3937549521208,1717.1394811197392,1712.9212492882561,1713.6426741985317,1707.590714082566,1700.213369848049,1700.177292589482,1703.2930449907121,1698.671664458449,1680.2846942001545,1672.1584985597087,1671.0979269736263,1680.1056234786922,1683.5124576823375,1687.60834650547,1696.6036448907685,1703.9224987575435,1714.1684488224803,1717.518886211722,1718.8388721091924,1719.3232593989153,1725.598703376781,1726.2662238751109,1720.4025299484078,1724.6349302477831,1735.0576478695677,1742.3814680139126,1740.1932636341724,1741.9339531115154,1743.7110621110926,1744.4088701425933,1743.7459263647918,1746.5808671492177,1752.9857820809018,1760.3436928793406,1770.989558782654,1771.1364971939986,1769.7109074383377,1768.5415230112753,1771.4344853214418
394553,263,"East Stroudsburg, PA",msa,PA,971.6991369746835,977.5179048498362,989.5102759490474,996.1333096470948,994.915426629586,994.2111610585489,989.6428382566011,998.6944409498292,997.0810853470249,996.4543889961534,998.1188271125384,999.3278340660509,1002.354548662813,997.2882932711254,996.5641584689847,993.6600402725148,999.6678837171701,1006.4015675142242,1017.0571575742092,1018.4492658099578,1025.0541371972718,1027.6088884559292,1028.6871380816347,1029.8007326018362,1033.1526211634377,1047.372096280621,1053.2783073757705,1056.4341464586769,1054.072454322325,1056.2908973799886,1055.6067127583071,1059.5981722855588,1072.4892682898987,1083.2023884818407,1074.5271963563562,1080.3627575703747,1087.973302303554,1096.5685503697723,1095.7606282537834,1096.5563948156876,1106.4957985923577,1113.5687858760787,1118.3410672667749,1119.976862489935,1121.3485611418712,1124.6499366995943,1140.3252514358314,1144.1381585328759,1147.4243848998358,1141.6445235573897,1149.4349886097557,1158.18776477982,1160.905884702127,1163.422243995771,1168.6091389494031,1175.6506549598469,1177.5572348727567,1179.9295852399866,1182.7092798524316,1187.525636953519,1191.5266627586604,1200.0430178105382,1234.154038797628,1244.3263914156719,1243.0560482054418,1241.7697384832031,1258.5415928087536,1276.6781011529606,1299.838206309758,1339.9102371946624,1360.65673544062,1370.9595406881315,1386.724596126817,1411.0994572449315,1411.714791972052,1414.2722877679694,1428.2168987443765,1471.3783397804684,1501.32243730324,1529.158066289147,1511.2265786496328,1510.622708318389,1514.2354784912573,1558.3424230513017,1577.6969409508176,1590.297101377792,1610.15826020484,1660.1467106968819,1704.7714972178633,1691.704257112549,1672.0905413878124,1671.8062986252444,1707.9239047979202,1718.9390933843194,1723.1109274957964,1721.639056197129,1727.3144298492318,1733.7172611886106,1748.658018287832,1754.3818108248238,1749.5742370442467,1756.6729724640015,1767.8771286298088,1766.9953616064615,1765.491059894555,1774.9955660372711,1779.3290513059173,1791.4207394499747,1804.3576268304719,1823.2985671990573,1823.4185466770698,1813.4344886573485,1818.4945726517378,1825.420523071837,1839.1308573795245,1822.5673825879778,1844.0576924160853,1839.1773829773224,1848.911731826,1846.720661325855,1846.1750288253143,1842.445642620719,1848.7672242807403,1861.2119992485848,1868.869528332083,1880.7583129206482,1887.7924848964485,1920.6633031903057,1918.6225746187317,1937.5263157894735
395007,264,"Pueblo, CO",msa,CO,,,,726.407358301571,725.2220527156583,717.3143076727595,724.1596820509791,733.5518392584421,748.4660499166399,754.3339624760084,759.072217637149,759.4881930867681,759.9711230343739,758.8753690388241,760.4508169023803,764.0207242302249,773.5511646302831,779.7692795525901,784.0322298728676,782.5902217043378,788.7112980052526,792.6503376921626,794.1610643346548,804.750436455761,805.487591220142,811.1092720181451,811.9255438566165,827.843861013031,830.4546170935512,833.1326094192144,826.9325379165034,833.0020864389826,831.8875254274071,840.8308581836426,842.0176387986021,840.8273261543953,843.0624536685094,845.2511617492772,863.0831773348301,858.9125797655008,861.8055169523016,857.6199298478723,870.1107474601739,881.6491480562522,889.3058441475521,889.8504355888717,895.4093700660343,891.7423858060414,900.0518487194713,907.7980854336139,903.2263092918241,908.0372451140091,913.0685412662311,924.8092422506713,927.8395700048999,926.7996973922566,930.819736687133,936.2151704559626,942.4242333652256,955.6295743751067,959.9810875799172,964.0563628234153,968.8057296328363,976.9659519770761,991.9758736299602,985.6014005998749,990.769088302362,990.9214487564336,1015.0014099950685,1020.2536736847135,1036.7779581811997,1046.0768907356398,1057.367666731012,1067.475459727795,1070.989551078873,1082.0627906132718,1089.1054923633003,1101.470903323458,1109.3752356558623,1131.3282438001977,1147.6528230322408,1164.5034084040226,1171.7856082395683,1177.5146211044835,1178.1955592800398,1184.7216547492699,1200.511008153233,1217.1920072652827,1222.6087575560605,1226.7368763630207,1235.970663404603,1236.8859344198977,1233.6094121659419,1230.5950233983922,1242.5924552486576,1252.073572102687,1269.3705775148712,1265.811134826693,1263.24702696654,1249.9658236612613,1254.9526589288612,1260.602827827256,1258.9251513915633,1263.3147118231689,1272.413743697545,1287.65687752206,1283.494860584669,1286.3035643834105,1289.0710326844674,1299.3997571153684,1294.6200691617257,1297.8739784561171,1303.6021264759531,1308.027649918911,1312.3409592131413,1312.8005894328594,1310.4039004199901,1309.1238966863502,1313.865927631736,1315.3184681024381,1313.9515799672813,1315.6935204085103,1326.6994996739743,1336.390915930524,1337.7209968875914,1339.6454659998014,1344.5494778418047,1350.8899443702758,1358.5977363433176,1362.5849673202613
394392,265,"Blacksburg, VA",msa,VA,,,,,,,,,,,,,,,,,,,,,,,,,,,,,,,,,,,,,,,,,,,1082.550341998213,1100.4270011680421,1122.0397467603314,1115.8107240205925,1106.5133078006154,1105.7072921222912,1091.8830643190443,1120.162842557493,1137.2367434210316,1149.5096861005754,1166.7244974049147,1172.8038764606015,1176.6340870270644,1177.2189950526752,1180.6727905676453,1199.1246030937077,1220.7517379920203,1243.6281141989675,1288.181405447233,1291.4863924257681,1253.504343039126,1229.3369828639861,1227.5275499130817,1222.7048635433664,1236.0756618030327,1256.4047445935662,1259.8880644894314,1271.325360866494,1273.8214518381394,1278.3876219413046,1275.6565389567606,1286.3382476037018,1302.086315143919,1299.6935867498942,1303.4236600947213,1327.6381117879178,1349.1571732514485,1356.7486076985751,1348.6010235598098,1338.204622751527,1355.055398744546,1376.5875551507638,1393.2681977324607,1404.7573428099213,1404.8385609704628,1432.659315153118,1439.0646553019033,1434.7919483358273,1426.6096259981448,1443.7887540930806,1461.9862649280442,1471.1669359616192,1473.5969564208754,1490.4725292472049,1503.4492544885761,1506.4478699295228,1512.0939462547706,1520.9307989985382,1547.2191651265537,1565.242556179972,1572.8079066457844,1556.6502953983625,1552.7464259376077,1580.3014200380326,1596.998125243231,1599.4109634923584,1597.3482580341297,1595.527759565142,1613.0474311794676,1612.3164398386364,1633.3845901487318,1629.6234826153589,1641.8950878415571,1618.409058177538,1636.1203624080867,1646.6597792008902,1646.8694245489846,1649.9495225106189,1660.3699254848777,1676.4738318192035,1678.9351998689065,1688.6996580002203,1677.6733773148378,1692.4431527755671,1701.6219940368976,1745.7209933297045,1752.2426241520013,1750.9298951781973
395215,266,"Wausau, WI",msa,WI,,,,,,,,,,,,,,,,,,,,,,,,,,,,,,,,,,,,,,,,,,,,,,,,,,,,,,,,,,,,,,,,,,,,,,,,,,,,,,,,,,,,,,752.5276150061059,770.9475960380522,772.3026303126284,765.1457690763784,777.3486311860255,785.62056683528,799.7653947604135,794.5956599667282,787.1212903169815,787.4451989671621,801.7727904058796,821.2276568082118,826.9243394222605,820.6483814168932,813.5328445246977,811.2631573576689,809.4702970830353,812.274192368444,817.6908977766703,820.5808766310028,827.1446565599182,831.6885936718027,827.2434768832987,806.8540638636774,809.4097822058533,817.572476105159,831.5544081995,835.1714275245636,832.232460421224,837.6280867983855,843.5254078802997,847.6453909587402,843.514177035768,843.3038165494562,849.7299732926597,862.7530557893471,864.3988323471194,864.6056423990995,863.3324822755445,869.150600357591,876.5047931465236,876.363108077975,873.8445825218889,877.3688752193042,885.7861111111112
394731,267,"Kahului, HI",msa,HI,,,,,,,,,,,,,,,,,,,,,,,,,,,,,,,,,,,,,,,,,,,,,,,,,,,,,,,,,,,,,,,,,,,,,,,,2082.4230440695515,2082.538974097702,2217.544152490121,2298.1188646739706,2365.170690970484,2402.9069214963943,2501.8363206222803,2548.1816564685973,2597.2184473905318,2595.681840225863,2594.6898096077007,2650.384371460866,2726.0270136637873,2770.1540585988214,2742.2189080522617,2744.411412722441,2803.1862415281757,2805.111370934323,2798.9702006320267,2781.85878139726,2818.325417940244,2840.1231885734596,2855.141773840757,2946.7192203982036,3026.941243947283,3031.4528204058656,2946.064776326371,2872.101363077276,2883.228408493946,2935.1423496445323,2950.566825338161,3006.7174450154857,3025.5163108769216,3091.4896425750167,3155.275556440211,3146.0977853991585,3102.7177491053094,3110.5194756232095,3231.7508609637425,3329.4822793837325,3342.905216920745,3310.0034192178814,3334.563458597762,3326.1254938560946,3321.5738140533535,3261.5098733581185,3236.441263482729,3216.8151051436175,3226.4364739080247,3241.504778653972,3222.3525757978114,3214.5552244661208,3213.2226296192675,3237.0802658639464,3238.097472005992,3246.98229407816,3261.087915506745,3298.7039452213703,3316.234412955466
394720,268,"Janesville, WI",msa,WI,,,,,,,,,,,,,,,,,,,,,,,,,,,,,,,,,,,,,,,,,,,,,,,,,,,,,,,,,,,,,,,,,,,,,,,,,,,,,,,,,,,,,935.409682867805,947.4294059405727,950.6931020798446,954.3173284963622,968.1376586414499,970.769260319862,980.5040232481223,969.1023991407912,974.2535883339551,972.8851678636527,986.4273323694641,991.6815469024275,993.9430505979445,992.7347769179164,1000.7427067377035,1011.905165823172,1026.0370353760843,1037.6949459514462,1041.7538847606693,1040.5536820072123,1043.4564278158914,1056.2856082467385,1065.7284042443616,1069.150608026578,1058.2173981265519,1074.504161510885,1078.4702393575149,1088.5487312209984,1077.8167664280113,1073.733038925693,1084.6056539680776,1104.8889472834758,1119.5067223836372,1116.620611555921,1120.1862706404493,1125.938627167346,1145.0031662168485,1145.0379724454128,1151.2108741029822,1151.076452390681,1163.9780577829792,1175.3934571955813,1177.438616881339,1178.4193235273226,1178.872647744764,1188.5918803418801
395170,269,"Tupelo, MS",msa,MS,,,,,,,,,,,,,,,,,,,,,,,,,,,,,,,,,,,,,,,,,,,,,,,,,,,,,,,,,,,,,,,,,,,,,,,,,,,,,,,,,,,,928.6731474162607,970.1555245133615,1014.9096677446382,1023.9145838952755,1029.6344436522122,1029.4329626747658,1032.6691583175584,1035.5895487378484,1029.3081311743974,1024.906955353209,1027.787800554257,1051.4207958346792,1061.5092167545668,1075.1904056334172,1055.9471996629186,1070.8643309615625,1071.263769639777,1081.9623496145882,1079.891253858423,1083.6373861711118,1087.3851459719745,1100.061183049813,1108.9591255203989,1118.9111404349474,1120.7341077921446,1124.8278041237481,1124.3483656026438,1123.2803254759262,1122.9296940562367,1127.271026123242,1138.1495856384506,1149.7207484894968,1159.8338023917408,1160.1038299596125,1172.2457295404447,1168.145123255393,1173.1336103500787,1170.5929141027352,1186.8882061167897,1194.6823610719807,1210.7323562613767,1220.08800645569,1230.1570754357786,1236.5945481723136,1247.316378453597,1261.8227406393057,1268.5992063492065
394393,270,"Bloomington, IN",msa,IN,1111.5419987805753,1110.8678738341243,1107.9138521821867,1112.4861089438205,1110.3956407117512,1114.086895904137,,1108.9258406088654,1116.3695672866224,1117.9552348245763,1128.58436872959,1127.1203290342655,1118.9716032152808,1114.1605608095367,1121.81501161711,1132.2413311424386,1142.9184244694866,1132.1837676245948,1133.7371007856618,1138.0033086384306,1145.5979941008463,1146.1209050199657,1148.4215882703493,1155.1395319098676,1164.711568073927,1170.4877744069695,1175.8727720940337,1176.5572464127927,1183.1086300249417,1183.5385124445654,1192.0193593244105,1189.1933499306513,1195.3090011943661,1200.096730271721,1207.7109552152697,1209.6944349332396,1211.2054339320284,1212.7171651862802,1213.6916923558083,1217.4421734903717,1219.804171020064,1233.1271082412575,1236.633798167297,1243.8593556117946,1249.6642050043865,1256.0047334798376,1261.7695390647975,1267.3509754945458,1271.2054797743729,1283.1436102116452,1290.1656660418837,1296.5980322522096,1301.2218900048697,1304.689391899006,1309.303688440084,1316.1141338848342,1318.1993991581028,1322.1973960979265,1324.4656797901962,1328.9705576883857,1334.3063331094027,1333.6541800983491,1337.9748878809226,1340.7166763066868,1346.9442918171853,1352.5280534791848,1353.6574970071958,1353.4938692990036,1364.7692630919132,1374.7347080944894,1386.8609297501853,1398.2572302579142,1408.6665574993797,1412.37738933079,1412.9592708846217,1406.4589165729196,1412.2655881515261,1423.8420268613183,1438.3262101155824,1465.6390533565768,1485.8596673800375,1510.0041997172552,1518.9219031143139,1504.8512560286283,1506.6946907804902,1523.4110003489252,1574.9918323066356,1606.2086941505152,1625.302963831263,1629.6705036436708,1656.629221520299,1669.6374000157446,1668.5347389787657,1652.0711863988847,1639.5615142668141,1679.2441187946577,1688.9463154768268,1709.9311806205078,1686.8749761972715,1708.3044575502493,1706.9321905916308,1708.7806226579924,1698.7120143004747,1693.573924650935,1697.7619255079258,1702.520293121553,1713.075640970048,1727.3747423681255,1740.478405303692,1744.539642198468,1741.1820419239893,1750.637253748855,1763.1145443943512,1775.9518959719335,1778.153044465512,1779.5187823883582,1792.723984572665,1804.1847897318357,1817.4964630381667,1806.4047532836348,1808.4550075875686,1809.0804186184587,1829.8923932295452,1823.9866843488937,1829.7585271309192,1836.86021529257,1853.4393705398602,1870.9688787466916,1877.8513505060546,1889.1209998374488
394930,271,"Odessa, TX",msa,TX,,,,,,,,,,,,,,,,,,,,,,,,,,,,,,,,,,1195.2190527936225,1235.68713715883,1274.3072212727723,1310.6979956061564,1326.812881314588,1358.6479139041223,1398.448488810826,1385.418254142281,1403.9175652893732,1413.3757492079405,1474.3077440418042,1486.393976853018,1508.2385572952553,1498.6518320751734,1506.1005994375942,1527.9915171902926,1521.9377359105117,1529.845868229112,1520.6782182507116,1535.27298812807,1545.1807109841518,1552.108469026978,1513.5639977376452,1499.9192726293895,1478.4691922797401,1472.8426746865546,1454.7788346668783,1425.5997824738777,1423.0334469966283,1423.5821746771014,1391.539133033481,1338.6226757045476,1276.248385589349,1261.002673997731,1254.5163768218079,1238.2757695940613,1217.5983730444418,1222.1744867342186,1216.9087942260517,1216.4300011443697,1209.487586560235,1202.6522710037264,1205.3134552495956,1197.5901945858657,1198.5952522748034,1178.8349382505671,1179.146067409694,1190.812132711422,1209.6669950546138,1209.8306660760022,1214.0248167146012,1213.7764719850013,1223.2964315775557,1231.098391376587,1251.4825411865008,1277.6222786124138,1308.451896501222,1343.6089231750034,1365.0403988568455,1383.4000656861244,1400.7320469520764,1419.7734753085012,1434.972988380286,1447.63894022577,1457.5459541523337,1461.3268198170965,1471.3311659416593,1488.4163483155655,1505.8239505185227,1522.5323945762632,1534.4801769103722,1541.4371535730381,1535.0105541886037,1539.4395840650243,1548.5333275930534,1562.7820136631287,1567.5596292985706,1578.3938430545923,1564.1051268284145,1554.5094556283138,1538.6107080064314,1542.948512710663,1559.522787069455,1572.1895519932887,1583.4135495504784,1589.9740088457722,1593.056871610831,1592.9553662242552,1598.1292475056484,1600.9436790982797,1614.932599636017,1619.5335148532615,1626.5394009534339,1616.9861135647186,1601.7739947462874,1591.118329719406,1586.5962621607785
394710,272,"Jackson, MI",msa,MI,,,,,,,,,,,,,,,,,584.2857791496708,591.6965741283117,591.9718750755991,594.6079631361509,595.6734023954297,600.0815489525108,606.103676237159,600.8943658427113,603.3269950302974,607.7249645645882,645.5812108820397,660.2551132815903,663.5433987900655,643.7212787820263,648.1841048444822,645.2201988074347,644.7425874058177,640.3730205828239,650.8471851921497,653.3877725076037,652.8193320746069,645.8386093007659,632.2741713796769,635.6269865267768,641.4739824068248,649.2754168861981,651.1100984545666,656.562711487186,654.257629593264,651.3184412593686,648.4082961558136,662.2796568873238,672.7635703324845,678.7586558591289,675.7607796680397,673.153754970735,673.8726002591343,681.6876866138919,684.2829991672246,687.1649693773688,694.8094942028544,704.0895977122783,705.4430337964427,699.6863698260316,696.2992507773074,699.1457528676312,712.3466496998788,710.2919655930355,713.8946494414226,721.8483640430343,748.9620972366648,753.5191137813597,759.8120873657947,745.1157979807957,750.6373205306732,751.4063369315636,751.7340904500059,759.1922791520876,752.4985131124005,769.547271668178,785.9970329959106,805.0910289697329,812.1634732913424,821.0667073965001,832.4406130154422,830.6170273949103,830.4158243109581,827.01208885268,842.2381431666479,835.7995245489951,854.4078679359304,867.8871409264721,878.2090556456735,877.153459543427,869.8052176429012,882.4876097370768,887.2102805039451,901.6433248098622,904.8088437563877,919.3162315715334,939.4135834953264,961.8527197579469,965.6974438821645,953.9950821659326,946.8231239743336,974.9213482508219,979.23693367627,972.9454305118097,940.879529079446,964.998306642437,981.4599523269446,998.1132594351515,982.5180372174087,980.6179724082341,984.9192627170389,994.4652893922566,1013.402860821113,,999.7536040999132,1001.3251104837688,1058.9475042389722,1057.4608815140018,1060.158673606001,1057.125156168714,1071.9845769050837,1079.5376355791777,1085.9069350145217,1096.057771995957,1096.5328527315185,1120.2051608782654,1118.8847953863765,1129.9418517857148,1108.3489053064438,1102.9444444444446
395125,273,"State College, PA",msa,PA,,,,,,,,,,,,,,,,,,,,,,,,,,,,,,,,,,,,,,,,,,,,,,,,,,,1323.5267032468082,1333.8615489855501,1349.90679763527,1348.335078025473,1342.2560352547937,1351.016709276781,1341.9214407731936,1352.6790698159518,1347.4579748187803,1365.7572096152212,1356.3020452935841,1369.5641592539941,1372.6058167776719,1367.9682900200605,1358.0011748698441,1374.7942940469409,1381.9512939712467,,1360.643827698444,1369.6544389841667,1382.6836632102238,1376.7155442949622,1377.7356973195565,1385.286580455861,1405.5390658432493,1416.2222651104178,1427.486730200776,1435.7404701389075,1442.3042107535393,1453.0233924956374,1477.2863276219214,1478.1027562135134,1483.7268220624387,1505.6547787347722,1520.1881045367327,1509.12187202193,1497.0359196822446,1505.7958361252972,1521.8319020638,1535.0916340386216,1546.2352475028317,1557.9069291581347,1555.7174188435138,1555.3642179519964,1552.0510576266379,1558.6747343871966,1575.6576319934488,1593.8813800948785,1614.020249542305,1619.1076620686918,1629.3313504031705,1628.3274652431346,1631.0333831815447,1633.729992916002,1644.2140866987434,1658.7827904260057,1676.9125971063772,1681.2810895886303,1677.5436770026445,1680.3409803161278,1672.3544305744194,1679.1360659380994,1683.841629797809,1703.4486929192497,1709.5088186686928,1703.5254619937211,1698.3258010140187,1710.5440334181546,1713.414309131884,1719.3979565005554,1728.2242975100323,1737.3617138779407,1754.2115341289248,1763.760921787282,1771.4226754405613,1774.6882089179885,1788.0291396724556,1811.5022485608943,1834.1279734237942,1842.4421717171717
395079,274,"Sebastian, FL",msa,FL,985.8795481156241,1010.0810897713684,1025.8292896500525,1032.1207822664574,1041.5455225715962,1043.176885799091,1050.8233106116481,1064.512712024487,1070.5141844606496,1087.9947917882582,1112.4754943017188,1125.8019529312544,1124.634494493746,1105.9827751071439,1108.2177847778325,1120.3836491956722,1130.8142953590443,1133.415599825476,1141.2224675868397,1153.155595078836,1156.16996836805,1144.974415012171,1159.934029391547,1173.4600812412798,1200.3110369915091,1205.6562407604602,1229.0942642635268,1236.5493206042204,1235.106563179459,1229.183030968089,1230.0641160736527,1242.8955644547357,1267.0871553940606,1277.740308205067,1278.3648141139904,1292.4363229794476,1304.700482151683,1321.5636179277078,1298.0741648659598,1291.244991529818,1298.773013766136,1316.5889743482833,1340.9714142409275,1325.4403405267071,1322.3764694239978,1316.0675766157015,1336.128778786771,1331.5691795676944,1338.377817761206,1334.9993288057078,1356.4484821739156,1371.5327842010927,1379.895944506673,1384.102117843302,1378.2523672726522,1395.73295312952,1400.2835646574508,1417.3214501895266,1412.351891972666,1421.0504937548408,1419.0892372398807,1428.3840378851016,1455.0193653342376,1467.0409644091478,1468.809400630283,1463.7500972003802,1461.7453516136586,1487.3628997666754,1516.0719941291152,1544.0421095470022,1543.3812271700538,1539.5232377452853,1560.412657478557,1576.6815892277905,1614.0720595644484,1645.0754669185196,1665.6050619662756,1706.2003492575866,1764.085529778236,1797.795879626918,1809.6600866682131,1792.4859572417747,1854.0692423170806,1919.653403639435,1981.7572877339935,1993.675082664251,2002.5903567718149,2017.3897828491035,2035.2383481311756,2060.4350921164073,2048.2897714625065,2070.3400100493996,2071.1164546837913,2137.8680847561077,2140.8503831693624,2117.708518506592,2097.8468469935397,2117.0126950889435,2139.3227462063574,2149.4488540136203,2177.685358188639,2172.952065473584,2183.3539179789286,2174.9606654309464,2224.075485650612,2226.4560920379477,2241.1587143584143,2228.997542502621,2224.310689433145,2218.145224060261,2231.9632037505407,2232.7116607641656,2232.6581626100246,2229.735263847586,2244.3811279811825,2244.6698155962304,2256.6522940172504,2251.755030170086,2248.7656581677834,2276.826546700705,2296.376848271461,2307.442622394852,2299.612794818397,2305.316177810688,2300.6091447137146,2310.5711463440903,2305.3522176737606,2312.837473672465,2286.7809247545,2282.2680765180767
394814,275,"Madera, CA",msa,CA,,,,,,,,,,,,,,,,,,,,,,,,,,,,,,,,,,,,,,,,,,,,,,,,,,,,,,,,,,,,,,,,,,,,,,,,,,,,,,,,,,,,,,,,,1797.1036317997794,1828.2633815629874,1835.338779819654,1852.5568517519066,1842.7152494811278,1840.3798408919006,1849.3118811615416,1888.52269648621,1892.643015660868,1921.9669288471136,1914.2533845248574,1946.3394500124673,1912.2320217608094,1912.9177128696867,1899.5284874450224,1908.3975193830697,1919.3954896398197,1947.5837095859868,1969.0485291010189,2000.8963083010835,2005.245342418455,2032.711483385333,2007.2890442616845,2002.9073311891466,2002.8888268892479,2014.5013019249845,2045.265607967704,2046.2930429452324,2047.6064005062508,2031.579940164077,2029.4563567631924,2009.1352002444135,2030.1507928368253,2021.0350164364513,2057.0592578597766,2059.240740074457,2088.121535680803,2097.869877191138,2104.8922802109873,2122.8844424458,2147.069095564264,2175.3373015873017
394523,276,"Decatur, AL",msa,AL,,,,,,,,,,,,,,,,,,,,,,,,,,,,,,,,,,,,,,,,,,,,,,,,,,,,,,,,,,,,,,,,,,,,,,,,,,,,,,,,,,,,,,,899.3175981683005,918.0674613177106,945.9647081743678,950.7910564248946,960.7581109265277,961.9953924722073,973.7902204235382,975.0445171235006,984.084063624743,995.8898702409227,1012.0171780770985,1017.8136569869572,1019.7555891382838,1022.9284183939257,1024.8423070303588,1027.5154024566589,1034.4699820490396,1044.8807706834048,1053.8682364379008,1065.2336855977408,1067.2436160624425,1074.247626209474,1065.9617408565487,1072.809934280087,1077.0694023194962,1081.1045247267766,1089.7297938324334,1090.8084026407353,1102.7814587760972,1095.8561829178302,1104.3397001496146,1103.2606509972072,1105.724920971169,1104.766247333037,1115.1130003885464,1122.3093978586671,1128.4277349026052,1132.0504679387252,1130.727881329477,1139.137902869631,1135.4995933595626,1145.904201161427,1143.044634282749,1148.638034188034
394453,277,"Chambersburg, PA",msa,PA,670.3924432433973,676.2236675673493,677.7610217462759,683.5416101420931,,690.6478336347753,691.8114266686565,694.5963678731058,693.6136283062907,697.8168471456169,705.0567129065128,707.3812646687187,712.8258841734804,706.7080329228306,708.7945576300763,705.3168322199134,708.862583330413,714.0140555180499,714.8738234288628,715.0134983542616,711.8663628708792,716.4219604095886,716.2431668154526,723.2608677407705,720.6549290561841,724.0737541528771,723.9025457364913,724.8222875258868,725.7927082573365,721.4100617152562,723.956055624744,729.1840755700836,733.1841270214697,731.6729402362246,733.7106255386966,734.7437635645601,739.7753600155719,740.894643318513,740.5138009067576,744.5663812123373,746.4725744213795,752.0473984973585,752.1652896098082,754.0566850140311,755.5669363411788,754.6420013735075,755.0522205095385,758.7474597984406,762.685822622707,766.5788024297334,771.4529142710775,773.2790504451223,775.2719341025266,776.5638679212032,779.5527000420633,779.8336272009228,781.7569472455787,786.4884333239132,789.1811265341647,788.3033813933066,786.9758705932724,786.5511708378214,802.0089786534008,801.1891493096108,798.4116943306086,799.5395547071832,811.5072834540383,820.4670753025721,833.0189791672902,839.8653666131823,847.1678010867762,856.6013023660727,855.1166548136897,852.398940793001,864.7221631374795,890.7979141637635,918.0623402599308,925.6582411278794,916.0143493592316,920.3147621460092,921.6208605169604,938.4315315470718,944.4300997425443,951.673808426683,963.1575050762561,978.9910434016882,972.9135811957221,970.1556847667493,967.2021749737571,981.738903333974,999.5903230070764,1004.9123862858069,1010.1263391491071,1006.5595438919244,1017.9965097062833,1018.2479565217874,1029.0293380690316,1033.3692749157103,1042.6170624910978,1044.0870360550173,1044.8167736100909,1059.635954542628,1060.8686962895758,1068.8824295189486,1070.299857553012,1076.7547473384764,1082.5957312988232,1085.951818744133,1095.4629176205058,1089.8008896117194,1094.4442897320375,1096.8651221032699,1110.981856645224,1109.4989331555514,1121.9130988748198,1133.8236677002312,1138.34565807415,1147.7009110157146,1150.9404547124793,1161.0824852391586,1159.6239014992282,1172.138305862255,1177.7937287633454,1187.5335510275772,1187.655296954182,1188.9875604649262,1185.524041842108,1180.7593946507427,1184.6461311825358,1182.8280542986424
395193,278,"Vineland, NJ",msa,NJ,,,,,,,,,,,,,,,,,,,,,,,,,,,,,,,,,,,,,,,,,,,,,,,,,,,,,,,,,,,,,,,,,,,,,,,,,,,,,,,,,,,,,,,,,,,,,,,,,,,,,,,,,,1687.0209908780466,1678.2898621473953,1685.3200425379914,1679.6517866104111,1662.359114584394,1663.9985638178016,1673.5486044033723,1684.9767084113362,1707.35084611967,1733.7123212999884,1747.036633671506,1743.0446485657271,1739.461359781162,1745.5695619137532,1756.9484438872737,1775.1705408686894,1809.2459275327035,1831.1052019202261,1836.7410958859923,1840.2746175150169,1831.0976041416552,1817.0012700323182,1800.7487565288895,1796.9034448304885,1797.4702380952378
394703,279,"Idaho Falls, ID",msa,ID,668.9725584653949,672.0414111278229,675.0628146526121,680.0621664279578,675.4936035274386,675.0836099167752,674.4483304977485,673.5291919095288,681.8877995586821,689.2730813767269,683.4287355139707,685.0276864201518,683.7026850938279,690.2278722248291,694.2240414426947,695.8518076550552,702.9703335027189,706.6564702324105,714.0267976924101,722.6594437518239,720.56355589927,722.0197824821737,720.9706573914941,725.7264154810487,727.9088007536618,738.7112326477046,741.1248151472574,747.4027157375264,747.1860309902268,754.0106014682418,756.4059486484327,761.7867899727199,772.89991606264,776.4821046494234,786.6936593320142,786.0975860742445,799.0867478524264,798.1830298604929,803.7582025552495,801.7381734508533,802.932187404172,804.5697134230433,806.9002835803882,813.1414761596374,822.102832225865,831.2285118890912,840.5685522239885,844.8817151184675,847.7244735843797,843.8161083328534,848.960116510125,858.5057726129434,868.2066554865032,874.6318298625858,882.1594993939814,884.7783388979143,884.4147179821019,887.5143732179497,888.2707371169585,897.4225028207327,901.5448055080427,916.3806340014887,916.0430828171656,923.0461330134634,922.7318711292644,932.0846889992266,937.6784584897414,954.4461265991837,963.7084072280953,984.1533295889367,998.8133122231766,1005.7716359362793,1015.4065847458837,1035.0917948845486,1064.8548201060062,1079.0022215397119,1095.9516702130472,1108.9440534303826,1132.4674832651733,1152.0397416489602,1180.9769428918396,1199.4629325121964,1213.9518177898801,1226.782914191612,1239.7788801098714,1243.5895789343667,1243.8976370943174,1260.8718724401365,1269.2388975355102,1277.3090559071795,1271.1560183239858,1273.2790041419805,1270.2009219470567,1267.807354256961,1268.7898790822985,1274.4179488884752,1272.5215768030232,1275.7161511454997,1276.3781432669502,1275.0213670409648,1280.7558114369504,1280.5205346537914,1289.175633782793,1284.397131489084,1287.3085574914987,1285.281285541404,1286.3539610413288,1290.3944574525901,1299.442254321683,1305.6654314119844,1307.5040947207563,1305.0473248322376,1304.0514971661632,1310.8573193652617,1312.269029749529,1320.638596861219,1321.1069582181522,1327.0485163661424,1330.3783947227175,1329.2687955569586,1327.267906126734,1326.091995286898,1329.324940180212,1333.5756826389602,1334.4360532266003,1332.001297542146,1331.3640855986343,1329.9752852838467,1331.092079143989,1330.1642857142858
394639,280,"Grand Junction, CO",msa,CO,854.192543237937,856.905538281869,855.2829702026277,856.3964499739536,861.6485933290083,864.0898567803044,863.7759928122172,861.5402025438041,864.6894028915377,870.3832812128185,875.6755501615573,876.5233948597971,876.3963875915526,878.395822308937,881.7975269402094,884.735798042284,884.0766712396171,885.9372289810284,891.9382054586432,895.320264846712,899.2309768294688,897.9954278279016,896.1506990945952,892.8960853227672,898.8358407922404,905.9246428384361,914.1177636701141,915.9443410897095,924.6249816752481,931.2212199788347,935.4268421653642,934.0376310352582,934.2000847944136,941.4976320342424,951.9117176943656,960.2072063259255,961.94582461121,963.369373722901,972.5611440302073,978.4549846194827,983.3420060353824,987.3267845363162,994.9302269200621,1002.4590303811884,1003.5614402870115,1010.7726096414717,1016.5113528369333,1032.5656878460259,1035.5569324935698,1042.5165607397807,1043.0155355388617,1049.7041277008486,1054.3257195726317,1060.3775982303473,1063.9641400731164,1071.1822863032849,1082.3955567418548,1085.8601843766273,1088.8656295900478,1085.1090039155656,1093.0767590192947,1097.6805615778253,1090.1571897749216,1087.4639637234843,1091.6777756146623,1110.367953863333,1119.092605550835,1123.0943923656093,1129.815734903004,1147.594362374769,1159.2029948455763,1168.3971796327369,1180.597883175817,1190.965928202558,1212.2119416362204,1207.9140889457412,1222.404263569542,1230.1674544037546,1259.5728954044705,1274.2081376928427,1292.7581576951275,1290.0916905025347,1314.1399757059773,1329.8768675859615,1338.7303392879655,1347.774731935526,1351.9323188365108,1391.814332556613,1390.2871477097328,1405.1547501962953,1395.1980206734659,1409.6572652972782,1408.0766411654333,1419.067000719761,1424.7873479608452,1438.2077089446673,1448.231914191423,1447.0165096003504,1447.8165544434908,1445.405772865371,1456.0497910639788,1452.541760374942,1457.9219050946156,1460.4199013702698,1471.9998714606168,1493.82382890547,1493.5389046216976,1495.7947184493978,1490.6594039855459,1511.9090013189766,1534.7224294419682,1549.035038921118,1559.90907503497,1562.9600494271579,1575.7437931557115,1577.7956055008156,1586.1865825917232,1586.0055306635809,1596.799153364755,1603.4527623552708,1619.1919533992552,1619.119087321545,1617.254571732841,1616.4186266245424,1619.799987877805,1632.9045871125427,1638.0394545546073,1647.6943606833713,1650.6110083037854,1652.4102564102566
394563,281,"Elizabethtown, KY",msa,KY,,,,,,,,,,,,,,,,,,,,,,,,,,,,,,,,,,,,,,,,,,,,,,,,,,,,,,,,,,,,,,,,,,,,,,,,,,,,,,,,,,,,,1075.7023961365005,1097.679988433893,1092.5534694993012,1089.6373394116765,1089.9667528605764,1103.5233037439834,1119.2206663746551,1132.8742222057042,1161.5458280007754,1175.51701517503,1172.2772907924111,1187.094455793497,1200.3125898078467,1230.1529624944092,1237.6512484172063,1252.8785078202732,1283.228887951775,1302.1321962683473,1309.9517188145217,1313.4648146485586,1318.1876529554916,1335.264079967777,1352.2342983112264,1367.7253504420935,1369.269718055813,1363.9845861762365,1383.9970238652309,1400.6552598330604,1400.8322492185966,1384.5556847994358,1389.7455767282079,1396.5832986945106,1398.5894514136828,1388.941750961414,1390.9248398542632,1387.2880207330281,1391.6898768273709,1390.8861628371246,1388.1574015188116,1383.8032586683216,1383.3523344854812,1397.3065576223225,1399.6104138757646,1403.5159582244817,1406.3338292906249,1414.9266304347827
394917,282,"Niles, MI",msa,MI,,,,,,,,,,,,,,,,,,,,,,,,,,,,,,,,,,,,,,,,,1010.5682816461624,,995.3191244588568,987.3656321499673,994.8333088529145,1010.3240936929825,1009.0831399734424,1020.2937607617573,1018.0235649146492,1024.8469109259693,1027.262481318915,1023.1065824107147,1028.92376823638,1026.4386705889092,1038.8238087858147,1032.1230883004148,1034.8647587630944,1032.628759208391,1044.1575905047946,1043.1196077849897,1054.8235115321108,1059.0770795763676,1079.6382462138206,1078.3642804759834,1069.2007124337872,1062.7931745425046,1060.987583325584,1070.2875000715264,1079.1057593783676,1088.9312391124688,1100.8818735604214,1102.6276973686117,1104.5065502493503,1101.334352423217,,1134.6484371150993,1149.137691498211,1149.010566738333,1156.5283152080951,1163.4599508386689,1186.6392531524689,1194.3239819450775,1192.100590356861,1203.1106632245512,1207.0399948657916,1217.523128518711,1223.7596520646107,1230.9899310185951,1249.2723577985664,1275.6109124974557,1295.2851916472066,1315.2924077255013,1302.1426320933217,1309.7908461505135,1311.1967238335258,1318.0959509989016,1328.1790941463166,1342.607349264719,1336.9773058270703,1339.1726075279557,1357.6035743682608,1369.5011653356396,1373.611983166578,1360.3180760416567,1369.160962132487,1390.4280988691023,1402.7360096072753,1392.5128152404202,1378.951407383352,1389.9373422973254,1404.8401419562085,1429.9139171157851,1420.500147156975,1422.7892421998315,1425.1150999438441,1427.6363922963137,1445.8481588182003,1437.6949108294116,1445.2852800790909,1464.5717552055162,1486.698664219232,1485.5955953327011,1492.0635244971993,1486.6272609918628,1497.8030947336074,1502.399917075755,1512.6806168104408,1532.1721892562696,1534.8536615470798,1548.3349867724867
394873,283,"Monroe, MI",msa,MI,,,,,,,,,,,,,,,,,,,,,,,,,,,,,,,,,,,,,,,,,,,,,,,,,,,,,,,,,,,,,,,,,,,,,,,,,,,,,,,992.3692460275834,1015.2436630240496,1028.126931371898,1047.4833149814906,1066.4500298022533,1069.1055369164858,1084.76702723878,1107.660702772948,1117.9426617825386,1113.3421440737525,1126.4124811723966,1119.7288194678426,1125.121895827229,1122.048019492971,1119.231800159988,1115.8263826161735,1108.970227560129,1110.5369244622627,1096.6192170666786,1102.075116665787,1106.850166613327,1131.1802369625832,1121.6996702535544,1123.2621536413722,1126.9609640363785,1143.5673869048094,1150.7093937073614,1153.8496095144117,1159.8884492607094,1166.7374895836904,1192.685502984033,1194.1227924305856,1199.069758039486,1181.0472075868327,1181.6207933740943,1201.2027523632955,1207.8063111573153,1212.1238913628363,1202.2929323917222,1216.8969809234993,1222.1453029183797,1224.981616733165,1217.490903493025,1217.610205470501,1216.7361094753915,1225.0218763456257,1231.9758687994038,1220.8367532607078,1216.28878194778,1207.5168551848349,1213.308427892906,1201.5333333333333
395066,284,"Santa Fe, NM",msa,NM,,,,,,,,,,,,,,1037.8430243818211,1036.6027879328278,1006.1862990792832,994.7145915392549,983.3325279718456,1031.705629245071,1036.7350141318984,1066.149558273602,1067.4623218199984,1086.2139645575148,1080.3060647915563,1102.944357367811,1099.920157981713,1135.895482362722,1134.20591290362,1141.3148728751248,1136.366540335749,1134.0106607305777,1137.394736952767,1155.03121287516,1162.6079052835883,1178.3475717430701,1166.881218236025,1159.2106570395556,1162.6370453320228,1180.9311743220296,1199.927330760558,1217.6870565225959,1226.5262605875412,1229.8802480299887,1230.928238830479,1226.5177323347018,1241.1135221425036,1258.4174268065071,1290.063701117399,1301.4873499333173,1302.4719279136777,1290.7903561043204,1305.070497482712,1311.6255588636868,1331.3558996301563,1341.303524441927,1360.8418367418528,1371.9680375814846,1379.670160602828,1376.9831401521346,1383.6984831820657,1398.8230522786225,1422.5462922196796,1403.2060433673942,1388.7020293515673,1378.5951866018574,1377.2498061173817,1367.512561093987,1372.6605760169382,1360.3575163914677,1392.1397033159808,1410.6225532760345,1433.4780943802402,1436.5070116002234,1440.3139587569965,1453.966932535063,1463.4062863761126,1480.9604810132441,1503.2677293169468,1550.765431961739,1587.2612379461202,1621.6827075585047,1615.6411787213883,1641.0627636210277,1652.2533822871296,1675.423236764219,1682.2748376659654,1701.6059591943492,1730.9455807778006,1738.091094612367,1747.6254535679507,1738.781605540163,1749.0149658146586,1755.1143906310217,1772.3274086808833,1774.3837763963245,1793.0092252248787,1807.5660027348918,1818.1830672212473,1828.1095232092487,1853.781180977084,1884.3223769126405,1899.8377080493121,1888.1271944134255,1880.4515503112948,1878.624026452281,1898.5409695008218,1903.294220271564,1908.495227805983,1900.2964369548138,1914.5351679271985,1921.2862224844373,1911.7291576116097,1911.981438344894,1925.3173856149967,1964.604738592111,1961.807112823348,1965.8239889212482,1944.702520839598,1951.1391865523258,1951.048707518907,1960.884415516261,1958.7226433754367,1959.179131837861,1961.8652174429185,1959.0090488189912,1952.5126535028617,1941.9524390919103,1957.3327544134017,1965.319717230543,1980.4083333333335
394493,285,"Concord, NH",msa,NH,,,,,,,,,,,,,,,,,,,,,,,,,,,,,,,,,,,,,,,,,,,,,,,,,,,,,,,,,,,,,,,,,,,,,,,,,,,,,,,,,,,,,,1547.5896161116148,1570.353843252905,1625.5024401127098,1640.9569645238148,1656.778688491325,1647.1888116477487,1668.3972849926051,1653.5628912413295,1673.3300906066688,1669.0358604405274,1703.3170595002741,1726.3207318224024,1746.9146899563623,1763.066440443811,1743.317765398244,1735.9320620652848,1734.138933656162,1734.6218443546973,1762.820640423462,1781.5787775096287,1795.4020027565077,1795.7061373931383,1792.9075605390037,1797.111653961393,1791.1252507938507,1783.7947244287784,1799.890029691194,1813.7356049911655,1835.1137773820437,1854.005678825902,1868.6284533938017,1865.021669335812,1871.8971598968453,1888.1061502204593,1895.5805999785741,1905.639916850771,1919.1828824158538,1933.5155404724353,1938.791295067938,1946.8435832092089,1945.524662110097,1949.5800958890575,1936.6865616388297,1948.6262877795334,1946.4722222222224
394314,286,"Alexandria, LA",msa,LA,,,,,,,,,,,,,,,,,,,,,,,,,,,,,,,,,,,,,,,,,,,,,,,,,,,,,,,,,,,,,,,,,,,,,,,,,,,,,,,,,,,,,,,,,,,,,,,,,,,,,898.5847413608722,906.5920422147763,908.6925722350712,918.5338617776933,918.9520337578513,915.821272352292,910.1089400519522,919.140042504095,923.1190781967314,922.1311548697015,928.3814714102689,918.5334612455347,934.1039277228873,924.0726147411726,942.1824863421383,935.6889968066415,946.8789725641977,941.9362116997477,948.1259504184643,944.061556280957,945.1793125734173,961.5185297181698,969.4825767881186,980.4560744966815,972.9645094147302,982.6572615522446,978.1537422054859,988.9911286889547,991.3010832349773,1005.6890331890331
395163,287,"Traverse City, MI",msa,MI,,,,,,,,,,,,,,,,,,,,,,,,,,,,,,,,,,,,,,,,,,,,,,,,,,,,,,,,,,,,,,,,,,,,,,,,,,,,,,,,,,,,,,,,1557.7389341253752,1562.0987271560423,1577.8249119541704,1573.2343535681835,1564.608447952137,1609.2825405840786,1626.2729766858524,1656.471809180032,1662.142661533132,1625.1702962900017,1622.4648783466978,1626.4371921884567,1706.824247801982,1741.1509440040131,1759.8005403935103,1747.639748313879,1765.532590580908,1759.4656433047824,1772.6762002980176,1762.5821031534576,1787.107701847363,1815.8116246207724,1857.2339354855853,1853.9649713073275,1832.8372034607933,1808.5507025575105,1807.4553668540966,1814.5752078506393,1814.468456782396,1831.7654384846662,1846.0431330908891,1857.2975023342015,1847.9266675677195,1855.1750905563304,1839.9062794479028,1862.643310973597,1863.0893981446447,1887.518131254039,1899.4733463922103,1925.0915080694247,1943.311311653065,1950.1610570295281,1955.4601449275362
394359,288,"Bangor, ME",msa,ME,,,,,,,,,,,,,,,,,,,,,,,,,,,,,,,,,,,,919.8161261006167,935.1117306507731,945.4404660637498,953.2249074812719,955.1399688795135,952.0394048178053,952.16050071893,951.7496643879973,959.6490224976327,956.4433887281301,954.9617956420273,955.2204408427207,959.227908228797,961.2904189314932,966.5963849484253,962.9793433818478,970.8429898892304,975.3481479640168,981.7572137604005,985.2552603209366,990.4577780397186,1001.5928903409932,1008.5143412253564,1017.7570635028861,1025.6784443417696,1029.2023995014783,1029.6831008289507,1018.5843632318735,1025.679209521465,1029.182136785867,1037.2198004038657,1045.0229906809282,1048.1534722498393,1056.1047669533336,1068.3484246246635,1075.6480216860336,1084.0347240874778,1080.9131164506618,1097.5009923199411,1111.7539953931957,1123.4485664773965,1131.070400918438,1139.9470689870932,1162.8913933639053,1183.458578741223,1193.1497361000447,1189.1697294153178,1198.4735851338419,1213.3435527392319,1236.3158563363424,1231.1921053035771,1238.4332739097824,1242.4330880255495,1273.0769571767232,1280.6295747088402,1288.161964256204,1286.4020030955041,1307.5162983633488,1322.9428748682492,1331.5926350975863,1314.4423205656763,1314.4681750319824,1324.6345078404652,1333.8282704188914,1345.0516186153407,1347.4897889187646,1372.9930561255842,1369.848887676162,1370.751276362497,1350.1862684812402,1362.7402557914984,1368.1290902399692,1391.8164925847052,1406.9383753751113,1426.4487542594577,1433.3944508299119,1424.6580083257406,1410.275321105157,1401.7561136726858,1419.0326585817468,1441.0240406657522,1451.4871989505248,1454.547593963361,1459.882629331692,1462.0902198107171,1460.856997403582,1456.4264180631906,1459.5257008034077,1474.3932367115524,1492.436020176297,1499.3061012337391,1499.5250469722944,1495.7638142965818,1507.0887501068398,1508.8095238095239
394685,289,"Homosassa Springs, FL",msa,FL,,,,,,,,,,,,,,,,859.2472999440683,,889.3307463362645,892.9257653916624,894.8096298177867,902.6034456216287,919.5806937491508,937.4339336865376,943.2733617264288,943.0490300665581,946.2249008545815,964.4143838548847,972.4012669778991,982.0647605182271,982.3079174886799,999.4633352323541,1008.8571092339197,1021.1646827893499,1023.7153400138245,1017.5274244296095,1022.0974750557457,1032.3255069826253,1048.0188431865515,1053.3360164250698,1055.5408550720072,1060.686180864409,1059.8929366508694,1053.4455324190958,1050.0153640293868,1056.7318209675448,1063.8279637610717,1065.181494151003,1061.0364378908564,1062.0055690252616,1070.8053464247785,1072.6103166413443,1080.4833552940695,1081.3406724094762,1091.3008409779754,1099.850175666943,1110.4061627261929,1110.6495924982426,1113.4327676190617,1125.6712782680654,1139.7771124456765,1148.811514787607,1148.738110121192,1142.8127328843925,1146.9230456995645,1132.8904584891654,1138.05953806693,1152.0036913092313,1167.7132295615777,1179.9549551058042,1193.2435370157891,1211.659378418767,1217.2319142696965,1253.4969339819197,1266.22913695968,1291.843059558227,1306.9567434624103,1335.1060028709232,1348.047857422173,1348.5230468116874,1374.0596950321285,1391.9282198162132,1423.1198867484445,1440.8548351261484,1475.114395675955,1480.2472036573731,1479.6669175205993,1486.171300319697,1503.0200865549107,1527.609741198292,1552.237840283313,1573.1621107631586,1577.6271443772175,1587.4361971985293,1576.8738315396818,1572.1213715118697,1569.3318454600776,1583.5230921843336,1610.0476355566075,1607.1760354413823,1606.1661628996196,1610.0579806394753,1618.914768978686,1625.3689228286398,1628.2239627921094,1638.0391823554112,1650.647342603968,1668.043015202199,1658.2771800857986,1658.8674586707243,1647.2723449158045,1658.37688142921,1667.9717586201916,1665.8582129868453,1666.5455183508755,1669.7468497854477,1671.6410032638987,1673.2262369738255,1676.6608095005731,1676.0059238339247,1690.9406356247948,1694.0686893833713,1701.5654299495404,1703.3826950651494,1702.8509849665218,1706.1259138868463,1704.8933943748898,1703.6220319952777,1707.2447081063478,1706.3077046564167,1705.7007359924028
394662,290,"Hanford, CA",msa,CA,,,,,,,,,,,,,,,,,,,,,,,,,,,,,,,,,,,,,,,,,,,,,,,,,,,,,,,,,,,,,,,,,,,,,,,,,,,,,,,,,,,,,,,,,1541.3761890572991,1562.0478383518112,1582.9140410188315,1604.8130167728966,1626.492109544988,1632.060133931132,1654.0541884823174,1646.3849258750984,1674.5378732183556,1667.5133286825258,1675.371621370595,1676.5180133711112,1685.2317576994888,1697.5400088537892,1690.4224124705265,1699.124192386253,1699.3048682242002,1705.7663368470928,1714.7006267247518,1705.8923688997936,1710.6847086497844,1708.0651321449627,1726.906241755477,1748.7479225728152,1756.8087159633426,1776.1810078901228,1771.2032762671304,1784.1856691319012,1772.325139988869,1777.629898491691,1775.4164985700654,1798.3219020121794,1796.4181299380978,1813.944357909683,1812.6023785627895,1813.0809936403464,1821.0730581046578,1813.3090933503083,1833.169311667895,1831.7223099010691,1853.4478704736466,1862.1589743589745
394723,291,"Jefferson City, MO",msa,MO,,,,,,,,,,,,,,,,,,,,,,,,,,,,,,,,,,,,,,,,,,,,,,,,,,,,,,,,,,,,,,,,,,,,,,,,,,,,,,,,,,,,,,,,,,,,,,,,,,,811.6925176001955,,805.067095631821,795.350319535252,815.8072040318128,818.7980858029952,813.0578370480183,825.3600186525417,831.4956553115884,846.6894729305283,850.0228944628021,856.1820738635004,851.6036485193468,859.8798888493146,874.3387237170008,889.2978168068898,905.2516471028423,909.3307037244939,916.4646600308099,908.5097596121918,917.3952464781728,921.9945762461017,931.300682905366,932.6886511043427,936.8626528756863,946.9603353394637,948.8049002397961,954.4891733714588,949.8470716007452,960.1090471576081,972.7180918761372,986.6121794871796
394598,292,"Florence, AL",msa,AL,,,,,,,,,,,,,,,,,,,,,,,,,,,,,,,,,,,,,,,,,,,,,,,,,,,,,,,,,,,,,,,,,,,,,,,,770.1253516557275,782.6928717542775,810.7930361805589,803.6674571083432,807.5622025933898,808.5940128397853,835.431065027562,852.2267130531509,868.5221833560917,860.7116929616274,883.2186779251983,900.1519156606311,916.6693860292321,909.8975829062073,916.1418828011057,923.6672877999201,946.6316611353129,948.937244072155,963.4771714107939,960.2446227864248,961.5825490730182,982.6041224886377,981.5209115884843,999.7014846661073,993.7368407934241,1015.472488625057,1020.1128421743543,1024.1651498086815,1027.939562155323,1046.3562130151417,1057.1652821711975,1058.9519233165868,1062.733728559926,1066.156197660526,1076.6438825205828,1056.4105923458862,1066.1297972825669,1072.9771639837159,1087.6978092768793,1096.1830006982782,1093.6365331395834,1102.3024660326596,1103.94699577614,1114.8423523987528,1126.299756778913,1136.2947412261701,1138.988978744837,1159.572662140194,1167.9229707223287,1168.546430426596,1167.7070686973873,1172.7154005475181,1182.0648492948928,1178.9694109880297,1181.2639340607243,1184.6146896701146,1184.8345646567411,1181.629401373575,1183.5493395493395
394537,293,"Dothan, AL",msa,AL,,,,,,,,,,,,,,,,,,,,,,,,,,,,,,,,,,,,,,,,,,,,,,,,,,,,,,,,,,,,,,,,,,,,,,,,,,,,,,,,,,,,,,,,,,,,,,,,1076.4503971264267,1084.5298627426375,1087.676684820765,1100.4593307583339,,1073.2513515869643,1065.7186020292654,1073.8087357650675,1080.1889093299792,1105.6367945102543,1117.4460059449204,1130.6648283655093,1124.7404554700322,1125.5449325337854,1118.615577568603,1124.781118960507,1128.6589726808693,1156.1539810355637,1141.9125277530413,1139.4215474443474,1147.6342145546864,1167.754116855247,1178.2504743158654,1174.301767261675,1179.992546404379,1182.9008174663852,1184.4533680206976,1181.7270494400195,1193.6200982535925,1196.526668419587,1223.095965206355,1229.2602836745673,1228.9362854036738,1211.2141784728053,1203.8
394306,295,"Albany, GA",msa,GA,,,,,,,,,,,,,,,,,,,,,,,,,666.2464566499359,664.2957143640873,662.4604414167466,666.1101064505729,666.613384927131,667.8035548177795,667.4608009061333,668.4431416053277,664.2987040518665,659.7163809345377,659.818775840579,669.746173489437,675.6423549431651,676.0663324798934,674.0890140220243,675.2795129394534,676.92645407143,679.0792598696885,682.2154428462458,686.1734369702339,690.2640855509574,697.7418982033698,697.1550822391688,696.0817922118391,696.122701063887,701.7617327012451,709.6656841395942,711.3648498731633,713.9420461317671,716.056737630075,719.7613883198134,722.281057009708,726.4834671771008,727.7479660193703,731.857691571723,731.6256655275049,733.0363936411453,733.7290925361697,749.8596877243704,755.9336651853728,761.1781380998847,766.1714423240776,770.3835271426386,781.7371360719853,795.1006291941723,802.9204477039629,798.3468224716404,794.3677022384682,799.7852609377258,811.2890157936238,826.3040282449157,837.6642941285352,851.1438401671415,858.9403533286154,871.3036721393115,881.0726174723211,877.6621745924493,889.5137309518757,899.9437641695629,928.8234497616929,933.6871290341336,943.3305231299739,940.6794257032269,949.1580470308651,956.2594704550792,966.6936619025391,970.9928782259864,970.9443784014651,981.5885743069783,983.0766474055738,986.7698319561379,978.1315752602974,980.6529849129391,983.630502938067,994.2494950254998,997.5035652938832,996.8091210164398,998.8344409096336,998.743768842617,1005.9210347986776,1011.5232299309006,1021.9479890562781,1040.3233239191452,1048.540513603007,1056.425246755167,1048.3310442757963,1049.7599603915867,1047.3509308937823,1051.0178917102076,1050.9733507255166,1052.6644582713805,1063.467290543339,1069.8576470499747,1069.8144757856212,1061.9673151471022,1063.8249902682273,1064.9889242320842,1076.349506213741,1078.7851029571996,1085.1806981191462,1088.5679551467188,1092.362094755171,1096.506467221697,1090.463570238114,1086.5169709939453,1086.2698412698412
845167,296,"Ottawa, IL",msa,IL,,,,,,,,,,,,,,,,,,,,,,,,,,,,,,,,,,,,,,,,,,,,,,,,,,,,,,,,,,,,,,,,,,,,,,,,,,,,,,,,,,,,,,,,,,,,,,,,,,,,,,,,,,,,,,,,,,1050.2444349456466,1067.4268562122475,1076.6227566577977,1071.2772526343892,1077.8333058339774,1098.330441466787,1108.6825161321633,1107.40170264513,1101.5452949987605,1107.8701859316675,1121.4251600588746,1119.2525228702877,1121.549572802021,1124.6182351825912,1131.1508175545105,1144.8727806616175,1142.611111111111
395102,297,"Sioux City, IA",msa,IA,,,,,,,,,,,,,,,,,,,,,,,,,,,,,,,,,,,,,,,,,,,,,,,,,,,,,,,,,,,,,,,,,,,,,,,,,,,,,,,,,,,,,,,,,,,,,,,,1027.81885930899,1016.6187369717842,1016.4848215826811,1039.3425608308671,1051.4397156403234,1081.6868471428197,1087.789011729285,1097.1476243830773,1096.920180244693,1108.8935012419438,1096.5905401117316,1083.545810269553,1085.2915256046588,1103.4891532474633,1114.827511242718,1108.7635177278828,1109.348127360245,1104.4232722547304,1113.8733852694168,1132.4214587632243,1139.7136271849065,1152.4120623068256,1147.288129337265,1165.6724036227622,1176.2933163121731,1178.4762002966236,1180.7659703739275,1186.0924041618596,1189.2323236835757,1190.3392446391529,1191.846501082243,1186.226985566581,1192.1043793130887,1188.261016631399,1205.051282051282
395223,298,"Wichita Falls, TX",msa,TX,662.3975710550715,659.7543714807546,666.1069963850584,666.1256568283824,672.5956122895752,672.1667714577792,678.3037349276636,676.7457628287506,682.4813886625091,676.6647711258405,667.2728963395886,663.5771103792382,666.3142862221603,673.019044496717,676.2399629804945,678.3681748390873,681.2550740091975,685.1396032064146,685.0743448771467,693.161605260532,695.3643905227633,699.5990251474657,694.8800346499444,698.0239152502859,701.57727180872,711.0654417568395,710.0641480343587,710.0543713933358,707.529154806534,704.505420690002,707.1820617087278,709.4930508332191,711.8517666298848,720.2249228990939,729.8587355559423,737.4882865518764,736.673486117792,730.7089534439999,733.9980378037758,733.6215717014559,732.2005671548385,732.3251230059797,734.6246038900521,741.3140373446546,746.8810896013058,752.7409389245918,758.135639989084,758.7718927387085,756.7681402265047,756.6295718414534,760.2854477395615,766.7571940270614,775.0514284578995,782.5884143650313,786.2860352102726,785.3664715414935,786.5897493865377,784.7748072776382,785.1464911504945,788.8927948822687,798.9844926855301,809.1332795461298,811.3478290759389,814.8587722736014,818.6057047113682,818.7267106129243,824.7971272088593,830.1387468828119,841.0017125123982,842.8134245326537,857.9014844828077,864.7569377605548,883.5823874302758,882.4283784890205,885.867054043347,887.4570215761817,894.1421946883858,918.9464468002202,926.5296155317727,937.4323379952323,940.1153591833636,955.6974151466576,962.4217880741089,968.5147338762314,977.25555773611,995.1651356610106,1003.8061209295172,1012.3918225585088,1025.1154392392352,1033.820956729208,1039.0238246341378,1048.2117314105108,1056.0916180370496,1060.9334496660979,1053.561710757725,1049.6278447451098,1047.875588788244,1055.3492183346016,1068.8561556928425,1087.6702537388041,1082.3032208755437,1083.0519274059645,1087.6339069014552,1092.9107791044455,1099.0289682231582,1103.8421775463953,1112.499894324851,1120.119197065991,1114.554325325969,1119.1012392026582,1116.8477904085325,1112.5620578563319,1115.4610348332778,1122.2409453718374,1132.5026588426238,1140.2837976495694,1138.7466738283322,1134.5469335112778,1140.94811137251,1146.4263871519793,1159.5979918767823,1158.674237473106,1161.6001336852537,1163.3667789386209,1170.410684443452,1171.5637093429634,1169.2671891271445,1167.5674281253416,1173.0304348070129,1181.2076318742986
395152,299,"Texarkana, TX",msa,TX,,,,,,,,,,,,,,,,,,,,,,,,,,,,,,,,,,,,,,,,,,,,,,,,,,,,,,,,,,,,,,,,,,,,,,,,,,,,,,,,,,,985.7524472712913,988.7495614727959,1030.512126802204,1023.7572212135283,1041.0874620215368,1054.7340521529343,1066.0069940896508,1082.463332700374,1073.2397695863956,1084.3781111444257,1094.5820055904765,1103.977922178611,1099.0055122348306,,1111.4565759634927,1120.7180427837147,1116.1034987261366,1136.4488249718866,1144.0370650689713,1144.9745401286336,1137.4027367821943,1145.6575289977845,1153.704684488136,1194.8476142888028,1200.1563813014177,1216.6138422648437,1194.7721450084973,1196.6667214475087,1189.2482250952182,1193.2964513405732,1204.043733868882,1218.6004402208512,1227.5287870522222,1223.6053842571398,1215.1890392724956,1215.8404828862167,1227.3743318998595,1224.5528045837234,1243.6246934317967,1252.3479667789625,1269.8407517515616,1266.4039682581154,1264.2806157527234,1260.457227796018,1270.1141727353001,1277.2263268657468,1288.5987248614874,1277.0261405261406
395182,300,"Valdosta, GA",msa,GA,,,,,,,,,,,,,,,,,,,,,,,,,,,,,,,,,,,,,,,,,,,,,,,,,,,,,,,,,,,,,,,,906.024816910405,907.9119077842495,916.6649165931286,914.3530406170546,923.8226884373757,931.2929076444342,946.7256262899656,940.6906878618717,942.7070604541353,945.0529812418251,956.9411068688161,958.2212707650526,954.8429517301332,963.7036345435965,970.1848414668921,989.4954174796468,1014.8480432757643,1043.3991614366178,1068.029706664861,1093.1298959323458,1106.8098394158274,1116.8468004103333,1126.8657398368125,1144.7161595060825,1165.1504820188568,1171.098319126159,1181.6483293276565,1186.7664622047428,1189.9216061380498,1178.3290095712741,1158.2651560199906,1157.616889357928,1167.7204632231437,1167.2770316626752,1167.9350732689506,1179.4575021068063,1190.465396062209,1201.658195366626,1197.8272205555745,1208.9098890860623,1205.1975307611938,1219.6614389819442,1232.269800305496,1238.7287587941548,1234.1179739339507,1242.171672503137,1249.31453040835,1252.866806325797,1251.1462555968947,1255.0770578904646,1267.2021565776963,1271.631000174458,1279.6818055987028,1280.5688836096856,1290.8824558192296,1297.2405298199556,1308.9968092357979,1317.084755843805,1325.1515507859149,1329.2252908142564,1337.7166310800258,1344.5297525593303,1352.0284727848416,1358.937533804604,1371.3238991985645,1383.2962846534106,1391.0631578947368
394800,301,"Logan, UT",msa,UT,,,,,,,,,,,,,,,,,,,,,,,,,,,,,,,,,,,,,,,,,,,,,,,,,,,,,,,,,,,,,,,,,,,,,,,,,,,,,,,,,,,,,,1215.979415312155,1226.2588280892742,1247.5187263540595,1330.1349751488774,1341.1688406460742,1355.3749589121326,1357.88128372343,1359.8289283869738,1349.7389930956772,1371.1935892979761,1419.4208635935033,1446.266413855545,1419.3548431787965,1391.1924713623935,1370.3799128556832,1375.2528384257623,1371.55641754783,1377.4130687200586,1391.3643585387981,1388.9803187067475,1387.7733279839472,1390.5230309721449,1406.0525622312791,1406.358793972135,1421.437495502669,1424.500447564406,1425.2934774795153,1408.0356444221343,1411.9605026910535,1408.93615034173,1422.4709001761648,1435.037183942012,1449.610788136797,1442.2538726529235,1417.2401121548135,1416.0649085667872,1431.7782409753381,1450.2841866578055,1463.9104758413769,1467.943092847171,1472.388426135793,1476.8082551418122,1466.9546018481383,1464.677909223872,1462.3499245852188
394595,302,"Flagstaff, AZ",msa,AZ,,,,,,,,,,,,,,,,,,,,,,,,,,,,,,,,,,,,,,1347.1974391665344,1379.4705006074446,1412.7378653803469,1403.5050429628795,1405.285899533755,1423.0614442043043,1428.2567348566695,1426.446855423571,1424.7300738726442,1436.6293083708576,1442.9230971714107,1444.826902050539,1440.9811990365247,1440.8626719784795,1429.1139137584428,1442.2397518712064,1436.5844258292486,1436.7592763764155,1443.9660167643428,1456.2772242358328,1467.5931086242042,1480.454961576056,1495.467042238495,1516.3337845903816,1512.9229135199573,1492.9770643409067,1490.0630512562027,1498.4420056895015,1517.3624839958711,1537.8680032993384,1545.208279181118,1542.5667134615617,1553.908207141974,1547.3776532182849,1568.0349757741794,1580.8030294316193,1616.4192117302257,1638.6424015239136,1657.9362712575473,1669.0700045263745,1691.103195860531,1703.1610085930859,1728.0028610250267,1768.5422729330405,1820.7697308911293,1872.676790714876,1909.0285990923373,1954.3221858256964,1960.3189200947375,1959.2697768051994,1958.6186027203294,1971.1794238923933,1976.2306162828343,1986.1506314737262,2003.6631474307185,2041.545830570241,2048.9793613597276,2056.3718107829873,2018.6013420876066,2002.2725028725617,2007.8867181917262,2039.9040625574996,2063.2605843309,2069.0418700978234,2081.8858707166955,2100.012699638881,2116.992580136147,2098.079828706999,2080.528692110823,2084.0408799266065,2094.889876707183,2099.288876538644,2095.107370162606,2109.2845345693718,2128.704487493432,2132.7814173363895,2133.489241979747,2121.1147313257115,2112.3226551763764,2118.164360174087,2127.6888438149685,2126.693559374078,2143.93784700977,2154.2388903919054,2167.404527073667,2154.7631546798357,2142.5467797016013,2148.2769362427825,2154.771750564784,2168.3431572474346,2178.2475901111766,2189.6981411419474,2203.998015873016
395036,303,"Rocky Mount, NC",msa,NC,,,,,,,,,,,,,,,,,,,,,,,,,,,,,,,,,,,,,,,,,,,,,,,,,,,,,,,,,,,,,,,,,,,,,,,,,,,,,,,,,,,,,,892.7775649419692,902.4321246500534,923.8781799843067,919.530826597604,928.7882787158394,948.1047446517041,972.5365643692453,978.8796215856238,987.3147865529149,989.3867262004079,,1021.0202612352576,1028.662508931471,1024.7121695671838,1036.5723410348992,1046.7619686601356,1047.2235437536522,1039.5275453933098,1037.7621000207944,1038.0486144250494,1054.1763052073604,1069.0044546611127,1055.6965177309564,1064.3193021435038,1073.6272341202814,1094.5885808836242,1088.6858251900178,1089.2713991545254,1093.491954971023,1112.8100858517175,1120.4366866710316,1132.3480101326395,1128.4045848833005,1128.4894646742098,1138.647824256214,1145.3934299960745,1145.671974731648,1143.7757027240445,1151.5738932898564,1160.5384412076535,1166.9149910826386,1162.9375015706687,1163.9445313438337,1164.1164463116486,1167.5774572649573
395000,304,"Pottsville, PA",msa,PA,,,,,,,,,,,,,,,,,,,,,,,,,,,,,,,,,,,,,,,,,,,,,,,,,,,,,,,,,,,,,,,,,,,,,,,,,,,,,,,,,,,,,,,,,892.1491608781195,893.8831315105482,897.5263896370867,910.3378963163276,907.369257380919,902.3443125347346,904.1047675493144,899.6603929585542,914.537389364828,933.0391850470587,939.1767987333916,949.5420377818173,953.3977728969829,973.3230013205111,956.0408664995507,958.1206859133019,960.8666882930444,975.2273281566158,985.5354128240198,992.0504247047445,998.5927761348137,999.1808413196577,1002.9915799614371,1014.7379744524624,1013.5021233415276,1014.6978676789329,1031.9124910155729,1047.4776421482975,1057.357532352019,1063.862683729596,1070.1955560144897,1077.7374128385723,1076.382244706908,1082.9205234390938,1090.0376150206437,1087.6979983335311,1098.7234328867132,1102.0335099097324,1111.0320096959636,1108.5017077639584,1113.006222245295,1113.8267195767194
394515,305,"Dalton, GA",msa,GA,,,,,,,,,,,,,,,,,,,,,,,,,,,,,,,,,,,,,,,,,,,,,,,,,,,,,,,,,,,,,,,,,,,,,,,,,,,,,,,,,,,,,,,,,,,,,,,,,,,,,,,,,,,1436.0391024766445,1411.6914615559588,1432.1046426566543,1428.8356927072002,1448.1218731812246,1454.7587900017893,1444.470083044303,1459.0733610056445,1470.2105993148552,1486.1703768601658,1490.1151397589892,1517.8007087142053,1480.0903106351495,1493.0054034083334,1469.8227817128682,1492.7405781314985,1490.9354681031634,1496.3661108543674,1505.4724476815397,1505.378766272457,1514.4455574238789,1533.8407181799423,1534.4923886739737,1530.4035409035407
394783,306,"Lebanon, PA",msa,PA,,,,,,,,,,,,,,,,,,,,,,,,,,,,,,,,,,,,,,,,,,,,,,,,,,,,,,,,,,,,,,,,,,,,,,,,,955.4389313151803,972.8688470457787,972.7928254306028,982.5074083243494,994.2318731098646,996.2781498329207,1006.8424696468621,1016.2215813070582,1040.3806557415462,1060.37937075342,1079.5225840596406,1071.9541838611303,1074.6124068860565,1065.050484422307,1078.892978810543,1097.9982123991633,1127.9132227855591,1140.2770147966771,1137.4252375254152,1140.5523878527463,1140.3515683750857,1138.2113211382978,1146.8917922331232,1157.6222736566701,1184.5521526774482,1188.902679877174,1205.8936286584733,1204.076150341793,1192.2123097508065,1196.189189449017,1214.7212204188731,1227.7634672564254,1223.3454930060052,1211.1097893133967,1215.6420261882308,1232.2289462917183,1245.8181773119775,1266.2739261428228,1260.4690817836845,1269.728230058177,1272.5216416093813,1269.0772989802392,1256.1174006494145,1256.2922979773095,1281.2542806617146,1313.5864998334623,1317.4687215922897,1315.7677427184165,1306.1942969003715,1305.442215213633,1313.8639481591606,1318.353754326993,1330.4091847138839,1343.378306726832,1359.1650606315113,1365.5626217547676,1360.4071337130122,1353.8095238095239
394880,307,"Morristown, TN",msa,TN,,,,,,,,,,,,,,,,,,,,,,,,,,,,,,,,,,,,,,,,,,,,,,,,,,,,,,,,,,,,,,,,,,,,,,,,,,,,,,,,,,,,,,,,,,,,,,,1301.7216517508168,1297.1225841279447,1310.121476200946,1331.9032440367203,1374.8848127884667,1373.0146427726165,1359.6331395322077,1343.005908261888,1342.170993123216,1375.6351563733895,1384.6725620392324,1408.5600639722713,1410.8312612227915,1448.904125944873,1466.8876817130201,1480.559804702009,1453.862152531548,1454.4937082895262,1451.4789909364174,1484.8252900045425,1484.6917397562406,1497.0487610744738,1488.0672087688972,1482.386868940693,1489.9652610737528,1472.162816597606,1470.5225480613567,1471.8124050803797,1491.8520261544202,1508.723244157832,1528.4832444660938,1526.8821704536806,1542.3226210787918,1526.5144084456167,1542.3831480457604,1550.361111111111
395232,308,"Winchester, VA",msa,VA,1038.80757091708,1043.224164470713,1045.4095780986054,1041.6574428721894,1033.4005342162668,1033.4586803416012,1035.88703365698,1050.5307819268016,1044.6520931186933,1040.6396022779809,1038.413392877961,1053.3568957763491,1051.769252401936,1047.0711761809318,1041.8048073710129,1049.9457703207627,1059.9897488009742,1066.86364043413,1072.3136874006261,1071.9434285214943,1070.9964093320445,1074.740156531919,1074.6404158822354,1068.731346842058,1069.1024709204928,1074.4985746147856,1080.5484034037372,1079.7276171151793,1086.7154764040126,1093.521983257801,1100.513342373173,1105.2863483858775,1110.5152598734203,1113.3694532035736,1116.0069441644175,1121.3034687440704,1134.934178227484,1140.4801784499166,1147.697121870405,1144.6784101488715,1141.999158925776,1139.9430831981638,1143.094414157885,1142.8745465901977,1146.2534661475288,1149.5017687738116,1157.3258442928584,1168.071721640581,1168.8278219910217,1166.22768905047,1167.8477494061935,1178.0182031316651,1183.8757086046617,1189.8961298537376,1192.1446833027057,1199.0450635681516,1203.6200580546772,1208.4954564464772,1210.7007863948172,1210.1884263236702,1212.5750138405351,1220.6745955292404,1223.3010147063821,1239.664906875768,1241.333781591734,1244.9158975817754,1252.1517064809866,1261.997729905004,1269.4134601549106,1282.772962530377,1279.3041603307702,1294.1049172697356,1306.2752245392387,1323.5659218882101,1333.514036208852,1320.6213939347554,1343.3461483840863,1361.3715926304096,1393.0447198342679,1401.6212545347287,1429.0426183877025,1449.145719196332,1464.4903828768395,1471.4050069234754,1477.8842975937212,1488.8138234661687,1499.306289490269,1526.0966721549823,1535.602612033618,1546.1443786317448,1542.8543599351297,1546.5534107057717,1552.021448741179,1563.8668730635704,1580.0692835156926,1585.9880863845253,1597.7836322869498,1604.983803861031,1610.9132802491824,1610.0604491385159,1612.6797746510913,1622.4455077968917,1624.3053438987783,1636.9528239273404,1629.650978467149,1632.3973668885162,1642.3722109424211,1646.8425932385596,1671.635515289215,1667.7208677243152,1694.1032618366187,1701.50725708654,1724.568230323094,1726.9174450161515,1734.3919769758818,1731.4383693466912,1741.023749647268,1754.6562145296214,1754.9287647605458,1766.3228411369741,1758.7330252855,1775.337255618296,1768.8831830299314,1778.1997224119873,1776.189005798821,1786.6173253393931,1799.7011976016622,1814.508395322198,1828.8164052834904,1833.7513227513227
395221,309,"Wheeling, WV",msa,OH,,,,,,,,,,,,,,,,,,,,,,,,,,,,,,,,,,,,,,,,,697.4837066698549,681.752672854833,685.3883423032278,692.1156586756487,698.7778203943847,708.9632600326515,723.1098889183766,728.1335350473155,717.7941025263301,713.734341813425,706.8322192670598,699.6832239396605,704.8304606960496,705.6176659852064,707.7659091229947,706.0353916546535,702.7819978798204,705.2564691019086,707.1495436042297,717.83323564923,719.4711767669413,716.7730981013589,704.3627397542099,698.7652755122004,702.5291549274763,699.2922109235246,700.3294858779059,701.6994040495226,703.3794123215663,704.2291417360849,695.5474686309051,692.381207504998,693.7298003286732,708.2733356107605,712.3148785885325,720.8638208005965,709.3561430945002,710.2249314577367,702.9299481116647,714.5359987857761,715.2299547772956,719.4338003879493,724.6423705780405,729.1967995970133,728.3375258815151,715.536931836654,718.0703870192636,722.5129757081037,729.5942610430266,729.0949844222192,734.6166877084311,735.0257418147007,741.2144763633138,745.1227120925345,753.147123375995,759.7838186846748,769.1301669743898,768.4576394495899,769.2406069507981,764.7121549247825,776.5741795924177,773.7650418674649,775.7911852883589,768.0279169060665,773.0342939503081,771.5588804415004,778.3729954481272,784.6540881881712,794.2427678873845,798.1159829844227,789.5033201700809,794.0346353600277,792.4974642988778,807.4553838395743,810.3642456793017,816.4249213057498,801.1853154166989,816.3349105260896,812.5411454199595,810.3691017811465,805.807048619637,812.9872219527065,826.4438601435613,832.204114957575,834.7575900651128,833.1588983556908,837.8784987579224,846.0069692060491,863.7562966914259,861.8988095238095
394879,310,"Morgantown, WV",msa,WV,,,,,,,,,,,,,,,,,,,977.6249057230524,965.4608958274429,977.8376493740969,982.8359399805374,999.3101367346026,1027.2161250428685,1034.9517704623718,1033.1678171384115,1015.0468768880546,1011.2971748940591,1014.8956514676947,1014.707096361435,1020.9764623989606,1005.0428136249378,1001.5013368354704,1002.8198608103672,1014.0323865601681,1032.3839787114816,1025.8979561859264,1023.43349692593,1011.448553825654,1013.8221748400838,1017.1071895331446,1017.3153734230616,1011.7663857690497,1019.5081051345699,1034.3977026082332,1049.33841306208,1045.4034915839889,1032.807467010143,1019.0940879500508,1023.4255313327633,1032.3212948035477,1033.0036751912933,1033.7688897343544,1041.1278590950026,1050.0315379274878,1059.046659553516,1052.7803932762497,1046.0890456500033,1047.1935448323852,1050.7396134810226,1070.301894836286,1076.9476714414554,1058.50363686627,1055.4882305664173,1054.2157724332303,1061.3768321876962,1076.8246419071945,1079.7778646244458,1080.2503941002583,1087.1999133492225,1074.8357899411906,1091.28632526657,1092.417340485289,1115.9613430466623,1116.275167796638,1126.6716896402643,1136.5488273079375,1138.7151318008673,1124.2833572755335,1118.8247862497903,1121.0258624530748,1136.3633461254242,1149.5534442500339,1150.6346697257186,1165.0708785043328,1167.688764688659,1184.6660739748347,1182.822969978147,1189.9773458500106,1195.7205421972571,1203.522381090745,1210.386609911654,1223.847072728064,1229.5484620116185,1236.6780949959193,1230.1977257426672,1223.052302570064,1233.1299430026174,1228.6317998433583,1238.2420564612287,1239.819564059319,1246.1357119911422,1255.0496604714792,1260.067400663045,1269.1747384361536,1266.9079248577125,1268.0141990511881,1269.266098483912,1277.037747202797,1277.9083778099553,1280.647729612993,1280.316141002735,1282.0585145962666,1293.901565826705,1297.3395345577162,1308.4324683072991,1305.113895166713,1308.5407376958838,1312.9824029835158,1325.3512157130378,1330.302595220726,1333.4362235034591,1339.6732579556121,1344.6281566111854,1349.819699324389,1344.931543527137,1345.1683484761568,1341.0431758891734,1344.160219842531,1348.5694444444443
394756,311,"La Crosse, WI",msa,WI,,,,,,,,,,,,,,,,,,,,,,,,,,,,,,,,,,,,,,,,,,,,,,,,,,,,,,,,,,,,,,,,,,,,,,,,,,,,,,,,,,,,1008.5706200114292,986.1915454635176,998.779624407069,1017.1169988908696,1045.8044578475383,1052.1768201105524,1052.9246293062497,1068.7524991692255,1080.9642900939377,1097.2284793222589,1097.087542508133,1101.7194849583002,1114.5941429934564,1129.105005934061,1145.1540137530637,1140.745804329628,1143.5723044525319,1149.6530561863244,1159.1047998692984,1158.0127944694314,1161.3477068993354,1164.2253921405113,1172.7761660752533,1169.2438323898482,1166.130465444799,1171.9146816743205,1178.781369262256,1192.1354264650402,1196.8842950986386,1198.0845169578997,1203.2010010915603,1204.553858662482,1213.4114551518633,1219.5771578853617,1223.2207949144042,1234.0859354299544,1239.696000063048,1244.4076265777223,1240.1980419577956,1239.5148588656914,1239.141243443366,1244.07174638541,1244.852868341307,1250.245059015141,1247.5230519031954,1245.7330277163185,1245.023554876496
394900,312,"Napa, CA",msa,CA,,,,,,,,,,,,,,,,1971.1435316493933,1963.5866192298545,1980.0759933673787,2009.6014886140704,2022.629891819559,2013.5565659299575,2003.5322389729265,2014.5372537471483,2034.5670941746398,2042.4091172916992,2062.4721168372957,2059.6034771984905,2071.217001644378,2071.5214395872435,2079.1574604806883,2079.2340476397603,2075.4318136706925,2070.3194415963526,2105.17395656945,2145.987229251979,2195.366940276637,2203.8907741767084,2202.4246414804024,2183.733219128056,2197.0007537710003,2207.9084857085345,2231.879190921954,2230.5164278489983,2241.425702427306,2242.1735917721285,2239.131053368243,2220.000389238935,2225.4237524449245,2222.252992208039,2251.5105358869714,2287.1995446529495,2293.447171239646,2302.470198301159,2292.808923330389,2302.473937637636,2306.745063066739,2320.7181732221634,2317.4354305021016,2317.7785452125145,2292.238134290487,2294.6886948111733,2272.7431529661408,2344.988109118899,2331.2928112878535,2343.417267631272,2336.445491975569,2345.163077474062,2346.79154490588,2380.4944338960863,2431.2666886176025,2459.936050483681,2477.60448927325,2465.962246155182,2466.9390938686493,2442.3585392376644,2437.774936036368,2458.5790873205747,2486.036506145789,2531.4119783881424,2574.94440107118,2600.0525867408905,2606.9356557546957,2616.3660001543712,2636.1598009217687,2659.5309257132185,2660.895786323608,2686.4214688708485,2727.3406317121094,2759.8068979628997,2776.2201105402987,2789.6176781122836,2776.6828778202853,2773.282449143222,2751.3647579256053,2757.5391365076007,2768.029385774729,2778.004194503732,2799.342409648444,2813.628766562423,2845.195272484203,2828.511657007329,2818.377060108912,2781.616502498548,2790.563917622358,2799.259014553674,2825.657837891389,2819.267052515628,2818.927776906431,2819.8468528091125,2840.4052331535145,2845.8963529753078,2843.3093465685697,2852.4613054712504,2858.8601760402844,2871.282093306712,2874.3821549521094,2873.906723838867,2874.534703001178,2886.1361804936073,2888.5490329041386,2890.0885854408775,2874.7410121348375,2870.2554663675505,2859.663526892387,2863.7232866215054,2869.167653431236,2882.1840018193097,2884.953281663434,2888.5770953794745,2886.32128982129
395013,313,"Rapid City, SD",msa,SD,,,,,,,,,,,,,,,,,,,,,,,,,,,,,,,,,881.729280470645,885.9510365176677,884.5941658733772,896.8509389272174,890.315189113538,894.8395686287951,882.8605428335113,893.9453859699884,885.1888621948327,893.7829503324277,893.8102264234412,908.5680009446465,916.1711284874178,918.9182412854941,918.5360984693409,908.5715034732514,913.5301593756386,910.6901228610753,914.9228748504675,904.1999226704487,911.795384486151,911.6017452700306,917.9183788575775,909.8182925219492,916.3225662944917,920.0128239936389,926.7741210510749,934.7341006624251,943.3228242040256,954.4848934687345,936.5696451992283,936.5461433369032,937.5736122753884,943.23787660822,945.486730951177,951.3244742028447,955.9352510024835,955.6477391008332,972.0473932844906,974.2014323090539,994.7478349308141,997.8427374156912,1012.2923277034758,1015.1059778242986,1021.012720991885,1024.8162897760021,1049.8494128287684,1062.3872455689084,1079.255156770633,1095.648791010172,1113.8995296922303,1138.7307307749902,1159.9639132905675,1181.1053091816373,1203.4302141859635,1224.107399677412,1241.9303840845748,1267.5272783280438,1265.0016246728421,1279.3600414320024,1275.5880482449663,1282.9159133740707,1262.0863284146021,1258.2921441979686,1245.6014596751256,1248.6303029080498,1240.9687071741168,1237.75526314893,1247.7256418627164,1245.3883338449582,1251.4541884592443,1250.044017580308,1265.6963014246103,1272.0528410892027,1283.9237155607464,1281.4974776510633,1282.4955005675586,1284.6589815442032,1283.9219794875235,1294.1676628272235,1296.3207499547204,1304.99672287713,1308.2687789884983,1309.5601095036475,1304.225147233128,1301.814884368898,1308.88371724117,1317.491796888768,1327.5159765782262,1329.2163968587224,1337.2825456979688,1335.0688881484014,1332.8059767111117,1330.009956253586,1331.9788244658996,1336.119282552244,1340.0980427563393,1344.0142066085693
395139,314,"Sumter, SC",msa,SC,,,,786.867456559879,781.8335770346603,770.3816823606687,758.042050475332,752.4581307828159,754.9171665605373,759.7552877114437,768.826043142485,780.5276109184755,788.376146039986,791.1786821311841,789.1383473783211,788.8350102094939,792.2708203901608,794.0671841019735,795.2410650545759,796.7959766619638,800.4166332760767,798.3802892748955,797.9701830133457,795.8915490547538,803.3418177870064,804.7948723821528,807.7928709734649,809.3599988190172,813.7016477060383,819.3120767070919,814.9514704381253,817.1204365561036,817.37915312499,825.4218811530598,828.0744932517683,830.7325697621728,830.1225385591728,827.3712499212616,834.6044044546748,841.0125237138077,847.1254636209296,846.070016545201,851.2679068713045,860.4486143577838,865.6533972716762,868.972939498877,862.3524215850215,862.2403177275354,864.3563948431972,874.0362169067331,873.061697566131,873.4821689075226,872.5885493733202,876.9077992817233,881.7626395620465,879.5094620312414,881.1307959069991,881.5634514498902,892.1331439729495,898.0318776878232,902.0672684975314,902.7603302719599,907.8461810493466,914.4009657821197,919.0901467220341,923.1355813742932,929.090408752009,934.9009009127998,934.4513718867885,945.1214805755658,953.5714124262001,967.7631141941634,967.4538746841519,970.4834650326433,966.9398605950597,977.0250224268015,980.9635874614753,996.8304706679767,1005.8895864272747,1012.7986404909245,1029.1736879377124,1044.9730826865482,1053.9632110134894,1049.7251109553747,1066.2564574562327,1079.3285920528394,1105.0620483149216,1102.5879584147378,1117.843657163484,1117.9046890289592,1121.0492010913094,1131.8511465243312,1139.905354146082,1137.4021061123908,1142.3062209281004,1153.0632475911912,1164.1289933840665,1172.9589684634889,1174.614387482668,1192.9531746926352,1201.8201790150758,1203.0060093246705,1216.9236136748725,1216.3809120444284,1220.2680317082836,1221.9788724485975,1233.721284888088,1243.8110934415151,1248.6133864672927,1250.5009065843121,1252.0490122908702,1257.0271434309755,1257.2692999203223,1272.1830781011445,1272.0772221845828,1287.4797961914396,1291.2664436938185,1312.1370183471797,1315.334690364524,1318.8198864975095,1321.174661480434,1326.9713125357443,1333.43626960276,1333.620025039617,1337.883865842711,1336.4684081995174,1338.8625015663808,1333.612459708837,1334.2680890795068,1323.9120370370372
394577,315,"Eureka, CA",msa,CA,,,,,,,,,,,,,,,,,,,,,,,,,,,,,,,,,,,,,,,,,,,,,,,,,,,,,,,,,,,,,,,,,,,,,,,,,,,,,,,,,,,,,,,,1466.2360159834184,1458.354345085132,1466.8185501116584,1466.8501994815622,1496.6822102969625,1492.989573405906,1510.6508867415378,1501.8049092524152,1542.11832309362,1552.7496751299564,1562.6870710672831,1511.2024249982237,1510.2097119088824,1517.5879234814297,1542.3648935384697,1549.4620525534797,1556.7315099581285,1550.5318510970963,1555.9725517517272,1552.2681104645303,1547.6214510280806,1555.799377098738,1558.2668132827773,1599.6892231065658,1606.0324045531413,1613.0903555974446,1597.9777674789414,1610.628460363658,1601.0692630384133,1608.4153632334737,1599.6898437977882,1617.0608959736949,1620.228470932811,1608.0834325364222,1609.4260887150735,1602.9890428187246,1613.7258832276286,1619.3948676470739,1630.8647499042079,1632.3020542932127,1645.1884835488852,1658.625373027257,1677.1198409433703
395117,316,"Springfield, OH",msa,OH,,,,,,,,,,,,,,,,,,,,,,,,,,,,,,,,,,,,,,,,,,,,,,,,,,,,,,,,,,,,,,,,,,,,,,,,,,,,,,,,,,,,,,,,,769.4523139024303,784.548556547463,817.1746382890241,820.3496791284283,819.5412707938732,820.6785607868388,,858.6515275820909,853.049099377179,852.7708209237758,865.5192679602741,884.39917958905,,899.6642328866448,888.874299744218,895.8351602944781,907.1495456564929,953.7949348585478,950.2098217991435,961.819597254816,947.0617585285503,975.5090343364026,974.3229952890189,987.23160698877,963.3475237062826,973.9611489333118,993.8029499266302,1017.4438653753922,1042.5913917911541,1013.1850007445257,1028.5851903254347,1026.411069898105,1052.0730351822929,1043.933354313147,1051.5728793397755,1049.736458220099,1069.785997499985,1075.1145178377503,1069.0057262029259,1056.3088262495007,1040.2413902975293,1046.1011904761906
394668,317,"Harrisonburg, VA",msa,VA,904.6606715267019,910.4443428836156,910.4365284771388,898.2514770969029,903.5893040500522,909.8916734766203,941.4160284863195,944.3913518948315,955.2230328054017,944.138272554723,949.3666727032646,942.7858701095148,954.639183241186,951.6060222982825,959.445993340803,963.7754254928276,969.217926284499,972.9215539456139,963.7597861324554,965.2921772070455,977.3698826303167,989.0415456001892,1013.1400812129939,1012.0362516178757,1024.943845645913,1027.6861170301136,1029.7883840293864,1019.5035226061344,1021.7570114228921,1035.3442497801066,1057.6011801202887,1066.0122067328741,1055.9134643609868,1048.552375198268,1021.5393588251434,1038.8853938062048,1036.3295469583518,1049.9384782892516,1047.5437457060737,1063.4402062627173,1074.852724421701,1071.4203769624507,1061.1595371289714,1057.254100328279,1071.5709905115837,1091.356827532498,1109.7022104911912,1096.0820926015529,1086.9598435591638,1087.821133308326,1095.133438051257,1095.7053779478526,1093.3255785659385,1097.3050838533893,1104.46124959893,1112.594408851511,1113.1159162596057,1109.3187516931264,1113.5885523387958,1126.0312192283102,1142.2864790467318,1145.8436782497627,1127.4508758627778,1139.9839199833523,1138.4243018133664,1153.6519981884471,1154.762245869752,1160.2217774954036,1161.5942198241055,1177.1408404610563,1232.3228255107508,1256.0111484856243,1264.9204253726048,1230.2469578303974,1235.790880671935,1218.9140115798687,1233.444308302515,1240.5549198968583,1273.4656928145687,1282.4398783326826,1296.708663285359,1279.735423744259,1270.5604559799865,1284.5755941426878,1312.9613095776983,1337.1338236171168,1340.292150908266,1369.2007707579817,1388.1039366782147,1403.1773748219318,1401.0882339510224,1417.021534585167,1443.1257470868818,1464.6079761158499,1471.2661517236716,1450.5911690291248,1456.5847128827118,1489.010821267712,1511.4613398356457,1525.764046691915,1515.4404218990787,1526.838641720448,1527.3943284771988,1534.8016904699286,1525.080246146796,1536.7565908763124,1528.6814177191532,1545.4302728833413,1541.7576549126445,1553.2729485240395,1560.361418388813,1580.7117960651601,1601.9119238251064,1607.949785077832,1617.8622648641956,1622.7317004682068,1620.9755128214958,1631.0546681174364,1655.9828356793644,1670.5772488456225,1684.5048862409171,1674.173985019881,1676.3701313329714,1666.9087589732235,1670.620481908526,1676.3190596069155,1687.1034365488113,1694.5902701842567,1712.9104368928147,1712.2199520540482
394368,318,"Battle Creek, MI",msa,MI,,,,,,,,,,,,,,,,,,,,,,,,,,,,,,,,,,,,,,,,,,,,,,,,,,,,,,,,,,,,,,,,,,,,,,,,,,,,,,,,,,,,,,,,885.5378345987049,,883.883870664497,868.5889305695667,871.2502150989546,861.926965945617,866.4293551049115,869.2229431194572,878.610968864559,885.8006445946371,893.4891705972324,895.2878422748072,897.5868405603917,893.9645997166103,902.0568014162106,907.8207072528776,905.9697551680382,902.4192548107501,901.6988132607971,908.1053768967611,906.8519510475143,920.124780340975,924.7936254312706,937.9493716174782,934.7463411893023,933.3978099167629,929.7823238864676,931.2866265907762,941.4139121488645,947.1286480424054,956.4070811315222,957.468196480349,964.691717921648,961.5433570539641,963.4961068583145,960.7301614836696,969.2645560069852,982.8221839166023,993.2079681245765,1004.8879718686447,1009.7432606588479,1021.6759768686044,1027.002849002849
395094,319,"Sherman, TX",msa,TX,,,,,,,,,,,,,,,,,,,,,,,,,,,,,,,,,,,,,,,,,,,,,,,,,,,,,1099.3145437782666,1102.1483366667485,1092.891447784347,1099.4435007352683,1110.0546944764149,1119.294290477614,1113.2557698541857,1109.2489765693597,1107.7564651540524,1111.6462731457452,1106.187846051884,1110.2753543326464,1119.0215140875969,1131.1925922836263,1132.3259953152312,1141.3531704154027,1162.2842173396596,1170.7116912704316,1172.2949961688678,1181.9866911770632,1199.958265546277,1219.4162641831422,1232.7154856007585,1234.3686858948965,1244.0953299944108,1259.6192923218716,1288.602851430125,1286.9482043642254,1277.0905243537493,1281.656690289378,1306.4355765703701,1319.2351631401575,1332.446374000738,1349.5891794476045,1367.4557822433478,1382.6872683165407,1382.8395704667812,1386.4528589343147,1391.6088733037209,1407.811116134588,1429.2988184895582,1437.5413969535002,1437.6270810978156,1435.5817643540408,1427.1843566321531,1425.4771506896866,1416.9950888295214,1424.2749900173333,1436.9814952805327,1448.8857534186561,1456.6638820585572,1467.0969931732786,1474.5702857166048,1469.2940868036355,1459.655739772921,1463.5677094753523,1474.607353575667,1482.569796770958,1486.7066584806742,1484.9728247814573,1483.9797282454144,1485.3008485803418,1481.1708853858358,1501.6744690021849,1484.068576202196,1497.3884885288014,1509.966675499057,1514.524327522329,1515.1800683028684,1512.9472904195386,1515.9085781041458,1515.466379792981,1513.7030706003275,1508.8622063860266,1508.5068724273158,1485.7119609359872,1491.2309064409774,1480.4761741906066
394821,320,"Manhattan, KS",msa,KS,983.3795186213451,985.7890223942886,983.6428421322014,980.299953542709,978.4488775043343,977.2460838078325,978.2718382319191,979.6473604081783,981.1518766454537,983.5333484415346,976.1545690599233,975.0336668927854,969.5185820368042,972.5971698632608,969.6251547740243,971.9653560188023,971.9370843977099,973.4945273356172,974.9579126779413,977.8394553044444,978.7697808951483,973.6344706050922,971.260973344684,961.9447571062155,965.286321072737,966.0407271817069,978.4641838037871,978.251137153888,978.5571391728035,973.5696358247708,974.3198382571615,974.2698365536166,974.9083853523414,973.7967588815495,970.3496544446027,976.9787397465874,977.6705414989276,982.9229836554489,978.3044709863906,980.602760071985,980.8798058632976,981.8246001404142,978.0818699817287,976.6540299181811,975.7414811035866,981.8186025308528,985.6747819467445,988.1877884624257,984.3173134112941,981.3798883384715,980.1987028494594,978.7747834825129,978.9858558777565,980.8069083449975,983.4006903472946,984.3487333817095,984.768236441316,981.6487383855057,980.8920764050675,977.6089921520871,979.5224636174537,978.8617308879734,990.0016717175283,989.4430363738486,995.3957774197664,993.7369046999627,996.5745595069559,993.9542264586403,1001.23250580063,1006.2932093459555,1009.2078652826114,1006.2502993126463,1006.3935248462963,1011.8685422627599,1020.0806330360144,1025.2978919042052,1026.9355851250143,1030.335195787346,1032.056227067312,1038.050651356944,1039.372127209176,1041.863564970235,1044.088604662928,1051.1299665469971,1057.7772426618603,1065.1211245803652,1069.0792331028451,1075.924387232015,1078.2185771040913,1080.0116218083622,1082.5046868132706,1093.0357597256607,1100.0168437027426,1105.3973300854616,1098.8016645635098,1100.5857124855675,1099.5525777636963,1105.9288126700494,1106.2068568778516,1111.1591078714837,1116.167041534768,1126.1648475275956,1131.026149342369,1128.3617969567104,1127.560513689633,1135.5454776211616,1149.3935799953153,1159.6814689466607,1161.5600775884661,1162.314178409788,1166.5453438267557,1173.4285472001154,1179.302258869195,1179.3996834318154,1185.410980284024,1194.4556548942905,1211.2747865018366,1210.9552399092997,1215.998644395087,1218.8306953760778,1229.8246580688542,1237.6694265487506,1246.727896334487,1250.8212309760445,1256.9348700078417,1265.1530519535613,1271.3162293803864,1277.116454486965,1276.8128796614103,1285.9389643036702
394442,321,"Carbondale, IL",msa,IL,,,,,,,,,,,,,,,,,,,,,,,,,,,,,,,,,,600.7895483616642,592.4275550352695,596.5784140987993,598.7679143871499,605.3589519522137,599.6394533446497,594.6429630437697,596.0013699571466,601.5199511578273,607.9606528824753,611.5917731625883,610.2090839276128,607.1608056361506,613.4449132576942,613.5656481343018,618.8118100854185,613.542074049217,613.2679090787508,614.2955043281665,614.4786518845102,614.8079909141649,615.2677442519062,613.0178303581112,616.0121045667872,620.3712419277402,623.9750950330922,626.6603439958158,624.6483483172908,629.0379943864962,626.9542823422814,637.2410283202152,643.8605468347048,654.6920169080192,655.1597428116888,654.0378591659614,648.114637675606,655.3308417417516,665.2701651269856,673.1559953945822,663.8493734682881,658.9908753110224,660.5268380826861,667.2692668731772,671.2989215894936,675.8625911399607,685.489792818155,686.4484120264372,683.4566287451237,678.5421349318962,674.5472124179324,675.5217290084433,701.2836709002113,718.1972766433237,728.6122659131892,714.2560487229878,709.852427591105,705.3283348767592,694.2457796023797,705.5334077325999,727.0443931501674,744.4755531650782,753.9639997930635,750.1730167640233,749.8451304966037,746.8228157445948,750.9269275332264,759.6852268437823,767.2681253907264,772.0310992192325,784.0610451974262,786.8792730410437,789.5316556919565,790.4742625621016,789.4093010239841,791.2993983811459,788.1241953678202,799.5593417223529,800.4478672302243,808.5405071079963,805.7428204406353,814.5675045700121,820.732055763741,825.9755351425063,819.4119277868402,820.2020735516521,826.203644190866,835.631118524904,842.1191425666335,840.4649421043861,844.6712704564045,845.9609420720058,854.2909557972972,854.9315257359526,855.2547006736906,856.2429437545011,864.3135815858053,868.7331309041834
394727,322,"Johnstown, PA",msa,PA,,,,,,,,,,,,,,,,,,,,,,,,,,,,,,,,,,,,,,,,598.4770095452654,600.7123603523447,594.1341845956343,587.7361249296739,590.3473254578191,589.4137322300127,600.5891565806538,590.0503254349481,591.3781941401684,588.2661756368569,599.353011208344,597.3132295047542,603.3383359619608,600.5773353238444,608.8707587317065,619.157156076379,624.6473859092172,626.1082906343103,622.1453153946138,629.663323904598,635.7804785721668,640.9593492359663,639.0659895516907,631.2955423292328,636.666132429853,636.1490494572973,641.229834495237,635.7844770408154,639.3032451028793,644.8847017356842,658.0749744667982,676.7264548410604,668.076996114187,662.8912132568312,665.3918894647923,677.3466587457978,687.6287754185557,681.1148093031512,689.4990269479193,689.7588443603174,701.9280778550329,700.976092049789,701.7677666036697,694.0800429913697,699.9144269739678,711.2768659602384,713.9847452640879,722.709912086344,723.2942928720098,739.1155105392768,736.5455345418993,746.979612352817,741.167787749804,751.3695038682283,753.2525387030688,754.7214004055234,764.5946864716385,768.9162291959714,786.8762898062895,774.4332328987438,772.9249146939712,774.8515585383672,780.6505159869736,779.5553300398661,783.1951286347787,787.3504861851791,803.0716695310404,806.1164767802805,805.5470565399783,798.1104985788108,790.5213870087343,799.7018150940158,803.8202478678296,813.5368755579414,822.9113647463807,829.8982469718146,827.8803395259685,820.3021516274302,827.3157742953598,834.5710286755905,837.9332465684867,847.9304800923696,852.5939618797581,857.2197721437535,862.1069400270036,857.4485290752051,854.4824812288354,853.9651737946436,860.9523585180888,868.6714254817786,860.4916666666667
394728,323,"Jonesboro, AR",msa,AR,,,,,,,,,,,,,,,830.0244807990882,838.5911809623458,848.2311815645173,839.863342323586,844.6121109142449,846.8681733705256,854.7485848458417,853.3330737931524,859.5943633926953,855.030174371123,857.5436055708903,847.5390419409291,857.120651314316,858.6731247611704,865.2253044214862,859.389737345172,861.1655578039584,862.5408795471965,869.3236940094063,871.7912627023359,863.1691778082943,862.1716352369567,859.3741486153746,867.5504169754101,865.8144076995746,865.9323802962199,863.3766816783594,870.1461017188892,874.0108553774037,875.798238483635,873.5627031264543,876.1570629562366,881.8677557880144,886.7736043735727,888.5401517796128,891.0405521825055,891.0663637181239,892.879172060487,893.9850783798321,897.3589134203236,897.2454680039111,899.78812100014,901.6676923478874,903.3805003224123,906.7163475068304,909.1614290384687,913.8353375853079,914.7049869359442,924.9228660887535,920.9035802623645,925.6879138408813,925.5600726724556,925.7572419584521,925.4739507568479,924.2887834542389,932.120207878028,936.0472074787506,944.8593393686912,935.074705448345,946.1295906972604,955.6217813387925,975.5800472662517,978.4038839656985,987.1250202514525,994.4368412661363,1008.8896272798163,1016.9548674728713,1024.3652010144012,1023.3327894877243,1023.9597000794669,1030.1779612071116,1024.4555335458872,1021.9657179304517,1017.6888918455032,1031.5079791472745,1033.5279306783812,1047.1512021292465,1047.7863379368125,1053.4945359648657,1054.2676454442214,1058.3587318788839,1066.392238021221,1074.115139705508,1093.8613946448909,1099.8612876534091,1103.9570168737657,1095.620955715605,1104.828049866651,1107.3674687582572,1110.9709044885587,1108.856928298773,1108.5256700659033,1112.8168652301129,1116.6440516431494,1119.9464854053676,1126.6217531403463,1137.2759376075273,1143.2805037139228,1148.071902881528,1148.179338637706,1154.0445111240072,1153.5403755021,1163.5445640227883,1170.2082450464795,1175.8229682109038,1179.389709111074,1183.0672318444308,1179.9504818079354,1180.2572635768324,1185.3349003415046,1194.324592833957,1200.7206287446197,1203.635471693981,1213.6317518923138,1217.4015790864155,1224.138888888889
394390,324,"Bismarck, ND",msa,ND,,,,,,,,,,,,,,,,,,,,,,,,,,,,,,,947.2480460234952,947.9388952735223,963.1465164556332,970.848144905885,971.2654821340082,984.9012324951455,977.7983761676544,989.2673249641966,973.3219703067764,972.6677406742111,969.3659771099144,979.1494157590986,989.0256419895064,1003.0337008445699,1011.3266626036337,1006.8625842174597,994.4248676824934,986.1333191731798,991.800706100467,1000.1369979126165,1004.7156194349046,1004.4566735920165,1014.6550973765711,1022.3467093391489,1018.8097655428618,1006.819093129451,997.4113939048877,1002.4515947329189,1015.5309190489343,1027.0324137540347,1036.143788636682,1038.0984604314754,1023.1654906274758,1027.1201508884649,1036.8877375723134,1029.355333698387,1032.1554239350107,1030.0275266841757,1044.775695418492,1044.2578291239233,1041.4674926056582,1038.4810018154542,1044.2875567181452,1055.2492915517744,1071.7501412841054,1070.9006479367706,1061.1611754543196,1047.1417198008533,1034.3154755323885,1049.112463493644,1061.6343665668162,1080.398925303005,1083.0276024405507,1092.287411183818,1087.5003411020164,1083.3002597475147,1059.5877377123084,1069.0214018185634,1087.9689043176413,1108.4952417793313,1118.7557438839044,1102.0357721251833,1102.6450796421298,1105.0193803692082,1115.608250164006,1135.6761730094886,1147.1102276874353,1166.085129744357,1174.605636129645,1175.528113605148,1171.295299956507,1174.7681594226447,1197.0218765043362,1210.2559434547338,1205.5652431190438,1210.3456210651664,1215.5140340476512,1221.3184608579015,1214.9921024894538,1221.228696801775,1236.5070705251933,1243.0620876896926,1253.300158134572,1266.6850551957962,1273.262642443207,1288.4078750879587,1302.106737495997,1300.2709124837465,1307.9333985944006,1308.5484943596878,1326.675912333272,1330.5334000329858,1337.0483855235884,1347.7033532517105,1356.2836556078482,1358.0357992264107,1357.8044577264745,1360.951234457806,1371.0460091463399,1387.8327505827504
394661,325,"Hammond, LA",msa,LA,,,,,,,,,,,,,,,,,,,,,,,,,,,,,,,,,,,,,,,,,,,,,,,,,,,,,,,,,,,,,,,,,,,,,,,,,,,,,,,,,,1046.5238326921167,1067.835791283911,1109.1159571441472,1118.792649471583,,1129.6293778055476,1136.2857360648593,1145.9948025397644,1160.882502095683,1161.5881423971712,1162.6367915893106,1148.8916315042661,1150.3905059319643,1147.3618986674153,1145.6379714829761,1140.261115184974,1136.2982202026237,1141.6000190634993,1149.2913795702023,1156.9119389186012,1162.6571874212693,1165.9181573349483,1170.9849749077382,1180.763554199709,1177.2491088446209,1173.570682532183,1165.4135024867685,1170.5052179258664,1172.7234073381464,1173.9634291180519,1178.5192750309268,1183.471844215634,1186.7604385436402,1191.811019957864,1198.1806659656127,1202.2223043547426,1200.9955904811031,1210.651679739297,1219.0761251897723,1225.2887774381386,1230.9654788701707,1238.0581318414038,1238.611882131162,1238.5088934365199,1239.7434738778657,1243.7968811008575,1246.1404705858686,1251.023359054153,1263.1525443510739
394983,326,"Pittsfield, MA",msa,MA,,,,,,,,,,,,,,,,,,,,,,,,,,,,,,,,,,,,,,,,,,,,,,,,,,,,,,,,,,,,,,,,,,,,,,,,,,,1139.2817680903984,1168.7235753902714,1189.920967985244,1208.816757625827,1216.4553263476257,1249.9532774244078,1257.923014596096,1251.520413593319,1248.4970202983327,1238.965269748125,,1245.6207404808467,1268.3636990090708,1286.1733312363579,1278.1141718609556,1290.0208896606691,1302.8907911073466,1342.2741324340013,1346.7813376535564,1343.5053384419089,1341.5660614616847,1375.4970024986267,1423.9884481054448,1437.1266242998229,1441.742467910409,1434.8892736692796,1445.0819280452386,1439.5412122801579,1425.7257586785076,1410.7107491217882,1423.1556525976105,1462.6665662372468,1478.2305958158693,1482.098951333179,1473.5590369800275,1479.6608296384206,1492.0174304115956,1479.8109160254523,1500.585863686324,1504.3075406193734,1538.7242409233106,1521.7286969881895,1527.2481010817605,1517.2679085657855,1524.7965425687262,1526.8270942618121,1530.5789070648445,1539.6911031762525,1544.1268468527314,1574.9745643019342,1579.1892121933902,1600.9984408797948,1604.2399032916635,1642.6686852024336,1660.0176750269904,1679.7619047619048
394890,327,"Mount Vernon, WA",msa,WA,,,,,,,,,,,,,,,,,,,,,,,,,,,,,,,,,,,,,,,,,1366.0180866127023,1376.8591329577162,1393.149307929168,1391.3493725645237,1399.520386812659,1408.2280493412825,1424.9367030272083,1418.716306318183,1417.1804052323498,1427.636843773935,1441.23738374078,1449.5943396961109,1453.3737602869278,1456.3998435294836,1453.6613053915817,1470.4648834657044,1477.392816338993,1486.6179268364483,1483.3468246829627,1489.2493673942108,1490.2877541623002,1493.3722201413716,1516.532519609732,1515.3309336741886,1534.4745998255999,1549.8952444951206,1576.183353950469,1594.0578716846755,1604.6311365265192,1601.1961013413993,1607.2318371774904,1599.6960411307628,1615.3855800969409,1623.8264556429656,1658.4742867812283,1699.6047499221545,1725.2797264045023,1738.412949724663,1755.7392440857332,1769.1060066146642,1795.3133660752558,1822.7909270433013,1852.929550946207,,1907.310683025215,1922.2731647763994,1910.328115817109,1908.4697344755173,1921.389875245102,1931.7517560918664,1941.0381384470986,1927.830178559034,1936.5351212030887,1950.179686348904,1982.0182236133528,1967.5277151003813,1970.6242122659128,1972.2836639217114,1988.228426298995,1991.395187697761,1997.7589766358794,2006.9001810596876,2006.673021592716,2012.940430102653,2002.8814966193538,2019.6170471114665,2012.6011440713107,2027.9529532636927,2054.294123787767,2095.2029109291643,2112.0804603748193,2112.8740697091807,2101.118974075869,2098.3782996023047,2093.959967513611,2108.531005424033,2111.905717566837,2120.4128985082166,2118.0303873961357,2117.670590716873,2109.506108193709,2088.8458635701827,2084.46827073457,2095.9250576163136,2112.5620684066016,2121.7092927671465,2136.4622984312346,2137.752538481056,2150.485617149794,2144.939571150098
394719,328,"Jamestown, NY",msa,NY,,,,,,,,,,,,,,,,,,,,,,,,,,,,,,,,,,,,,,,,,,,,,,,,,,,,,,,,,,,,,,,,,,,,,,,,,,,,,,,,,,,,,,,,,,,,,,,,,,,,,,,,,,,,,,,,,,,,,,,903.4276894422485,918.6783347005376,951.2443696942521,935.4581234906062,925.725848861562,945.1288172592249,953.3302687985932,978.6655596458711,957.4115763479066,967.2651931153132,966.351615782214,968.6111111111112
395153,329,"The Villages, FL",msa,FL,,,,,,,,,,,,,,,,,,,,,,,,,,,,,,,,,,,,,,,,,,,,,,,,,,,,,,,,,,,,,,,,,,,,,,,,,,,,,,,,,,,,,1378.9514024848136,1415.0267461993499,1457.162068398175,1501.668125306604,1508.2404008918388,1550.5703753408975,1561.4041728278114,1585.574215825912,1595.7449334204607,1604.6361723707223,1639.5386878592203,1645.4164028460198,1635.3641629734386,1618.2038313568494,1617.5054190610995,1626.7917107774342,1648.13045960247,1640.2592816265983,1641.6305625759583,1631.3607432372953,1641.8403289290845,1648.776934274998,1656.3413393696824,1650.5093198057339,1680.308416092414,1700.5788221567916,1722.2715913794932,1715.9773790170943,1711.5042557829454,1705.60246279716,1700.41994608232,1700.2280849917834,1697.4237632516392,1700.7190115198323,1691.7882482206717,1705.4127311976797,1689.3120003772267,1682.298077726277,1665.3000367199497,1662.6509960579003,1660.4356761641902,1664.5134248639333,1669.8937312884545,1672.1593110551805,1668.6038380194116,1661.69568627451
394307,330,"Albany, OR",msa,OR,,,,,,,,,,,,,,,,,,,,,,,,,,,,,,,,,,,,,,,,,,,,,,,,,,,,,,,,,,,,,,,,,,,,,,,,,,1198.224007901721,1205.9444792394079,,1244.0295021891168,1247.8857437902768,1275.6180984193593,1279.61757385158,1304.2642911925163,1298.279772104231,1324.9178054388751,1327.911447779093,1359.6569637990413,1374.9930031753881,1407.8147298499255,1430.939112800147,1424.953587844273,1446.7844756684485,1457.3717282642767,1483.7757290989005,1489.2743930119714,1508.3999203712656,1516.8375727044659,1513.5644390305229,1510.8379470740276,1536.1295007568099,1535.022717998267,1544.0433421478808,1544.3571717961802,1548.3459196890533,1540.9410508948401,1539.6838458195375,1544.7427025641223,1557.7186688431736,1558.5572653669947,1570.95050198373,1572.4878169555088,1576.0507770958409,1573.3278338003088,1575.7921227989486,1581.4801923187488,1583.1778791258844,1591.740348274289,1598.4356853539166,1607.9034628323946,1608.028819609668,1612.7057203708955,1618.704866117624,1626.0959913778465,1621.0558080873868,1628.9255138512697,1629.1804762001702,1636.014264763905,1638.1896081711996,1641.4729755525555,1639.6845689110646,1635.5324879444956,1631.8774703557312
394633,331,"Glens Falls, NY",msa,NY,,,,,,,,,,,,,,,,,,,,,,,,,,,,,,,,,,,,,,,,,,,,,,,,,,,,,,,,,,,,,,,,,,,,,,,,,,,,,,,,,,,,,,,,,,,,,,,,,,,,,,,,,,,,,,,,,,,,,,,1251.2346387243956,1244.748543218728,1279.0417884239798,1297.3711048626321,1296.7794580528573,1314.0214482440697,1327.5471500043056,1340.4143084861714,1334.246340866905,1335.4798089671456,1364.618159272183,1385.4166666666667
394780,332,"Lawton, OK",msa,OK,680.1236184505134,681.3199103728726,687.8120416532751,689.0042283767027,688.6838169932054,685.4985157590173,682.403495281828,684.7282009641854,687.0230332703208,688.0597174919624,687.6310647186283,685.8135812974289,683.7540414031752,681.5874285188281,678.3248536548285,678.843183073956,685.2125008928601,689.1827369088829,695.7968670980141,692.879343832735,690.3914611857078,686.8609507951622,685.4131859334015,688.9465502070098,692.7468153727176,695.1700147644978,697.1309018257787,697.1021061236214,696.1145748337912,696.5137246218072,696.2344501685529,696.6661207598269,696.7262482889033,701.9389410346914,703.9001776188745,705.9635599306536,702.7471477086269,706.4463557061123,708.8367133626344,711.2142031401006,707.4890775360234,707.447076579415,707.0670242214309,713.0126830031447,717.0291659908622,718.2031007564059,719.4227075338683,719.5937167023528,721.2673285117094,718.3215502242421,718.6316186328936,719.3729857378589,724.2504407264371,726.3607853178969,728.6954832623622,727.6197189800497,728.2824919064668,728.9774703042787,731.016512701208,733.0236995118262,736.5832555668493,740.8249756861668,741.6761352376019,740.153590151831,738.8558564868471,740.5204517131045,746.793144600575,750.704265876207,761.9731417812039,775.2870850818609,783.5738670973867,793.2414477642837,798.5224377847128,796.7326986987991,796.1992076155833,792.8016063764492,808.50404574358,815.1661065586625,832.4265905601992,840.2576606043172,843.2104694108504,844.6269764087859,852.7129786658274,857.0398682582234,862.2674529706295,887.0015721958888,919.2317183917127,950.9958417097276,955.3585646998253,968.7541399536167,960.7542404279818,966.0729376625212,963.3098445537638,969.9136886278644,967.2819420468221,982.8212125758677,989.8674174462734,992.2485675270315,984.915710222613,989.3035979296604,991.9687924422199,992.4531522041545,990.5166009406013,994.5351760700876,1004.2498048055327,1010.5400376420052,1014.2438778974255,1007.98009426845,1014.808820650381,1022.0818159193815,1018.7652862842709,1018.1490071059796,1022.0995710174524,1035.3983304514693,1046.1729502523267,1047.399632574195,1052.1289459338147,1052.9731718095595,1060.8412786939637,1067.6521499072353,1068.0883180912456,1065.9575166515717,1075.1111509270077,1076.4344363437685,1080.0370479809258,1075.3292878067202,1077.6168248022395,1081.329631679189,1080.7945489454269,1082.5251379038614
394474,334,"Cleveland, TN",msa,TN,,,,,,,,,,,,,,,,,,,,,,,,,,,,,,,,,,,,,,,,,,,,,,,,,,,,,,,,,,,,,,,,,,,,,,,988.3845123334821,995.4003790645176,995.0432095387769,998.1377262035736,1005.3687027564315,1028.0731917238008,1049.1672637811812,1073.4923473111382,1089.0809165702285,1098.2224053008429,1112.7407225065394,1115.9914196598388,1122.6569496380205,1124.4422570106108,1151.4202130112335,1175.1399738571636,1200.2239196773633,1207.5466435677974,1228.5155214708525,1239.7873742193713,1247.2226034281066,1244.665001115044,1235.101969165123,1244.0194422267386,1263.1382555639825,1284.3143147094895,1279.7167322841851,1283.5751311499957,1291.088887522343,1307.375005758177,1299.46656807642,1296.6617950221073,1291.657071083603,1305.4357496207235,1311.0105273262334,1319.6368139599988,1312.7003346470606,1310.477919420046,1316.05954459349,1315.299429388017,1316.6958537671426,1306.6606996191815,1311.6545605827396,1317.8416251478852,1337.8162871076145,1345.4431053232645,1352.738413394118,1345.873376505303,1352.8419539182817,1355.881112098231,1359.548417395176,1364.2513878970726,1364.7560332514206,1372.798855047339,1377.635869216869,1380.4697702120288,1374.1397843894458,1370.0622202079962,1371.0916522870696,1377.3394085785392
395098,335,"Sierra Vista, AZ",msa,AZ,,,,,,,,,,,,,,,,,,,,,,,,,,,,,,,,,,,,,,,,,,,,,,,,,,,,,,,,,,,,,,,,,,,,,,,,,,,,,,,,,,,,1091.3425586235185,1068.8205486896427,1072.305685731248,1101.3710145563064,1133.3864474404627,1116.2385994967963,1101.673060930741,1096.2639861044343,1133.915075770396,1123.6744885090425,1121.9104688601121,1102.5433349994764,1150.1345833142507,1179.7415469553532,1204.83497422483,1176.1305113960454,1171.4315880437823,1172.1055173588604,1178.6734714161926,1174.1086206400723,1174.3024716865852,1182.4550790495807,1182.7728020553736,1190.4017540818375,1194.6017740035645,1204.5599122609187,1205.8369002069207,1208.2910920582067,1208.9538179019414,1208.7782815376002,1217.1866647025165,1225.7252168044963,1238.6569371969179,1233.0545913900585,1238.8110749339332,1241.7884068204328,1228.4169818692283,1222.7133403321789,1221.2209160954449,1239.0145388836079,1246.3562166291586,1261.0066752917542,1265.5581765795105,1273.9994472999897,1269.1429422247693,1283.5094825980684,1291.728213507625
394325,336,"Ames, IA",msa,IA,,,,,,,,,,,,,,,,,,,,,,,,,,,,,,,,,,868.1795581672327,866.4286286011982,882.6951944865517,867.5405701129307,863.9536925769644,855.2850688465832,853.8281410712858,851.6377440953089,860.5190890683011,867.0340635845415,870.6616373762395,858.2769373297641,854.9653211914784,851.6871724699262,854.2456023141948,860.3710199311346,861.2063029228204,857.7297476184091,865.5752382892109,863.4499964856335,864.2885774660974,869.2073912879864,872.8064448531305,888.6583660657027,884.1702144360256,884.25284905766,875.6343804076316,875.6954449027828,879.9963554149911,882.4011296473499,881.5765946047372,873.5761942754131,872.4417626423771,871.8351641959351,879.2135270675539,891.9362543214293,906.5267762085825,910.9480973616297,917.1785394252026,915.7992085679117,916.34310234112,903.5022295737548,901.3205935489065,906.9708451821879,911.791238286932,923.5036674137722,930.0033937717221,929.91553322447,928.510950394551,925.5547185068364,926.7702761218532,928.2941216059367,933.1438523216145,943.4499617059,952.883777517521,962.748272332799,967.0116939661166,968.4091943339907,968.8344877166268,962.7462177652855,960.9762611562298,964.3744888253423,973.1499135269739,978.8639126780573,984.8637455225729,992.5069223997453,993.3172689925909,988.9744852029202,987.2373621245472,981.1767901634629,978.7515713243369,995.0772663758181,1008.3257337702237,1020.8665071774424,1026.3748681253342,1030.2836927970793,1035.168956736543,1031.4767762000868,1038.8557026369601,1037.3539417157174,1042.8854767650232,1051.5370194677073,1064.3786802560467,1066.163808808069,1065.8867381542489,1064.2625476770618,1064.6100445583184,1068.0356372576937,1069.9066012709725,1076.8967122869187,1078.5526354975145,1089.2235925839723,1094.1722669719713,1099.0836852359507,1099.1333421893692,1099.5798818810777,1102.4408369408368
394824,337,"Mansfield, OH",msa,OH,,,,,,,,,,,,,,,,,,,,,,,,,,,,,,,,,,,,,,,,,,,,,,,,,,,,,,,,,,,,,,,,,,,,,,,,,,,,,,,,,,,,,,,,,,,,,,,,812.6410712628152,844.4555813952974,886.2839070885142,868.8237525311025,864.4782396911806,863.9885278587749,871.2458968571251,870.5159125991815,873.0642804887882,878.6384564109934,897.5634262726501,922.5154431710685,928.7089793625261,921.0670046315616,917.4400446126299,924.9180389414133,942.3486356435325,938.6916825101375,938.110525868521,956.6892030188973,974.8757007606692,985.1850659633919,970.3218641305493,976.8370546123496,969.3370431971194,977.7829991679217,975.0927755192789,989.8551541401625,990.5059237523656,1006.0008808246537,1018.980925348853,1017.2773413945719,1012.211696521819,1008.4973250136758,1021.5972222222222
395128,338,"Staunton, VA",msa,VA,,,,,,,,,,,,,,,,,,,,,,,,,,,,,,,,,,,,,,,950.1902505176413,946.8545179756637,933.3418244966673,930.8711179676731,946.9775277017196,958.4565966848393,953.1726135736264,939.7578632154983,936.2473579681771,948.142685943003,956.4729195284425,959.8618355576841,962.5306713707948,972.7812013188993,988.9888715093691,998.4836790825691,988.6516844465605,984.4536371662506,983.4404439789572,994.6919785804591,1001.0759014843325,996.9912159255358,997.0370922627478,989.6630825629719,1012.3605970172127,1014.2264735953629,1022.7263521862686,1016.7691713261636,1016.7918372839766,1037.6350440181186,1069.281113829881,1080.8245103489842,1088.0623401377707,1076.9883337693789,1083.9282938178046,1089.820337678931,1102.8177248333616,1107.4767525707846,1109.0794937855617,1119.4092625445103,1152.0133639995997,1162.7903902642518,1154.129352514045,1141.466837824682,1157.2603389632452,1176.7655497854694,1192.0733350966545,1211.9755947715562,1218.7460134568241,1235.8188438398076,1235.7009133101544,1252.7281326735483,1245.1430163688221,1246.7261986336975,1255.0769347330397,1270.4719080440218,1270.9766977385111,1276.359018167653,1271.3624378294603,1270.5336417418055,1275.210859867939,1286.370882467098,1312.6730214823858,1321.117303806492,1334.1213656118123,1333.6520395746531,1339.078153670184,1343.2180124926826,1360.6734570643985,1371.9919539068421,1393.4186971645404,1400.2367847237415,1400.4576215140874,1408.5645949357472,1402.6518397943134,1405.0447696438544,1394.0946564832157,1418.796828243418,1427.3962652340617,1429.1325665954375,1427.1351118595567,1427.1361326261335,1424.9806123299923,1431.0185045386468,1442.1729185911652,1441.8534045109743,1448.4325440731598,1453.9003777558357,1472.126543971351,1468.092002215925,1472.9536106889348,1482.2777777777776
394353,339,"Augusta, ME",msa,ME,,,,,,,,,,,,,,,,,729.5992060822741,739.8649526630056,745.4222693003242,753.8287221373561,754.7210655643971,758.5859866018942,750.6681636175681,752.5250109508877,739.4327604042886,743.3449999802737,749.6164523694666,765.4203459436268,770.2533312808362,773.944366004455,772.7859323931154,767.6009127777218,766.8585771715153,773.2966873032416,788.3989398331998,792.4580354319519,802.4406959067488,803.3534682189539,804.400874043843,801.6789300681356,800.3216315742384,801.5693482749982,810.1033217893694,819.2990856762297,827.5929598275237,825.2200672248689,823.9385012694956,823.230474301684,832.9502294584705,843.8217854750014,851.0054193970911,853.2145456326705,860.6780044263081,865.459304933409,868.2415115970342,872.0390166253411,875.7714223895532,883.6539423147515,888.6767526877542,896.9013959624984,896.8526409084349,896.3546393804875,896.2978108400331,903.5166095603897,905.0449800230055,919.9390547547365,932.480485972026,949.0482671284723,956.580480635244,962.3806693634609,985.992392586555,986.0394083676041,993.837112381463,999.3336237206299,1025.4250863645418,1041.658339917341,1048.9855548335108,1044.1809289661662,1065.5581997098693,1103.2448255666886,1119.5165072990555,1118.4204935961632,1105.3815997758506,1136.1315930238954,1150.6764905847326,1167.5954763928314,1160.4714053588511,1173.8361950832384,1192.6111753858952,1205.6117991272818,1206.2696061442034,1182.1476881941126,1190.3036060119714,1195.6749087003288,1217.61697478808,1212.5054007849021,1236.4059833417919,1250.4072514880174,1273.7959830888362,1269.087166866218,1268.2572821399503,1273.1878268125765,1271.9623129838699,1276.9457754818825,1289.4591806294006,1312.896338585732,1330.7293371727606,1340.1057937829955,1345.1832252762547,1344.074026661987,1328.577758450549,1331.9342805856688,1335.8369081351402,1348.9836289766567,1360.8309249659278,1378.7991450700354,1377.9736185099537,1389.6393862351495,1385.5507830137722,1392.982630762732,1391.6562547104456,1399.793734844194,1418.8027173951145,1433.0847698002665,1443.3860711048676,1444.3071352002005,1450.7409641534862,1453.5303424401854,1460.1738531227084,1451.9960448625588
394321,340,"Altoona, PA",msa,PA,,,,,,,,,,,,,,,,,,,,,,,,,,,,,,,,,,,,,,,,,,,,,,,,,,,,,,,,,,,,,,,,,,,,,,,,,,,,,,,,,,,,,,,,,,,,,,,,,,,846.1953454028627,844.3920651575474,841.0967790937497,850.3513816106812,852.589322333602,852.5449071536509,842.6020656680183,843.7467482113382,853.7172853560819,861.0149806806252,877.804684943215,873.258178782549,881.9646230200766,862.9614923667976,870.8483558099092,879.8431479066186,893.6241555596878,904.2799684230764,898.864545431123,910.6789141780713,906.6519381121349,912.6723926271937,903.7102903334785,907.756977177803,908.9360667267878,935.5485833060145,939.3162689327389,939.4239890992689,940.8063697900154,948.0921559658229,969.1983358786089,971.8703703703704
394905,341,"New Bern, NC",msa,NC,,,,,,,,,,,,,,,,,,,,,,,,,,,,,,,,,,,,,,,,,,,,,,,,,,,,,,,,,,,,,,,,,,,,,,,,,,,,,1104.0750043040991,1103.4240315835611,1112.2753817133191,1114.209523944432,1133.3570514416351,1153.7896413255196,1156.4428350593512,1164.1352142661847,1171.9085981091184,1189.0933892751145,1201.050367783603,1209.3802252936075,1235.9569813241103,1260.9623742433432,1292.5564519235543,1316.6030699612122,1323.8735257996318,1317.8516635164096,1317.4102906153694,1319.6285871855441,1333.069952547173,1321.753107479944,1313.8889471245097,1313.5119440870894,1322.551627195907,1337.0647436674674,1341.7140062755232,1345.4659907715459,1347.0586837771507,1346.5699527380946,1361.7412031771696,1349.8860825101854,1356.191852910858,1368.1452970375437,1391.06414718776,1400.3934516273803,1395.0360160850798,1399.9868043682911,1397.7248413402172,1405.0013813270862,1404.1927433898923,1423.4939724229537,1429.1064220265016,1453.2781720454327,1456.989237304816,1465.893283512534,1464.535840295933,1471.307518223613,1480.7298337241693,1480.535665297525,1489.5052467878133,1493.449983335598,1507.7989180226043,1509.7246913580248
394588,342,"Farmington, NM",msa,NM,,,,,,,,,,,,,,,,,,,,,,,,,,,,,,,,,,,,,,,,,,,,,,,,,,,,,,,,,,,,,,,,,,,,,,,,,,,,,,,,,,,,,,,,,,,,,,,,,,,,1056.7476535787468,1080.9879749460802,1078.2663068785237,1097.2911605310578,1114.9203219231613,1134.5459099320203,1156.6383322683205,1158.300913832567,1163.2452906734586,1156.370881708366,1154.4136852606962,1150.5758269587525,1164.129911643609,1163.944993823243,1159.4493254391239,1174.2628846021294,1176.2064091880698,1191.6890599340525,1188.6929349370876,1197.9145567040007,1198.6941157875872,1223.3600180203146,1244.2705496393655,1246.3564948569247,1252.385166256913,1256.7917853964939,1278.5650088667167,1270.061597916154,1268.9926160407242,1262.3440486651846,1264.1369047619048
395120,343,"St. Joseph, MO",msa,MO,,,,,,,,,,,,,,,,,,,,,,,,,,,,,,,,,,,,,,,,,,,,,,,,,,,,,,,,,,,,,,,,,,,,,,,,,,,,,,,,665.1372885443536,678.7323658630849,675.0128373996127,684.0323927216979,673.4114964872321,686.2868686213332,687.9046145620325,700.6684697150391,701.5520932841837,705.2460978151337,712.8253465069583,714.2494492880287,732.9723611706369,735.5885193539503,747.8185897521397,738.4399768861811,745.3092244605506,746.0160085754577,761.8002892706616,764.3452515941508,766.293698685741,764.811875571199,776.384059194364,786.4507760263406,783.1624631449022,781.7559911167328,780.5629863511889,787.5318999420712,798.9835187511674,811.2924783638671,809.8840382075965,807.8620333226143,813.6628481556777,815.3274964262904,822.5904609727264,832.5366317636377,842.6967527996354,844.0565425580669,851.0391251066089,860.2708303225638,861.9940161910547,861.3670914983306,866.3328393965348,876.0557602312938,882.2680158161724,892.8248054312711,891.328038001111,889.8335141756439,891.1926713584725,901.6774497542491,905.925925925926
395054,344,"San Angelo, TX",msa,TX,,,,,,,,,,,,,,,,,,,,,,,,,1033.3083764283635,1032.4247450036612,1016.9761109687031,1019.0559843111907,1028.8886515868755,1027.7219141140768,1033.2082135139226,1036.4204353996568,1029.3971202250161,1041.1749356629239,1045.4632030401995,1061.2975573064452,1060.705966022413,1055.311210457799,1047.9184659611024,1050.6206454332155,1053.5197875436215,1066.557594257711,1067.4346306247924,1067.4218421883345,1070.33782526152,1071.9772832880228,1082.147167032252,1080.0882306915125,1087.009796583885,1088.140914942781,1108.069910250135,1113.335370593781,1116.7858230365102,1113.9410080374596,1116.28040674802,1120.555445508585,1126.890639924475,1124.4497578463724,1120.8324233416201,1117.7099394542718,1120.4332605884224,1128.2678445582937,1129.2299788247567,1132.8590566168218,1128.7178979714747,1134.6642278113065,1138.7840535381347,1150.272340905326,1160.9911203042714,1155.6815763556458,1150.1667241296843,1149.6748400026856,1164.3085588558358,1176.136093751125,1190.3113761682457,1193.22720063744,1192.203614491111,1188.678568827966,1195.8088480000117,1201.4058484557515,1201.34605463278,1214.3435106922725,1226.1461667603307,1231.9480137172059,1232.389473817527,1235.0444724264535,1237.3882072816948,1249.0326496577152,1256.5523592335667,1271.489838469112,1272.026863026428,1278.0922081342449,1286.5576602412398,1284.8994278595944,1285.903776322233,1288.374531549651,1295.7718578924193,1288.0825931998713,1294.5904090931633,1290.4031262597398,1300.6928376777296,1292.4038476494682,1294.9209868533617,1297.8383614321406,1302.6795293789053,1312.387732868525,1304.1941958304621,1302.6529235287449,1295.117013828415,1314.2253983721318,1322.1206759856484,1328.2081685695514,1327.5811629510345,1334.4285986849968,1339.2718352643628,1342.5417015470703,1339.4427803712263,1336.3542057589996,1348.8382075545662,1357.0427236721953,1368.5448816817025,1366.5401772651767,1366.8368259657475,1372.6852187139114,1378.0489067178096,1385.957985865855,1393.410357094844,1401.5408188769084,1414.0094177470842,1426.3472222222224
395218,345,"Wenatchee, WA",msa,WA,,,,,,,,,,,,,,,,,,,,,,,,,,,,,,,,,,,,,,,,,,,,,,,,,,,,,,,,,,,,,,,,,,,,,,,,,,,1451.1839478691015,1452.8661474317794,1473.9762104178997,1494.659932393361,1519.9839226037993,1548.3520002303674,1550.8528467654685,1579.252768529452,1585.8035191824508,1607.2670277837512,1611.5968308087415,1633.3683332146911,1656.2509672010915,1682.9976395660212,1696.497560550661,1703.9931175115644,1699.2930537163577,1698.8439526616787,1699.8071281776713,1692.9341275466854,1691.0709855491677,1696.3470349048882,1714.6390766106585,1723.6406881169846,1719.1441982347053,1711.1092981645043,1701.5413044885152,1699.9171683714094,1707.1425085754438,1709.8414216667131,1713.3095717804938,1701.6897100808503,1703.7657508843984,1713.5517417674043,1723.5914711904654,1728.974941265198,1730.2489063988605,1734.829567184691,1752.8154347599173,1765.0664925939952,1778.9924217524253,1774.2405149766876,1773.87725350536,1779.6719644249554,1787.3752554868659,1782.3155475467145,1774.1708836117825,1770.9944003977655,1776.8214954825971,1781.4259001309968,1778.571110829189,1777.2732169408418,1772.4560920380002,1782.7534676747532,1789.6121506245665,1799.739964157706
394949,346,"Owensboro, KY",msa,KY,,,,,,,,,,,,,,,,,,,,,,,,,,,,,,,,,,,,,,,,,,,,,,,,,,,,,,,,,,,,,,,,,,,,,,,,,,,,,,,,,,,,,,,,,,,,,,,,,,1083.8524692502624,1093.008860029085,1103.0436688263421,1134.1543989820054,1152.2189738860638,1141.5957162766001,1134.23229075732,1140.361541757286,1157.0093688447146,1183.0989494012492,1177.730258361221,1177.4192101649771,1164.8727723819472,1173.7878190722827,1170.8068267911417,1178.164314693103,1186.811003873725,1202.2804479071758,1228.3043212755279,1221.4376342997653,1219.8615872424157,1218.2171183675641,1239.2032647908202,1248.2270183658763,1270.747490719409,1273.0649068047744,1289.3625381092488,1289.7806129678734,1294.600641801731,1304.2904604816365,1304.2498792779154,1326.2173095349137,1342.638888888889
753890,347,"Holland, MI",msa,MI,,,,,,,,,,,,,,,,,,,,,,,,,,,,,,,,,,,,,,,,,,,,,,,,,,,,,,,,,,,,,,,,,,,,,,,,,,,,,,,,,,,,,,,,,,,,,,,,,,,,,,,,,,,,,,,,,,,,,,,,,1347.1752101464608,1343.5822003197281,1340.7524413747221,1359.13386714557,1386.1964607204745,1386.2019138878181,1382.8532428468086,1381.56346464141,1419.6416534516336,1445.3703703703704
394810,348,"Lumberton, NC",msa,NC,,,,,,,,,,,,,,,,,,,,,,,,,,,,,,,,,,,,,,,,,,,,,,,,,,,,,,,,,,,,,,,,,,,,,,,,,,,,,,,,,,,,,,,,,,,,,,,,,,,,,,,,,,,,,,,,,,,856.6807411105067,,863.693142376282,864.1401957639476,870.975247077483,,879.8554133793376,873.4494960394837,890.4078486673523,898.0428503928641,937.4076346749,937.502843713723,946.4623430698548,,945.967298869199,954.1666666666666
394778,349,"Lawrence, KS",msa,KS,,,,,,,,,,,,,,,,,,,,,,,,959.4537718550768,957.2842344453621,956.1347321568335,946.3093589544203,957.0262012601605,960.3730402875854,963.3465692658601,965.8475517394093,964.6134450815084,975.7726203778734,976.9645633129841,986.4466518610784,985.6337272728373,988.9680485228647,986.5602957163223,990.281738825519,991.5182027218482,995.6401278712317,999.8658320014758,992.570785141627,997.4358989927771,1003.9373113945877,1016.5148198207416,1013.6195136400289,1013.1367259395249,1011.4043249026811,1016.6755924460858,1021.3045973510576,1022.1054622432275,1023.2979540319694,1024.218343095706,1032.977656697203,1034.853948992074,1034.9849617767734,1031.5846755726634,1034.9230636804125,1035.1865872190047,1041.114661731108,1044.2779911533678,1065.1413087933759,1068.9078874419486,1072.7302176664143,1074.5271790953725,1075.1052656097568,1073.1335490915008,1079.7508542622581,1087.6952262873983,1097.8499431774862,1086.1143486360952,1085.9872690022407,1088.5158772454859,1100.9105377277272,1102.792764067555,1110.5697291544852,1124.343211347484,1140.2283003132898,1145.7239165597475,1147.9840578574733,1150.8739269930647,1156.9581075913668,1175.2750074099058,1183.351985637662,1195.2193501805937,1192.6066715068184,1199.3152375774218,1212.3384738886386,1218.6380437026448,1217.8484124448075,1224.2365719397317,1235.3859785381183,1250.056522807684,1248.9378420543674,1257.5484567305298,1266.5726767739275,1278.881457653421,1291.8033528557294,1304.5886304092276,1317.3240881805539,1321.7388769143963,1335.713818638821,1348.7712741765763,1358.3082996434694,1351.3151705277687,1345.4880865033988,1340.76670873556,1355.972471312887,1368.3845070382695,1392.5475972522906,1397.214982859574,1406.0037408734865,1411.5470636419257,1430.2155575599497,1433.6878583332443,1433.2218751873222,1435.8859916533436,1460.060807114167,1476.6029603735558,1479.306877170514,1482.215017557026,1479.1484083249331,1490.9130278903529,1498.7571715773556,1515.9310621207605,1520.1100517471139,1536.5475420534826,1557.9686275128324,1585.7444444444445
394635,350,"Goldsboro, NC",msa,NC,,,,,,,,,,,,,,,,,,,,,,,,,,,,,,,,,,,,,,,,,,,,,,,,,,,,,,,,,,,,,,,,,,,,,,,,,,,,,,,,,,,,,,,,,,,,,,,,,1195.9506477012546,1191.33292763331,1189.08655867879,1194.6588993708597,1206.7656932148939,1221.581883490514,1225.0175883627874,1230.0735593825673,1221.3800859193236,1217.1673725923988,1224.1353974105814,1249.5537743406471,1257.1883401227508,1247.6035732939304,1243.7153567962216,1260.5432901925285,1285.0508755134877,1285.560691839833,1286.4211949512764,1295.5021673224057,1314.5308314397976,1322.9137272465714,1322.4012693802977,1305.5805764781162,1306.0407960717182,1329.2409571884416,1348.3596915111768,1350.6619275748378,1342.232173172417,1352.2285819948281,1363.7287845906194,1374.0789114292731,1378.627064717011,1393.0365190365192
395213,351,"Watertown, NY",msa,NY,901.8422337791881,917.5216264440129,926.1973087369406,921.8617321048191,907.1320801373168,905.3572558440309,900.764746341778,897.9514564643894,892.7294679203509,894.3498438967412,886.0351148259895,895.1949004772947,884.5168893770971,877.4440613647268,876.6370240522834,882.2847991453478,900.6215933712072,896.3141577827462,908.2418155952754,899.0328374638077,902.4671983585506,896.0099369218168,907.7605097428026,896.6059177694942,903.2485293419433,904.7764463254716,912.0008667717871,910.0024489255167,909.196816669611,909.317015309205,908.5856470175537,915.8917145121752,916.1866172565755,919.7226577915842,918.0825607411671,939.3030898244606,944.3420162286019,942.7561252019118,930.6029487458005,938.3168084753398,944.833096278339,958.2732402068198,959.4799052740522,962.4136101378833,952.7513933054136,948.9067044828125,954.952661755008,956.3955739745019,966.5523790252433,960.1755890275963,970.389248810019,968.7329509755675,965.1676762130004,960.2623956081816,961.8339844140125,962.3004194469279,973.106242368996,979.8456863104594,977.9319252043844,972.4062175634073,965.046987650039,974.2196765474464,994.2292198999377,998.7566172906559,1008.2431649696614,1006.9586735851515,1008.6491804010739,1007.273089690303,1018.3961184594722,1030.0875220148655,1031.051225036007,1041.8530022569523,1049.0335417845454,1051.341423379875,1048.677854692391,1054.5654265332246,1068.8995877032507,1083.9209472418042,1097.5388815344497,1103.9502787307229,1105.7151814640556,1118.950771745107,1113.9386011056267,1109.197468030321,1094.589266947163,1116.827469638003,1130.9257953756996,1133.4211206485709,1120.7129426644997,1120.7552936722982,1133.5897372147833,1145.7777814741976,1153.8033812976562,1137.8262608062068,1154.0576924484574,1162.9621953342435,1184.8242444884104,1171.1503891425307,1170.8651618145857,1185.1271026954867,1202.9955405301803,1208.744490204402,1204.1205274813067,1202.185217712181,1202.4355831572398,1201.110534408901,1189.7231479913287,1203.9066040710525,1222.4966288091891,1234.9604397512314,1241.937283847445,1249.6604842102686,1263.484558949875,1260.3884327995322,1258.8377024501194,1258.555204808692,1266.5800881737039,1274.2223514863908,1286.2652192030066,1281.6574329088253,1269.6335218314377,1273.1934748137442,1276.802112630313,1275.2273823941075,1270.7844765534899,1282.9549766009152,1296.8700833255414,1309.2239317218978,1315.454624323364,1327.9555555555555
395089,352,"Sheboygan, WI",msa,WI,,,,,,,,,,,,,,,,,,,,,,,,,,,,,,,,,,,,,,,,,,,,,,,,,,,,,,,,,,,,,,,,,,,,,,,,,,,,,,,,,,,,,,,,,,,850.4996812202903,,879.7403633585535,894.5703810494706,900.6556421146944,894.6485390472373,912.2073570084767,929.9686652058449,939.1928467134865,949.3396039957375,928.3996272717168,932.065588209902,924.2291603060986,972.4681560899403,980.1632902210252,986.8261181059702,972.4086547369926,970.6295123533095,987.2817527369153,992.1689610535277,997.4847466744067,998.6659931307273,1019.0772798648619,1027.3229709700881,1028.866170599537,1006.4052018879353,998.7758884668697,1009.9493898693877,1029.6217491459063,1044.2201332852255,1038.1958256217363,1038.191679575079,1043.0358516391748,1049.8933028699093,1056.9283797926023,1063.10040423486,1082.0188741817428,1090.7306359856361,1104.8101573384556,1106.9375661375661
395217,353,"Weirton, WV",msa,OH,,,,,,,,,,,,,,,,,,,,,,,,,,,,,,,,,,,,,,,,,,,,,,,,,,,,,,,,,,,,,,,,,,,,,,,,,,,,,,,,,,,,,,,,,,725.5140807599569,712.3445502398373,709.7164203420792,699.523235212578,706.5749990883626,704.7252173897804,719.3635876926124,717.4293876774958,723.6224550195258,712.8832458770282,705.5876849338955,709.3594624407006,701.5245174446394,708.1913606837902,712.8915261718794,735.6378142722485,752.3721861618995,752.4660913341178,745.2270005653166,750.9147634795206,757.8664877247179,757.1355988948079,761.4687758613966,765.4395095829514,771.174323718715,762.6485375625376,756.7463493736797,756.724608475762,758.7920994470478,760.9388695543382,769.0077021169908,771.3094243317795,771.2499344620009,776.9409382248734,780.4684093587294,778.8313866652544,783.3388669279166,796.8469345114129,807.5433637895151,806.092239995703,802.375
394867,354,"Missoula, MT",msa,MT,789.970588045887,794.3546635392091,803.346659605822,804.8206957968863,809.2295232726673,806.7061217893978,809.3381126807653,813.93522133014,820.831434852195,827.8713057795815,832.902618130802,833.763360794731,830.7958037622356,829.6653774383279,831.2127277055023,833.6246354981994,832.7155953626703,835.3402263314066,840.5570398691295,845.857035233056,845.5760108298185,849.4794099925131,851.0916633826454,862.1200500611062,864.8515433780574,866.4756514974064,863.489326376687,866.3546514567266,870.9893335563995,873.3108689659679,874.4164828447446,872.8882412038208,875.9160739553988,877.0626806877796,884.6898963779363,883.1899452476372,883.943255458133,889.2821470812776,894.0781768416506,896.8617900161574,889.3615945293354,892.4925820077873,895.0131482042701,898.6620789528027,895.5671259569128,895.3796021559741,896.3154771368654,903.5587797438187,917.9569384378375,915.8533848771524,920.4304638697819,923.581294281751,934.2476208294596,937.2058572024636,940.4234981611818,943.8972523900146,951.4682494645069,956.7604930705694,958.3465382662251,957.477828335212,951.6277980160381,956.5349964044692,964.2506729745572,973.9236316324753,968.0835319975448,969.7498582960811,978.2970958738746,997.437814948767,1042.358263875915,1062.251350297041,1083.325786123961,1077.2026237562256,1101.0214841765328,1115.7177693746546,1133.1105593325779,1155.0126689129731,1179.887977047111,1229.3818717198887,1262.5222153900056,1277.124450991141,1260.1063416390004,1252.942522393571,1270.0706542308772,1299.2406455400533,1331.804647215354,1347.4311020701784,1357.4357114395089,1356.241730340755,1363.7666449458063,1353.12262274595,1347.2134638485068,1350.0668504428256,1362.3858808469517,1385.8057535094688,1394.375385998858,1408.4231818455037,1401.2377724543567,1382.3435642258914,1380.951433561235,1391.7936188637045,1412.7725407949238,1418.9453097650814,1425.8375552474888,1425.4719431481585,1424.4493074314983,1420.993553168629,1428.1063063577158,1428.6069926035143,1419.7616985707812,1421.9813963653087,1434.324174978107,1441.854173082901,1444.7381880672892,1446.0874082198245,1455.7009169800615,1465.3085755175211,1467.4417480682255,1471.4566281961222,1470.3825848108017,1469.486361485533,1483.8650176388655,1499.1596773589438,1498.5010277962385,1497.3674978623235,1492.4706149405554,1498.9006901681219,1497.8398498716713,1498.802447555418,1504.5799586686028,1507.0223025350933
395237,355,"Wooster, OH",msa,OH,,,,,,,,,,,,,,,,,,,,,,,,,,,,,,,,,,,,,,,,,,,,,,,,,,,,,,,,,,,,,,,,,,,,,,,,,,,,,,,,,,,,,966.7730395809184,953.5151601400398,976.225431190991,989.3544089958001,998.3511260943959,992.3669875881366,997.6774460185258,1017.2047221180753,1046.9229422193428,1054.5688695450835,1043.3261045270629,1037.4241773374597,1043.7793620862308,1062.8782192058748,1082.3729172450246,1079.5096367810208,1086.2887696426337,1077.8179371067226,1095.8461806733856,1099.2856707641072,1102.1959195415359,1114.1064722709662,1114.069550579156,1120.317210961891,1118.3805702372135,1121.0208663164888,1127.1466115522994,1145.8478540638653,1166.827862141651,1183.1827154382588,1185.403208455592,1173.9763003980277,1174.570663294445,1164.0301877260538,1176.8310940048702,1185.9970290870558,1197.7909627372408,1203.0971005334377,1197.6512146900527,1195.643780929392,1188.1942114830601,1195.3942485044713,1197.8324594200265,1215.3892572085354,1222.4037529983607,1237.8888888888887
394407,356,"Bozeman, MT",msa,MT,,,,,,,,,,,,,,,,,,,,,,,,,,,,,,,,,,,,,,,,,,,,,,,,,,,,,,,,,,,,,,,,,,,,,,,,,1703.296066374224,1718.5771064899607,1729.4178213725631,1749.729586091464,1773.285605319692,1796.6710696749335,1820.4124812096397,1847.6761084111745,1873.3670327706116,1921.2970086745152,1938.3861054243255,1970.908794623064,1968.3660413522225,1986.5514585955648,2000.8880253718305,2026.0294554429809,2044.2638480653363,2074.265412877898,2119.2297944783427,2142.3678429384304,2150.1705227558036,2128.3762484109284,2100.6808188522136,2077.570872717245,2081.1100162522785,2112.9143563601374,2152.1666789703313,2157.331966434915,2168.5606981051137,2162.301203745195,2151.791165830573,2137.9417456604615,2133.018056702244,2135.7349911371184,2138.7560682222356,2145.7083063609457,2139.8484507579155,2144.2033440550326,2158.7906916390266,2165.8538622297524,2164.510887463928,2154.144023983642,2160.7508194673565,2173.5639570896633,2183.0926911206225,2184.721303884627,2201.6469788974728,2208.572425745408,2217.3047114410438,2199.0316438881214,2168.9505051418405,2157.1565926903895,2148.73958583852,2151.1473932014205,2138.0273196351786,2123.968795393283,2108.862693846237,2098.1911840449598
394333,357,"Anniston, AL",msa,AL,,,,,,,,,,,,,,,,,,,,,,,,,,,,,,,,,,,,,,,,,,,,,,,,,,,,,,,,,,,,,,,,,,,,,,,,,,,,,,,,,,,,,,,,,,,,,,,,,,,,1030.978544815652,1016.9051345206074,1010.2460887770322,1014.7615181370173,1012.3057264753137,1021.4134041482417,1043.256405035106,1047.373163562799,1051.8508961931534,1056.7801181308396,1060.3374850951532,1062.8723523730257,1062.704785991808,1071.8075584294586,1086.1905617659365,1086.209207462683,1091.4641470505692,1091.7520863794093,1096.200770811513,1102.9693330240939,1115.4845242208414,1112.907912477443,1107.3739584174587,1113.5040725564234,1127.5013759167666,1133.1546032306499,1122.7616215984935,1127.307887677542,1130.3851828998158,1131.0501860657298,1122.9166666666667
394374,358,"Beckley, WV",msa,WV,,,,,,,,,,,,,,,,,,,,,,,,,,,,,,,,,,,,,,,,,,,,,,,,,,,,,,,,,,,,,,,,,,,,,,,,,,,,,,,,,,,,,,,,,,,,,,,,,,,,,,,,,,,,,,854.242242403952,892.7433921496362,896.9598835147075,912.9412499237558,904.9410229787702,946.0760690191987,942.5990290612148,966.2915183606978,947.9763340080528,956.9862027678988,968.2605495320988,988.1725133691542,998.3034924892627,996.6457837849545,,1000.6264194367081,1015.7765564923717,1008.4055053674316,1015.8669007875836,1011.4268621005364,1023.8888888888888
395225,359,"Williamsport, PA",msa,PA,,,,,,,,,,,,,,,,,,,,,,,,,,,,,,,,,,,,,,,,,,,,,,,,,,,,,,,,,,,,,,,,,,,,,,,,,,,,,,,,,,,,,,,,,,,,,,,,,,,,,898.9227827927443,902.8458012667581,903.0091799734903,885.5743355015532,896.4256353086095,899.0956958149319,902.5341553325824,902.6117280509636,905.0973887862971,903.5512388671082,911.0023035133369,915.8885404959179,919.2330164533679,922.5317367528855,931.6389328674231,939.9287855898322,939.683680058798,926.9755138636689,926.3355294123103,938.624928885115,958.0787248857025,971.7080858661548,971.3718121276194,961.002347443584,948.4790047013416,951.746203421302,953.0046683404338,960.8432111715549,959.8540313253064,970.1031746031746
394423,360,"Brunswick, GA",msa,GA,,,,,,,,,,,,,,,,,,,,,,,,,,,,,,,,,,,,,,,,,,,,,,,,,,,,,,,,,,,,,,,,,,,,,,,,,,,,,,,,,,,,1494.5568183718628,1485.6893653442346,1487.866553665369,1511.1029396779281,1528.8967425685205,1552.4104835192234,1560.793780831891,1598.9126802083279,1601.052605290141,1609.4628663313183,1600.304769270738,1615.625413138632,1635.277104936556,1628.8687375519874,1637.2256965047438,1643.0543284065348,1648.252647588443,1631.4852306421978,1631.3478247322482,1646.95788286626,1656.2067227150244,1667.6301275003675,1648.7619063769919,1661.257625208987,1670.2926828293826,1686.1244682107526,1681.9224271724565,1674.9024939463286,1674.4120194866355,1689.1339207242709,1685.237293886195,1675.0530750770351,1669.5696107770357,1676.7523397451,1698.2639048108852,1693.1271705569104,1685.7826435453003,1690.7642645664334,1701.509554425319,1710.475502868048,1715.0729391963596,1717.6741899647106,1729.337269725524,1733.437448081405,1743.146515247031,1742.1979116357875,1747.2380397380396
753872,361,"California, MD",msa,MD,1126.7585683395864,1134.4881521482073,1134.7924455831055,1120.9658367976426,1122.8552248780586,1121.1654422158028,1130.4729268700466,1127.2007495150751,1127.6435078928241,1133.9055891787395,1136.6835105887294,1135.347584207273,1131.0273367285868,1130.983112827977,1139.3695510269295,1144.6996700753998,1145.8819494168033,1146.435998096493,1147.6493172539863,1155.0872915199368,1160.6105990147498,1161.419702358599,1162.0855181111817,1162.7105717384004,1163.7923907973454,1165.1567094508218,1168.8188810293939,1181.7828014234253,1186.8420656022638,1184.3548722452426,1179.3455893144796,1176.8581490250133,1176.0072754743792,1176.7844943330065,1188.0369259473384,1192.459167755837,1209.3948977754178,1209.9205456298996,1213.1141697355124,1200.6563555007947,1202.6007682793484,1208.0371677074684,1211.2409415481327,1214.2652146481184,1223.8097070666763,1233.6098332702375,1239.9047873940879,1245.490901518146,1232.0666170765837,1225.3824645080235,1226.5849701499405,1236.5503238141753,1240.4647508381686,1246.0856244853946,1254.7722379436295,1261.8990012012312,1263.9792988248191,1266.5747286532555,1267.698075456584,1273.9785291764267,1289.6377007773472,1309.372124350398,1333.231492672719,1326.65196036728,1312.6958436646576,1309.3497916287108,1309.7738790796748,1312.9344085573105,1316.0748615273028,1313.5491159929152,1336.234381662886,1350.6126742504546,1379.2323816588905,1379.4064995926617,1401.5472633686843,1422.3408878487587,1450.6391472045907,1471.4202776327527,1479.7759638616615,1503.6332403824551,1507.3544091473254,1541.5763134093556,1542.0954642726906,1556.567462884308,1533.0895469902014,1530.9002827304582,1518.489994101358,1527.409480620379,1527.2565322451871,1533.9582773919321,1550.5914118656815,1554.2668678690536,1574.2855896250403,1559.2270854526296,1553.275760414909,1544.115282488268,1553.082945339156,1569.5598351644287,1578.6893037290797,1579.5122779728647,1590.3445593048211,1603.503953157826,1622.0576036206205,1636.417999289424,1637.587676347136,1653.4237661838474,1656.1820321779167,1666.5756573064211,1679.817298128728,1692.4442512001797,1706.184982460031,1708.3783736461314,1729.8217745174468,1726.8205821734573,1734.9680402286965,1719.6944787707278,1725.9493423001445,1743.6367775885942,1764.8320274096268,1779.3205679674427,1789.8149985595928,1793.2697653643688,1801.3840008232119,1818.5663437628116,1817.4422876032663,1833.9298095004165,1837.7235478637137,1865.469453389456,1880.656538705676,1886.121212121212
395173,361,"Twin Falls, ID",msa,ID,,,,,,,,,,,,,,,,,,,,,,,,,,,,,,,,,,,,,,,,,,,,,,,,,,,,,,,,,,,,,,,,,,,,,,,,,,,,,,,,,,,,,,,,,1424.9399971410874,1415.0512430195968,1431.3820247044687,1434.7356660134367,1439.2740484122407,1438.399874618846,1427.4020915351325,1436.9349422028563,1456.4722780478364,1470.995316932189,1488.156035814943,1479.145254821583,1485.5422530720284,1478.0846206065028,1492.7377066887534,1502.244767302094,1518.0621435666608,1501.996335991615,1513.309731311748,1520.232603490194,1538.7901303882675,1536.0846021727282,1528.9272560668157,1528.2722963768795,1537.9113009240834,1558.7309986803189,1565.602816959728,1561.4799697569442,1563.108906430984,1572.1471875744626,1575.8323198573487,1578.0069160400133,1567.9646871975306,1571.707118476602,1576.748844928844,1591.501693475441,1593.1682096454049,1595.8466577574904,1593.5736732686596,1605.0692543818197,1608.9264606190268,1624.1474358974358
394495,363,"Cookeville, TN",msa,TN,,,,,,,,,,,,,,,,,,,,,,,,,,,,,,,,,,,,,,,,,,,,,,,,,,,,,,,,,,,,,,,,,,,,,,,,,,,,,,,,,1177.08089164183,1205.4244830489263,1210.1501287757917,1233.0298008588966,1247.0500151179635,1271.1391701422233,1278.138414625798,1304.9488834873744,1328.3354567243116,1340.7412233332186,1331.1291986921044,1325.4649308765247,1330.9272581971484,1361.5265295983652,1354.8076851584706,1362.0349020105584,1348.6002328879092,1373.0128222668018,1386.841306601134,1403.1356762007874,1407.0836746488458,1405.8737844566656,1416.8328723815523,1406.9507233372565,1409.6973321960052,1402.8798356314746,1431.6409687362832,1441.6369827567087,1448.2897205219608,1420.0393273060151,1406.8872256133325,1399.4146432992209,1421.7534409448217,1436.5317916894487,1446.695185342481,1447.8742909798152,1455.7603879764645,1455.4529615801782,1449.015720973147,1445.91856207896,1456.5525671211433,1473.1001178231445,1486.4977193428579,1489.9315849860525,1475.7322588807308,1471.9436243507525,1469.7581535501986,1482.3474332742057,1481.2619946521022,1485.3660714285713
394893,364,"Muncie, IN",msa,IN,,,,,,,,,,,,,,,,,,,,,,,,,,,,,,571.6039409551479,583.4539145564657,590.7156087433044,598.6434967389692,598.20286054872,600.805439140852,604.9090697361801,607.6582211299061,606.7377812682763,600.954661346701,607.790705735673,607.8316424141709,609.5427659087495,610.1231992314271,618.7681667231309,627.6482625968799,629.230138823284,629.6360933644082,636.5704452999814,639.3218876376955,641.1467342961157,649.5775696409073,654.4806420641893,660.0047043281634,664.7288877047952,663.8683211220588,656.6086779527357,651.195766989343,653.749436912992,654.9238873121856,650.5870486430808,649.2798807063559,651.1040484620178,660.3129163199617,658.9080426181484,665.2021691720456,670.3254723167232,686.6198011714719,693.6257949265108,697.3366885635133,693.0991040874937,700.8007211840736,704.9751456459303,721.6547344503879,720.1411587298489,728.7207594697405,730.7913126892927,729.8216121023129,741.1500794847251,743.3129358186706,750.3037179315643,766.6685092227909,786.3507572754097,803.5425435864158,798.189573678659,784.2930137759599,791.223518602526,795.846105976163,817.7753519447267,824.2118927405477,836.1079611840323,830.2850328507102,840.6528467843304,832.2504350923512,832.7119692377123,827.3610807482526,837.9613447627946,852.3781699571773,864.7511864337305,869.360075154513,862.7407013513466,855.5279075842733,855.4422896035051,873.2132535820048,879.7890471394136,887.2201457371805,882.046180531107,884.8332360307987,888.3193613153297,896.6357914932016,904.7651062879822,912.9147362898992,909.5484711571239,913.684730126157,917.3375703583196,931.892960870051,938.9106460725449,942.679447675213,948.1202512195725,957.6139904361017,963.2615399860216,964.6268654023999,963.3183659348584,966.3577435278033,980.6599074356249,993.2177105010126,1001.0110864867062,994.6981213303955,996.9213263099134,1005.1802707702942,1016.6904761904761
394857,365,"Michigan City, IN",msa,IN,,,,,,,,,,,,,,,,,,,,,,,,,,,,,,,,,,,,,,,,,,,,,,,,,,,,,,,,,,,,,,,,,,,,,,,,,,,,,,,,,,,,,973.7464301484065,964.5420127489776,954.2103295561819,952.2024015736936,958.5812866233747,984.3103809799425,997.853993591695,1009.6798713329022,1007.2080922442034,1018.2583621284929,1036.143475526851,1055.3125932633618,1052.2738831419713,,1048.862632743384,1062.178146601465,1065.2745488170642,1064.4694917680013,1075.8570178261098,1082.579226055692,1097.175306006755,1090.6071839858673,1085.8983984170109,1090.05785935951,1111.1601514218914,1118.4294573603597,1125.3632707367246,1132.5209102338722,1134.0917168314115,1134.492973418387,1136.1505006126745,1157.5127263489505,1162.7054256523352,1174.811765905471,1182.6957948601735,1183.694274181081,1184.748205004152,1195.1621608886308,1210.5022405181376,1213.6647875227416,1224.33364403585,1233.2908607836257,1236.7309753832678,1227.254702497561,1228.9876279067687,1232.9100529100529
395039,366,"Roseburg, OR",msa,OR,,,,,,,,,,,,,,,,,,,,,,,,,,,,,,,,,,,,,,,,,,,,,,,,,,,,,,,,,,,,,,,,,,,,,,,,,,,,,,,,,,,,,,,,,,,,,,,,1152.080711383891,1176.403536585259,1182.5601351126463,1188.40385379408,1201.0024583203503,1200.469433991126,1211.9220096584406,1218.286017194072,1216.98460210827,1242.7896822992632,1215.7063718326253,1247.3483875759343,1234.7691930845765,1240.1138783292442,1224.681581605069,1233.7606204869496,1243.6046930494576,1260.2403323624224,1271.6079639443094,1277.329330276262,1297.0559991188904,1287.0686341564212,1278.8561879224883,1257.102954248133,1274.0565792496886,1264.258460769382,1293.3731813485713,1293.4072555922453,1310.179009336645,1313.6891224633796,1317.809215704462,1313.8079249505492,1313.8298514858568,1315.961146286975,1360.2666666666667
394788,367,"Lewiston, ME",msa,ME,,,,,,,,,,,,,,,,,,,,,,,,,,,,,,,,,,,,,,,,,,,,,,,,,,,,,,,,,,,,,,,,,,,,,,,,,,,,,,,,,,,,,,,,,,,,,,,1303.3473992418255,1313.0970922361607,1304.2472432796703,1323.4195941707003,1334.1257686038855,1359.3428622645133,1353.3531449934376,1352.9010919815112,1336.2189403955397,1353.6291464710046,1381.0689707063368,1405.826970104428,1417.1208683700643,,1392.8759357003828,1399.5445848170893,1431.8881050718476,1441.181218315955,1462.550146404543,1461.1117625024897,1472.2194479871744,1485.8900190379986,1488.4067089811322,1491.2622980817723,1499.4032036620968,1533.6758825713723,1554.627835799703,1559.4657731134441,1548.7477326849148,1546.080545933521,1543.0165314944302,1562.6931649009528,1577.6917337678815,1574.9471478400524,1570.3972547969206,1564.1666666666667
394804,368,"Longview, WA",msa,WA,,,,,,,,,,,,,,,,,,,,,,,,,,,,,,,,,,,,,,,,,,,,,,,,,,,,,,,,,,,,,,,,,,,,,,,,,,,,,,,,,,,,,,1234.1878702018894,1244.744649377957,1256.9573387326632,1280.5432098164656,1308.6546525871056,1319.1352993010903,1322.6036754799966,1321.792322927342,1312.7037685104126,1323.7077415531255,1313.3956252984983,1321.6369456139591,1335.8118451916826,1340.084763802497,1334.2593800255415,1332.077845910854,1340.376527673943,1350.7263030868633,1345.6150730664726,1346.9200069267026,1349.4611145848055,1350.4647719131601,1360.300169487497,1349.176045976569,1354.4227830957489,1344.401943451072,1362.637559030395,1358.9421517412284,1363.361957592921,1354.4233850736553,1351.7290238353644,1361.0681369557324,1392.1656731935936,1399.0972861229707,1403.3564847165542,1414.0401585545699,1412.6068357114723,1427.1643207833206,1424.160738722832,1433.7897647326472,1431.0535749561404,1440.7218691841058,1453.5809427979348,1453.6672364129793,1436.821913380737
394932,369,"Ogdensburg, NY",msa,NY,,,,,,,,,,,,,,,,,,,,,,,,,,,,,,,,,,,,,,,,,,,,,,,,,,,,,,,,,,,,,,,,,,,,,,,,,,,,,,,,,,,,,,,,,,,,,,,,,,,,,,,,,,,,,,,,,,,,,,,,,,,,,968.7473437231811,975.600838350728,988.7681690588016,990.1380582777044,975.2637522237068,970.0
394734,370,"Kankakee, IL",msa,IL,,,,,,,,,,,,,,,,,,,,,,,,,,,,,,,,,,,,,,,,,,,,,,,,,,,,,,,,,,,,,,,,,,,,,,,,,,,985.403628910332,991.4550581752729,1004.760607330055,1008.6708406830614,1026.4844706720505,1017.8837587603851,1016.3901699329442,1009.3188461689031,1005.8998880207438,1012.1624440433606,1026.302009054345,1039.18001568823,1066.5966221564374,1075.0454945969752,1088.1223444418101,1084.6681177129758,1094.044101732208,1104.4455055462197,1106.7575896873425,1117.5308062908505,1127.2305583839316,1138.4585090208343,1138.8561534728617,1146.3631261441656,1141.456383425258,1154.5785064682725,1146.934451448389,1156.4587317447022,1156.21995714427,1173.769712536739,1188.8028944872513,1196.7927204975138,1190.4294775705262,1204.467665456968,1207.902044806923,1223.1437191637187,1214.101087482811,1226.1096568818741,1240.0120135081845,1254.4961015871108,1260.5092605937919,1248.2567754551148,1250.701324337024,1264.6375523963673,1282.8692950644065,1281.4783972851073,1292.5305765127912,1290.238534902203,1310.6020005485148,1309.4017961083723,1316.3502696755913,1318.0942916750907,1328.3309372441827,1344.2760871494756,1351.6347762099138,1351.607142857143
394396,371,"Bluefield, WV",msa,VA,,,,,,,,,,,,,,,,,,,,,,,,,,,,,,,,,,,,,,,,,,,,,,,,,,,,,,,,,,,,,,,,,,,,,,,,,,,,,,,,,,,,,,,,,,,,,,,,,,,,,631.5952414569492,622.7017104064441,607.2380328207196,626.5571252657625,646.4422993037708,664.1798742813651,661.0672912142163,661.5331885151343,681.6793098347655,688.6942956848001,694.5714994527182,694.3761343274247,703.1361619200362,697.1784620274211,697.9080029166458,694.1221596970413,706.2035443616634,712.7728322789405,728.0620099225506,734.9813090025713,735.1431368621788,738.9310229816155,746.7769714651986,753.8407488084504,762.28849122194,777.8211289988005,788.3085282162011,789.5631710795003,783.9037274208304,788.0555555555555
395095,372,"Show Low, AZ",msa,AZ,,,,,,,,,,,,,,,,,,,,,,,,,,,,,,,,,,,,,,,,,,,,,,,,,,,,,,,,,,,,,,,,,,,,,,,,,,,,,,,,,,,,,,,,,,,,,,,,,,,,,,,,,,,,,,,,,,,,,,,,,,,1760.727734202942,1780.9786235666638,1844.4832765447889,1860.239404692707,1876.2161684359273,1836.481872713544,1855.0706349170264,1848.3333333333333
395023,373,"Richmond, KY",msa,KY,,,,,,,,,,,,,,,,,,,,,,,,,,,,,,,,,,,,,,,,,,,,,,,,,714.8796597744395,719.0707939492282,714.4009013701302,714.5419316689198,712.0059516362795,714.4630768582374,715.4599991503063,722.8650875161264,724.7158947477519,728.6026234384724,723.0909026287553,724.5813721795263,721.2755581188318,721.7874134108519,722.0953366900693,726.3447852745119,726.011944670374,733.0297245625255,735.6476604010066,736.3296724648601,738.7464458880521,741.1810149484461,741.5842701908207,747.808688697427,751.9507564769248,750.5437746423152,765.6825804795922,773.6614223911515,784.0595341405703,775.8702669614356,788.8498909996271,807.9069274126836,817.909685138528,818.4549187409677,818.4601873821549,821.4928953122906,828.1936291967263,841.8892292584017,849.833104829115,859.771318386195,869.0656664431331,887.3522261183352,884.9634879665222,880.1812547434403,880.9477375813439,898.5387409672811,914.6571733939741,923.1518123623947,927.2677277722179,929.4856913434979,929.5539461941083,933.7976928893163,941.6068282967129,943.0043193956287,940.6301172365058,940.2982069664087,954.9377951703674,960.5392810365746,961.6159734818036,958.1013659403658,963.5256449233914,972.8942993208999,977.669115154831,981.2474650839968,980.1480867007666,990.7152288074343,1002.1976222397623,1008.0803874040288,1003.147424530743,1004.139258305674,1006.5157165565713,1015.3474078017533,1018.329078663449,1017.4791972671885,1021.8343427283993,1024.5740197048779,1028.868051421554,1025.4924607977907,1026.8351130825254,1031.4862606616941,1035.5871911473396,1036.0082846003897
395168,374,"Tullahoma, TN",msa,TN,,,,,,,,,,,,,,,,,,,,,,,,,,,,,,,,,,,,,,,,,,,,,,,,,,,,,,,,,,,,,,,,,,,,,,,,,,,,,,,,,,,,,1143.3107274089748,1158.1304386929075,1160.8568457324673,1193.2285381083618,1199.5445951678437,1210.3647384958622,1215.1045572666987,1221.9065057902355,1234.6075567598814,1238.1659947638195,1247.9129670422026,1246.945339291076,1247.2609178656514,1248.0528146438241,1264.1879502644326,1264.1139551172546,1282.7719976958192,1280.6015512583058,1291.5388483807726,1296.9851507020421,1311.9247553625219,1326.8788003313953,1333.335081515726,1344.9246238413084,1355.2580524454129,1361.9653504029911,1373.463933963725,1373.3392538277938,1383.122850082232,1385.5217050943918,1401.3818718505077,1409.0710383267174,1401.0824298500474,1396.31144524704,1400.6029441085145,1404.4035657154302,1411.4560469144278,1418.6772043657506,1416.6015161624416,1425.9968821103096,1422.7971212784814,1434.708536883209,1430.819044825465,1435.7987461076893,1446.7720200300982,1457.0416666666667
395222,375,"Whitewater, WI",msa,WI,,,,,,,,,,,,,,,,,,,,,,,,,,,,,,,,,,,,,,,,,,,,,,,,,,,,,,,,,,,,,,,,,,,,,,,,,,,,,,,,,,,,1336.0032343511118,1365.3503331765878,1409.9866311262613,1406.158529309619,1400.4007878292696,1390.5162240676334,1397.2642476927176,1410.0122771551642,1437.454257324059,1465.897955274091,1465.2011450170546,1479.2627728080708,1508.6808279622674,1514.3784369851046,1499.8916986319089,1488.5618823584985,1530.2515480283755,1562.7238029676262,1554.1772287003998,1573.3380965097188,1564.9227169398014,1582.2785190046707,1602.9549180802092,1612.8698553182378,1627.6626529943812,1625.4769738024752,1647.6464232001274,1668.3823221943446,1645.821214858925,1653.84901478096,1668.2034153046434,1720.8546060420372,1724.3543260884476,1724.3365452302635,1694.3716886599725,1703.4981719073019,1702.7060864242844,1722.4881566410384,1730.9798512962052,1750.8283435509786,1777.7600926729358,1787.6218347107615,1811.9807854520864,1790.0495876743698,1821.9587286240126,1843.669264216393,1898.625
394709,376,"Ithaca, NY",msa,NY,,,,,,,,,,,,,,,,,,,,,,,,,,,,,,,,,,,,,,,,,,,,,,,,,1556.8979596499282,1548.5702357356038,1571.1875434154779,1543.0418561044464,1524.5240286919652,1532.7858120944484,1573.3616759077447,1585.157469579295,1598.2051591315435,1564.9194429380204,1579.9416180286416,1548.889295100309,1560.9781756307627,1574.177794198014,1638.007006790192,1638.6878981171767,1603.8187837442001,1618.224766421701,1619.8714241992693,1641.9165312694101,1654.421242591385,1665.1941207058555,1674.7142991234107,1639.1021482117476,1619.0296825083385,1581.2192591977441,1598.4672109287549,1601.280141628071,1645.4795621938617,1647.6788683065465,1674.857313765862,1703.7976209983672,1711.6402496609064,1746.8995644437825,1737.171738402339,1785.0900155339432,1796.7661010134805,1844.8233261240105,1887.4192062021245,1927.905553803922,1955.0533136751114,1958.5958335267794,1925.245731534723,1868.945096715631,1845.0558366625528,1849.2656374678495,1902.3719564263708,1964.2127062620893,1988.0182784389688,2001.3482688387294,1973.5436401540728,1965.3792480470308,1935.4336360312757,1956.0197769231727,1992.976963925288,2034.6214140082632,2032.2844854828193,2015.385501067511,2012.8604454663644,2023.221798255252,2054.695474050249,2057.8020326947076,2064.7911347857225,2046.020324188928,2066.3958730120958,2073.3934711314328,2112.924247251309,2118.6049013655866,2137.933875721786,2147.9336246131184,2144.9278109168135,2115.8455365563887,2098.9949109507193,2102.4957346629626,2122.7767812749216,2154.2585588270586,2167.4338175949097,2171.299414526491,2147.284197063775,2152.0840072324163,2161.874920582047,2179.2276832844577
394637,377,"Grand Forks, ND",msa,MN,,,,,,,,,,,,,,,,,,,,,,,,,,,,,,,,,,,,839.5984585792687,831.5674526582421,828.4820633802759,821.211494792635,826.4568624510692,823.5840788316403,824.260334908333,824.2114508125907,827.8510611952013,829.4499966673899,826.8867290801326,819.5772765915339,813.5113494933669,818.3822690250703,818.7091884595584,825.4313304483534,827.1407193091213,835.5286671915575,835.5621337252395,830.3746630336367,824.4357070744721,824.8300080188936,833.5747552717346,841.7875743650162,850.6064362799307,856.3161795198681,861.5738533587423,851.6559197482194,849.2524606264963,851.3694648069468,852.0807147794532,848.2457660792468,852.1244800560195,859.2773170062197,866.2139316809103,858.3328649182545,853.4028735619936,857.5484140014536,867.9534597757121,871.6072293314071,870.561906373094,871.8062173788547,874.7004915358765,878.9995393118044,882.5404310106924,883.0099699310473,882.1656554787786,890.7691969252294,893.9103430622578,894.2926890141616,890.6980272973996,893.8597336447261,903.5310041517117,907.9083096604116,913.9175170484509,918.7645894511054,924.3523498786537,926.6490689563029,932.9818166332867,934.0053752092122,943.8613794251104,942.1998964878603,942.7758682187113,939.2416140578453,940.774321088003,946.7402013370975,952.0799572472393,961.1921593488934,961.6139394986589,966.3283491928322,966.877946045373,973.1371855830884,973.4707056866085,981.0324280430764,985.9324397854988,994.5023078550234,998.0532346744521,1003.086803795738,1010.4738089330964,1016.6419743617621,1026.1027977887927,1026.4178966475192,1034.1060513091809,1039.5110457754442,1046.4113721553344,1053.9112327911034,1063.3140829999284,1070.7697980658813,1078.6132438177576,1084.3731456834855,1088.5106058287074,1092.200866849268,1098.1081932531026,1110.271726846386,1118.187332259796
394524,378,"Decatur, IL",msa,IL,,,,,,,,,,,,,,,,,,,,,,,,,,,,,,,,,,,,,,,,,,,,,,,,,,,,,,,,,,,,,,,,,,,,,,,,,,,,,,,,,,,,,,,,,,,,,,,,,892.1412920284963,877.5642196236483,876.9673455469168,872.3756230881831,898.8013432678392,902.2520702610761,912.2946513186577,907.4068660434915,918.1806221244843,918.3328749470476,922.6910273069673,910.8438094473782,928.9501327611613,925.8637679345869,943.8157024932838,976.6800031318619,985.7422799772895,991.4092997252841,959.5254742126439,974.5563785044955,974.5161234603747,1002.4605667956429,1013.6461307786825,1024.3573994385856,1017.7394898566176,1039.5155709198757,1041.7787202852662,1038.7491746214328,1034.8061020678613,1041.835809563126,1067.4551891589413,1069.1341332418883,1078.9348387436874,1068.831168831169
394762,379,"LaGrange, GA",msa,GA,,,,,,,,,,,,,,,,,,,,,,,,,,,,,,,,,,,,,,,,,,,,,,,,,,,,,,,,,,,,,,,,,,,,,,,,,,,,,,,,,,,943.3799847603116,966.7548370853235,999.7320640117239,1022.670128391456,1033.1199184788227,1026.4063573020317,1042.6919746238261,1053.6301244425947,1086.6914653248994,1091.4238268704364,1102.174248936031,1107.0569421598605,1107.344639967877,1076.1821703647463,1089.1632862910546,1098.7689894358894,1141.098131732449,1150.428258942756,1166.341911638316,1166.762782057643,1163.0885384844273,1174.3331312072112,1180.5721287451236,1214.5933067320693,1228.3536456939794,1255.0376505373536,1254.8848965355933,1236.2899213866694,1240.8037915916227,1237.0686334646398,1253.8769774360153,1250.3854193234026,1252.6111467720254,1260.7583526945132,1262.209141714403,1266.233082167559,1271.7252795255315,1281.1459462911018,1284.5295575458033,1305.91570016517,1294.0183751794607,1310.592271857674,1301.31122324823,1316.393115231577,1323.5530340495209,1324.2679343997672,1331.0515530179089,1322.1091787439614
394369,380,"Bay City, MI",msa,MI,,,,,,,,,,,,,,,,,,,,,,,,,,,,,,,,,,,,,,,,,,,,,,,,,,,,,,,,,,,,,,,,,,,,,,,,,,,,,,,,,,,,,,,,,970.9725841888486,949.8464327286306,975.0038760824283,979.4712738892043,990.9329894275614,977.7365095052763,987.652099831661,995.2048302193606,1001.2727906546594,996.0850624089446,995.7660604338658,1009.5007720835819,1009.345531071487,1018.9233911430057,1006.0022946297797,1012.3990844661329,992.7345852041336,988.2230471486607,971.7467884685303,991.7603327184634,1015.1111198567537,1048.315118072712,1057.3338736804449,1062.8253595394228,1060.3927453436997,1062.830410055319,1062.5717535199167,1047.7075939882875,1056.5309056720976,1090.123332095795,1106.765221194859,1098.0521218096324,1084.615178945214,1073.4498051695155,1074.898243139762,1076.046870880086,1086.8442724644087,1097.646628237976,1113.3251671138066,1134.502161394643,1149.0395878461438,1141.0238095238094
394599,381,"Fond du Lac, WI",msa,WI,,,,,,,,,,,,,,,,,,,,,,,,,,,,,,,,,,,,,,,,,,,,,,,,,,,,,,,,,,,,,,,,,,,,,,,,,,,,,,,,,,,,,,778.0012450198315,799.9517548858681,801.0263856620122,812.4387519873918,806.793980649709,804.0451842625183,,816.3126663498915,,840.8025053506482,846.7770025421293,848.1841575093702,851.7870611239547,859.5848968744169,869.7685181184036,884.6105377114727,886.8141001852491,894.1232318162309,895.2154369540108,903.7585327065455,910.0056285917017,908.9586230188637,899.5702529277195,903.3370643825327,910.299836741051,929.8895061388826,930.4023050270173,926.2501255602759,939.9495291833964,961.0064358087544,975.8137751012317,971.4321211406773,972.1399135568223,981.0883297380531,999.5802938388362,1004.2676615187585,1007.4909498782492,995.2882579375835,1001.1227539688775,1005.7234317172598,1005.4433050504507,995.715674922038,992.0151286715313,996.6915000371007,998.0853174603175
394630,382,"Gettysburg, PA",msa,PA,,,,,,,,,,,,,,,,,,,,,,,,,,,,,,,,,,,,,,,,,,,,,,,,,,,,,,,,,,,,,,,,,,,,,,,,,,,,,,,,,,,,,1051.122279214137,1058.6407422293842,1055.5540210577442,1043.708651587231,1051.9805753667338,1065.57130971441,,1057.506082217144,1067.0810628888644,,1080.4860454495952,1081.568642849784,,1085.7280535127504,1088.8063897545617,1109.055708361322,1115.5329280936112,1112.8916418375607,1121.025987622657,1130.7693066252357,1119.186636003235,1130.7544620463668,1133.1175783672313,1152.194123977956,1152.990766987031,1169.6758961737635,1203.1047568830002,1193.8581011940275,1177.236525660095,1163.4471003138592,1179.3391794934278,1179.9132010557503,1186.6531847059805,1184.4500146418648,1193.9888904171016,1190.142441068815,1202.8559525529822,1186.112831966128,1170.395148112718,1179.511095334503,1198.2560602502942,1217.5878948252362,1210.623195944165,1218.9377618635558,1228.2529216805394,1231.9047619047617
394620,383,"Gadsden, AL",msa,AL,,,,,,,,,,,,,,,,,,,,,,,,,,,,,,,,,,,,,,,,,,,,,,,,,,,,,,,,,,,,,,,,,,,,,,,,,,,,,,,,,,,,,,,,,,,,,,,,,,,,,,,,,,,,,,,,,,,957.0229228043609,966.298572794882,976.3086220995226,,962.8578084906375,980.425475994342,994.9943981396041,1011.1558359757879,1007.3191345014561,993.5412491604244,981.1795569122293,976.9572114617117,984.167280641769,995.091590392526,996.5937281499631,1019.7222222222223
394733,384,"Kalispell, MT",msa,MT,,,,,,,,,,,,,,,,,,,,,,,,,,,,,,,,,,,,,,,,,,,,,,,,,,,,,,,,,,,,,,,,,,,,,,,,,,,,,,,,,,,,,1959.2743763235121,2003.4034358902263,2004.2956834760575,2013.7530370373818,1990.5564658999674,1963.2693337605863,1988.523881833175,2022.1867149143593,2053.25111425579,2041.7208937186942,2018.9524148978626,2014.569068953419,1997.7812495445112,1987.8686812066935,1999.3350653645357,2018.9542042300714,2017.1157845913172,2006.1542233696725,2002.505238801533,2021.8088686326616,2023.0351702459448,2010.8288659214572,2013.725515283997,2013.2553679816458,2043.8012078826002,2054.88342101519,2060.1941796735528,2035.222030028904,2042.8715131594524,2048.13296285907,2066.6143872650764,2056.589028364605,2050.243067425114,2056.4850038344653,2067.039292744506,2067.798236424036,2060.914825987761,2057.6053909583184,2056.325122368093,2070.3766394570293,2075.1931000806517,2087.0526073097253,2079.313930305857,2081.5266973651637,2089.122925104789,2099.5568247541933
394518,385,"Danville, VA",msa,VA,,,,,,,,,,,,,,,,,,,,,,,,,,,,,,,,,,,,,,,,,,,,,,,,,,,,,,,,,,,,,,,,,,,,,,,,,,,,,,,,,,,,,,,,,,,,,,,,,,,,,,,,,,,,1124.137362284406,1115.4739038972307,1122.9316654741422,1120.7337543290012,1136.3912260261634,1144.6462633506342,1170.385838169351,1175.6793992805608,1188.290548079749,1169.1424383401911,1166.9108733235062,1188.4494462394234,1215.6415448587077,1231.2807092921398,1233.8122256525612,1238.128931715197,1252.6876999512924,1255.776333929432,1251.5325576792607,1227.3247370001486,1199.6884494022152,1185.6334617639916,1184.6031746031747
394823,386,"Mankato, MN",msa,MN,,,,,,,,,,,,,,,,,,,,,,,,,,,,,,,,,,,,,,,,,,,,,,,,,,,,,,,,,,,,,,,,,,,,,,,,,,,,,,,,,,,,,,,,,,,,,,,1042.1927671486592,1048.7143238518888,1076.8021535946516,1079.6094922018574,1080.2379317654204,1082.820759833846,1070.9926911167126,1069.3177585039646,1062.9366071051925,1090.4124392188005,1102.7349745444544,1120.9101160674004,1109.8551596100779,1116.371183080336,1109.1304676566288,1113.2194617832763,1116.5732103716223,1130.9632891276299,1136.9683659962873,1149.1993776630468,1148.4069286893803,1117.074037822394,1127.8969389938372,1140.626272264073,1167.7287319141387,1174.2919274112087,1179.0670071307431,1181.929424780992,1192.0687932191781,1194.4891370576443,1209.1564517733425,1216.4336391951683,1234.9005418705426,1262.0921467219612,1262.2177750672731,1265.4102564102566
394794,387,"Lima, OH",msa,OH,,,,,,,,,,,,,,,,,,,,,,,,,,,,,,,,,,,,,,,,,,,,,,,,,,,,,,,,,,,,,,,,,,,,,,,,,,,,,,,,,,,,,,,,,,,,,,,,,,,,,,,,,,,,,,,,,,1101.7361823840197,1112.966693956318,1114.4797307054282,1146.661255483951,1138.744015827785,1134.7775697382226,1125.9692740964251,1129.2055971154216,1148.161495755601,1163.712426811536,1173.4920077909435,1187.4082393567808,1201.288358338958,1213.6790045483083,1223.0264623681098,1207.817813458935,1212.5
395166,389,"Truckee, CA",msa,CA,,,,,,,,,,,,,,,,,,,,,,,,,,,,,,,,,,,,,,,,,,,,,,,,,,,,,,,,,,,,,,,,,,,,,,,,,,,,,,,,,,,,,2173.4039631942705,2185.907384722585,2212.4972760900773,2223.959333516568,2222.873680989862,2253.0475075866743,2236.404822377894,2228.0932936066783,2225.939865245511,2269.110628327601,2266.2419857335717,2268.615856145521,2279.892666787949,2244.3120140178416,2288.157469840938,2343.9838654199175,2415.889328641464,2369.5221881073076,2372.272589311607,2413.1588038560817,2418.8917981504924,2402.2944088089303,2340.295477873656,2374.687348972517,2380.608350477309,2432.965167625984,2419.8650000306775,2434.5083338390464,2456.4419891423527,2489.596281488675,2499.890199981878,2455.0943595700273,2450.1321387979383,2496.8851461452105,2569.66669214787,2569.973326616764,2590.0046757974037,2588.7349306586143,2596.9434153584107,2582.7561480111535,2556.2293963207426,2573.2629864939313,2592.6748668736464,2637.4879880699896,2667.6706994794104,2657.277777777778
395080,390,"Sebring, FL",msa,FL,,,,,,,,,,,,,,,,,,,,,,,,,,,,,,,,,,851.2466734633018,835.2649855034228,831.7107863254965,823.5886106777867,858.624817879013,870.3185876848503,888.8500084948246,883.428024375447,880.7377555493578,881.883744562293,884.7855078962583,871.8052698723511,870.2745768280087,878.7050879047209,901.0091505397004,904.9888562364973,888.4715253700134,887.480805259083,887.2051538949829,894.5023844722299,907.8744817880146,913.3387584249722,921.709443655045,930.3903328210915,937.5665073799922,942.2135406236297,933.8536863416908,937.1494343828612,944.7639478156144,952.9690446151612,952.1006650965285,953.3550587397464,950.0144665227069,965.017333083237,963.6331834660828,987.4446164438067,991.9305248195535,1001.6003187350213,1010.866718778555,1019.438700348512,1041.269853689961,1062.2757145265311,1076.1426757815127,1083.316055441365,1098.09137412775,1111.3791755480015,1128.4583038465516,1145.3625624457925,1164.4027666528632,1182.2084537579422,1187.611436910829,1209.4954283277518,1222.4282190165902,1239.043177758183,1247.9151060294819,1279.7548665885033,1290.5006415177756,1303.8854615397927,1308.78617983738,1307.242913243225,1322.8244372775403,1334.758009822045,1363.5824289046036,1367.8396577336312,1374.1767902421666,1369.2220526745439,1393.1874147326992,1393.10537077703,1405.2202576328928,1403.6750126689446,1410.5847831544831,1421.4583457786873,1417.9827355069633,1426.8573320546682,1424.6294323441023,1430.2616433729474,1430.280398425129,1428.652182794507,1428.2725648989694,1432.89947164573,1443.4148386141844,1456.8551058246862,1461.5973569251846,1457.1983339562998,1465.1190607840888,1464.197052803518,1465.3127501351278,1468.481250555543,1476.0389694321711,1489.0638756662302,1487.9623358302472,1489.502339725968,1484.2188782899689,1482.516962860106,1484.3365728179926,1492.1926527730905,1493.2407407407409
394462,391,"Cheyenne, WY",msa,WY,877.1860465589479,874.92866919907,876.3168972086562,881.1191585331431,888.0118301542396,886.1188019482806,893.7309699153614,892.9347354979631,895.7485321133436,889.404106550066,895.2349641655036,890.4709155393394,898.5795793158925,905.5934122563359,916.479285444318,917.2172884089549,911.8519343070316,911.9700925345456,910.293811218648,910.6382393474636,913.719942335444,913.7189620202973,913.00725398747,912.6547246410438,914.555624450515,917.502312317876,919.1608717670706,921.6204460001918,921.9040094199066,922.466365273965,915.5962594188211,918.4765548969032,913.3950257384249,921.6160740021301,923.4422533136516,930.223579808897,928.6424917665287,929.1844927325636,926.5189300759986,926.5470947401681,928.6691181776857,931.9723633821566,942.1161050725395,942.0569743884832,949.9460735565235,948.1995360746837,956.4933069553762,956.6698143853534,962.7478996204106,959.5078702908503,964.2213341121357,968.733811168469,974.1339836974344,977.8661514303947,980.2127202089446,985.8735408397957,988.8933530222075,993.9844643528323,994.5823759022963,999.7356180595432,1004.0301891012194,1014.7794036613694,1018.5922725480485,1015.8018501419367,1012.3285391387736,1015.2226621000118,1018.9213967409798,1024.9971922944708,1028.5465438009153,1033.806856813771,1042.7828738846813,1059.9506243383732,1059.2217399780006,1057.1700569762402,1057.855252136126,1070.8483494644718,1081.2485357503517,1087.7954928708139,1100.5541187057636,1107.8696229776326,1123.6647335810699,1132.121479399348,1140.1248415747339,1141.812343247597,1143.0387361381288,1155.837716432053,1159.1141438272823,1170.9693307901193,1177.8865945623652,1187.4136135331482,1188.462362915962,1194.5515868203486,1193.4686223025442,1197.1411035470483,1194.851316134594,1192.155261471914,1206.4146106172127,1207.6803337250324,1223.6832418184697,1217.244855926255,1221.1286419571275,1222.196979290726,1227.394436704666,1236.7345708326457,1239.362957321656,1245.9623674475845,1248.100758012997,1264.316559897448,1269.758695510982,1276.2432591615532,1274.6426697421873,1272.8773993641064,1272.7789208761158,1272.3455124980533,1278.8557242146385,1286.9188831146266,1295.3610297996206,1299.7065367942962,1309.6118200789363,1309.863169889337,1310.5883205413838,1314.7219677191856,1319.588343296359,1333.7022588991902,1342.5748380279479,1352.794504235671,1357.0714311163686,1357.1078306086324,1361.6002955501544,1366.6070764983808
394689,392,"Hot Springs, AR",msa,AR,,,,,,,,,,,,,,,,,,,,,,,,,,,,,,,,,,,,,,,,,,,,,,,,,,,,,,,,,,,,,,,,,,,,,,,,,,,,,,1054.3209816240885,1061.3519181075949,1054.408019114396,1038.7651219392262,1060.781681017956,1109.6731159394176,1128.8724558896474,1105.5734527918748,1095.2326487554687,1113.9378613353447,1126.1298694566901,1120.9215606949372,1133.4961383301822,1148.0652643557273,1169.612509765236,1174.7855925147585,1168.8438882017638,1148.339814349894,1161.858523297351,1200.7587106698888,1218.961025037769,1209.8029871175956,1187.5456245014902,1201.6762232915682,1207.8798497485277,1216.5313748754963,1221.7025636788487,1237.973273958099,1252.3472152496986,1261.7513804917758,1261.2075641498789,1259.344155280365,1269.5032994830715,1282.3199949864518,1301.6732465205876,1298.0501461643655,1298.700052634413,1293.0398616618056,1293.8239838637578,1301.1424743730697,1320.4379431578802,1328.4190247666445,1333.5509936625108,1333.9900734054786,1332.7136671978947,1336.082703637146,1341.059521750539,1348.4607129397045,1351.6887144837676,1357.6123171270015,1358.1700177663474,1350.8124205103588,1335.2182539682537
394302,393,"Adrian, MI",msa,MI,,,,,,,,,,,,,,,,,,,,,,,,,,,,,,,,,,,,,,,,,,,,,,,,,,,,,,,,,,,,,,,,,,,,,,,,,,,,,,,,,,,,,,,,,,,,,,,,,,,,,,,,,,,,,,,,,,,,,,,,,1239.8407078439013,1219.7447870900576,1298.9916260080731,1286.0228594162427,1329.2522023443005,1299.758031002101,1343.248891698411,1295.9260186470756,1297.728875168397,1275.0
395090,394,"Shelby, NC",msa,NC,,,,,,,,,,,,,,,,,,,,,,,,,,,,,,,,,,,,,,,,,,,,,,,,,,,,,,,,,,,,,,,,,,,,,,,,,,,,,,,,,,,,,,,,,,,,,,,,,,1107.7818101414773,1121.9179461805666,1129.259101717439,1136.4399044207971,1131.63300908266,1129.7841885883088,1132.690195572682,1130.104154762859,1131.1449930878468,1137.7826393200646,1163.202941078841,1168.919666386765,1160.8088186082612,1156.4079450833333,1159.5599898164203,1180.854923930779,1180.1661418178471,1192.7680183135894,1190.4071116916473,1196.7657068078665,1186.7025041095042,1177.9540367943205,1175.1342012491536,1178.182772655469,1195.1811953507417,1205.1776456590887,1211.5991908341673,1202.8147945449452,1211.0836185943967,1215.6011759185003,1228.4066669741753,1235.1931658276503,1253.2083333333333
394542,396,"Dubuque, IA",msa,IA,,,,,,,,,,,,,,,,,,,,,,,,,,,,,,,,,,,,,,,,,,,,,,,,,,,,,,,,,,,,,,,,,,,,,,,,,,,,,,,,,,,,796.9506455976357,806.4383070991926,813.8828044013849,814.8049052044062,809.9368278977738,806.4753423668058,827.0528171194114,838.6524076640802,844.399079703701,839.982159826427,845.8845393882052,853.082809690528,851.9610077808792,862.798551647429,860.7704328891487,869.9710201730668,886.3153961181883,905.610588354433,897.660026761299,893.9587316434877,894.844952672334,917.1418101679541,912.2813546176616,925.3651398191325,928.2870872773436,950.511134941151,954.2049197130639,959.0625035805455,951.2207236822193,945.5974980305497,946.329640449138,941.356129366193,944.10390899586,946.0525296824335,971.4085763949549,969.4824595885458,977.3680059986518,963.7071089798211,971.2912145318282,973.8432743800769,983.5725266345595,990.0873429541915,1000.0450962489407,1014.2166203887617,1021.1123824679854,1019.5992055468012,1011.2238562091503
394852,397,"Meridian, MS",msa,MS,,,,,,,,,,,,,,,,,,,,,,,,,,,,,,,,,,,,,,,,,,,,,,,,,,,,,,,,,,,,,,,,,,,,,,,,,,,,,,,,,,,,,,,,,,,,,,,,,,,,,,,,,,,,,,,,1134.0634306550396,1125.6742272070321,1125.0904971187563,1124.0892150101824,1129.8184652490493,1139.47914064065,1152.8500705648783,1161.31949615953,1175.9368296100263,1198.3328213775503,1208.0060719334926,1212.4381306106768,1224.376051638328,1233.642423650271,1242.3434724580936,1247.895107176102,1231.963209268751,1219.7990417792573,1201.75
753912,398,"Pinehurst, NC",msa,NC,,,,1141.1403732746342,1126.6686115317948,1135.1468901809992,1136.8488105041095,1143.671306300599,1146.5207337981867,1142.41744926396,1156.1521576438447,1149.9038341862627,1155.1834403108642,1136.308273724269,1140.4320369013046,1134.0367406061512,1140.3381103391432,1131.7901366209487,1132.3849984517033,1148.184053008644,1161.877495996944,1165.021180089304,1149.6144472794483,1156.2021870427943,1148.5347707606059,1158.2953764859842,1135.9817871881594,1139.4891543566066,1143.6438860206858,1157.4677770351102,1165.94215066923,1163.0245877452385,1163.7996039869672,1162.2001891931702,1162.88280069822,1170.1576386230631,1175.761517456882,1182.2466589310352,1188.27007067659,1190.0903095539095,1192.3152539457246,1193.4828934171558,1193.8873791036945,1199.7315665359997,1198.5745416311195,1195.5229559839079,1197.6644230707732,1202.4393140854895,1202.686722267647,1207.238621789627,1218.5036386266518,1222.7577790113805,1224.5960099015488,1224.9811136367719,1227.2644250863978,1227.9823256646462,1233.3282288885123,1244.1076008364466,1253.366839763265,1253.4484192451662,1260.731430848811,1261.3028368437135,1278.4878254832122,1267.907992944918,1269.1921328532392,1269.623487706245,1292.6979939968276,1300.475348125072,1298.8712657282013,1305.220997618909,1320.2066120048328,1338.1684932404453,1353.3377702360115,1367.625677472279,1346.5461556038572,1357.6050763263625,1385.2167751066838,1443.9993438875083,1466.298806564101,1484.3192706463321,1522.7088270925133,1543.0613288557697,1538.4531744540107,1550.1645981865636,1554.0149663963807,1574.8709366517403,1596.3625745187314,1629.0837323691217,1649.0014691091437,1643.8398670799236,1649.2513296169038,1652.6494690914265,1650.7027032240946,1645.1900352248902,1665.414129190467,1664.9965153717321,1677.453907145704,1686.4776671084842,1713.5142389867287,1728.5474595082344,1717.8738137907246,1714.53333612738,1704.0247116360472,1724.4587285572818,1729.0431785763506,1750.3621703570286,1754.232594138656,1759.3767572206855,1761.904891498928,1762.3222318990763,1756.7751427740316,1756.1510595023533,1759.1307312226072,1768.3881462943118,1774.6948980429556,1784.6856130537394,1782.209615705345,1776.4687374653818,1777.3378480137062,1782.843848372327,1784.9702265155145,1785.9747846542878,1783.0819408849175,1778.2587434818893,1784.521415197946,1785.8848115743176,1791.229304046699,1778.382628100063,1782.2774871331058,1781.1389986121492
394953,399,"Paducah, KY",msa,KY,,,,,,,,,,,,,,,,,,,,,,,,,,,,,,,,,,,,,,,,,,,,,,,,,,,,,,,,,,,,,,,,,,,,,,,,,,,,,,,,,,,,,,,,,,,,,,,,,,,,,,,,,,,,,,,,,,,,,,,,1220.3410768999147,1241.8371914980744,1233.2533254130428,1235.1483520211016,1242.9375564958211,1271.045645506819,1250.3365124632357,1246.7262560492243,1256.696519397692,1273.0424273156686,1304.4444444444443
395190,400,"Victoria, TX",msa,TX,,,,,,,,,,,,,,,,,,,,,,,,,,,,,,,,,,,,,,,,,,,,,,,,,,,,,,,,,,,,,,,,,,,,,,,,,,,,,,,,,,,,,,,1020.6780562186151,1024.0571950432332,1019.3896980287964,1020.1342554905136,1019.8121119784083,1029.4727576395674,1027.771820795113,1025.9244650104645,1010.9914237923379,1029.3624627908837,1039.323043834802,1053.6387182708818,1038.5722616724343,1029.3437153988532,1030.301200718379,1033.3836512553964,1043.1150840407372,1034.4616365678794,1033.743127522581,1033.9787466932257,1055.181786581062,1053.4993791547618,1049.836008916226,1046.734849417184,1052.8183987794243,1062.2729966837312,1066.0403227587296,1066.000927366782,1073.9883656032139,1095.8504081892634,1105.4866087972398,1094.0546525541254,1090.304317747502,1088.7309775978208,1096.9826955019942,1101.074897627823,1110.5058105271455,1115.7441903539961,1122.4316529397802,1129.892847196471,1128.173549161798,1122.9717253763436,1126.5418687116933,1145.5176470588233
395038,401,"Rome, GA",msa,GA,,,,,,,,,,,,,,,,,,,,,,,,,,,,,,,,,,,,,,,,,,,,,,,,,,,,,,,,,,,,,,,,,,,,,,,,,,,,,,,,,,,,,,,,,,1034.2060063066822,1056.7132743196053,1064.4009738408101,1051.0539749302814,1067.2574263427127,1082.2325530991714,1097.3396206248926,1094.513273292508,1088.746227475189,1110.6814202588903,1105.6243331347719,1117.4649118357706,1099.6741563367068,1113.5002325575383,1126.0303171618611,1135.8896169128116,1131.5205909153517,1132.6742859758551,1137.0004964892878,1148.68209941911,1153.5618643687774,1151.5991086302643,1156.5391766277273,1160.3642478333861,1149.4331583939006,1159.6774171816526,1152.8636310876964,1170.6603949736354,1178.6145311702862,1184.01542039746,1186.3086135631436,1191.4054959948212,1199.2173852255733,1204.5867392079845,1213.057868258163,1216.1433641753667,1236.3454221939448,1230.5872821903004,1241.4505206943236,1238.2355330454116,1243.5648148148148
395086,402,"Sevierville, TN",msa,TN,,,,,,,,,,,,,,,,,,,,,,,,,,,,,,,,,,,,,,,,,,,,,,,,,,,,,,,,,,,,,,,,,,,,,,,,,,,,,,,,,,,,,,,,,,,,,,,,,,,,,,,1558.788558663126,1586.3792347802769,1610.225582394576,1634.288532833769,1638.050942538226,1638.3008892762844,1653.9765034636287,1656.176716395518,1663.0637246331212,1681.9129913704564,1721.0094211657552,1736.7421395693445,1703.304202133531,1683.6157941159465,1679.2558302574039,1709.804740872423,1708.1141176578008,1717.3453695560916,1687.862828151388,1687.9318428138988,1677.319247583118,1676.2729985555106,1668.4195853174347,1663.144595206824,1693.9658553416482,1699.7693074420042,1697.6479918578682,1678.287545787546
394882,403,"Moses Lake, WA",msa,WA,,,,,,,,,,,,852.1516705878615,860.0820595710854,854.2859490710342,862.0494279170516,865.3603908942298,874.4887242565048,871.000196640419,873.1020539426784,879.4238829820642,882.6730495190227,888.7749212648008,891.5201975949013,899.8390680757657,910.1895781386628,915.1134466822795,925.3364909961264,930.3174806014255,940.4947799292559,952.3426080634378,951.8611354519155,954.649337239426,951.8553580859638,959.2168378703553,961.5702249567718,962.6701962367131,959.7920347441725,958.5400934871523,959.4758249965478,966.6309965320764,973.9020975158362,987.1129090922416,1002.6549273635786,1010.8193749242973,1011.0190418659696,1004.4491598902382,1009.4236247714771,1011.9602375217908,1011.7138404097623,1021.0582485214666,1023.3858929752873,1025.7519048342708,1024.7539846435368,1022.1250972584629,1023.1732234894919,1028.6631720947028,1044.700717811374,1061.563914350772,1073.1440943609014,1087.257577303742,1106.5258380160235,1120.3887259881749,1129.436353062736,1123.7330320927092,1121.466304807796,1113.31881695915,1107.3245446046224,1108.9454140126577,1101.0368188177695,1106.1503362719554,1108.9064131059688,1123.5757533185963,1135.2974368775278,1146.354145535339,1146.5814045685454,1162.8331683396746,1176.9383603108856,1205.804652072737,1238.4582007416884,1257.1251138270989,1282.322291387851,1288.3222320141115,1297.6437687782677,1303.3806463161038,1294.6146173165146,1303.6375259565905,1317.8283977535236,1330.8151674484586,1351.0112194348776,1356.231755270857,1363.707626877174,1377.5906534326746,1389.5249657722497,1400.7526666291708,1410.7662869953174,1405.6317759864453,1425.497369324705,1433.7421557499256,1455.4263614062336,1469.1696705392517,1478.390896793186,1479.9320974777877,1478.6675070624626,1478.581663132702,1488.467242787491,1499.7550325673833,1500.3723762467464,1512.8693862751966,1522.1739046621221,1526.8079604169338,1525.980089331772,1523.8496386281263,1536.8541022924328,1552.7625405296658,1563.3752771718746,1549.3597800871194,1542.1211853379923,1538.982291712369,1545.145296602512,1549.7161122295136,1546.9159072406624,1549.2434891924227,1547.8476458902542,1550.8327751530844,1542.8115686511292,1538.9485660900432,1539.7179846021706,1557.0372716151164,1564.6450042272122,1569.1203703703704
394340,404,"Ashtabula, OH",msa,OH,,,,,,,,,,,,,,,,,,,,,,,,,,,,,,,,,,,,,,,,,,,,,,,,,,,,,,,,,,,,,,,,,,,,,,,,,,,,,,,,,,,,,,,,,,,,,,,,,,,,,,,,,,,,,,,,,,,,,,,,,,,,,,,,,,1003.1666666666667
394441,405,"Cape Girardeau, MO",msa,MO,,,,,,,,,,,,,,,,,,,,,,,,,,,,,,,,,,,,,,,,,,,,,,,,,,,,,,,,,,,,,,,,,,,,,,,,,,,,,,,,,,,,,,,,,738.4905792068413,743.9982209534024,,763.3089645806881,773.1352637445189,776.6523687039776,791.4287107851413,790.0526322437246,780.4982372407737,779.4333642218866,799.7296833744682,806.882016638319,812.022486753645,800.0306802831589,806.3733345581269,811.3764665370854,811.0185408103832,812.973042775551,819.0079706618792,832.3920395870434,837.4158977256346,834.8253675034596,832.632069607741,839.1175531859664,837.5956875255168,848.4708615594602,846.1120953938463,853.9681226124195,860.5448701005907,866.5039268307744,866.116207856499,863.6536136247045,870.5787116878441,878.0238618483683,880.0823792199003,881.5768790811392,889.2222281517207,894.1523472619602,898.0662719606842,896.3272243711758,896.723532992963,897.7078477078477
394311,406,"Albertville, AL",msa,AL,,,,,,,,,,,,,,,,,,,,,,,,,,,,,,,,,,,,,,,,,,,,,,,,,,,,,,,,,,,,,,,,,,,,,,,,,,,,,,,,,,,,,,,,,,,,,,,,,,,,,,,,,,,,,,,,,,,,,,,,,1331.1793879180227,1354.3003678016528,1347.7925124070412,1366.2360727789444,1384.9069381848892,1389.9810952733017,1396.4788024817021,1415.2253547043672,1446.7187535929647,1477.5
394580,407,"Fairbanks, AK",msa,AK,,,,,,,,,,,,,,,,,,,,,,,,,,,,,,,,,,,,,,,,,,,,,,,,,,,,,,,,,,,,,,,,,,,,,,,,,,,,,1447.440952749249,1493.2903430799897,1502.5849922855834,,1514.8703072702458,1519.17892327199,1531.5013458118526,1558.7795558059047,1577.867460918588,1578.5933251539516,1573.5816357967306,1592.2403951700887,1616.696824436599,1639.580060540787,1645.4874372771635,1646.0823826360675,1642.1935299612155,1643.6198717403638,1647.030312124217,1646.0482128747055,1653.8063305734258,1700.8461005179531,1725.9102699734492,1735.0689880429866,1700.1000985683586,1677.1410880190258,1682.7659410781182,1696.1815563794269,1703.8726605363984,1712.594523811382,1713.5146602057414,1731.0634308686379,1735.4058399758185,1720.573415751353,1734.4682747645122,1725.407844261599,1749.9764635344698,1748.5768758920563,1759.4607070351767,1772.5942508951853,1779.365881583398,1786.46098119624,1795.8413511978843,1792.434573655974,1796.1619177758632,1798.5073793407994,1790.4779303709952,1801.5149956122705,1805.76074788288,1823.4855408378826,1821.4708962159757,1813.7579994273203,1815.0243812397314,1813.148148148148
394410,408,"Brainerd, MN",msa,MN,,,,,,,,,,,,,,,,,,,,,,,,,,,,,,,,,,,,,,,,,,,,,,,,,,,,,,,,,,,,,,,,,,,,,,,,,,,,,,,,,,,,,,,,,,,,,,,,,,,,,,,,,,,,,,,,,,,,,,,,,1029.312794424138,,1025.9562051169792,1027.2362336560113,1036.3766019927546,1036.0962149847762,1038.4425780280924,1057.5330378192787,1085.6948109270809,1110.2777777777778
394513,409,"Cumberland, MD",msa,MD,,,,,,,,,,,,,,,,,,,,,,,,,,,,,,,,,,,,,,,,,,,,,,,,,,,,,,,,,,,,,,,,,,,,,,,,,,,,,,,,,,,,,,,,,,,,,,,,,722.5813152983745,,748.1238742383385,749.9313524944674,756.3430332644954,763.8558748762102,761.6503417120218,757.6077042876057,761.0191303327917,773.3926875695048,783.8847304246228,785.471075523081,798.9487747633651,805.9933578605097,805.5693004143974,807.705133535997,815.4842684232917,829.2270210437737,829.8440525066046,838.5423404524474,842.5561161106004,840.0780476996457,852.799981397051,861.7748778229771,861.4733606622742,855.6347548160584,862.977808828591,869.6704429737499,876.3375367892196,875.8168703945856,890.2903970046096,894.732080702911,901.4238460126285,910.0158730158729
394928,410,"Ocean City, NJ",msa,NJ,,,,,,,,,,,,,,,,,,,,,,,,,,,,,,,,,,,,,,,,,,,,,,,,,,,,,,,,,,,,,,,,,,,,,,,,,,,,,,,,,,,,,,,,,,,,,,,,,,,,,,,,,,,,,,,,,,,,,,,,,1836.0451622578043,1809.5558706155157,1802.3030716431672,1803.5578030525255,1851.2553103733587,1918.3209346754973,1913.757134472493,1935.95287247455,1954.2092372885895,1956.0
394505,411,"Corvallis, OR",msa,OR,1050.825404421812,1056.769378134711,1072.3840674431658,1083.0662226559916,1078.407361307563,1077.397488271804,1071.235460198307,1077.2205608906477,1080.923655529759,1084.437047071201,1077.567633718322,1082.1979612917416,1096.7998664524987,1119.911796965087,1123.6784757083988,1109.1778719713843,1109.8667606061815,1116.9304684921628,1132.8883147342074,1139.0100329523655,1135.4034292708868,1135.1125607537856,1149.0901583570617,1159.073011706579,1163.412173681919,1154.1599865223116,1157.7043547193714,1165.1270368871672,1169.4402501167629,1170.4031421493335,1174.055712856932,1174.5566237823575,1187.749125457579,1198.4538093731903,1207.9011640537788,1200.903246321558,1201.0933612382541,1199.7976403781868,1213.8755043273836,1212.962414285233,1222.0915072200678,1227.6987641119613,1234.9452913792074,1235.4801305615345,1239.6112071575703,1251.6087631642304,1254.8305119958607,1265.9622119609423,1259.480209708955,1263.7765156277464,1259.8435448992325,1269.632156159396,1270.700095499732,1274.965902817152,1274.9782138272897,1283.7423697806878,1285.704112830097,1282.5359126094752,1284.4831221325562,1289.2527292916116,1305.166807420811,1316.5681410486297,1312.2072981860224,1308.1248585168833,1299.6030146938997,1301.9989259848123,1300.876987847224,1304.8455536683946,1306.7865029675718,1295.572679050318,1299.864686109273,1294.1220187600288,1320.833025961005,1320.979617093547,1345.632021766169,1355.767322883023,1378.486416246903,1375.3301609305438,1387.021751371546,1394.7675443523067,1413.3000810092888,1443.35479189233,1464.4515719234748,1482.602262709465,1474.0258676628603,1494.0174320546964,1500.7658478249868,1518.2846058061346,1527.8231510582896,1560.8299715431292,1585.0690875028768,1603.9681736281254,1622.1411466799282,1649.1675247085927,1652.0681034052668,1663.8284868675585,1662.6403082626482,1680.322320246129,1674.6820905760417,1676.7371606711506,1674.741432395289,1688.6125490312538,1702.5723849972173,1727.4034193354191,1733.6935290707913,1731.6057247496606,1743.6367049141386,1745.4061974531792,1760.392548797498,1762.4510179155152,1785.3252933225333,1791.7479973876048,1802.667299031268,1804.900269734421,1803.586067086313,1798.2434273800557,1804.3462506534859,1809.1108163356855,1814.5019553884053,1823.7198138017295,1833.4264829233073,1836.7803086570234,1836.858915754984,1842.715504662319,1847.658931476031,1846.0278100531389,1848.0246677378013,1848.4088739160536,1848.5071489049153,1850.7193351541546
394988,412,"Pocatello, ID",msa,ID,,,,,,,,,,,,,,,,,,,,,,,,,,,,,,,,,,,,,,,,,,,,,,,,,,,,,,,,,,,,,,,,,,,,,,,,,,,,,,,,,,,,,971.8068083085886,983.0736443726948,947.7024338406085,961.7978644365497,956.8297955549226,978.3018131439944,976.7590119204681,985.3925957590344,961.1648895437717,962.9375533762134,963.3463244890812,969.1289693359167,981.9445052912819,989.9291910216114,1002.409915019161,1000.2488194818417,995.1297720702597,1003.2737518559876,997.7675679188169,998.0878818565292,1005.5666924041022,1014.5504463470131,1014.302995254624,998.2890396802281,996.3762670563578,1003.8762225472736,1023.0824005964605,1034.162672696026,1040.547930115328,1039.3414880967832,1042.6028856959047,1037.248436552654,1033.8068958662172,1040.13154113464,1044.6623818467822,1052.0518237841861,1056.530370239967,1054.2915773918328,1049.858104932721,1049.982757160184,1058.071093838652,1061.9070172845707,1072.6933016385144,1086.4442125761093,1101.5144898587475,1103.8993558776167
394501,413,"Corning, NY",msa,NY,,,,,,,,,,,,,,,,,,,,,,,,,,,,,,,,,,,,,,,,,,,,,,,,,,,,,,,,,,,,,,,,,,,,,,,,,,,,,,,,,,,,,,,,,,,,,,,,1244.9675388021012,1237.6677611317748,1271.7610595158792,1300.9122645557254,1311.5906650484546,1279.719899101731,1269.3143854887596,1269.2287417273412,1299.210357427703,1306.0901905641776,1297.585416288841,1310.831336752361,1333.0508802412005,1339.2810270974915,1310.2391114907953,1291.1326864972536,1287.9874332623224,1304.2959985450038,1313.7128990786655,1322.0327909458802,1323.292476473924,1322.8747577680665,1337.00963095421,1347.3353213359003,1343.6382075723088,1352.5174619178179,1370.1464781704108,1380.6129329530352,1382.482418606127,1385.3714458199588,1386.771415129076,1384.330193237767,1374.3433741726526,1377.4518060886724,1377.4690476190478
394911,414,"New Philadelphia, OH",msa,OH,,,,,,,,,,,,,,,,,,,,,,,,,,,,,,,,,,,,,,,,,,,,,,,,,,,,,,,,,,,,,,,,,,,,,,,,,,,,,,,,,,,,,,,,,,,,,,,,,,,,,,,,,,,,,,,,,,,,,,,,,,,,910.7375836262815,910.7952334362268,906.496359168284,902.3435062655333,907.7552386769443,918.0898911674843,933.0
395140,415,"Sunbury, PA",msa,PA,,,,,,,,,,,,,,,,,,,,,,,,,,,,,,,,,,,,,,,,,,,,,,,,,,,,,,,,,,,,,,,,,,,,,,,,,,,,,,,,,,,,,,,,,,,,,,,,,,,,,,,,,,,,,,808.4133550017951,827.0297034892285,843.5638734591531,839.0864607961901,841.8620072413421,863.2362054756928,877.1363059084265,861.819790725702,860.7389469065214,888.2510457381932,909.8941895107653,924.8470235798989,906.6261676413449,,886.5036093350137,897.3308932885385,900.2286084479896,900.3878648174535,902.3115154771647,946.2491157954294,971.3888888888888
395175,416,"Ukiah, CA",msa,CA,,,,,,,,,,,,,,,,,,,,,,,,,,,,,,,,,,,,,,,,,,,,,,,,,,,,,,,,,,,,,,,,,,,,,,,,,,,,,,,,,,,,,,,,,,,,,,,,,,,,,,,,,,,,,,,,,,,1759.7942964033707,1760.1828160525115,1754.0305962603054,1738.1587944720904,1758.3185661230443,1751.5684578876683,1782.6360818940168,1790.6754259203599,1828.435702409845,1827.1892608590856,1831.167487599485,1823.5749583061934,1814.2605742941446,1811.5221866782938,1814.906127454314,1831.547619047619
753887,417,"Hermiston, OR",msa,OR,,,,,,,,,,,,,,,,,,,,,,,,,,,,,,,,,,,,,,,,,,,,,,,,,,,,,,,,,,,,,,,,,,,,,,,,,,,,,,,,,,,,,,,,,,,,,,,1329.4333327243112,1356.0088201152116,1369.2337973224062,1389.8547135162407,1382.1744505637885,1338.5964360875414,1342.7684755750834,1329.8059684282396,1392.5851279284745,1407.040866922329,1427.280960912971,1420.0357550912095,1411.9104146046088,1413.837596593232,1415.2412191614135,1417.757527324078,1426.0011526255294,1432.6000947555904,1441.3214489586928,1452.3407108536426,1445.5812716197258,1446.5080447004052,1458.6427950811192,1464.676735829347,1474.6156665594058,1472.8718507305732,1478.6400051180713,1481.4853171129357,1489.4481650583866,1516.3269561668599,1520.0110310090308,1530.7186492283367,1516.7599741071042,1523.6152756849458,1513.7078626492637,1521.5264957264956
394469,418,"Clarksburg, WV",msa,WV,,,,,,,,,,,,,,,,,,,,,,,,,,,,,,,,,,,,,,,,,,,,,,,,,,,,,,,,,,,,,,,,,,,,,,,,,,,,,,,,795.945122771805,787.385442618019,785.2954274500611,779.9834125022279,803.4083694293498,819.5890556397416,822.2196989268161,818.3395305816729,816.0077538876458,833.1304179643091,829.2182265382667,830.0469892616287,838.0311102882082,836.7012768850261,845.7320684431066,857.7500098887699,861.4046926267694,872.1782482311831,880.1971733702619,880.880462420482,874.2873589266087,859.7522907289695,871.5186054721127,885.4933721009335,896.6743962898901,923.2308381170743,919.649285665294,930.8581515778495,929.4517565939502,937.0376295439324,942.7045760768998,938.583576721938,934.5184662161831,919.4948423542761,931.8962714077163,939.5042063894302,949.5866809401547,949.236667920418,957.7189787671418,956.184661588934,962.8732516097549,960.6772149073844,963.7427303884559,979.5385558700029,998.3829138548201,1026.5112776859166,1022.2714130088139,1020.0593940953984,1015.7689616897039,1014.6446494308299,1019.7222222222222
394964,419,"Parkersburg, WV",msa,WV,,,,,,,,,,,,,,,,,,,,,,,,,,,,,,,,,,,,,,,,,,,,,,,,,,,,,,,,,,,,,,,,,,,,,,,,,,,,,,,,,,,,,,,,,,,,,,,,,,,814.555274399822,799.0786806842805,808.99785476175,808.9733589866335,826.8603267264687,831.4261613910871,837.6362307575565,832.702393703799,838.5529250053111,845.268359431253,851.4974792937713,851.5210287807895,856.083462042611,858.6092762999413,853.1204298726364,845.876601645265,847.1635759641031,855.5416871193725,868.1925467081935,,892.6396156755869,892.9395880996874,891.5326821462903,891.3908528506165,896.6182028739197,909.0438233487946,917.8804586440848,934.1757044611634,935.93222394407,935.8498281583351,931.083844030356,934.7222222222222
394373,420,"Beaver Dam, WI",msa,WI,,,,,,,,,,,,,,,,,,,,,,,,,,,,,,,,,,,,,,,,,,,,,,,,,,,,,,,,,,,,,,,,,,,,,,,,,,,,,,,,,,,,,,,,,,,,,,,,,,,,,,,,,,,,,,,951.6903729036509,954.2105586059369,965.084790274773,966.3467416097888,973.3952163665226,968.1352250595152,977.782868149242,974.9660015507396,990.0041224175924,995.6900966118756,1007.9723517997572,1011.66389711836,1007.7134719171873,1011.5738111319962,1015.6429661911952,1024.1054387637523,1028.5924730006989,1039.0457611881768,1045.9002659377597,1058.3333333333333
394980,421,"Pine Bluff, AR",msa,AR,,,,,,,,,,,,,,,,,,,,,,,,,,,,,,,,,,,,,,,,,,,,,,,,,,,,,,,,,,,,,,,,,,,,,,,,,,,,,,,,,,,,,,,,,,,,,,,,,,,,,,,,,,,,,,,,,,,,,,,,,,,,,,,,,882.5120903893757,903.5416666666667
394641,422,"Grants Pass, OR",msa,OR,,,,,,,,,,,,,,,,,,,,,,,,,,,,,,,,,,,,,,,,,,,,,,,,,,,,,,,,,,,,,,,,,,,,,,,,,,,,,,,,,,,,,,,,,,,,,,,1392.2336916513548,1415.255166442244,1419.1613452586382,1420.4396483006653,1401.340708572965,1379.6174926280298,1376.2726396363216,1374.9997453403168,1416.4429514851993,1434.6785859827876,1475.4468086219279,1485.2611254280412,1493.2858763745362,1503.2046132788844,1493.185409098924,1493.2970160844343,1469.403325332655,1474.909860258969,1489.013850367983,1494.7156429540141,1502.9769654606707,1512.271347804353,1512.0496974873845,1482.9225895403652,1478.6432325139906,1476.3062712473934,1495.3727892108827,1502.9207726952425,1536.997049131701,1555.3498969967254,1569.197774708617,1581.1120011772953,1559.3095795464142,1561.4069108302244,1562.3044499838031,1610.5416666666667
394511,424,"Cullman, AL",msa,AL,,,,,,,,,,,,,,,,,,,,,,,,,,,,,,,,,,,,,,,,,,,,,,,,,,,,,,,,,,,,,,,,,,,,,,,,,,,,,,,,,,,,,,,,,,,,,,,,,,,,,,,,,,,,,1412.1311594203032,1407.0420143385431,1387.0342971919852,1403.9485067284484,1422.9240361302711,1432.580152339391,1443.1486784557053,1449.943957201633,1465.5573805011818,1480.706839998562,1499.52499865042,1507.3488485836785,1504.5900682386791,1509.6803366284541,1515.6621103659866,1527.297063578369,1523.237584463589,1529.0731517295653,1532.0964432333035,1535.9658569961514,1531.781074531451,1514.3055555555557
394809,425,"Lufkin, TX",msa,TX,,,,,,,,,,,,,,,,,,,,,,,,,,,,,,,,,,,,,,,,,,,,,,,,,,,,,,,,,,,,,,,,,,,,,,,,,,,,,,,,,,,,,,,,,,,,,,,,,,,,,,,,,,,,,,,,,,,,,,1072.6068534613728,1073.1518128169002,1075.5104520539353,1068.4000072506428,1070.394005600967,1090.8102786334127,1094.2599696765353,1100.6550825502554,1084.6922138990317,1111.2789533776443,1120.120982203308,1131.4969705769226,1119.611111111111
395248,426,"Zanesville, OH",msa,OH,,,,,,,,,,,,,,,,,,,,,,,,,,,,,,,,,,,,,,,,,,,,,,,,,,,,,,,,,,,,,,,,,,,,,,,,,,,,,,,,,,,,,,,,,,,,,,,,,,,,914.4966005085197,942.0719946154836,935.4912204583792,938.9927016743273,921.8024219896433,942.2544473049124,942.3623920943054,940.6027241601541,929.6272421196335,940.0443412091661,956.5548865782799,967.3778376507111,970.1164670977572,961.5118755352548,958.4184226938678,947.870186030909,962.8191894736158,963.154912173879,1000.6086810197672,1011.0855637492986,1021.1819460493206,1022.8346119146901,1019.3756623165212,1022.3796131951967,1025.5073464273883,1032.2351307982801,1047.6676994591433,1071.0937646722573,1082.1803393934701,1087.6931506302453,1068.2222222222224
394907,427,"New Castle, PA",msa,PA,,,,,,,,,,,,,,,,,,,,,,,,,,,,,,,,,,,,,,,,,,,,,,,,,,,,,,,,,,,,,,,,,,,,,,,,,,,,,,,,,,,,,,,,,,,,,,,,,,,,,754.4479555841856,767.9754105563832,762.5026091028698,767.0440247174744,769.3673925067483,782.8304377358803,791.3884088906377,768.159663296653,756.3749262212885,766.6007563450415,781.9623658920101,795.9106386844869,780.8512943246118,798.5222198417775,806.9005743556125,826.1769630246611,826.1832662546645,818.80020707728,820.2791724476531,849.7494870353773,870.271759363153,871.1444579133491,869.6852305480496,871.5400720735728,896.6235004636767,896.4122940231189,907.5665179017916,906.784301600299,914.7406814591492,927.0833333333334
394925,428,"Oak Harbor, WA",msa,WA,948.9885953764438,957.6255983561045,966.4066215038724,976.6756181027112,985.1725924051385,992.0279007666536,994.4329328551588,1003.9360258152066,1016.4543969561959,1026.6963593774606,1043.6060026712694,1056.8978275999586,1077.9478215499007,1076.382995824712,1091.3482287239058,1101.0510007330672,1114.650121359988,1123.671648571608,1139.7298261894875,1162.4229087866597,1173.7461492538018,1193.7924147738133,1197.5464404845536,1214.6470721348014,1215.3416643728738,1234.1049304131113,1239.617984326502,1253.4672138855776,1262.4602042363592,1274.0636722022991,1288.287862813713,1288.068940395543,1287.095050895109,1279.3033047052666,1284.9981403686213,1294.557876494804,1301.4516537342338,1308.5780899990623,1314.5565855133611,1325.4986766902848,1339.8407716944225,1347.8287616772639,1341.980238665454,1345.7232090896357,1353.0400887872659,1365.2778590605303,1366.2594272501506,1365.3958861854974,1371.7076987859314,1380.3788532672493,1385.7796795238924,1383.8880819882356,1380.6858043803807,1381.9090415251078,1390.6479778104633,1396.9574944830108,1402.8559980791485,1405.8805825610148,1413.7311894947163,1417.573333943247,1420.069285374324,1416.9938765928675,1419.987995718221,1421.8441044281583,1428.1490547842268,1436.8833204642533,1446.3256728832234,1463.0520410932704,1473.9166999076845,1482.3761717811772,1481.556576839475,1500.8201849842899,1518.230083289327,1530.6369320107797,1538.501587629868,1540.5370016842041,1553.7828599148518,1572.9623893189676,1606.318475753233,1626.7594457746845,1642.7760859783302,1645.5232477164998,1653.9758535295384,1660.2028539336784,1668.4977250271982,1687.1297226592155,1696.1035644569647,1717.9268803308375,1724.0292974637039,1729.4353036378493,1731.2747055718835,1737.2109293597116,1748.3309242459786,1762.1210624826992,1775.7691587665672,1789.3415464159027,1787.7171135485273,1804.9960608839374,1830.1466901149709,1851.1977422063906,1866.0528142298565,1872.2454004423164,1870.3746298750773,1870.9144306356952,1859.2227320508068,1871.870647465046,1878.3873556469723,1901.2167960106506,1911.657092148965,1911.6990234091877,1900.1367945146947,1907.9057702229723,1922.617277654877,1939.8476121393992,1939.334820019429,1947.3939892911214,1968.9646664162121,1974.369303324851,1982.2793884720102,1976.9215017148126,1988.720897484392,1996.8257465037166,2012.5014063848923,2012.7497120579678,2013.964760435704,2017.5655298931651,2039.2876616697165,2052.5865584034345,2060.278061675116,2068.0855762594892
394942,429,"Orangeburg, SC",msa,SC,,,,,,,,,,,,,,,,,,,,,,,,,,,,,,,,,,,,,,,,,,,,,,,,,,,,,,,,,,,,,,,,,,,,,,,,,,,,,,,,,,,,,,,,,,,,,,,,,,,,,,,,,,,,1013.3491940307385,1023.8720167616165,1016.345918944011,1047.0167926680947,1054.5601841221333,1064.6289450925938,1046.6040325055742,1035.3524198230607,1031.6739020617815,1058.2557813816559,1077.2462355540895,1080.6082124693064,1111.064263966917,1123.6877305623475,1143.6265179414627,1137.8809201276913,1156.1601649265476,1152.696415138162,1151.2578476463823,1161.0234791629553,1187.83802203503,1204.8364116983896,1205.5555555555557
395212,430,"Watertown, WI",msa,WI,,,,,,,,,,,,,,,,,,,,,,,,,,,,,,,,,,,,,,,,,,,,,,,,,,,,,,,,,,,,,,,,,,,,,,,,,,,,,,,,,,,,,,,935.5482353775698,945.846103851317,968.7181801440988,984.0171133191465,991.3354740848127,988.5677237654745,1003.1285961787539,1007.554813479522,,1029.2486192886124,1041.0033865542096,1042.4180954793037,1046.674451790906,1059.8789624658748,1056.7121907779801,1061.0519801309326,1055.9750980245683,1074.9523192664712,1080.1802223666177,1105.2918196739213,1116.556072058098,1112.7648083730546,1114.113082307455,1111.333778826245,1117.3380967683827,1113.843471560498,1122.7546357325953,1136.1189714045606,1141.8972101535885,1148.4467166234735,1141.1466406366358,1134.4864893482538,1135.5294704728758,1151.2622091079677,1161.4684217125778,1175.6855481390708,1185.7492083773518,1197.02050107893,1204.0745333391496,1206.446623647573,1221.7028677574317,1226.7362741119264,1246.5518643284095,1259.236111111111
394568,432,"Elmira, NY",msa,NY,,,,,,,,,,,,,,,,,,,,,,,,,,,,,,,,,,,,,,,,,,,,,,,,,,,,,,,,,,,,,,,,,,,,,,,,,,,,,,,,,,,,,,,,,,,,,,,,,,,,,,,,,,,,,,,,,1086.1239788469645,1077.6256229174005,1083.3706160655472,1109.703344348154,1116.3634629965102,,1097.8385670889359,1118.6331691971632,1146.5612332921,1168.9633449055893,1165.9538447741904,1159.569570413642,1170.6615396019902,1184.3034749674587,1186.6819340208292,1167.397981958594,1175.2918203320926,1191.25
394644,433,"Great Falls, MT",msa,MT,,,,,,,,,,,,,,,,,,,,,,,,,,,,,,,760.505852681439,770.2082176452052,771.9920183964635,777.3831469877249,777.7410435199822,776.054483923602,777.9946645396046,778.2248556222477,790.0949859557746,790.3718947419177,791.7768984915734,789.27880068036,790.4475787734657,786.5064636346726,790.8697204823125,781.0185059431187,785.2135226636856,787.7620990879938,801.4487082810186,801.2306379317243,795.7188992508266,803.1334032734178,807.260987645214,813.6846372169075,812.4117708901131,814.7096603716469,813.5173063481445,819.9957824690904,818.7287325208314,818.6919372942384,809.6926880514637,810.7691113218264,825.3024439931684,832.4828812686255,834.1414742550473,839.1821555710579,842.5285370310102,847.8056094444723,846.2528267439926,843.0917648372244,851.4380497654441,873.2440632510617,894.397877191251,890.2728886029522,895.9457912722023,907.5389466459712,929.8444164360404,943.6342245456487,966.9892786936009,980.2943311571436,997.827216158624,995.3177222379047,1006.8897658296261,997.543041960747,1008.9973071842194,1035.377643279189,1067.1476586834208,1085.0173972163527,1094.7251932810484,1102.304715321626,1111.9846618460274,1122.8371265553897,1136.917752510017,1171.8346446307544,1196.4708639048504,1210.4910084281437,1204.108829606489,1194.498834230887,1185.5107680742528,1177.3993417155066,1163.9283037769321,1165.387687491027,1157.4810467875661,1163.5667646526238,1164.7295535429953,1169.2942737924432,1174.1825676413898,1177.9694098904224,1182.0793657601773,1196.1077200497275,1205.011717314378,1224.7862386644972,1228.3785677632106,1236.0451269724674,1246.2809547564566,1255.722616705105,1257.5393006741658,1261.6152136320761,1258.8479977694178,1266.4985316570762,1278.4813845285607,1281.0986674933279,1285.6087609258036,1283.445392072565,1297.6022007687252,1301.045516392618,1305.826682723651,1303.447084155515,1308.1758550209681,1304.9777777777776
395042,435,"Russellville, AR",msa,AR,,,,,,,,,,,,,,,,,,,,,,,,,,,,,,,,,,,,,,,,,,,,,,,,,,,,,,,,,,,,,,,,,,,,,,,,,,,,,,,,,,,,,,,,,,,,,,,,,,882.9164352676016,891.5228783046147,875.1965875729132,872.8135503327951,882.8392536758787,889.124238907072,915.9784447888746,922.8284580183566,934.4857485226183,943.6373191678174,941.3583212378054,929.634164861725,946.1098163233056,956.1826517324503,962.0148519685969,950.2758644897199,943.5353194998002,958.1299251103732,966.6665775088104,986.2877492398562,980.0876845949632,981.7772435786383,987.5809897701185,991.1389904149017,988.2348493685083,986.2461532115071,994.3034401143985,1008.886448504367,1012.3729160155074,1005.5894953498381,994.370756638176,983.0760783310295,985.625
394704,436,"Indiana, PA",msa,PA,,,,,,,,,,,,,,,,,,,,,,,,,,,,,,,,,,,,,,,,,,,,,,,,,,,,,,,,,,,,,,,,,,,,,,,,,,,,,,,,,,,,,,,,,,,,,,,,,,,,,,,,,,,,,,,,,,,,,,,,,,,1269.1258041186925,,1294.324431912892,1356.2554037924651,1361.5026711734279,1357.961284147873,1369.3214873039103,1397.7619047619046
394859,437,"Midland, MI",msa,MI,,,,,,,,,,,,,,,,,,,,,,,,,,,,,,,,,,,,,,,,,,,,,,,,,,,,,,,,,,,,,,,,,,,,,,,,,,,,,,,,,,,,,,,,1199.0390889764271,1229.6063663191978,1245.0449576245217,1255.5782422407124,1271.8177032512149,1263.915963766184,1271.2082664617349,1253.4180203024584,1254.2773293838652,,1273.3253951764075,1282.7723355143276,1291.767759145594,1292.0132203482244,1290.0617872258504,1295.1689113031684,1306.6797630455906,1313.0221836130945,1307.3865210906604,1328.5659568083736,1354.8486869743733,1360.652245546791,1346.449642293388,1333.709055677983,1330.5321073272485,1345.7916715421497,1352.4519590706732,1369.0316764281883,1358.871743101424,1381.795291097679,1392.7187211749756,1397.8425850118483,1392.9148304995422,1403.566004306018,1421.2240879630967,1434.9859886523489,1442.9339484336097,1437.9803718870612,1444.00597804868,1439.031593412914,1450.750753886738,1442.8821083169707,1447.1944444444443
394755,438,"Kokomo, IN",msa,IN,,,,,,,,,,,,,,,,,,,,,,,,,,,,,,562.3828328630732,566.2389119384833,,565.9950304566233,567.9539411268142,571.0872786771453,573.4415834999733,570.8687687782224,571.8353235538129,574.9504685952502,581.8665775533208,581.4484519561428,577.4405052458591,576.0099498330875,581.0717132939496,587.7394227611519,589.5076279046301,583.9626310915712,575.8009386181891,581.2206119073063,587.6136445344209,588.3995243225851,586.4687415864904,591.5422933100817,597.9537295469106,601.6453343637652,601.4338987542214,602.2463635804098,604.2741670657233,612.3136437483112,621.87418304528,624.5764115730861,624.5261170109827,625.8805994031396,627.4137017434249,618.7141283444253,621.1612943181292,623.3206137789516,632.2979200584103,629.7171662151123,640.2619122112384,639.437447749947,647.6326000335673,639.4271848069806,640.2246576662977,644.1637993279572,652.7051085935052,669.4579815643435,665.316030483523,669.9292836274421,673.0897342612388,690.3872397058967,689.1109635800199,706.4847811455122,713.5877736750274,726.3993526437758,732.1049151097232,733.0921552811224,752.3323321971073,752.7537620253928,770.1816021554835,766.2426493404665,770.1356983081726,769.0582015860472,774.6430957096275,770.3678614776167,774.1015972945836,777.8392182437593,788.0694549255064,796.9042494087038,786.1588390847272,794.4460845755863,799.7329162198052,829.7345505874846,841.0386171715162,850.0503524994567,858.9396660866825,863.9818335091089,,872.8058852995964,884.621621825417,888.3112853911039,910.9814896251196,928.0523581506402,942.4779461723929,947.54356649451,956.183457625148,959.1969042028443,955.6196151999507,968.6469061063565,976.2023355308147,988.7585669576223,988.8758468178949,997.1096337909768,995.2871997345417,991.0800194182143,987.0117819479873,980.6013768004241,979.8293319280116,984.4973172983102,992.4723646723647
394395,439,"Bloomsburg, PA",msa,PA,,,,,,,,,,,,,,,,,,,,,,,,,,,,,,,,,,,,,,,,,,,,,,,,,,,,,,,,,,,,,,,,,,,,,,,,,,,,,,,,,,,,,,989.4411801736185,997.995663948909,997.096902409056,1010.8175208524118,1015.9422159560969,1038.3156678028254,1030.8243820013438,1035.4826626925988,1037.7723355334663,1047.0187018114123,1057.8271257480249,1056.3654679599217,1071.2270548962474,1063.5059805765673,1069.8521966436097,1064.5199668606028,1076.3582764667367,1082.3539068722175,1087.2396296330887,1087.7081663987979,1102.804923108093,1098.4479893523153,1090.3210061852437,1090.275709412447,1093.6016671164982,1112.2601212725451,1114.8774821974948,1118.8859922793295,1131.8672235292095,1140.9287911930908,1154.5335305164042,1149.8608162955748,1163.4667905675278,1176.289240345604,1190.202045169552,1204.437322511622,1207.3708078927764,1208.618967259151,1217.005783055545,1226.7063048439304,1221.3503095320489,1218.6554675655234,1218.56997319713,1231.9835851760242,1222.5641025641025
394941,440,"Opelousas, LA",msa,LA,,,,,,,,,,,,,,,,,,,,,,,,,,,,,,,,,,,,,,,,,,,,,,,,,,,,,,,,,,,,,,,,,,,,,,,,,,,,,,,,,,,,,,,,,,,,,,,,,,,,,,,,,,,,,,,,,,,,,,,,,,,,,,893.5952028791513,,921.5851145454861,945.2409336282699,944.4444444444445
394675,441,"Helena, MT",msa,MT,,,,,,,,,,,,,,,,,,,,,,,,,,,,,,,,,,,,,,,,,,,,,,,,,,,,,,,,,,,,,,,,,,,,,,,,,,,,,,,,,,,,,,,,,,,,,,,,,,,,1411.8138965151181,1459.6177018335288,1450.9247493705275,1466.272857013672,1434.4192168899776,1458.2182825022378,1467.5223550175308,1482.9958262750918,1493.7008021505214,1486.723314016296,1501.1887497794994,1510.1023514685721,1560.145438782033,1555.8688336179732,1564.2381632192821,1550.166913982745,1559.6440894787997,1564.6926715088223,1572.4722938184223,1579.3107778375577,1585.8284455862424,1608.7265796356144,1609.3701770478738,1613.8656501929518,1598.652394292252,1600.1638384006346,1610.7776036561395,1624.0628674405668,1645.134465783148,1644.2703817234042,1648.9537037037037
394744,442,"Key West, FL",msa,FL,,,,,,,,,,,,,,,,,,,,,,,,,,,,,,,,,,2231.899049825717,2212.297782148263,2215.8559793696304,2219.423333452857,2180.366509937445,2196.345088409392,2230.47211018208,2289.082371420084,2311.10759831432,2267.1527628989493,2271.1510732234187,2250.3733610704708,2299.735537763406,2276.8055081033835,2313.506157841723,2297.540316431132,2354.918788059685,2364.06407049017,2363.9624749575846,2327.6725885217015,2329.458728540679,2373.292309850167,2366.472276726525,2405.823169971338,2368.8325913523167,2404.899604643759,2364.000209911345,2362.6885216101355,2324.1749553796917,2392.2260412346213,2371.9782908148018,2436.1694714837904,2425.367666773509,2443.6656064945087,2463.4188863128998,2455.446392231037,2474.368468048548,2441.0422790740135,2495.595968933504,2523.949632021724,2598.509968416233,2635.69372281133,2688.0628704994306,2749.838012243776,2768.860608108371,2845.0205408734364,2839.322942108969,2874.9919744782646,2918.3574064453687,2996.513132214194,3039.879050703166,3031.16431145789,3111.383167729667,3173.0165806846694,3254.7729519184127,3223.801306072769,3299.4363949035824,3329.340778217777,3432.7155082226764,3461.3881449974715,3493.061182123758,3497.5891738113437,3462.096511951918,3504.8871189817955,3461.023844888107,3504.90032365367,3478.513738109338,3492.8460171156134,3518.4766854493305,3483.5205442824013,3504.033953401824,3522.1777525637303,3556.8402212575998,3543.660556286074,3541.051161347584,3555.9969613442786,3596.553499125361,3617.669500300458,3605.758104321733,3603.8824980842965,3553.785589004999,3573.525716724077,3593.3767724503223,3547.0312262327675,3531.64770651684,3547.2295304935824,3576.784674037635,3567.5775088132223,3557.093937596043,3525.165736090112,3544.8128663004427,3561.0131096370446,3585.7376034439535,3594.7367763419247,3565.0840615276747,3599.5351181606256,3603.0992063492067
395145,443,"Talladega, AL",msa,AL,,,,,,,,,,,,,,,,,,,,,,,,,,,,,,,,,,,,,,,,,,,,,,,,,,,,,,,,,,,,,,,,,,,,,,,,,,,,,,,,,,,,,,,,,,,,,,,,,1023.2924801532639,1028.6780387234446,1035.2391260675975,1046.847699074412,1057.4647957004736,1062.0977391127278,1066.453315666456,1072.9600146502596,1093.2282542534801,1087.2850058257345,1082.3350939059044,1081.3819261686315,1093.4035001323757,1101.1998874420362,1103.8292907644309,1095.7264446108506,1095.6259972379482,1099.9781435630553,1111.427551093507,1112.8189872103915,1113.9002855097935,1120.0075700355994,1140.5561098003327,1146.737889195458,1142.4628135203507,1140.7237755696153,1143.24371121151,1149.8914341406864,1151.735266833861,1151.0434931639097,1144.8395878847002,1145.7242221659385,1142.767995348966,1145.6666666666667
395133,444,"Stillwater, OK",msa,OK,,,,,,,,,,,,,,,,,,,,,,,,,,,,,,,,,,,,,,,,,,,,,,,,,,,,,,,,,,,,,,,,,,,,,,993.7369542820802,1004.7378722558909,1002.5400776293021,994.8837148259378,994.0533412610562,1005.0117835659603,1015.1328174075803,1017.7765941416825,1020.2021920084658,1032.2553453616063,1049.7765729126681,1048.6054210293519,1050.1759650945664,1050.6163860851768,1061.420994550751,1081.6084216632826,1097.2631433166732,1100.5200311108626,1099.0923974702696,1112.7399135188557,1134.464360125091,1137.1322137704378,1145.5876999448,1150.8168987127704,1157.5485798692791,1157.0907272448617,1161.582749833527,1164.1814436175405,1170.4085579820596,1174.438696378956,1185.0196388806837,1182.5009483361475,1188.9530618341548,1204.944795506021,1209.3295688590752,1206.003072360891,1216.5705049827059,1225.7277685985066,1236.9886550224023,1231.8942620600196,1240.11378474385,1247.420139216892,1255.8248931723203,1262.5877117143436,1259.1059886154421,1262.5041876470639,1274.9608054910475,1280.6502932812448,1284.8626373188038,1293.2992598104206,1295.724097251662,1310.0625281927282,1313.0191693641532,1320.310374168016,1324.6073676054448,1334.0812240824937,1345.4560344766944,1350.5810035621057,1353.277783744189,1367.0596318249752,1374.6031746031747
394489,445,"Columbus, IN",msa,IN,,,,,,,,,,,,,,,,,,,,,,,,,,,,,,,,,,,,,,,,,925.0982157466209,915.7668480721034,915.8037468274925,917.5866398878715,912.2002563407227,921.4614409176532,935.0901288924223,948.5403830993525,943.2714354704636,943.3444133902352,946.9189212852306,937.5994220141586,929.4372091426409,938.0187009375269,954.2497882045903,963.3217844892321,970.4179013931264,963.2927067730466,961.8228387512371,951.0438770737354,955.1498032359905,951.7499190657295,962.8655388929081,960.7052171437571,956.696556307171,955.1311455820694,949.8471072524474,953.2741445568611,962.7188065828212,976.0582897301492,987.1656749358867,993.1816770704569,986.3844166355559,982.2252756671359,975.2664774543485,977.9341983195586,992.6876003857815,1009.1819661365917,1040.6623597617113,1054.8345880955633,1070.3961687076483,1059.3649202357985,1070.8165473671393,1083.3919855503666,1109.0408653352304,1109.5306958775643,1122.1088304841487,1134.225871392554,1152.7343982968166,1161.0556634565264,1157.139460736162,1151.6287558746785,1145.075189190052,1162.1916485743648,1162.6079734168138,1168.690433835675,1169.6042255583932,1179.3612357918373,1190.5435480386857,1196.2227728419327,1201.8719061839763,1196.7649655378077,1189.8114490043956,1200.3259363336574,1211.3873658559735,1223.7826803763621,1217.5329128312194,1220.6753656786657,1227.4144954049932,1241.3673489496248,1251.9244219078637,1256.948322394653,1256.3177211060008,1266.812185941056,1276.4173936554462,1278.3661171576705,1277.3750285237832,1278.5621641870985,1294.7663230279395,1301.0765394052398,1305.2333854913365,1305.1067303924465,1304.9586952173652,1312.3152788957095,1322.908155826493,1332.9121996169538,1347.2938328017838,1360.2258240009833,1376.096893813945,1385.8246753246756
394345,446,"Athens, TX",msa,TX,,,,,,,,,,,,,,,,,,,,,,,,,,,,,,,,,,,,,,,,,,,,,,,,,,,,,,,,,,,,,,,,,,,,,,,,,,,,,,,,,,,,,,,,,,,,,,,1333.9955753428399,1342.3798327451168,1350.363117349188,1299.947580750835,1298.341669879887,1290.8467201380545,1292.7380705310181,1291.6248830447887,1300.34703036051,1330.0838796950093,1333.4289852965499,1353.3032353035403,1347.0848317428547,1370.9879128267396,1379.801935145907,1383.9120915336443,1376.7332791839626,1359.0141285826833,1358.9191114133964,1345.4206508967493,1357.7112395020185,1365.365210758758,1382.767472521221,1384.157392675828,1396.0860571680437,1385.503916018761,1381.1618123943965,1387.580588102618,1399.239026240395,1420.6532710623922,1429.729009110497,1447.892648444927,1445.1403329031712,1430.5361361829043,1424.3712758638765,1421.0277777777776
394452,447,"Centralia, WA",msa,WA,,,,,,,,,,,,,,,,,,,,,,,,,,,,,,,,,,,,,,,,,,,,,,,,,,,,,,,,,,,,,,,,,,,,,,,,,,,,,,,,,,,,,,,,,,,,,,,,,,,,,1374.745824821735,1364.0617528123485,1374.6617347736678,1367.7532000782105,1356.9737935679802,1346.4373840043015,1371.0186787850455,1359.872196091714,1362.8295578462867,1370.9511928572792,1362.4141755135568,1390.9557231855752,1383.0339190346135,1417.0963273276784,1403.646713137038,1416.5282709073067,1412.3855468617717,1427.881936842334,1445.4435436295264,1475.5911256642294,1490.1941621250185,1489.3125100527525,1491.4282528771041,1481.2765905158515,1493.0251160634502,1474.788409928205,1487.842716888597,1488.921980925284,1514.9655774625364,1520.0595238095239
394822,448,"Manitowoc, WI",msa,WI,,,,,,,,,,,,,,,,,,,,,,,,,,,,,,,,,,,,,,,,,,,,,,,,,,,,,,,,,,,,,,,,,,,,,,,,,,,,,,,,,,,,,,,,,,,,,,,,,,,,,,,,,,,,,,,,,,,,,,,,,,,,,,,,1026.9859627382355,1014.0930077082841,1026.0
394682,449,"Hinesville, GA",msa,GA,915.8527975567922,923.1024458254162,927.9560853777737,931.9208521252511,935.4061923501997,935.1846795078899,933.0789385054632,933.745883642878,931.9369656012816,927.7716048382356,929.8463313643961,930.0556092176008,930.0837705197789,928.3012391655127,932.477959983773,938.5045012884233,941.1171988442738,937.143824802613,937.6368286119285,935.2076779855304,942.2107475651721,944.6093470126913,948.0190630260685,947.3268603672917,947.6262382267452,949.397316832745,948.7832751297025,945.7240440837758,948.9081342423646,951.5487763471994,956.3886415120044,957.7218792522638,963.2030353273864,966.0714224335086,968.0264581756999,969.9934127621588,972.4812400960353,972.57919993012,973.5627229834095,973.1024960926081,971.0144446626608,975.2498814037992,975.6126090017486,980.8908628725858,982.0225240219543,982.0781304704747,983.7321355005448,987.742887077714,991.8451141030919,995.7385452614319,999.6080884367689,1005.3390930808382,1009.9442862178552,1011.3791507392566,1013.8861957770594,1014.7307979728098,1014.9478097883057,1018.3370154882014,1020.5421598800174,1021.7713933813834,1022.3974692406892,1023.9828748622041,1042.438803934096,1047.63048869881,1055.1865441799753,1049.339916160942,1058.5672586372639,1070.6359183578695,1081.9044763674624,1091.3383401060437,1089.907005560688,1106.000418346668,1111.6488124452346,1140.1369229644772,1150.8158935605811,1159.6501112836927,1177.3957021892581,1203.1088735813853,1251.6676071227632,1276.097230088073,1305.4022883887346,1312.8029222756566,1353.764788282082,1376.5048713270926,1392.3963773151745,1403.1994480774727,1399.6705435016045,1428.9226722224273,1425.4012156943775,1454.7673142054455,1446.2509175320045,1469.8740622444807,1477.7094931576175,1496.2908540648443,1487.2620318274658,1477.2544128460404,1503.5320680870607,1504.670747976329,1526.9044675510972,1527.5133284543554,1538.3058446220152,1531.756598914643,1507.3464996586627,1491.9030679339758,1492.4805426784844,1505.0039807648266,1519.8900250634777,1539.7390241030953,1544.9338900284272,1554.8437347553054,1564.245520319934,1580.614084898668,1607.2491196027597,1628.2401340590698,1659.9840510765803,1663.4417047569598,1658.2828908428864,1648.9815232524663,1651.4406629399912,1654.0530889345323,1651.8854071650178,1659.283300948632,1660.1710362504432,1659.0606744837612,1651.4371233190163,1649.259975078595,1655.109823026966,1671.771593278378,1689.8368970078525,1703.1757298597715
394541,450,"DuBois, PA",msa,PA,,,,,,,,,,,,,,,,,,,,,,,,,,,,,,,,,,,,,,,,,,,,,,,,,,,,,,,,,,,,,,,,,,,,,,,,,,,,,,,,,,,,,,,,,,,,,,,,,,,,,,,,,,,,,,,,,,,,,,,,,1069.5172274115814,1062.8417077363947,1067.8726086545314,1083.345073272463,1091.322605643291,1107.1983252965701,1114.6802155300584,1136.6325621323108,1139.9725671315387,1133.3333333333333
395205,451,"Warsaw, IN",msa,IN,,,,,,,,,,,,,,,,,,,,,,,,,,,,,,,,,,,,,,,,,,,,,,,,,,,,,,,,,,,,,,,,,,,,,,,,,,,,,,,,,,,,,,,,,,,,,,,,1015.7108941323141,1018.311012738476,1045.8460259476317,1044.4274787842369,1053.635902438183,1050.2081914547232,1054.8690601899973,1064.9224107286097,1063.6764732619768,1076.9764107014157,1069.2509360413114,1090.3445501906115,1078.0558617716338,1081.4652169300746,1080.0791904823952,1091.7485565073425,1086.074556504237,1076.0171837406267,1070.0894488764377,1076.4032588997622,1093.6589801168059,1100.1599647121695,1109.4074321432165,1115.909850091008,1136.9001520869838,1139.7153617092658,1135.4464941373271,1130.6961833930714,1137.429187933616,1150.2412878634075,1156.7348535025872,1150.6201713078426,1140.019335597125,1133.0042672944712,1133.8031746031745
394986,452,"Plattsburgh, NY",msa,NY,,,,,,,,,,,,,,,,,,,,,,,,,,,,,,,,,,,,,,,,,,,,,,,,,,,,,,,,,,,,,,,,,,,,,,,,,,,,,,,,,,,,,,,,,,,,,,,,,,,,,,,,,,,,,,,,,,,,,,,,,,,,,,,,,,1325.0
395126,453,"Statesboro, GA",msa,GA,,,,,,,,,,,,,,,,,,,,,,,,,,,,,,,,,,,,,,,,,,,,,,,,,,,,,,,,,,,,,,,,,,,,,,,,,,,,,,,,,,,,1086.4565957936281,1079.1564422971353,1102.5227054582888,1117.7761870403788,1164.5470928902805,1183.8150077414123,1180.091439911474,1169.1059056556492,1190.0445967073356,1230.1740550346046,1243.4966018001385,1251.3809965956214,1245.4913694814932,1278.3844792186865,1289.4514263070307,1304.798444531499,1288.9533230589043,1286.6700834673065,1293.6683374360555,1327.013969543565,1337.916431044564,1347.044640527946,1338.7941886549193,1359.0369558108557,1370.7060378344988,1381.9457316571788,1382.2600570441798,1384.7599077137331,1402.938929171998,1426.5652304111545,1453.2527191588017,1457.2206361576189,1452.4718969245632,1447.9004396550615,1461.5814857294972,1458.5242872599354,1469.1871909222343,1469.5840598872198,1483.1390617480426,1494.8853860303734,1501.7519512214662,1504.1234660303392,1503.3220601437579,1508.8695042932222,1525.667501545739,1539.6937861673005,1553.87343358396
394445,454,"Casper, WY",msa,WY,,,,,,,,,,,,1007.584575199596,1005.4016335161037,995.3246748786337,996.3732021374949,987.2255959836945,970.1335203726879,959.0272912467747,942.9677208528177,938.0520091599011,933.5786372311583,923.9755381890524,917.2410179482464,918.156442986854,915.8235117658405,919.7022694484044,920.8970940644132,922.0807365076174,921.3869177466458,914.8760028228912,912.4973122153949,907.1170358263342,906.4969795448358,911.8134561759583,916.633608424594,911.6715467243255,906.1278486801881,897.9537377081203,900.2642916675413,902.8242997658381,913.1325187942243,921.1685475450569,931.5648744529636,932.2510597365344,938.3025842511897,945.3863224185507,957.9655406315977,961.462637974895,957.8790766928653,963.1239637767126,964.1087176521246,966.7135073832538,967.0895395180955,970.7872245083232,973.2104291322584,983.0985652908882,987.6309446694524,989.9161768123819,988.3990171921936,998.2436439389008,1015.268485863063,1026.8646791094275,1018.3550109360185,1006.7351574681646,994.3265578245954,982.8434400126325,977.0493839288073,982.560088148366,988.6938500473683,987.4224192083797,993.962735775619,991.847400342084,989.9192435512222,984.0289547116154,986.0402729729389,997.3437682334036,1012.3868975539378,1021.6788688086883,1038.1888454840914,1050.4087098568887,1064.2117929077292,1072.3705392234099,1072.8160495308641,1086.5304228675955,1090.9073154401822,1109.8756066293133,1107.0913941201457,1114.7532363334956,1110.1334851771776,1125.6861379468614,1121.481894918474,1116.621155361274,1114.95686084358,1131.6330832227236,1152.4088086169584,1147.1672946871179,1151.0685842196406,1148.9053413752708,1162.803376605437,1171.3107155623181,1183.509727838946,1193.9249308295407,1206.7162801581114,1215.7045715806119,1221.2860017970772,1214.6321643379742,1207.6108887841622,1206.7528965049721,1222.2992873689145,1241.592527241517,1268.15931985892,1267.9794199767666,1264.1951808313888,1248.8726724222859,1254.9026466267212,1261.7545946404373,1257.9196681371423,1271.2745737096313,1277.596084536356,1289.9906706884017,1286.6146862355627,1280.2047787792656,1264.4911293937394,1269.5841509998065,1278.1078190267494,1292.2318065612462,1292.96537378275,1295.1633172592053,1306.3148409584512,1306.0911421911421
395231,455,"Wilson, NC",msa,NC,,,,,,,,,,,,,,,,,,,,,,,,,,,,,,,,,,,,,,,,,,,,,,,,,,,,,,,,,,,,,,,,,,,,,,,,,,,,,,,,,,,,,,,,,,,,,,,,,,,,,1062.758039897509,1075.7334409330829,1084.5800275367494,1090.8349166163407,1092.3588279002897,1101.7361815583408,1109.670917739701,,1128.6677626257379,1130.1278740721202,1146.0042923584324,1149.1167772656784,,1148.7372212538849,1171.7872608499536,1175.8584654785966,1172.6528433721603,1157.9561843576678,1164.7417740710587,1165.1522088755164,1168.2672511552903,1166.0322036980529,1161.8328876864068,1166.7868012232855,1174.2022037231538,1175.2315858335326,1164.6194730076709,1169.8019872350499,1179.433049319057,1192.521164021164
753881,456,"Glenwood Springs, CO",msa,CO,,,,,,,,,,,,,,,1801.9968936189762,1832.315635365937,1925.4358690254353,1925.7932469894636,1949.9231475170086,1943.9337515671089,2011.3118502858586,1982.6185669554793,2023.390001397259,2008.7311354024582,2052.655414722461,2033.665690827001,2037.266773410851,2031.2632464086694,2069.833142026746,2110.064890087998,2118.9822111046087,2141.5956799307246,2143.214014583516,,2194.891491293014,2184.761001071736,2169.007145865565,2197.8318027828923,2230.365635127753,2251.5871373762025,2240.967357445628,2226.5656175812915,2266.7608670033696,2298.1138316283314,2319.6761272256417,2297.2821457914024,2305.2442750393943,2355.012012839743,2381.2740522333,2384.220338838674,2384.3124265115966,2399.4133985570343,2405.2215717928198,2433.986659367179,2431.645408190055,2437.3197058643914,2448.115133862861,2487.7852658294814,2520.0316012791973,2535.70855854228,2562.0634462773646,2601.3464880402826,2573.200209591518,2603.3435498210206,2569.5636741411263,2485.561144260353,2502.2094635062344,2538.859641291577,2707.651607554304,2782.31998567224,2849.527977593756,2765.888266214817,2796.6540700564365,2846.9578561754934,2995.076495764099,2966.7497600908287,2957.864125627113,3065.785196346169,3192.305454319494,3299.3206130692156,3245.5774036843063,3248.766644919392,3207.5339619758915,3403.8787031859624,3492.039183023345,3565.9832066374247,3516.531093436839,3667.1541472403546,3812.689571170771,3856.0669071117745,3825.2068173636258,3868.6435711843774,3908.0798458391378,3874.496461829877,3959.0567145239847,3995.803235018545,4135.641924763927,4135.780459712854,4079.3033909177393,4050.3885364360463,4013.292843648513,4034.1950915946572,4018.5800697070526,4010.492952101038,4076.4480623767904,4181.992132515206,4170.845697839173,4212.1722627129875,4124.797865792302,4193.890598140022,4220.077516832609,4290.442259383384,4266.9726123123255,4306.813115395406,4321.424311251863,4348.527589395696,4327.988661885977,4371.077094805647,4409.370228138398,4376.651109077664,4415.9535926419,4405.533581906775,4481.081851276908,4466.8895821155975,4530.417801316583,4531.7523090665045,4587.3962275314225,4612.8503845031955,4643.375034700674,4615.289855072464
395085,457,"Seneca, SC",msa,SC,,,,,,,,,,,,,,,,,,,,,,,,,,,,,,,,,,,,,,,,,,,,,,,,,,,,,,,,,,,,,,,,,,,,,,,,,,,,,,,,,,,,,,,,,,,,,,1247.3978006113182,1207.913265084265,,1203.9618336039787,1230.682022036619,1250.4413405619307,1276.5600757335567,1266.2300931546986,1287.5358741839946,1264.6292812266208,1282.5334635803938,1271.4440531346543,1279.381817839682,1298.503437874075,1313.1828314064078,1321.437688119908,1339.3282606293717,1337.944564029084,1350.7439120637962,1336.775321044698,1342.800732133644,1359.4694312834683,1356.739993436131,1353.8688557737826,1374.8313208768514,1387.2230813858864,1399.2557244475004,1403.2468504744713,1397.520352176745,1407.806409360976,1398.174089818988,1429.177203121355,1431.026071373188,1442.8545518239225,1443.1376665662376,1460.2514056746422,1458.9111111111113
394866,458,"Minot, ND",msa,ND,,,,,,,,,,,,,,,,,,,,,,,,,,,,,,,,,,,,,,,,,,,,,,,,,,,,,,,,,,,,,,,,,,,,,,,,806.9569021669894,803.5493724711197,808.2300818970969,818.0038698685702,828.9752292887246,816.6323191046521,815.2492654016395,813.9512101327155,816.2263823633396,816.7615420826875,814.9778536483033,815.2151982585725,818.5089615044624,820.0053544022628,819.0993376200651,818.9465243686441,828.7988460282996,834.0863535435985,846.3140601547227,848.627332521877,852.9821504825053,854.0220665750184,860.0602613230102,872.1939421061071,881.7962178514185,888.2612035785261,887.8091105484694,891.2852641887353,891.247279998516,901.7763675351387,902.8425537263653,910.1972597644698,914.7176436039634,919.6859625426391,918.5334234466137,915.4469018043924,918.164669715652,923.2790060104383,929.6582826661557,935.1324293746795,940.3300199069341,942.3300380523973,941.0311704613763,943.4185779275206,942.7783751364434,948.7762947345798,960.5684080970145,966.4383519227207,969.2060040204514,972.239925793834,978.2170062836022,982.7610476887855,987.256256119054,990.8732264816347,1000.3003687837038,1006.0388005529528,1015.2939745122407,1020.017871948527,1022.404428904429
394936,459,"Olean, NY",msa,NY,,,,,,,,,,,,,,,,,,,,,,,,,,,,,,,,,,,,,,,,,,,,,,,,,,,,,,,,,,,,,,,,,,,,,,,,,,,,,,,,,,,,,,,,,,,,,,,,,,,,,,,,,,,,,,,,,,,,,,,,,,,,,,,,,1038.088787873492,1083.3333333333335
395077,461,"Searcy, AR",msa,AR,,,,,,,,,,,,,,,,,,,,,,,,,,,,,,,,,,,,,,,,,,,,,,,,,,,,,,,,,,,,,,,,,,,,,,,,,,,,,,,,,,,,,,,,,,,,,,,,,,,,,,,,,,,,,,1016.0676138277046,1018.8130262411848,1027.4749812439122,1034.2304948065353,1038.7445072751534,1037.3251288854804,1040.8365439331058,1046.6727718885643,1065.4008425103118,1071.084854602152,1083.0365188985625,1083.9786200765411,1092.2288207030822,1104.1149973861702,1110.5986362415372,1117.6574697796511,1119.3472912243074,1121.095710933145,1120.704665595207,1117.752274399315,1122.3214285714287
394638,462,"Grand Island, NE",msa,NE,,,,,,,,,,,,,,,,,,,,,,,,,,,,,,,,,,,,,,,,,,,,,,,,,,,,,,,,,,,,,,,,,,,,,,,,,,,,,,,,,,,,,,,,,,,,,,,,,,,,,,,,,,,,,,,,,,,1168.9858466734981,1167.4006255618629,1181.5411811300023,1176.2185746029456,1191.6905888389174,1196.7939734187487,1210.0935738056182,1207.3417769623377,1222.9920410041586,1228.6365245536958,1235.308878955352,1239.1282219362836,1238.8544310809523,1256.090508944104,1245.6881590307928,1253.5757575757577
394994,463,"Port Angeles, WA",msa,WA,,,,,,,,,,,,,,,,,,,,,,,,,,,,,,,,,,,,,,,,,,,,,,,,,,,,,,,,,,,,,,,,,,,,,,,,,,,,,,,,,,,,,,,,,,,,,,,,,,,,1616.8080888397412,1606.0158868288124,1628.645897654797,1653.1310896416837,1661.5171461111972,1665.782942626638,1652.74151050041,1663.5164543847534,1653.442775818767,1652.2127374569197,1671.5783476970187,1692.1660852750545,1714.5007359062026,1725.4635071398252,1734.0297261380601,1738.3520835033758,1748.4463528195165,1748.0405375699613,1747.6146033912762,1748.4914723385048,1773.0331940325068,1785.5344125057322,1789.886603254484,1784.3869628852017,1777.8725506324943,1789.5283436788,1796.331813090722,1805.1066048922962,1813.9227538412563,1825.692719658509,1849.1666666666667
394350,464,"Auburn, NY",msa,NY,,,,,,,,,,,,,,,,,,,,,,,,,,,,,,,,,,,,,,,,,,,,,,,,,,,,,,,,,,,,,,,,,,,,,,,,,,,,,,,,,,,,,,,,,,,,,,,,,,,,,,,,,,,,,,,,,,,,,,1197.9422041177145,1205.1678939632702,1206.7766793632557,1211.4943911007738,1219.6305142831961,1216.2606350302788,1219.7038472486465,1242.1867629472183,1273.8713355820407,1292.3883587933851,1272.0327146248633,1278.5972803130946,1275.0
394699,465,"Huntsville, TX",msa,TX,,,,,,,,,,,,,,,,,,,,,,,,,,,,,,,,,,,,,,,,,,,,,,,,,,,,,,,,,,,,,,,,,,,,,,,,,,,,,,,,,,,,,,,,,,,,,,,1238.274020632403,1242.2962005356947,1232.5843934593684,1233.403999733343,1260.8292230416992,1247.6416767849569,1267.9859239354623,1243.8213421928294,1271.9655793276393,1267.0824073520914,1267.0819542081106,1258.6814985732417,1257.9107845861986,1272.4899755700433,1281.2148803367056,1308.8275807312114,1299.7213722968922,1306.3817291321295,1309.5480891905224,1315.7873494445093,1329.1797072329437,1320.3319067084665,1335.3218132339823,1339.921080853803,1357.999120510546,1354.3183160191395,1364.1666028001127,1355.2226734969315,1361.3087784330517,1364.4235932739934,1356.542210877309,1366.1886809428138,1351.3351431129342,1365.2520163711279,1354.694458350061,1357.625541125541
394738,466,"Keene, NH",msa,NH,,,,,,,,,,,,,,,,,,,,,,,,,,,,,,,,,,,,,,,,,,,,,,,,,,,,,,,,,,,,,,,,,,,,,,,,,,,,,,,,,,,,,1471.402971094782,1465.8885040572513,1452.95395422043,1472.9027369890832,1502.6645234171922,1514.3263469048914,1497.8926380193034,1493.6994497312573,1514.355630669272,1533.865536969974,1525.4959886145189,1513.6651589308224,1533.3980388615994,1562.9741341195695,1582.9360109657837,1575.6031969973487,1555.1439096355205,1553.6199308646494,1590.6150002265915,1600.3341518506288,1613.246928011127,1606.0483257655758,1631.4661998368122,1638.1742139314715,1622.003688774319,1638.462893924868,1643.9236504160942,1674.8782450522328,1687.8843652286612,1680.464892524317,1674.147179106842,1677.5736633242575,1692.0503866957686,1708.9095551562343,1709.9057356577798,1720.4661047145962,1742.4388105154267,1736.1934468369989,1744.6572938560691,1740.2791204221735,1753.2192780903265,1776.0147017699205,1782.6655937702858,1793.94755303071,1789.7769486611644,1793.8392857142856
394674,467,"Heber, UT",msa,UT,,,,,,,,,,,,,,,,,,,,,,,,,,,,,,,,,,,,,,,,,,,,,,,,,2050.1202266424793,2031.4044597337868,2012.041890117119,2023.6529864824136,2038.265268841681,2061.816120327706,2054.312346728374,2080.5352566289594,2107.8513395308355,2132.1939010581345,,2179.851781985928,2224.1150534531794,2252.7753705085393,2174.134126312242,2141.439468060714,2117.613468577544,2111.1977263824274,2160.047472072428,2197.0339302301504,2271.1354983227293,2327.204220915279,2377.6541185356787,2430.8951985367644,2439.7794359450136,2499.945248055462,2519.17984170914,2613.032009526644,2657.099587650182,2689.023649311057,2704.3456136214377,2735.1693084239096,2748.3915958159546,2793.648964463582,2861.9385402855837,2894.312129334887,2950.03602064656,2954.294061568008,3022.9894507268923,3005.877896630719,3051.4436740626074,3071.2886244570573,3075.6847009591247,3081.648632918492,3092.694447801556,3101.1578178557697,3051.254163676848,3035.6843653889578,3026.55426910879,3046.4101722152564,3034.548990642018,3050.081658822506,3035.8766095167243,3051.663977973678,3054.4018366384557,3069.4134904099674,3064.995582399102,3083.394818904476,3103.8761481910724,3135.8739482483966,3123.073982875715,3094.141849516135,3097.388840042012,3100.562805790442,3151.781218800561,3141.3654646077803,3174.4253031348044,3164.417392551862,3162.1698684304793,3125.9376018561047,3133.6277900600953,3123.3900720484316,3140.0160410872973,3163.1074109020074,3164.66773395755,3167.2462909674377,3136.1951417669616,3142.901506929456,3127.2218580455174,3137.0248463338203,3150.324822761359,3177.9069444444444
395010,468,"Quincy, IL",msa,IL,,,,,,,,,,,,,,,,,,,,,,,,,,,,,,,,,,,,,,,,,,,,,,,,,,,,,,,,,,,,,,,,,,,,,,,,,,,,,,,,,,,,,,,,,,,,,,,,,,,,,,,,,,,,,,,,,,866.5509101328007,890.6707448607816,927.4621877096957,931.1088577337605,932.877925137382,942.132964777297,934.7769872745296,944.5002811513715,946.7316533375387,960.0336910044525,980.0347743834927,992.1021843615064,1010.2195098486616,1005.2660236458432,984.3810025908646,1000.0644772503396,1012.5
395062,469,"Sandusky, OH",msa,OH,,,,,,,,,,,,,,,,,,,,,,,,,,,,,,,,,,,,,,,,,,,,,,,,,,,,,,,,,,,,,,,,,,,,,,,,,,,,,,,,,,,,,,,,,,,,,,,,,,,,,,,,,,,,,,,,,,,,,,,,,,,,,,1442.2849439440624,1435.0222898401703,1460.2419879211495,1459.345678784305,1469.25
394593,470,"Findlay, OH",msa,OH,,,,,,,,,,,,,,,,,,,,,,,,,,,,,,,,,,,,,,,,,,,,,,,,,,,,,,,,,,,,,,,,,,,,,,,,,,,,,,,,,,,,,,,,,,,1181.241922423073,1158.3402619907154,1152.0502177289973,1148.9009181589313,1144.9258694025482,1144.6224614703049,1166.8495604697653,1173.2893019920186,1188.8097817527664,1193.0481171408167,1187.4280560535735,1179.9640658800338,1157.8235493705465,1178.2447900873758,1200.2393460577302,1232.5636211439748,1232.2827586502433,1240.227674030583,1243.5928118566214,1261.1022131083635,1248.6762655108034,1254.8233324688179,1273.6341463374142,1284.0969878830442,1336.5159732784405,1336.5154156405215,1348.8017671158937,1328.5581026506404,1345.4932983251113,1354.106525945243,1360.2726878620451,1361.0578527373889,1380.4364320797001,1386.2084037650136,1378.0170148510686,1379.3323441927084,1358.9250326056417,1362.522326611279,1351.2726678356796,1356.9444444444443
394614,471,"Frankfort, KY",msa,KY,,,,,,,,,,,,,,,,,,,,,,,,,,,,,,,,,,,638.880865396576,638.7175772115268,627.0144284735084,628.4906608784976,638.3331541884254,645.9038697958547,651.7409915764117,640.993405494461,640.4307812253743,634.1790937723187,,646.022148368658,651.2637283140159,645.8047047124361,654.8100557228818,659.6666019373258,662.6485695707477,661.2345003897957,660.0817592754536,669.5488552014939,675.1300998190537,687.1691277771646,689.4673895446612,687.1185785947738,689.1286725124675,701.4236508501017,707.3004492954097,713.2452041555215,694.1528612175167,689.9708271569621,679.9925964527578,702.5361866451346,718.4318001678351,734.9190774193542,748.6789754023667,755.5565410061602,759.5013086990178,744.0009724932232,743.91219197404,756.6222538925723,770.0515058924049,781.4920189163009,796.5349294061525,803.5027755201623,802.5713143360725,802.8923004591097,807.373163784502,825.3780705726522,828.8571392330757,836.1881595221865,827.0811176224832,822.722643088322,833.5920340102613,855.630538386521,873.037706260028,873.81285093674,880.3157640134125,881.9584182719143,892.9412009136948,884.2808951485506,899.4081917508596,916.6859132116649,944.1501842592376,942.1626378029205,939.4921350163985,928.098986604773,931.2474127634172,928.2730877852487,939.3622036584616,947.6282830589361,951.9468638810534,957.7792152162413,953.7598140709182,961.194462851991,958.6303748540215,972.1797039434923,974.9719104224588,979.6634773828071,979.668499137254,989.2665225043721,987.7871526385308,987.820123591845,989.9636603633502,1013.6658361477016,1022.6210479600869,1021.5662569128148,1026.6453432018707,1032.591817746335,1043.930671021122,1056.075378961337,1065.6983383059228,1075.2994725963165,1085.5243320403526,1097.3560520023673,1107.5555694930606,1103.2586894586896
394516,472,"Danville, IL",msa,IL,,,,,,,,,,,,,,,,,,,,,,,,,,,,,,,,,,,,,,,,,,,,,,,,,,,,,,,,,,,,,,,,,,,,,,,,,,,,,,,,,,,,,,,,,,,679.0581671584382,664.7292002823231,672.5156674385119,678.9081117223402,666.0438649645495,663.9855749439157,656.0619389867031,667.730830109127,685.0197296307213,680.8619743113467,687.797692064382,679.6388856398718,696.3395495372334,704.7524615086236,714.3506993175636,726.1329697975858,730.8941282326655,731.9564095088215,734.9736348559119,741.2706617417467,755.8553509034232,790.6619132848258,812.6818727545424,824.4160786909474,807.9326376053416,804.6322292826328,804.5581793233301,805.7790280105744,808.7563904945783,816.6275997861269,822.5572610279651,832.4858705074074,827.4556901344051,816.9434342176716,806.706281650989,814.1339231709977,831.0927496653311,847.2585512941762,855.5207434566324,862.3244348244349
394298,473,"Aberdeen, WA",msa,WA,,,,,,,,,,,,,,,,,,,,,,,,,,,,,,,,,,,,,,,,,,,,,,,,,,,,,,,,,,,,,,,,,,,,,,,,,,,,,,,,,,,,,,,,,,1212.1368678033302,1189.2287368626464,1200.8946108107066,1210.0571390604136,1222.1364941533898,1251.778586274091,1281.073424364558,1315.9242509801254,1315.704240251051,1304.1645874538012,1284.150190270091,1281.7774094762824,1277.3441532232973,1280.6668650209504,1281.1663927116408,1296.5308751470084,1305.53607301888,1306.7893777383306,1313.5331559864371,1313.8983130327267,1323.023198582351,1339.3634326818726,1348.4006066269692,1341.6503318167743,1328.0841400904044,1322.7645892057953,1330.3171095720586,1342.5644013441897,1358.5453293602586,1353.6961858251566,1351.5332206673247,1349.9761217051205,1353.1205270035916,1361.346574461716,1372.1565511195201,1394.1966495308889,1414.9127971182809,1436.4513771235468,1442.4144101208658,1439.1128135879571,1435.8121693121693
395106,475,"Somerset, PA",msa,PA,,,,,,,,,,,,,,,,,,,,,,,,,,,,,,,,,,,,,,,,,,,,,,,,,,,,,,,,,,,,,,,,,,,,,,,,,,,,,,,,,,,,,,,,,,,,,,,,,,,,,,,,,,,,,,,,,,,,,,,,,,,,,,,,,,943.75
753928,476,"Wisconsin Rapids, WI",msa,WI,,,,,,,,,,,,,,,,,,,,,,,,,,,,,,,,,,,,,,,,,,,,,,,,,,,,,,,,,,,,,,,,,,,,,,,,,,,,,,,,,,,,,,,,,,,,,,,,,,,,,,,,,,,,,,,,,,,,,,,,870.983036520742,,873.0535216311844,889.560718046294,898.1627872246937,899.0131319846514,928.6223647820179,932.116512597958,942.2075981620451,908.1378280243421,910.2929292929292
753893,477,"Jefferson, GA",msa,GA,,,,,,,,,,,,,,,,,,,,,,,,,,,,,,,,,,,,,,,,,,,,,,,,,,,,,,,,,,,,,,,,,,,,,,,,,,,,,,,,,,,,,,,1772.3527337098526,1800.7998067426404,1863.1839383457652,1894.5112787798369,1895.2412044663176,1887.9208349525782,1889.6287978489797,1901.5631418676815,1937.2266541477431,1977.4604527603706,2001.8803664364357,1999.2381140606917,1977.7970767262002,1959.69499066414,1970.3505854796535,1988.1944951757914,2007.7751798637573,1988.934982876299,1971.1390037329481,1971.755821193581,1965.5424669186607,1979.9734422360264,1998.442885778384,2030.8092152649747,2045.412648097122,2058.312833868137,2057.5816312365528,2047.4299875117774,2039.8191913480298,2043.9906937269193,2049.2723259449494,2059.365017947495,2055.658036792694,2042.7805961011707,2028.8022733106543,2023.8998107708455,2033.1794474545325,2042.8705245709052,2044.2710606773492,2055.933624972979,2071.205938079822,2097.9183113399595,2122.990219412209,2135.923374613003
394736,478,"Kapaa, HI",msa,HI,,,,,,,,,,,,,,,,,,,,,,,,,,,,,,,,,,,,,,,,,,,,,,,,,,,,,,,,,,,,,,,,,,,,,,,,,,,,,,,,,,,,,,,,,,,,,,,,,,,,,,,,,,,,,,,,,,,,,,,,,,3041.4681862082784,3069.7509200460463,3097.786531852745,3133.413664917853,3085.3679224827674,3152.762215541665,3203.716526122404,3292.125131568689,3361.1111111111113
394955,479,"Palatka, FL",msa,FL,,,,,,,,,,,,,,,,,,,,,,,,,,,,,,,,,,,,,,,,,,,,,,,,,,,,,,,,,,,,,,,,,,,,,,,,,,,,,,,,,,,,,,,,,,,,,,,,,,,,,,,,,,,1257.121407725895,1252.6794660967598,1301.450233574495,1297.953343799737,1265.730289442404,1264.0833599268913,1259.4503811417396,1265.3383503491743,1240.972321671612,1237.6591598077891,1279.0019172887946,1317.7704919453831,1350.2525626215936,1356.2698293181043,1359.5236385692965,1370.2257888513132,1379.0801576972842,1395.8656413271315,1386.2841542087374,1420.5259317861805,1447.8827905498817,1467.1816623742616,1446.484496742166,1425.0092592592591
394683,481,"Hobbs, NM",msa,NM,,,,,,,,,,,,,,,,,,,,,,,,,,,,,,,,,,,,,,,,,,,,,,,,,,,,,,,,,,,,,,,,,,,,,,,,,,,,,,,,,,,,,,,,,,,,,,,,,,,,1102.5937512405228,1113.2674205982084,1122.2740408582467,1131.7160856775554,1136.7697194691682,1143.658955323123,1148.9506531461602,1158.380049264783,1175.582983264954,1176.2506121888798,1171.8121584248083,1165.3255418750143,1177.1998041295922,1183.9790180513648,1180.3929705329756,1182.4241743429095,1187.5407342184544,1202.0032468246568,1218.133396844189,1226.78924242895,1246.3700880779606,1258.6097201022112,1277.622381692982,1272.8681219331106,1283.2717141672567,1286.8035151603394,1306.1784139729684,1314.0133593458231,1324.8953207002878,1323.9273074827702,1322.1166666666666
395088,482,"Shawnee, OK",msa,OK,,,,,,,,,,,,,,,,,,,,,,,,,,,,,,,,,,,,,,,,,,,,,,,,,,,,,,,,,,,,,,,,,,,,,,,,,,,,,,,,,,,,,,,,,,,,,,,,,,,880.6160711566212,875.5130042550574,881.009508187067,899.0340259394857,908.111060749903,915.0259746565323,912.4374612951274,908.6596261756771,915.4529568993927,912.1394276308496,914.9324075076213,913.2696591049715,923.850974229928,940.364549602616,940.6452484780677,940.9829950372604,931.1922314477779,935.0028716542506,942.7310220346412,938.5436015178497,937.3286068201974,940.7772970106195,943.7075363562052,948.6726666992944,952.8051101170652,946.9876615335313,950.4550694782108,949.2396674078921,958.3072591977015,957.4391560675225,956.4417817635504,965.588319088319
394884,484,"Mount Airy, NC",msa,NC,,,,,,,,,,,,,,,,,,,,,,,,,,,,,,,,,,,,,,,,,,,,,,,,,,,,,,,,,,,,,,,,,,,,,,,,,,,,,,,,,,,,,,,,,,,,,,,,,,,,,,,,,,,,,,,,,,,,,,,,,,,,,,,,,,1400.0
395132,485,"Stevens Point, WI",msa,WI,,,,,,,,,,,,,,,,,,,,,,,,,,,,,,,,,,,,,,,,,,,,,,,,,,,,,,,,,,,,,,,,,,,,,,,,,,,,,,,,,,,,,,1078.233244589941,1084.4077005152108,1095.6488891392828,1119.7097525638908,1117.811202570186,,1111.4691060382488,1124.1852830861937,1144.9834816679565,1153.1810947791544,1155.3375850852697,1159.2134975512558,1151.3598702152801,1154.3436086637344,1152.7526482050305,1161.5841437811969,1174.875342278115,1176.5498524700654,1189.7174757276368,1182.5824538470526,1204.922873621537,1216.5890083214383,1242.7954064062772,1233.5698601231966,1222.1281083919669,1222.9065248447487,1224.436650806621,1231.967382976376,1233.2788602476921,1245.3036337570177,1257.807577172626,1268.4179475205392,1264.598604795689,1277.4802040051393,1267.2772455753332,1282.438904296683,1298.7139046822908,1309.8675127463496,1320.6028697172349,1318.4700334136517,1323.2586498930507,1325.1517443203218,1318.6557645994828,1322.0661321852592,1319.6878306878307
394647,486,"Greeneville, TN",msa,TN,,,,,,,,,,,,,,,,,,,,,,,,,,,,,,,,,,,,,,,,,,,,,,,,,,,,,,,,,,,,,,,,,,,,,,,,,,,,,,,,,,,,,,,,,,,,,,,,,,,,,,,,,,,1041.3445789983177,1047.563890165059,1028.8950521695028,1056.1753531226984,1077.612471670702,1087.569259191856,1084.433519163541,1108.4335978058791,1116.092176121713,1140.8175205094744,1116.0749438613093,1130.0405689933018,1136.484485626168,1153.3336656121523,1166.7933368546796,1151.2402799779707,1137.3852949690972,1145.8522896736936,1174.7372032229953,1196.5739962058321,1214.146440137005,1226.614420837293,1270.7083641015279,1283.3333333333333
394655,488,"Greenwood, SC",msa,SC,,,,,,,,,,,,,,,,,,,,,,,,,,,,,,,,,,,,,,,,,,,,,,,,,,,,,,,,,,,,,,,,,,,,,,,,,,,,,,,,,,,,,,,,,,,,,,,,,,,,,,,,,,,,,,1046.1652256493026,1051.3730996681968,1062.5875599027208,1033.8191495540186,1053.489497797871,1034.850000278389,1077.3887762583843,1075.2155960610644,1093.0177890973016,1098.9909042420072,1108.2986353676934,1133.450223237212,1131.0949849376932,1137.627973857335,1148.2883268194716,1171.9465809437004,1181.6788443563785,1170.7301606582805,1138.6006362608753,1120.7036554752078,1117.6166666666666
394764,489,"Lake City, FL",msa,FL,,,,,,,,,,,,,,,,,,,,,,,,,,,,,,,,,,,,,,,,,,,,,,,,,,,,,,,,,,,,,,,,,,,,,,,,,,,,,,,,,,,,,,,,,,,,,,,,,,,,,1230.4719903716448,1248.2477068768383,1263.2772282393432,1279.6206340191702,,1299.8173778932078,1322.736387578598,1324.0661238061637,1337.0715893538604,1320.873522674348,1322.9359389178999,1312.0889028090753,1330.7418008841307,1349.7902714388358,1350.2837748618713,1343.688902220549,1341.6972216210727,1370.1393650409595,1370.0670083712102,1385.3448921588504,1383.7551143787505,1400.9737649706242,1411.7767477762488,1432.1282190813315,1439.9935978403937,1429.4009363473378,1431.1659174858876,1435.2821832705301,1438.3907093460916,1425.7738095238094
394752,490,"Klamath Falls, OR",msa,OR,,,,,,,,,,,,,,,,,,,,,,,,,,,,,,,,,,,,,,,,,,,,,,,,,,,,,,,,,,,,,,,,,,,,,,,,,,,,,,,,,,,,,,,,,,,,,,,,,,,,1282.5920184741294,1272.8775620964116,1271.6682036224065,1247.0135297921083,1251.9230295368707,1279.0448685838016,1250.6378132232846,1247.4295961862324,1217.3115893293646,1240.0502155923125,1223.066025909691,1222.6582209825244,1243.3682993742702,1274.0799977117001,1294.351255476348,1287.8094537640222,1288.0383503694613,1308.3331574365855,1313.656258797778,1311.3704464697325,1307.872070632368,1315.2414922530445,1334.654479557351,1336.7543237533366,1324.698989933539,1317.169534767672,1315.2678795424463,1336.5709153092475,1347.5928428611646,1338.134593052291,1359.367724867725
394877,491,"Morehead City, NC",msa,NC,,,,,,,,,,,,,,,,,,,,,,,,,,,,,,,,,,,,,,,,,,,,,,,,,,,,,,,,,,,,,,,,,,,,,,,,,,,,,,,,,,1427.7750069392785,1438.5291792689964,1412.6028906050176,1389.0479964636422,1412.4243043989713,1446.1924032235236,1468.643826687273,1474.1160017426503,1465.9362877077217,1474.9675342922246,1489.2598621760574,1517.7319924337053,1525.0962947456062,1514.6271984382531,1542.750494123824,1558.7611635658743,1602.5190778854653,1580.7140380828587,1604.4324519095019,1608.208179781533,1630.7001822520442,1626.4475085620786,1623.7959010335,1621.9035455046082,1635.0715660951682,1672.6524863590005,1671.478244995932,1681.465739411236,1673.011013173522,1705.7135348389882,1696.4108717250506,1710.0578194494667,1717.4290043580327,1750.5434182012928,1755.4803941796442,1748.018992274313,1741.6955938832973,1737.7269210797426,1752.179584957932,1764.590166334468,1768.6451900805325,1771.8965373214853,1788.2638472479273,1801.0559992571527,1813.5819640003692,1817.1932989353977,1841.2433698459836,1872.8172635729254,1901.6574074074076
394472,492,"Clearlake, CA",msa,CA,,,,,,,,,,,,,,,,,,,,,,,,,,,,,,,,,,,,,,,,,,,,,,,,,,,,,,,,,,,,,,,,,,,,,,,,,,,,,,,,,,,,1386.2976301467968,1396.2525352567727,1401.5158992940346,1386.1426114406102,,1449.4166143212096,1458.2082059857496,1457.4085789501873,1427.0098788250993,1476.6760217920585,1515.1104719289574,1538.8131521069624,1530.1774002211712,1528.6641155722477,1543.2154402130654,1551.9795621712915,1562.580101971665,1528.2379636061753,1549.733400909467,1559.0318663443254,1593.873368532003,1555.89289163771,1559.7354162897211,1554.3255459268844,1557.0526447953675,1556.9909277614577,1569.319553487526,1610.0654004014225,1628.3834612464293,1684.5625011998382,1678.2247640522844,1685.8400472606131,1648.1745627633509,1671.7373496540913,1662.9828876464549,1672.5742808871582,1684.7625716281668,1704.4926276173858,1707.558581975739,1696.1481012270922,1694.3712985156612,1683.1037785032354,1698.6292253088081,1714.0599548750756,1756.936750032393,1775.965081981382,1803.3630952380954
394305,493,"Alamogordo, NM",msa,NM,,,,,,,,,,,,,,,,,,,,,,,,,,,,,,,,,,,,,,,,,,,,,,,,,,,,,,,,,,,,,,,,,,,,,,,,,,,,,,,,,,,,,,,,,1282.3019551279363,1281.1596915533726,1263.9908301778423,1249.1728624970879,1267.2354148930808,1270.5828915612738,1291.5496249391192,1298.468645185999,1295.8522378500527,1313.6883788682533,1300.740998276466,1292.1613507144825,1264.7552054664156,1287.4704502377504,1301.8225259030612,1318.5066212994352,1311.567437877056,1336.0435650402158,1337.622874502637,1353.1622851373968,1328.9565826415826,1321.4011058734404,1310.4385089966281,1324.2014901157388,1353.1993692787405,1370.6364378153578,1389.7236340930615,1394.7097428986342,1396.9609352202742,1390.8372675617163,1395.3679381060297,1399.2182290796145,1432.655419595131,1448.1436453761237,1477.0572904925857,1481.3263246408012,1483.0099132861549,1474.1748166978493,1472.0243434331633,1480.1902575897984,1496.6797370805275,1506.9953379953379
395027,494,"Roanoke Rapids, NC",msa,NC,,,,,,,,,,,,,,,,,,,,,,,,,,,,,,,,,,,,,,,,,,,,,,,,,,,,,,,,,,,,,,,,,,,,,,,,,,,,,,,,,,,,,,,,,,,,,,,,,,,,,,,,,,,,,,,,,,,,,,,,,,,,,,,,,,1300.0
394587,495,"Farmington, MO",msa,MO,,,,,,,,,,,,,,,,,,,,,,,,,,,,,,,,,,,,,,,,,,,,,,,,,,,,,,,,,,,,,,,,,,,,,,,,,,,,,,,,,,,,,,,,,,,,,,,,,,,,,,,,,,,,,,,,,,,,,,,,,,,,,,,,,923.6341548641924,885.1666666666666
394897,496,"Muskogee, OK",msa,OK,,,,,,,,,,,,,,,,,,,,,,,,,,,,,,,,,,,,,,,,,,,,,,,,,,,,,,,,,,,,,,,,,,,,,,,,,,,,,,,,,,,,,,,,,,,,,,821.5665641003184,844.4122550828301,869.8584470553401,879.6920709713881,870.5921441057416,842.0106040811712,839.802042264765,848.549446273264,858.0854270759938,876.2483509403125,872.348921015255,875.1850974253161,868.7680602020557,882.4408445395688,879.2956674624583,882.0630258748047,854.6266817211745,890.3412324147016,909.1068812492061,928.1617372390962,916.26446906798,905.5173828242866,916.7594277302156,932.2843031356549,945.5167128833203,938.8711296550607,940.4182296775225,950.9505316112848,984.7547808591803,982.21635672446,974.310954595691,970.0614292809701,987.8626397056073,1004.0746365017806,1015.1294295351457,1017.4401700605075,1029.388888888889
394826,497,"Marion, IN",msa,IN,,,,,,,,,,,,,,,,,,,,,,,,,,,,,,,,,,,,,,,,,,,,,,,,,,,,,,,,,,,,,,,,,,,,,,,,,,,,,,,,,,,,,,,,,,,,,,,,,,,,,,,,,,,,,,,,,,,,,,,,,,,,,798.317538043252,831.339203565471,835.7708083282447,880.6964104756983,900.78476504857,926.111111111111
394586,498,"Faribault, MN",msa,MN,,,,,,,,,,,,,,,,,,,,,,,,,,,,,,,,,,,,,,,,,,,,,,,,,,,,,,,,,,,,,,,,,,,,,,,,,,,,,,,,,,,,,,,,,,,,,,,,,,,,,,,,,,,,,1263.92460351112,1283.4508835556787,1267.1084197433133,1280.1556090819677,1276.192343514467,1278.4662901523966,1281.0442217112354,1287.5418276960863,1290.4812562093996,1283.8648654627696,1302.4036446205873,1306.452168217962,1332.6311796000962,1326.6341384903071,1340.7359584221772,1333.47760132076,1346.1000517836821,1348.8994096036406,1352.839846447553,1349.5200813281049,1352.6954385942036,1362.851851851852
395021,499,"Richmond, IN",msa,IN,,,,,,,,,,,,,,,,,,,,,,,,,,,,,,,,,,,,,,,,,,,,,,,,,,,,,,,,,,,,,,,,,,,,,,,,,,,,,,,,,,,,,,,,,,,,,,,,681.0378528032318,689.5709925752578,697.4644791931862,,686.8005126997567,697.7213885814281,692.9086826060394,700.4499199598273,701.1512376132141,701.9461189892066,719.3972697778951,716.9628765390466,721.171694008201,718.8547926637204,717.7029344894453,727.408333225757,720.5871631679195,727.8475748617446,726.1427927154238,740.7937479099771,750.1187008719947,751.6358195499679,745.939687783825,757.822638132432,763.151223099998,771.3970803042637,775.5417057065226,776.0627639146738,791.7731027834031,789.5184874638904,801.7665253226285,796.3129392010236,797.1871302297501,804.6829780833071,809.25
394829,500,"Marquette, MI",msa,MI,,,,,,,,,,,,,,,,,,,,,,,,,,,,,,,,,,,,,,,,,,,,,,,,,,,,,,,,,,,,,,,,,,,,,,,,,,,,,,,,,,,,,,,,,,,,,,,,,,,,,,,,,,1079.8147970946209,1056.5584332653789,1117.7925649136207,1133.6879741729379,1172.772507567127,1159.4023601018177,1169.107712065899,1194.1094453440112,1185.988296046497,1193.2777498576493,1195.8895983032003,1235.8855564493858,1234.6790789477832,1256.7038746437731,1228.5012469943392,1242.6145140790381,1235.978384745515,1255.3531665518508,1260.0304697731453,1259.6865700748228,1267.1567448779538,1272.4647317165648,1279.6884946404978,1288.269474681945,1297.9166666666667
394885,502,"Mount Pleasant, MI",msa,MI,,,,,,,,,,,,,,,,,,,,,,,,,,,,,,,,,,,,,,,,,,,,,,,,,,,,,,,,,,,,,,,,,,,,,,,,,,,,,,,,,,,,,,,,,,,,,,,,,,,,,,,,987.9121268388016,975.1462194700061,956.9348702853143,954.7663515731882,956.6892901000367,1021.5257240250421,1056.725743051978,1079.5248254899707,1034.8203199923742,1012.5927249077469,1010.4623060108455,1028.3751502637012,,1016.4613864391638,1062.4874644187075,1075.401679072628,1102.2054179601982,1064.39231614246,1057.0228725440231,1057.2380924072359,1094.014783734177,1110.7511620697253,1107.115264891162,1091.3656196418208,1101.5829653054816,1120.4163312388064,1100.0
394360,505,"Baraboo, WI",msa,WI,,,,,,,,,,,,,,,,,,,,,,,,,,,,,,,,,,,,,,,,,,,,,,,,,,,,,,,,,,,,,,,,,,,,,,,,,,,,,,,,,,,,,,,,,,,,,,,,,,,,,,,,,,,,,991.8746826971109,1019.3784099177428,1015.0034085822335,1028.829226224642,1011.3996350664349,1022.1886833023187,1024.0340461348567,1035.035876757274,1040.8732632854544,1048.689793897049,1085.8980813884607,1116.8321537417232,1123.9162280086866,1106.5788526326212,1124.0014574272968,1118.2865895778593,1127.2341002160115,1115.7692080436357,1112.892200562778,1100.5507783144799,1064.4616790268278,1068.3333333333333
395016,506,"Red Bluff, CA",msa,CA,,,,,,,,,,,,,,,,,,,,,,,,,,,,,,,,,,,,,,,,,,,,,,,,,,,,,,,,,,,,,,,,,,,,,,,,,,,,,,,,,,,,,,,,,,,,,,,,,,1378.6734762323051,1375.3899138842198,1353.6158789491394,1356.0318145775093,1353.1569218889542,1365.7635331121116,1362.2818048974184,1391.0859356248106,1422.9197276816278,1414.206333036007,1440.8451967547576,1426.3297507197838,1446.0857404782912,1419.3758627776863,1433.9149507599711,1421.2816705651715,1448.4650162675184,1456.098605762244,1489.3399620633008,1483.135450065095,1472.1540948305592,1465.4660015790935,1454.7671980507,1485.3490856264518,1477.154405927175,1507.0235855277706,1524.9322961442306,1564.0343035295236,1562.836099196739,1553.2861263711134,1545.5159998231911,1550.5776216158827,1561.8055555555554
394825,507,"Marinette, WI",msa,WI,,,,,,,,,,,,,,,,,,,,,,,,,,,,,,,,,,,,,,,,,,,,,,,,,,,,,,,,,,,,,,,,,,,,,,,,,,,,,,,,,,,,,,,,,,,,,,,,,,,,,,,,,,,,,,,,,,,,,,,,,,,,,,,,,992.4014794780403,985.0
845163,508,"Jasper, AL",msa,AL,,,,,,,,,,,,,,,,,,,,,,,,,,,,,,,,,,,,,,,,,,,,,,,,,,,,,,,,,,,,,,,,,,,,,,,,,,,,,,,,,,,,,,,,,,,,,,,,,,,,,,,1206.2239392628117,1212.8687621532454,1206.5924621883034,1207.5317179954754,1209.544700786476,1226.2318338324735,1248.04104039934,1263.4937274983245,1269.8730950089368,1261.3091120850247,1254.2014557208975,1254.588543491462,1275.9182931824316,1275.9485613437694,1299.6871201276867,1296.337120352825,1308.3548769148767,1304.6429151814,1297.01415341854,1291.3068853070654,1290.3137686456887,1292.409069100364,1299.7679332619161,1304.0893329099476,1293.680149227945,1287.6377837858092,1269.1772237160228,1271.111111111111
395040,509,"Roswell, NM",msa,NM,,,,,,,,,,,,,,,,,,,,,,,,,,,,,,,,,,,,,,,,,,,,,,,,,,,,,,,,,,,,,,,,,,,,,,,,,,,,,,,,,,,,,,,,,1030.2693694000423,1043.3899821087307,1049.2257263919987,1064.7422098762147,1072.1245474953787,1089.6801452589127,1092.7605937629637,1075.6126085094897,1071.1391639659278,1083.2137610412644,1127.5142252200874,1138.1068218775001,1113.1626798057418,1096.454440537,1088.0955616947913,1107.4612990454307,1114.1704068921902,1134.0864196767511,1122.4736242958984,1109.4252789403397,1093.7247030280973,1109.0757663761317,,1128.6974559896655,1149.536076473112,1155.3525431343148,1193.907917860061,1188.8350309262232,1178.5020709238172,1172.1741224096434,1190.7918672783385,1225.483303721272,1245.7236416610083,1241.1318165663322,1220.8601345920163,1230.9294631542782,1239.5333123438681,1251.6328103473468,1235.2470536859387,1237.162666970217,1251.1145437843497,1254.047619047619
395092,510,"Shelton, WA",msa,WA,,,,,,,,,,,,,,,,,,,,,,,,,,,,,,,,,,,,,,,,,,,,,,,,,,,,,,,,,,,,,,,,,,,,,,,,,,,,,,,,,,,,,,,,,,,,,,,,,,,,,,,,,,,,,,,1740.7121431492076,1795.9589397056518,1786.5490367374903,1790.3951205042417,1798.0302137933545,1818.4792888385518,1837.1067283769496,1809.1501498880841,1794.6488825826716,1784.0143048339125,1832.0790317783578,1855.0390752626638,1888.6186427593882,1861.871905427066,1882.4364636533576,1889.0705165468748,1876.2131346538376,1872.528078968013,1862.0641781046343,1890.2261904761906
394540,511,"Dublin, GA",msa,GA,,,,,,,,,,,,,,,,,,,,,,,,,,,,,,,,,,,,,,,,,,,,,,,,,,,,,,,,,,,,,,,,,,,,,,,,,,,,,,,,,,,,,,,,,,,,,,,,,,,,,,,,,,,,,,,,,,,1053.7470891748067,1045.9997579308967,1083.977470833087,1121.0687032819578,1146.187615771702,1144.7683071261163,1140.366972906967,1139.4013744896183,1161.5541162999862,1145.664147023431,1133.8150716388525,1150.1368785966893,1164.8553150664056,1183.5001198181183,1159.5376724310775,1143.75
394899,512,"Nacogdoches, TX",msa,TX,,,,,,,,,,,,,,,,,,,,,,,,,,,,,,,,,,,,,,,,,,,,,,,,,,,,,,,,,,,,,,,,,,,,,,,,,,,,,,,,,,,,,,,,,,,,,,,,,,,,,,,,,,,,,,877.941714769666,876.8569785532723,875.4341230339695,871.8152354802241,876.090125435865,875.9433899314479,872.4378863314003,874.8672854148733,884.5658442627621,886.9647968609736,885.7861221543944,885.0364580177181,882.083701690263,896.791076394661,904.4043748710525,912.0550295743834,910.9355381626959,918.3618177848134,932.8477393307326,945.0041285043211,947.957671957672
395105,513,"Somerset, KY",msa,KY,,,,,,,,,,,,,,,,,,,,,,,,,,,,,,,,,,,,,,,,,,,,,,,,,,,,,,,,,,,,,,,,,,,,,,,,,,,,,,,,,,,,,,,,,,,,,,,,,,,,,,,,,,,,,,,,,,,,,,,,,,,,,,,,1243.7455352511236,1242.680911082743,1233.3333333333333
394496,514,"Coos Bay, OR",msa,OR,,,,,,,,,,,,,,,,,,,,,,,,,,,,,,,,,,,,,,,,,,,,,,,,,,,,,,,,,,,,,,,,,,,,,,,,,,,,,,,,,,,,,,,,,,,,,,,,,,,,,,,,,,,,,,,,,,,,,,1545.4161955557402,1580.862945950835,1576.2810748221682,1564.2826269902253,1532.8274966750002,1500.5077009400413,1518.6936881082192,1528.294366347133,1562.2135563412032,1580.4725127892184,1599.522721919642,1604.6883787317763,1595.2777777777776
394600,515,"Forest City, NC",msa,NC,,,,,,,,,,,,,,,,,,,,,,,,,,,,,,,,,,,,,,,,,,,,,,,,,,,,,,,,,,,,,,,,,,,,,,,,,,,,,,,,,,,,,,,,,,,,,,,,,,,,,,,,,,,,,,,,,,,,,,,,,992.3482048978074,977.8764444700979,975.5232063900114,996.489853177283,1016.2337235580467,1004.398996188725,1004.802618460281,1016.1251134812161,1036.0418056676679,1053.888888888889
394836,516,"Martinsville, VA",msa,VA,,,,,,,,,,,,,,,,,,,,,,,,,,,,,,,,,,,,,,,,,,,,,,,,,,,,,,,,,,,,,,,,,,,,,,,,,,,,,,,,,,,,,,,,,,,,,,,,,,,,,,,,,,,,,,,,,,,,,,,,,,,,,,,,750.4707038259023,770.4301852363664,800.5277777777778
395020,517,"Rexburg, ID",msa,ID,,,,,,,,,,,,,,,,,,,,,,,,,,,,,,,,,,,,,,,,,,,,,,,,,,,,,,,,,,,,,,,,,,,,,,,,,,941.254465251188,935.7064259299628,943.9819419321104,948.618911486446,957.6451781681096,967.0519787577963,995.6330490356719,1016.0974748316775,1032.0667821216186,1040.2624322967429,1046.1188787569479,1072.8245275998981,1099.7572753115944,1127.8705034372315,1147.3828085706725,1152.7394723857003,1156.8617151574006,1157.9437465286512,1146.8855502779252,1149.8725959835383,1151.536966646756,1171.4544491541849,1172.1257383045522,1174.2816058830945,1159.1723651139241,1163.4490252615803,1151.6008881026492,1166.9606313836994,1164.3348820439558,1173.2041722721567,1172.77488171444,1173.9714783622503,1179.3782412119442,1173.2134559686974,1187.947210503346,1181.4085222517356,1192.1233800423768,1174.4007830942282,1180.9787988024916,1182.6584884540423,1190.2186079380924,1188.2207236385307,1196.500271060239,1186.0834286239167,1194.6300193010113,1196.1951161456986,1190.8248203622259,1196.5831795575982,1197.1026883890931,1210.170968452869,1213.8528645978377,1210.8848708489622,1212.103318438221,1215.6234806682112,1217.4719986963992,1230.3207092386717,1227.095238095238
394787,518,"Lewiston, ID",msa,ID,,,,,,,,,,,,,,,,,,,,,,,,,,,,,,,,,,,,,,,,,,,,,,,,,,,,,,,,,,,,,,,,,,,,,,,,,,,,,,,,,,,,,,,,,,,,,,,,,,,,,,,,,,,,,,,,,,,,,,,,,1345.9768618648272,1352.4634930907241,1355.9658100973613,1394.715042865961,1410.9895293190048,1436.9144986541328,1430.0809991567123,,1425.6427263812013,1446.0
394759,519,"Laconia, NH",msa,NH,,,,,,,,,,,,,,,,,,,,,,,,,,,,,,,,,,,,,,,,,,,,,,,,,,,,,,,,,,,,,,,,,,,,,,,,,,,,,,,,,,,,,,,,,,,,,,,,,,,1575.6975999742758,1624.8055364927154,1641.9602482101482,1620.4155838820059,1648.0321245959449,1660.5737852349873,1688.8424703675996,1674.1568670374963,1669.5251292604771,1682.4214154292695,1691.1287391891667,1768.717255003175,1773.706118348635,1787.2206609593247,1763.9278626748307,1823.7494490038573,1833.9352254086293,1834.1654344960434,1788.0672201316395,1796.2828233479934,1780.9785879461137,1773.385349688003,1790.923214757484,1797.4783555372069,1810.4707736606483,1805.7873725780805,1825.2612529731239,1802.2507677227652,1798.129395442975,1810.4339424770735,1852.5258548264394,1867.582167832168
394629,520,"Georgetown, SC",msa,SC,,,,,,,,,,,,,,,,,,,,,,,,,,,,,,,,,,,,,,,,,,,,,,,,,,,,,,,,,,,,,,,,,,,,,,,,,,,,,,,,,,,,,,,,,,,,,,,,,,,,,,,,,,,,,,,,1669.927169653188,1708.229990199652,1682.316076768741,1702.251521315821,1673.2197655823204,1683.1979191416779,1676.8239814038016,1688.437364657805,1706.3510549213795,1701.749651778763,1710.9915437453544,1706.3907827184364,1718.4347339274086,1696.1743409799467,1712.436861519271,1712.564652146191,1759.5573438210158,1767.2803345534646,1784.1666666666667
394343,521,"Athens, OH",msa,OH,,,,,,,,,,,,,,,,,,,,,,,,,,,,,,,,,,,,,,,,,,,,,,,,,,,,,,,,,,,,,,,,,,,,,,,,,,,,,,,,,,,,,,,,,,,,,,,,,,,,867.8958355724388,873.0583448234842,904.7932974455678,898.4401954279876,910.5440538232907,914.777863630517,930.6234857233237,924.6443192887326,919.4715694191782,954.7181651857555,977.3505613605053,983.5641170288493,965.047648497533,985.0036358787853,978.3677899226485,953.155593489192,929.8248015694212,932.1609445287628,975.097912855361,980.9870169306723,1008.9586739167496,1008.3896422625945,1011.1837898547519,1014.4943691075396,1026.265182208502,1014.9452749271758,1013.6546044464136,1044.3737980888354,1066.6771819230335,1066.6585533010796,1024.7898989898993
395063,522,"Sanford, NC",msa,NC,,,,,,,,,,,,,,,,,,,,,,,,,,,,,,,,,,,,,,,,,,,,,,,,,,,,,,,,,,,,,,,,,,,,,,,,,,,,,,,,,,,,,,,,,,,,,,,,,,,,,,1641.5161676503908,1592.1580156147816,1605.9179480920202,1602.2612462022068,1644.862491108447,1646.4374288726842,1684.0022547441795,1688.1581545880765,1714.9153734348597,1703.7091278801497,1697.5815610367943,1706.4476855895382,1710.0086299960765,1740.5180853938762,1728.7948194358196,1732.9192666291283,1725.2544228303273,1748.5996106774014,1746.0345376033956,1749.7397007012394,1731.1241992737519,1747.9118739972248,1749.7461316269525,1747.2093087771011,1738.662287913768,1758.0541801466031,1775.90463957203,1796.7778397314894,1798.015873015873
394570,523,"Enid, OK",msa,OK,,,,,,,,,,,,,,,,,,,,,,,,,,,,,,,,,,,,,,,,,,,,,,,,,,,,,,,,,,,,,,,,,,,,,,,,,,,,,,,,,,,,,,,,,928.4941787354263,937.7335093938336,940.1344608168541,949.5587713752385,957.8757509227421,956.9056123276571,951.2642937498846,940.8064747131733,951.4925124583089,952.9827130528147,960.2456690534877,959.996925300191,968.5004304746409,970.2775022636512,972.5262824187149,969.4228986641127,972.981583101562,987.2349389409359,989.9592886306035,997.7400784610488,986.875276702857,986.833865768242,986.968563298071,992.8498248343809,1009.1040176806978,1012.3277919433435,1019.6680846289661,1019.3741065025981,1022.7850194687805,1025.4387274437793,1037.113310428917,1043.3862290281104,1058.44308668182,1066.201538019274,1074.531873040689,1077.9645409080808,1071.8382704323053,1077.301208413474,1080.539042159731,1091.4405147539994,1096.5926045289932,1098.7905982905984
395199,525,"Walla Walla, WA",msa,WA,,,,,,,,,,,,,,,,,,,,,,,,,,,,,,,,,,,,,,,,,,,,,,,,,,,,,,,,,,,,,,,,,,,,,,,,,,,,,,,,,,,,,,1255.125160500371,1250.2258439727655,1259.738675561641,1282.9655639168684,1290.6854346992757,1304.092481103565,1299.8600065566216,1319.2625904967676,1323.5281801204626,1340.2728798642106,1355.1480636445374,1361.0840801562897,1369.2245188781278,1366.6542261074117,1375.2483071613112,1374.181780049514,1372.5799127866483,1366.6349519574762,1377.9548153206067,1383.3298951272825,1393.096274687398,1404.9603167148316,1403.2877345411418,1399.588395513541,1388.1577504571708,1391.1954906668864,1399.416017610257,1404.3541567553073,1411.9444522027914,1411.2339865888603,1421.244139008667,1424.5232002148139,1425.415415573301,1419.9746587527127,1420.8917862071273,1425.782904163589,1439.2581935331596,1447.706617003152,1444.0255702445756,1444.6278925214403,1445.8244288952035,1453.6592020857363,1448.2740519673835,1446.3123422396814,1447.4133771929826
394309,526,"Albemarle, NC",msa,NC,,,,,,,,,,,,,,,,,,,,,,,,,,,,,,,,,,,,,,,,,,,,,,,,,,,,,,,,,,,,,,,,,,,,,,,,,,,,,,,,,,,,,,,,,,,,,,,,,,,,,,,,,,,,,,,,,,,,,,,,1290.464980054155,1298.4734978435952,1303.9190136734132,1311.7102511041483,1327.3650381426282,1335.8027209255067,1337.9086711599489,1350.193157403525,1356.055963933336,1366.9639224740533,1365.4166666666667
394701,527,"Hutchinson, KS",msa,KS,,,,,,,,,,,,,,,,,,,,,,,,,,,,,566.2244745204807,569.6085477815133,569.9475856146166,576.4203837935676,573.7853138418288,575.528569994527,570.58221655686,579.2101166615462,579.5699217588785,582.2260222790243,581.1845045814134,584.4240200129628,583.725660240208,579.7199001239421,580.1198281050824,580.7871803453128,588.6664953710235,585.1969971899621,586.7083674845472,581.9513943483495,588.7627429953843,587.8435521995287,589.5731782060591,591.0834107086737,594.0161359757388,598.0794840204394,599.5077694169416,598.64341305207,596.5679380290634,601.4403386869777,605.8974715145952,607.7795323303177,603.6388090824983,604.6627187245311,613.8019734843741,614.6837559663378,613.3248522895423,615.7410513053519,617.5749282043337,620.0954054088952,625.5593598559506,624.101094875398,628.6102481411376,621.6919150948044,624.6587447219696,615.804208385694,622.6390809445212,630.275654478888,639.7612617246492,641.709616082521,641.9179959465234,641.830033231334,642.4327955730474,648.3589387608372,647.9162193011578,665.7003385884734,672.0861704864326,687.5299726415858,679.0543293011399,681.8559944089995,684.4248803132285,,706.2092281638586,715.1836987960211,716.8319634960553,716.2355013529675,715.7888258109314,721.6669477392016,724.441740140084,733.0603138989842,737.2652303981448,738.371663311148,740.105056165551,747.4831605455506,748.3343100031877,751.698180404761,761.1096771026101,772.2766187130368,780.6381995491674,778.0904678744774,779.8702625552608,771.3610611089314,778.6247363575756,778.5902075773625,788.158896310938,783.1219225447029,781.4296690635571,784.8733741462052,793.4536788613709,797.9919654891128,801.391271416245,805.7370805107604,810.1572673532048,817.4447740435486,818.9879449059556,824.8559567907198,822.2530503213499,826.375093874364,830.2441364869067,828.9598652567986,821.5869756108792,816.3008658008657
394693,528,"Hudson, NY",msa,NY,,,,,,,,,,,,,,,,,,,,,,,,,,,,,,,,,,,,,,,,,,,,,,,,,,,,,,,,,,,,,,,,,,,,,,,,,,,,,,,,,,,,,1652.7157159942103,1690.1400787013786,1746.7969710667226,1779.256345143198,1721.8114015982717,1695.9932864652196,1695.6064185660819,1764.4016529298924,1772.039477611037,1779.3932886717746,1744.2007428484858,1803.8394350689052,1814.5427732008754,1854.0806287919306,1826.350230021308,1833.1476009953117,1816.6028292201424,1778.9736372480124,1788.3240237054445,1799.3537807686514,1869.6448988242732,1889.798067388293,1893.1797677597444,1870.6006990721794,1895.8423894851157,1904.5554455299107,1912.2575742900283,1880.6890325499458,1887.0295084107256,1925.515776633709,1966.5631540718396,1959.853458728739,1973.3041627461316,1944.5860585271282,1972.6757333642356,1980.7603427579916,1976.7470436306883,1968.87868547635,1989.1389690667872,2026.5035215541275,2061.0846939727107,2076.294779839208,2060.8899030521393,2068.716196610215,2041.52027167893,2072.9841269841268
395124,529,"Starkville, MS",msa,MS,,,,,,,,,,,,,,,,,,,,,,,,,,,,,,,,,,,,,,,,,,,,,,,,,,,,,,,,,,,,,,,,,,,,,,,,,,,,,,,,,,,,,,,,,,,,,,,,,,,,,,,,,,1080.3495278895584,1085.9225580180812,1093.1239759294374,1106.538924014511,1104.7893394566595,1110.3475231854845,1102.557917122182,1114.9232042216554,1126.6323721037072,1140.2312950960545,1150.1172049028228,1155.57767199339,1151.315582814513,1162.5890935057248,1159.7930116097202,1157.270838203323,1162.5878556840773,1171.1604188332121,1178.51510267393,1176.9159055945413,1181.3872445713175,1189.7304337086443,1190.1495322565331,1194.3421359433084,1204.5
394443,530,"Carlsbad, NM",msa,NM,,,,,,,,,,,,,,,,,,,,,,,,,,,,,,,,,,,,,,,,,,,,,,,,,,,,,,,,,,,,,,,,,,,,,,,,,,,,,,,,,,,,,,,,,,,,,,,,,,,,,,,,,,,,,,2281.3888630772203,2286.891757270811,2345.447264174035,2404.9400815072195,2397.8297097469103,2438.386625550753,2433.233770665754,2443.837062712145,2372.2139085742574,2379.0452650268935,2396.96792210762,2395.6085100467117,2372.098950228406,2375.875426788081,2364.318089424657,2354.8665757991826,2361.952279081508,2335.0775867390494,2362.708727268262,2345.577654798995,2405.5555555555557
394631,531,"Gillette, WY",msa,WY,,,,,,,,,,,,,,,,,,,,,,,,,,,,,,,,,,,,,,,,,,,,,,,,,,,,,,,,,,,,,,,,,,,,,,,,,,,,,,,,,,,,,,,,,,,,,,,,,,,,,1212.3081292527063,1220.6419267768592,1249.6858023877837,1266.7029713293955,1245.5568466447007,1242.9930831105614,1235.5831556704363,1268.234034680033,1256.1960580839916,1283.0465755484597,1303.211185860514,1321.2436928004483,1308.0687545490277,1303.0506442034086,1301.8284625889391,1319.5320774827046,1323.7969654375104,1343.9103404376144,1352.8122199945585,1349.9090773534501,1351.041805214317,1345.3790504555616,1338.8318692918663,1338.4805870595449,1353.3590149586123,1359.1623231030715,1343.8484704889968,1323.2656740215018,1323.8548536914147,1314.135531135531
395044,533,"Rutland, VT",msa,VT,,,,,,,,,,,,,,,,,,,,,,,,,,,,,,,,,,,,,,,,,,,,,,,,,,,,,,,,,,,,,,,,,,,,,,,,,,,,,,,,,,,,,,,,,,,,,,,,,,,,,,,,,,,,,,,,,,,,,,,,,1469.7093315940544,1499.335809378437,1494.67181527145,1515.7209636995435,1510.970766017738,1531.1004524838452,1548.1559819211368,1543.0566467443748,1568.7357881397243,1582.638888888889
394509,534,"Crossville, TN",msa,TN,,,,,,,,,,,,,,,,,,,,,,,,,,,,,,,,,,,,,,,,,,,,,,,,,,,,,,,,,,,,,,,,,,,,,,,,,,,,,,,,,,,,,,,,,,,,,,,,,,,,,,,,,,,,,,,,,,,1493.3901235081937,1511.218534839219,1510.1172700163218,1520.938452650908,1518.5639263355595,1539.8992168469445,1576.4155699668952,1605.0575361030365,1612.645800666634,1610.8615993216688,,1563.2951190802132,1581.500559146425,1590.089211694318,1618.7777404718588,1612.1666666666667
845162,535,"Granbury, TX",msa,TX,,,,,,,,,,,,,,,1042.8325323956035,1042.9748734430802,1053.74267173745,1048.0534013190852,1049.746182235117,1050.986439785849,1054.3002901090892,1068.566246669427,1081.6593106991108,1098.0426568631954,1094.405490567556,1102.597933554544,1117.8588964787004,1117.4727114189152,1116.8075782707083,1103.8652384800744,1118.7826563835665,1129.9544679635837,1141.9893350047194,1147.8232958909941,1136.169177371452,1119.0570388168023,1116.9730995587186,1132.7019981266901,1153.7641643137135,1172.1216864169178,1177.678521036811,1190.8026199554974,1178.689125634393,1180.0110502366592,1184.9424580921873,1188.1239703268288,1196.6347007427653,1223.3635966951063,1238.507238629599,1248.4851510795627,1236.0477885731414,1234.7978322764034,1241.1658243225343,1249.610111613791,1261.5107871736354,1264.2187483448615,1262.2683786373123,1261.457774570974,1263.9138900351923,1253.210725576151,1246.6658333506318,1231.5371359748165,1262.6289330175443,1262.2324709812247,1279.3673740384968,1288.1825951358976,1283.9045510519932,1275.1186765840732,1270.8661569650715,1296.439499887761,1314.7713217727132,1327.0598123914513,1327.2475932482164,1347.9491297964253,1372.230220193801,1393.8717060566496,1398.4378503421422,1379.684254184673,1396.3879471996518,1400.4371454475174,1429.1502030945865,1418.0841212974867,1454.359120081597,1466.334694796796,1485.7854698036647,1495.4593788467068,1514.895911069636,1527.04345549584,1517.5891421098013,1528.6328372234711,1537.3513170313392,1560.8334444120135,1588.0329219142448,1609.750367383386,1589.7695514210864,1590.676761156319,1579.3791858311959,1560.639538107313,1524.3675310965396,1532.7574867257365,1566.3878195794478,1597.2265055172104,1590.0856802158416,1599.0837603788254,1586.7901222936282,1596.3618136848793,1598.1030692776087,1583.773764527788,1587.1659439248072,1608.231452612155,1627.8426705856323,1636.4701159605463,1630.0850677027913,1634.416294775749,1649.4836713087675,1643.6116951555778,1627.4254094513826,1628.5093110668358,1640.501904199231,1660.0771804673116,1670.4212368617725,1671.464079252005,1680.3280947155483,1676.8853543986954,1677.2477736639091,1667.642987038121,1668.236798264284,1674.6433735215953,1698.2010712102247,1700.4212454212454
395071,536,"Sayre, PA",msa,PA,,,,,,,,,,,,,,,,,,,,,,,,,,,,,,,,,,,,,,,,,,,,,,,,,,,,,,,,,,,,,,,,,,,,,,,,,,,,,,,,,,,,,,,,,,,,,,,,,,,,,,,,,,,,,,,,,,,,,,,,,,,,,,,,1156.0127635157332,1151.445893186767,1130.5555555555557
395049,537,"Salina, KS",msa,KS,,,,,,,,,,,,,,,,,,,,,,,,,,,,,,,,,,,,,,,,,,,,,,,,,,,,,,,,,,,,,,,,,,,,,,,,,,,,,,,,,,,,,,,,,,,,,,,,,,,,,1023.6070065492069,1040.9321420191047,1022.5227647627761,1020.8860302266228,1023.4009420945553,1040.5209256249798,1043.7749846968597,1054.8415820559137,1066.5379314090997,1067.3358697628198,1072.5339836362168,1077.1215852820264,1092.064472646318,1078.7339329622846,1088.258843851026,1084.3745161803129,1088.5295619368417,1093.7931318427002,1103.0627088137342,1105.7517881455183,1103.4929252307707,1109.0351153572967,1114.167666699355,1114.6053057524343,1107.345151122612,1124.128240184418,1137.2088854810966,1151.8718248224654,1159.0339764584598,1160.8333333333333
394591,539,"Fergus Falls, MN",msa,MN,,,,,,,,,,,,,,,,,,,,,,,,,,,,,,,,,,,,,,,,,,,,,,,,,,,,,,,,,,,,,,,,,,,,,,,,,,,,,,,,,,,,,,,,,,,,,,,,,,,,,,,,,,,923.8597804633285,923.1097219274134,934.4779603816546,933.3736118103252,934.0651350043283,945.0708939984103,943.4849055352156,958.4414540755781,947.7984178162463,949.4992017345539,959.8584968573144,969.2279957249056,987.8789674658549,993.8206499743859,998.1297373320103,1006.7323305011473,1009.3783516792604,1010.0281189706951,1017.7475073082418,1019.8961723018174,1025.190542800362,1016.7113967424272,1008.5273298854071,1011.6666666666666
394362,540,"Barre, VT",msa,VT,,,,,,,,,,,,,,,,,,,,,,,,,,,,,,,,,,,,,,,,,,,,,,,,,,,,,,,,,,,,,,,,,,,,,,,,,,,,,,,,,,,,,,,,,,,,,,,,,,,,,,,,,,,,,,,,,,1368.4175176524298,1362.234474032847,1325.9793020995703,1348.61589662345,1377.9500248060524,1411.3936084435777,1440.7206389735247,1443.7562722149225,1445.179959182267,1409.8826877700044,1388.1112599329113,1389.1216549058497,1393.6606469008227,1423.901289719057,1450.2773699350064,1461.5376428409804,1441.6666666666667
394939,542,"Oneonta, NY",msa,NY,,,,,,,,,,,,,,,,,,,,,,,,,,,,,,,,,,,,,,,,,,,,,,,,,,,,,,,,,,,,,,,,,,,,,,,,,,,,,,,,,,,,,,,,,,,,,,,,,,,,,,,,,,,,,,,,,1560.8371689704727,1575.886396573372,1562.7874615922794,1553.7126615728216,1570.8378237795935,1533.3842590005313,1570.7059693125611,1558.6409831870142,1541.0529165104567,1531.8937037084136,1523.399778864895,1541.2898935317792,1533.3981535837415,1571.4458994409244,1607.9683159666226,1640.3024681180298,1660.3239317521716,1746.5555555555554
394490,543,"Columbus, MS",msa,MS,,,,,,,,,,,,,,,,,,,,,,,,,,,,,,,,,,,,,,,,,,,,,,,,,,,,,,,,,,,,,,,,,,,,,,,,,,,,,,,,,,,,,,,,,,,,,,,,,,,,,,,,1239.0225331570755,1249.786093578394,1248.509729554269,1234.7097705647516,1236.5631728730907,1266.6036721354992,1282.7669485568983,1301.7418988202355,1309.0578470466733,1322.7723083529888,1323.9306751973045,1316.2503663293178,1321.5488785938326,,1350.2888850142042,1358.856352453961,1354.91776891858,1351.7654875582994,1358.5649165872303,1363.9829109337907,1368.8169920998268,1358.5544643150456,1370.9204950888331,1387.6182666076254,1400.2073264588155,1381.5011078865268,1376.9444444444446
394923,544,"Norwalk, OH",msa,OH,,,,,,,,,,,,,,,,,,,,,,,,,,,,,,,,,,,,,,,,,,,,,,,,,,,,,,,,,,,,,,,,,,,,,,,,,,,,,,,,,,,,,,,,,,,,,,,,,,,,,,,,,,,,,,,,,,,,,,,,,,,,,,,1271.1125307179534,1309.6674223419122,1297.0614599841347,1299.5
394365,545,"Batavia, NY",msa,NY,,,,,,,,,,,,,,,,,,,,,,,,,,,,,,,,,,,,,,,,,,,,,,,,,,,,,,,,,,,,,,,,,,,,,,,,,,,,,,,,,,,,,,,,,,,,,,,,,,,,,,,,,,,,,,,,,,,,,,,,,,,,,,,,,1073.0842605951937,1090.625
394336,546,"Ardmore, OK",msa,OK,,,,,,,,,,,,,,,,,,,,,,,,,,,,,,,,,,,,,,,,,,,,,,,,,,,,,,,,,,,,,,,,,,,,,,,,,,,,,,,,,,,,,,,,,,,,,,,,,,,,,,,,,,,,,,,,,938.6526522174629,940.7979245496917,969.6993447088565,971.7391723699812,975.3177120410271,966.0816413999898,977.2005641380943,986.0254855001181,988.9521985570958,982.9671017758124,988.2424917954613,998.6486802578708,1004.8999012232966,998.5902029816716,1000.1586902103614,1010.4445076194532,1029.951370419804,1035.3174603174602
394956,547,"Palestine, TX",msa,TX,,,,,,,,,,,,,,,,,,,,,,,,,,,,,,,,,,,,,,,,,,,,,,,,,,,,,,,,,,,,,,,,,,,,,,,,,,,,,,,,,,,,,,,,,,,,,,,,,,,,,,,,,,,,,,,,,,,,,,,,,,,,1153.7985201184188,1156.4187238290053,1163.1961312033402,1147.784899540343,1133.1670957462043,1138.657721815953,1139.6666666666667
394456,549,"Charleston, IL",msa,IL,,,,,,,,,,,,,,,,,,,,,,,,,,,,,,,,,,,,,,,,,,,,,,,,,,,,,,,,,,,,,,,,,,,,,,,,,,,,,,,,,,,,,,,,,,,,,,,,,,,,,,,,,,,,,,,,,,,,,,,,,,725.4373072883413,734.0430786821391,733.7393059289427,737.3259534680359,740.9802339535983,748.8434359826259,768.079675969779,767.7985341349162,790.0888888888888
394592,550,"Fernley, NV",msa,NV,,,,,,,,,,,,,,,,,,,,,,,,,,,,,,,,,,,,,,,,,,,,,,,,,,,,,,,,,,,,,,,,,,,,,,,,,,1376.6956624714533,1362.2359078755535,1368.5262924217698,1386.8550259169208,1407.9884834712536,1427.5229916590622,1424.4022557297474,1425.5100438534002,1429.0395738553784,1446.5317742875652,1445.5566259454806,1458.7183714909231,1461.6637674107603,1482.5474214705857,1490.236032384775,1501.1590189741125,1494.3145485234475,1488.550150946049,1496.3612787391817,1498.7116157925602,1503.4847056219471,1490.3707633941904,1504.8164337640603,1506.8472864212167,1527.598346117255,1537.9813649566818,1553.4398175135686,1558.1829470108553,1565.1966768091943,1565.559586547782,1553.403117347056,1553.4494123675574,1559.2255364421542,1584.3744973074324,1595.1409658138296,1597.8832000281357,1585.0121055975578,1579.1559405824758,1596.0190042571041,1614.587837937076,1622.6957996719786,1619.9915026921444,1624.754952170938,1643.3623550028574,1645.7527763285104,1642.7144950820139,1640.7272444325504,1649.3263556678683,1662.9262168154562,1673.9402230255769,1667.0571716167112,1663.7570828067596,1671.6504310692537,1691.2897043471526,1709.6020119405862,1712.2717977210664,1724.7222222222224
394444,551,"Carson City, NV",msa,NV,,,,,,,,,,,,,,,,,,,,,,,,,,,,,,,,,,,,,,,,,,,,,,,,,,,,,,,,,,,,,,,,,,,,,,,,,,,,,,,,,,,,,,,,,,,,,,1672.0099251306247,1689.2261137143753,1710.832867009955,1721.0402189521342,1719.628998503394,1711.4724225587972,1716.1920961388541,1735.230873069029,1724.4683809970536,1731.5524145350562,1728.2727559148966,1774.010771099998,1765.516628850579,1768.8960811398565,1755.7861541697866,1773.0296213249003,1794.934714982259,1795.892029701797,1775.9505737481252,1768.9950597760903,1779.8157673961423,1791.1231859222685,1806.0547497186374,1819.8670099188337,1826.3165694092615,1832.3960123733607,1846.904924404755,1844.6708774367796,1840.3804813240718,1852.663275039955,1870.5136331138845,1881.3158022511918,1886.3919366787572,1889.2935045144422,1890.4729886533057,1874.3770753585025,1881.7102564102563
394551,552,"Eagle Pass, TX",msa,TX,,,,,,,,,,,,,,,,,,,,,,,,,,,,,,,,,,,,,,,,,,,,,,,,,,,,,,,,,,,,,,,,,,,,,,,,,,,,,,,,,,,,,,,,,,,,,,,,,,,,,,,,,,,,,,,,,,,,,,1425.13351592338,1396.2791172939271,1418.016415668566,1421.4195436345217,1431.8974320875507,1406.2617027817303,1399.165440683227,1366.6799011211606,1363.0651742241382,1356.4088513479824,1360.3526298490613,1353.4212209333837,1341.111111111111
394432,553,"Calhoun, GA",msa,GA,,,,,,,,,,,,,,,,,,,,,,,,,,,,,,,,,,,,,,,,,,,,,,,,,,,,,,,,,,,,,,,,,,,,,,,,,,,,,,,,,,,,,,,,,,,,,,,,,,,,,,,,,,,,,,,1507.4480600093461,1511.025024582549,1519.1893361392702,1514.9617031562016,1522.5699149871232,,1568.1829854504194,1572.8625170832952,1546.444635740442,1568.0626892547723,1588.220965861479,1641.138137229413,1643.4202651308215,1626.1848023168307,1600.0165233729172,1621.882212436755,1649.567057645736,1694.8759331253398,1690.3360839895408,1700.75
753877,554,"Cullowhee, NC",msa,NC,,,,,,,,,,,,,,,,,,,,,,,,,,,,,,,,,,,,,,,,,,,,,,,,,,,,,,,,,,,,,,,,,,,,,,,,,,,,,,,,,,,,,,,,,,,,,,,,,,,,,,,,,,,,1486.6690207713875,1479.5391801541905,1442.5062894720375,,1436.274564501526,1456.5417240200793,1471.1986321208876,1444.4258275285488,1466.7706188470313,1466.962257388045,1475.891052122251,,1455.7532293782783,1475.652287696403,1507.748037372554,1523.272330972153,1531.3653544209503,1528.4954390861471,1526.1594048148106,1538.7374817271277,1521.9122914044094,1525.3207432260485,1526.6666666666667
394737,555,"Kearney, NE",msa,NE,,,,,,,,,,,,,,,,,,,,,,,,,,,,,,,,,,,,,,,,,,,,,,,,,,,,,,,,,,,,,,,,,,,,,,,,,,,,,,,,,,,,,,,,,,,,,,,,,,,,,,,,,,,,,,1365.976298542929,1374.0956802327096,1397.5107816429631,1385.9759892793918,1394.3888882249757,1377.82315977377,1405.5771886213179,1398.717202354306,1408.8126474786632,1412.4461062871094,1425.1531588456837,1437.084298796366,1450.9920668824639,1443.5410500070702,1447.719581627128,1460.721535925222,1487.794642786095,1518.6075665608753,1518.9040971883676,1542.2918590932547,1551.2037037037037
394582,556,"Fairmont, WV",msa,WV,,,,,,,,,,,,,,,,,,,,,,,,,,,,,,,,,,,,,,,,,,,,,,,,,,,,,,,,,,,,,,,,,,,,,,,,,,,,,,,,,,,,,,,,,,,,,,,,,,,,,,,,,,861.5345465499297,858.625897118124,859.5725894564052,870.5525567227995,890.0310556086133,,,913.674970172046,913.7492526191047,903.4382939351761,906.6065606763311,913.6867225335149,932.1552973387156,944.9998397013318,951.997491164212,952.3730194638133,947.3469138503226,946.7688685800534,950.9512566428847,951.2623225847225,951.0773683172046,,977.7506048229116,992.5964641760121,996.6666666666669
394621,558,"Gaffney, SC",msa,SC,,,,,,,,,,,,,,,,,,,,,,,,,,,,,,,,,,,,,,,,,,,,,,,,,,,,,,,,,,,,,,,,,,,,,,,,,,,,,,,,,,,,,,,,,,,,,,,,,,,,,,,,,,,,,914.8601704102463,915.2070897325073,932.6830269607631,954.814742645731,947.4309446222483,925.4414215798502,907.411735833732,898.4771148049759,912.3197071390688,931.2221060090124,,940.960536130268,969.0991396185252,985.0547295650496,974.6195192723768,975.8526930692161,981.3884060566858,1007.3843055870759,1039.2677254560758,1061.7584110473113,1062.6266913030797,1034.8
395131,560,"Sterling, IL",msa,IL,,,,,,,,,,,,,,,,,,,,,,,,,,,,,,,,,,,,,,,,,,,,,,,,,,,,,,,,,,,,,,,,,,,,,,,,,,,,,,,,,,,,,,,,,,,,,,,,,,,,,,,,,,,,,,,,,,,,,,,,,,,,,766.0064111931212,768.9399081403595,772.6974308085412,778.7776066866857,788.3664233156474,800.0
394411,561,"Branson, MO",msa,MO,,,,,,,,,,,,,,,,,,,,,,,,,,,,,,,,,,,,,,,,,,,,,,,,,,,,,,,,,,,,,,,,,,,,,,,,,,,,,,,,,,,,,,,,,,,,,,,,,,,,,1085.098661743524,1085.2885531814645,1096.5129976062033,1118.893156074944,1135.988252215031,1134.4837320989272,1144.7162013780182,1151.1821237062393,1184.779713706184,1174.099673300072,1170.3759420435695,1138.522691180951,1161.2837584377733,1170.857840746757,1184.3714194508063,1178.437002262358,1164.7006650156757,1167.9697267190948,1168.5187218124943,1190.4651668748406,1183.9760550951585,1191.9807226143307,1192.157915297682,1215.0552669010726,1221.344185107563,1226.3699986782685,1224.8854646350067,1230.744863944746,1236.252884307864,1243.4126984126985
394446,562,"Cedar City, UT",msa,UT,,,,,,,,,,,,,,,,,,,,,,,,,,,,,,,,,,,,,,,,,,,,,,,,,,,,,,,,,,,,,,,,,,,,,,,,,,,,,,,,,,,,,,,1421.6564445943895,1435.7057239981275,1438.5526241051516,1440.2983804586956,1412.6886529485223,1422.6675274090362,1392.7506823453205,1426.8342405860467,1425.800507087335,1451.9855397555514,1420.3797084191112,1419.4897495907271,1432.3361483400404,1445.457261082368,1440.958454975208,1437.0317498768761,1442.808239922167,1452.4515477972895,1474.413177411054,1473.7433417697753,1470.417557762301,1462.0223414747513,1498.7867148672574,1507.9815730257521,1507.2538826380733,1474.3736752632128,1476.637803195373,1473.8802217818707,1480.584063451679,1471.6807290132647,1484.7724399432734,1487.0458108313433,1497.227826403239,1497.1446531083252,1483.252004230832,1476.9414790036433,1474.5322035673983,1495.7327804774488,1500.5243772489,1508.3865336344675,1509.2420871574159,1513.173784446245,1500.4602939210267,1495.563492063492
395216,563,"Waycross, GA",msa,GA,,,,,,,,,,,,,,,,,,,,,,,,,,,,,,,,,,,,,,,,,,,,,,,,,,,,,,,,,,,,,,,,,,,,,,,,,,,,,,,,,,,,,,,,,,,,,,,,,,,,,,,,,,,,,,,,,,,,,,,,,,,,,,856.8053966301674,902.5424965361134,933.3921929376856,941.03058863585,945.8333333333334
394951,564,"Oxford, MS",msa,MS,,,,,,,,,,,,,,,,,,,,,,,,,,,,,,,,,,,,,,,,,,,,,,,,,,,,,,,,,,,,,,,,,,,,,,,,,,,,,,,,,,1646.8768377461918,1658.9671944747172,1667.0294517189643,1657.0810596397898,1655.070305518716,1635.5606151677352,1638.1541595678261,1637.8349691879905,1655.969923812535,1697.5807527284494,1738.2418264016344,1794.3033147497977,1774.6678337690364,1781.6470956246433,1800.4108040146475,1833.2650611984557,1867.0125702029684,1881.464844197191,1947.688369168498,1999.5208009060616,2041.9624879804994,2028.1416579737436,2034.2829422314169,2016.4858329010071,2036.7309602030484,2064.471031698238,2059.44435494538,2083.7414837324486,2127.926120821271,2207.4149401155078,2245.5298227737617,2279.840198699587,2288.228902471781,2320.3024291619704,2366.071696596261,2384.6375822932755,2409.7472354853144,2437.24215921402,2485.3788517017865,2502.4457790601077,2497.461386500648,2476.7529837561005,2454.8379067589044,2444.19519404745,2454.1708551891556,2466.754151804344,2455.955827149588,2471.7892702057034,2477.1780167264037
394721,565,"Jasper, IN",msa,IN,,,,,,,,,,,,,,,,,,,,,,,,,,,,,,,,,,,,,,,,,,,,,,,,,,,,,,,,,,,,,,,,,,,,,,,,,,,,,,,,,,,,,,,,,,,,,,,,,,,,,,,,,,,,,,,,,,,,,,,,,,,,,,,,,,1430.0
394556,566,"Edwards, CO",msa,CO,,,,,,,,,,,,,,,,,,,,,,,,,,,,,,,,,,,,,,,,,,,,,,,,,,,,,,,,,,,,,,,,,,,,,,,,,,,,,,,,,,,,,,,,,,,,,,,,,3235.0527084110595,3211.7229123834777,3247.256052095394,3317.8880426513347,3341.9750024794043,3342.524786842129,3362.8307071643417,3358.10893431665,3395.673954183881,3412.945379979814,3422.203360817807,3400.921189350804,3414.791466246575,3442.024774692015,3457.797116219285,3441.493514901968,3450.4510880063945,3447.884620534839,3472.990125584888,3511.3550250983044,3520.838512638625,3521.563363306497,3501.2744909969406,3513.693347761391,3514.5486698620452,3512.593142089549,3510.5968290177134,3511.499105863091,3519.4048480450274,3528.250550671279,3512.5365050484957,3488.162616831212,3482.6837542309604,3477.6818070818067
394547,567,"Durango, CO",msa,CO,,,,,,,,,,,,,,,,,,,,,,,,,,,,,,,,,,,,,,,,,,,,,,,,,,,,,,,,,,,,,,,,,,,,,,,,,1544.8192077445015,1547.0375605601878,1556.866659841639,1595.4447566344948,1617.0482668970556,1657.5775654547074,1686.9545558512252,1722.1544099435816,1764.9780914158557,1776.0248162996033,1765.4286151159772,1747.542108166982,1766.4972326500913,1789.7478990245515,1826.5080389679524,1843.569888792563,1874.609417259444,1874.3324251324198,1873.0673201005593,1866.8438641534178,1865.6593676950124,1889.4961758651898,1891.7152944990119,1919.1431781727676,1918.9190884616953,1923.3523212381451,1900.0288936175396,1897.270450037756,1907.0888141223088,1922.6942992597471,1940.4531785637914,1936.779816252,1934.2870971636642,1931.255135121737,1938.5051050166376,1935.77665116888,1957.040267196946,1959.812773259378,1969.713689539881,1958.9054694955635,1967.7532985196062,1981.7482461370153,1987.2600269152588,1997.0094035874872,2005.2634917557723,2023.3432606127703,2036.2554904809892,2045.4558435789297,2041.023490368879,2047.4431972848997,2057.6686879444046,2076.287669992251,2069.792810940018,2061.191875874254,2057.8779416875673,2061.51306629226,2063.09423149494,2051.779761904762
394750,568,"Kinston, NC",msa,NC,,,,,,,,,,,,,,,,,,,,,,,,,,,,,,,,,,,,,,,,,,,,,,,,,,,,,,,,,,,,,,,,,,,,,,,,,,,,,,,,,,,,,,,,,,,,,,,,,,,,,,,,,,,,,,,,,,,,,,,,,,,,,,,,,893.9876547420113,912.5
753920,569,"Sonora, CA",msa,CA,,,,,,,,,,,,,,,,,,,,,,,,,,,,,,,,,,,,,,,,,,,,,,,,,,,,,,,,,,,,,,,,,,,,,,,,,,,,,,,,,,,,,,,,,,,,,,,,,,,,,,,,,,,,,,,,,,,,,,,,,,,,,,,,,1492.363583616534,1497.9166666666665
394366,571,"Batesville, AR",msa,AR,,,,,,,,,,,,,,,,,,,,,,,,,,,,,,,,,,,,,,,,,,,,,,,,,,,,,,,,,,,,,,,,,,,,,,,,,,,,,,,,,,,,,,,,,,,,,,,,,,,,,,,,,,,,,,,,,,,,,,,,,,,,,,,,,,922.5
394566,573,"Elko, NV",msa,NV,,,,,,,,,,,,,,,,,,,,,,,,,,,,,,,,,,,,,,,,,,,,,,,,,,,,,,,,,,,,,,,,,,,,,,,,,,,,,,,,,,,,,,,,,,,,,,,,,,,,,,,,,,,,,,,,,,,1608.9976100331087,1635.990674157688,1624.2186553581246,1633.6329419073138,1628.2832207461074,1639.749479083118,1621.159766080641,1600.8380841683904,1602.4197227479483,1609.3525319813384,1658.5596962954687,1657.3050911747093,1651.8852586391808,1625.4055155415679,1644.0821794454641,1645.0
394517,574,"Danville, KY",msa,KY,,,,,,,,,,,,,,,,,,,,,,,,,,,,,,,,,,,,,,,,,,,,,,,,,,,,,,,,,,,,,,,,,,,,,,,,,,,,,,,,,,,,,,,,,,,,,,,,,,,,,,,,,,,,,,,,,,,,,,,,,,,,,,,,1123.893093453331,1137.5982898460716,1143.3333333333333
394632,575,"Glasgow, KY",msa,KY,,,,,,,,,,,,,,,,,,,,,,,,,,,,,,,,,,,,,,,,,,,,,,,,,,,,,,,,,,,,,,,,,,,,,,,,,,,,,,,,,,,,,,,,,,,,,,,,,,,,,,,,,,,,,,,,,,,,,,,,,,,,,,,,,949.4589789010114,950.0
395122,576,"St. Marys, GA",msa,GA,,,,,,,,,,,,,,,,,,,,,,,,,,,,,,,,,,,,,,,,,,,,,,,,,,,,,,,,,,,,,,,,,,,,,,,,,,,,,,,,,,,,,,,,,1381.8514262928757,1391.9425923746946,1389.5590551575347,1386.318642178767,1386.0464555652468,1399.8930276150172,1414.2205317594342,1426.8971861512698,1449.8900323235575,1447.8081701791664,1446.8823857075545,1430.0985246440227,1434.566491454949,1439.9718909755736,1448.8368264172645,1459.2556745404331,1449.2193220830557,1458.3497095289931,1445.9437698967154,1464.5864396260883,1477.879374252884,1487.781575918435,1492.4884635502447,1495.6426025303733,1515.4719810548702,1526.2412052530517,1529.7559633157814,1523.339313711555,1517.9336489074649,1523.5789829102716,1540.5656209741394,1539.8492033649936,1539.5679828121256,1541.7457593495499,1548.441060437328,1554.8935380961534,1549.2193665305967,1552.4030881515885,1561.6955495784848,1578.2152218044191,1603.2264644089014,1608.6185185185186
394402,577,"Boone, NC",msa,NC,,,,,,,,,,,,,,,,,,,,,,,,,,,,,,,,,,,,,,,,,,,,,,,,,,,,,,,,,,,,,,,,,,,,,,,,,,,,,,,,,,,,,,,,,,,,,,,,,,,,,,,,,,,,,,,,,,,,,,,,,,,,,,,,,,1837.5
395204,578,"Warrensburg, MO",msa,MO,,,,,,,,,,,,,,,,,,,,,,,,,,,,,,,,,,,,,733.3326337489502,736.0351375540766,739.4412907608839,744.6454765286815,743.5138092893104,743.0752494795823,739.4609482356493,741.8668429514587,741.8916938662791,738.9464080530688,738.3444499833354,745.3884038774399,753.5910806179835,758.0598357099203,760.71628680771,762.0878890852233,764.7026749500119,766.0953211155271,771.1865450660979,773.0861483829652,773.5476809079207,777.6643013974098,781.0590587937348,783.3873548381079,783.2941545621945,786.8120930894365,785.9018951537022,787.5176178199443,782.7719194754258,788.2638030571601,795.9502276180015,805.7211653694637,813.09661035943,815.94611937825,819.2496445939288,827.6920507150543,831.6995738144578,829.8662592979849,835.948734136084,849.7867288450519,863.7873383200397,868.1298513605385,865.7454615099999,874.6450265673884,870.2963080710573,875.9116363441564,878.6639588775727,885.1473543423082,891.3311187468289,899.7854000524054,910.4508598859572,915.1234742720162,918.4804292698299,924.3778550264431,927.8571338763553,926.2129282709591,940.1101942332918,948.1272243358634,959.5454067785383,961.0376960089842,970.8380119454772,971.7838970162339,973.1178598827955,969.2130260555962,973.6029378174741,973.9170029817699,982.0704705517653,987.2473909905078,993.0944188739409,998.4813406781332,996.7448970347442,1008.5415896591351,1007.7128613197585,1020.8679187521005,1024.5391503205558,1035.0426024294654,1034.7675117967744,1035.8751064642597,1045.9923091601797,1045.9082667521457,1055.052443269108,1054.7232978084983,1061.3788386379415,1061.4903082353812,1067.6661953412918,1067.0854361915804,1073.0484951391854,1077.4723887286693,1086.2915315092712,1095.9202096910828,1095.0827824869366,1104.6763334792088,1103.647655159877,1111.4102564102566
394634,579,"Gloversville, NY",msa,NY,,,,,,,,,,,,,,,,,,,,,,,,,,,,,,,,,,,,,,,,,,,,,,,,,,,,,,,,,,,,,,,,,,,,,,,,,,,,,,,,,,,,,,,,,,,,,,,,,,,,,,,,,,,,,,,,,,,,,,,,,,,,,,,,1288.5662823536306,1295.6192428512795,1280.138888888889
394604,580,"Fort Leonard Wood, MO",msa,MO,,,,,,,,,,,,,,,,,,,,,,,,,,,,,,,,,,,,,,,,,,,,,,,,,,,,,,,,,,,,,,,,,,,,,,,,,,,,,,,,,,,,,,,,,,,,,,,,,,,,991.9842607407953,991.2453522528509,993.1043343249231,972.2575805274984,975.0073586906947,977.1929463797154,992.1160754124369,990.6287187777739,996.8544186108387,986.9657405857978,1002.5322671506277,1016.3973542989937,1025.488168543228,1027.7619760611028,1026.1060735576775,1047.0928743649586,1045.282937999081,1054.3031457139741,1056.263670603204,1074.2384944960297,1083.501016991645,1091.1742262912599,1085.291769219901,1092.4460508664295,1097.7376749815216,1101.145152279167,1112.5402859561966,1113.864813200269,1130.5906951737693,1132.6130227615029,1135.0356506238859
394562,582,"Elizabeth City, NC",msa,NC,,,,,,,,,,,,,,,,,,,,,,,,,,,,,,,,,,,,,,,,,,,,,,,,,,,,,,,,,,,,,,,,,,,,,,,,,,,,,,,,,,,,,,,,,,,1242.1624774968707,1275.8235588761725,1290.423136170427,1282.4043406764995,1275.1904218439572,1301.014500603202,1314.5679240309282,1319.3677550571417,1325.8618831182346,1350.3227992505824,1353.4599634898216,1358.188340079839,1361.901553451043,1362.4770888684789,1375.1578621548592,1373.18068322655,1398.9685158362145,1391.9825187401075,1399.9614453309198,1398.2127051341076,1403.1240963410255,1403.5196790751152,1443.22998234248,1466.783653496578,1462.7115605921947,1442.8710060065011,1456.7969357029783,1493.713849951556,1494.724188303834,1506.1351562521486,1511.832846864048,1526.6759580733064,1538.2249305544874,1542.7044934126536,1522.122062549482,1514.8145735400988,1524.0140394865853,1543.8522191990883,1533.1026297147434,1515.8869047619046
394967,583,"Payson, AZ",msa,AZ,,,,,,,,,,,,,,,,,,,,,,,,,,,,,,,,,,,,,,,,,,,,,,,,,,,,,,,,,,,,,,,,,,,,,,,,,,,,,,,,,,,,,,,,,,,,,,,,,,,,,,,,,,,,,,,,,,,,,,,,,,,1615.8123537754886,1638.9513902442739,1649.6456130874917,1625.1949488464625,1651.7710049821185,1687.6514948439453,1734.735530430756,1747.7777777777776
394344,584,"Athens, TN",msa,TN,,,,,,,,,,,,,,,,,,,,,,,,,,,,,,,,,,,,,,,,,,,,,,,,,,,,,,,,,,,,,,,,,,,,,,,,,,,,,,,,,,,,,,,,,,,,,,,,,,,,,969.1125505102513,953.6740706471516,,943.07184613542,940.3612732076771,961.3516243272333,974.7314129811081,1013.8191674065791,1019.6316477414871,1052.6597031092613,1020.8406387759538,1040.1509930756147,1004.9551347154397,1040.456064052691,1031.24600378235,1061.935765107261,1065.1997023220836,1058.1566623458093,1056.4654120870773,1036.5770156557055,1044.2719423847777,1065.9122499753103,1096.1201839881262,1093.7027007151014,1090.5803719238734,1089.3257363658345,1109.0839821636198,1104.593033228571,1118.5823457887916,1134.888888888889
394571,585,"Enterprise, AL",msa,AL,793.4386315335393,793.1361951788629,788.472744871636,788.4407401612442,791.4438914027413,793.9075867305239,796.845248317776,795.3280938764781,795.6129046095587,796.7831902672002,800.324762126596,800.5474400720673,798.7129374417733,799.7421055875262,802.8737251225359,805.5102486680336,803.2784037713992,800.8461442766422,800.3196843368509,802.8220762713019,804.6657152251415,806.7905195142383,809.6670751535233,811.5162021869705,818.8445678543458,821.6813247973828,828.1709417650371,827.7153721626937,829.1514351574666,827.6217972205432,825.106948557791,824.6423923265262,826.3406117840858,828.2176717632321,830.3549069208003,831.1319471662533,826.6590415596472,824.6270839204967,826.3640033171108,833.2985349640186,837.4806195627964,842.3599783074789,847.3876634006313,853.3675360458099,850.7213525136167,853.7872971768066,847.4760597807289,858.0464157514451,861.7057368835696,872.6348827168223,873.0943663733431,872.8430628975332,874.5866455282834,877.1925955506208,879.64778298469,879.7849427256319,885.4605496869468,886.3240961486468,893.8957644609823,888.9820917106354,890.7775188658632,886.2869472350803,900.6851951011596,913.3665634173574,924.0179234602039,921.8295982843913,934.6119689760296,942.8099540635703,948.1555283275212,950.4124903395312,954.7857930528188,973.0862350017093,1010.6849167894019,1030.8825716047966,1025.7295154609726,1010.2637408563497,1012.0516865437337,1029.1426348892944,1036.8191782383572,1047.682124838817,1058.4807864951895,1077.9329359491733,1092.8648487317428,1101.092789814042,1104.2615492838968,1120.5033379660888,1146.272512537176,1172.8073171340225,1182.0722148729367,1192.5807346836054,1191.249627851716,1196.391028281486,1198.3835852177642,1203.222915408095,1210.4390043767614,1211.40160014929,1205.9234667091694,1205.8864492096416,1223.5286635514851,1235.7061795493612,1251.6806636626816,1247.24518886066,1261.0679697938015,1262.2596437636132,1262.170563702999,1263.624933804541,1259.5936930234707,1266.2439197440801,1266.6872541318935,1274.8834313125444,1265.894923538688,1268.614710207339,1271.3533461988104,1287.511609525096,1291.174643019202,1295.9549368281687,1302.4424298260801,1302.0914572794286,1311.5823144113738,1316.271803818453,1329.2280133399004,1330.8151119123468,1335.6287344019954,1334.2627119669498,1334.2208005765733,1332.9072736503465,1335.1610393251112,1341.1253768679587,1346.7668719972505,1355.7692307692307
394339,586,"Ashland, OH",msa,OH,,,,,,,,,,,,,,,,,,,,,,,,,,,,,,,,,,,,,,,,,,,,,,,,,,,,,,,,,,,,,,,,,,,,,,,,,,,,,,,,,,,,,,,,,,,,,,,,,,,,,,,,,,,,,,,,,,,,857.7016168743514,845.0366604205294,871.5230332550984,880.9638484692424,894.0715942143044,894.2550212159765,896.6951754627399,909.9682524663631,916.833740840429,921.3397591771267,906.300867400912,919.4824405449883,905.307894450576,913.4089926419484,894.4444444444445
395073,587,"Scottsboro, AL",msa,AL,,,,,,,,,,,,,,,,,,,,,,,,,,,,,,,,,,,,,,,,,,,,,,,,,,,,,,,,,,,,,,,,,,,,,,,,,,,,,,,,,,,,,,,,,,,,,,,,,,,,,,,,,,,,,,,,,,,,,,,,,,,,,,,,,,1233.3333333333333
394861,588,"Milledgeville, GA",msa,GA,,,,,,,,,,,,,,,,,,,,,,,,,,,,,,,,,,,,,,,,,,,,,,,,,,,,,,,,,,,,,,,,,,,,,,,,,,,,,,,,,,,,,,,,,,,,,,,,,,,,,,,1258.3479774060027,1238.321473798299,1252.7874391676266,1260.9026373813144,1292.6999423238692,,1299.782012551059,1305.9862089522446,1324.38779023242,1348.2217271593638,1333.9335091658425,1325.4641700734776,1303.443593048288,1311.7683704060041,1320.6356133912373,,1327.2274828366983,1333.8905109558696,1336.0646839481346,1343.6045883206004,1345.6888824618713,1358.2594456016195,1370.855627865844,1380.1136255014299,1390.6404244904973,1415.1200889262195,1434.1415142624571,1436.7676767676767
394742,589,"Kerrville, TX",msa,TX,,,,,,,,,,,,,,,,,,,,,,,,,,,,,,,,,,,,,,,,,,,,,,,,,,,,,,,,,,,,,,,,,,,,,,,,,,,,,,,,,,,,,,,,,,,,,,,,,,,1483.706511920044,1496.1366941677684,1513.8400518956648,1525.3191735641267,1524.4231953246217,1523.8720221679525,1515.2559025434061,1524.2206974704345,1514.16017089822,1497.3320635825896,1494.9782382610983,1525.1540082170727,1533.0243088328248,1535.4810270134383,1506.4450034164227,1515.9118607067026,1508.934346581632,1505.653443717358,1505.653443717358,1526.6072174932276,1543.5540956054724,1552.0485479948957,1561.6771012049396,1543.8905754874165,1532.5309742097138,1527.795873456996,1544.111762019633,1535.497906894269,1543.6137833538526,1548.1852208581272,1557.054343002536,1536.795634920635
394363,590,"Bartlesville, OK",msa,OK,,,,,,,,,,,,,,,,,,,,,,,,,,,,,,,,,,,,,,,,,,,,,,,,,,,,,,,,,,,,,,,,,,,,,,,,,,,,,,,,,,,,,,,,,,,,,,,,,,1026.7956708977542,1044.9025880411664,1046.7761265146207,1054.2454084985666,1068.049769116549,1080.5602478829453,1079.7011307835105,1066.3235505129164,1077.4788406185407,1076.3828152771493,1083.8722953150884,1083.016876092837,1099.2187342356324,1110.4830751192567,1121.2617112102937,1120.743425901787,1130.714487055426,1136.6582605660246,1143.2191813977774,1138.760908858322,1148.934622727593,1162.3696640374974,1166.311845736996,1173.974910179826,1166.6835821286918,1164.7973856654849,1168.1632228375797,1178.6472431177679,1177.7381009827923,1179.4745350649373,1186.7614946241724,1207.9745213325282,1209.3475783475785
394985,591,"Platteville, WI",msa,WI,,,,,,,,,,,,,,,,,,,,,,,,,,,,,,,,,,,,,,,,,,,,,,,,,,,,,,,,,,,,,,,,,,,,,,,,,,,,,,,,,,,,,,,,,,,,,,,,,,,,,,,,,,,,,,,,,,,,,,,,,,,,,,,,1300.9358198931338,1330.8188854905736,1338.888888888889
394503,592,"Corsicana, TX",msa,TX,,,,,,,,,,,,,,,,,,,,,,,,,,,,,,,,,,,,,,,,,,,,,,,,,,,,,,,,,,,,,,,,,,,,,,,,,,,,,,,,,,,,,1134.0313872210477,1160.8423640685307,1152.9237317784164,1186.121762803335,1189.763718446575,1211.1159330834942,1207.129198953326,1206.3839356007675,1219.1502859114764,1218.145519029814,1229.9918080865223,1207.736259061153,1241.2270590973792,1236.7089235199937,1255.4747833820754,1221.7811685376055,1232.7780041947367,1224.8081459389343,1243.2715059250681,1245.0915187439723,1259.7282987601443,1261.4937127454234,1262.3505880667192,1259.3971154742828,1251.2416539117928,1238.6880812479465,1258.0238293004259,1284.2640524054218,1302.0342351450138,1306.6141516432483,1288.4434380156242,1287.5433746741533,1281.1576193340977,1297.4626353081553,1301.6878994129206,1317.8285594882557,1317.0189580047527,1334.633987343501,1322.4381974123444,1321.6315181329978,1311.770495195201,1317.9268315772729,1332.7921824138098,1342.793754531967,1348.3313368274178,1345.3333333333333
786250,595,"Alexander City, AL",msa,AL,,,,,,,,,,,,,,,,,,,,,,,,,,,,,,,,,,,,,,,,,,,,,,,,,,,,,,,,,,,,,,,,,,,,,,,,,,,,,,,,,,,,,,,,,,,,,,,,,,,,,,,,,,,,,,,,,,,,,,,,,,,,,,,,,,2200.0
394838,598,"Mason City, IA",msa,IA,,,,,,,,,,,,,,,,,,,,,,,,,,,,,,,,,,,,,,,,,,,,,,,,,,,,,,,,,,,,,,,,,,,,,,,,,,,,,,,,,,,,,,,,,,,,,,,,,,,,,,,,,,,,,,,,,,,,,,,,,,,,,,,1106.1522290875437,1087.643851192817,,1089.7222222222224
394954,601,"Pahrump, NV",msa,NV,,,,,,,,,,,,,,,,,,,,,,,,,,,,,,,,,,,,,,,,,,,,,,,,,,,,,,,,,,,,,,,,,,,,,,,,,,,,,,,,,,,,,,,,,,,,,,,,1269.9907476835974,1268.3938364431908,1287.524208036045,1271.3195849524498,1264.0276831053027,1258.516572265233,1268.5058111152466,1274.4350562121483,1271.9703850871024,1261.6602565968935,1258.863087215252,1256.6882992337507,1289.6140525705487,1283.8074434677492,1324.6022585468138,1318.192819939652,1342.9634003250449,1341.8661980640586,1369.4399656971973,1380.5414530938317,1384.5032277291862,1382.9677255601523,1376.8434096940268,1392.6355846898211,1377.9039858881097,1401.988455198256,,1400.6475507560247,1397.303304631508,1411.021469904725,1403.819608792046,1407.5995057074563,1419.454500609856,1437.5774616451454,1456.5119047619046
394963,602,"Paris, TX",msa,TX,,,,,,,,,,,,,,,,,,,,,,,,,,,,,,,,,,,,,,,,,,,,,,,,,,,,,,,,,,,,,,,,,,,,,,,,,,,,,,,,,,,,,,,,,,,,,,,,,,,,,,,,,,,,,,,,,,,,,,,,,,,,,,1200.2645914814077,1228.1911845986635,1225.9240711040386,1240.413566128452,1252.2222222222224
395234,603,"Winona, MN",msa,MN,,,,,,,,,,,,,,,,,,,,,,,,,,,,,,,,,,,,,,,,,,,,,,,,,,,,,,,,,,,,,,,,,,,,,,,,,,,,,,,,,,,,,,,,,,,863.7489772086307,883.3759102518299,884.5959926893662,880.969127269673,885.1392496672894,902.1194385870077,905.9646752038715,906.3642730034412,905.6531073791912,892.7371499464199,889.846553544935,896.453408090342,886.8616885055018,896.7827609541181,899.699766304159,927.175086158562,931.9917807853348,930.3945773112218,921.099568801007,930.7642642840631,943.5155206045458,960.3595612152375,994.3456743797343,995.099202909382,980.2377949511025,954.8284794173527,967.5537086226537,974.4146758777348,978.5163762575738,982.4638694160251,997.8733096667719,1000.9499816582655,1007.520954403677,1017.299612977863,1007.8320026025332,1019.8042462762564,1049.253518482349,1080.6819372762022,1089.133396342013,1091.540404040404
753905,604,"Newport, OR",msa,OR,,,,,,,,,,,,,,,,,,,,,,,,,,,,,,,,,,,,,,,,,,,,,,,,,,,,,,,,,,,,,,,,,,,,,,,,,,,,,,,,,,,,,,,,,,,,,,,,,,,,,1718.6419387118822,1755.1766182533338,1773.751937283058,1775.3213021739332,1790.3029290399031,1811.3573119071973,1841.0782181371965,1838.7593695375563,,1881.507367688614,1886.5786359590395,1888.0211297996202,1899.7609882065785,1897.5353625590815,1909.3787171391868,1923.3131214747505,1938.6588463594303,1916.805449405878,1913.9169680647612,1934.3045928569002,1914.437095070277,1917.7506021722095,1936.504697356845,1966.7577354167129,1977.2205596064598,1961.8335104128455,1959.7514936078578,1964.714529278401,1971.8556599639328,1993.0873015873015
753911,608,"Ozark, AL",msa,AL,,,,,,,,,,,,,,,,,,,,,,,,,,,,,,,,,,,,,,,,,,,,,,,,,,,,,,,,,,,,,,,,,,,,,,,,,,,,,,,,,,,,,,,,,,,,,,,,,,,,1029.3418110927894,1045.256554620357,1050.0500817056904,1053.118013530914,1056.194030143865,1081.9506806113134,1124.3174329516926,1121.795675766116,1073.158231667743,1054.8821543499164,1061.4582164784094,1097.9632539794054,1112.6570683502155,1135.4967184122395,1136.004595724838,1149.0515864491535,1142.52350687898,1134.0668851674736,1107.062083479349,1115.845089644343,1153.1208991261954,1188.8284910173436,1199.0709771999493,1184.1394945579166,1183.7046498598468,1172.9245179916404,1186.6616174239427,1192.7143130111865,1212.454237876779,1222.7175810890728,1236.111111111111
394628,610,"Gardnerville Ranchos, NV",msa,NV,,,,,,,,,,,,,,,,,,,,,,,,,,,,,,,,,,,,,,,,,,,,,,,,,,,,,,,,,,,,,,,,,,,,,,,,,,,,,,,,,,,,,,,,,,,,,,,,,2160.835074329614,2156.3560713445604,2181.312258691784,2228.8815978903776,2253.6579077668302,2194.159391561229,2192.1040202172717,2191.781421710706,2207.9429397885465,2233.3398130552664,2236.597196474867,2273.62742106393,2240.296176768516,2229.2418588949417,2205.7334063219328,2210.956261252068,2231.28066670455,2247.802331244327,2252.8182542483055,2227.8385718612185,2252.070270271157,2249.8720567686323,2256.9384710151535,2212.7225793912307,2253.5755832422124,2287.817079598279,2306.2082902670372,2285.503268425423,2275.917682981285,2307.1609896918944,2325.672771948639,2359.789038750582,2357.974034535578,2373.249158249158
394437,612,"Ca-¦on City, CO",msa,CO,,,,,,,,,,,,,,,,,,,,,,,,,,,,,,,,,,,,,,,,,,,,,,,,,,,,,,,,,,,,,,,,,,,,,,,,,,,,,,,,,,,,,,,,,,,,,,,,,,,,,,1215.2634298154846,1230.016336540326,1251.2498827628626,1263.434962119626,1251.1467336448404,1232.4747071618135,1222.4573886735734,1246.3117960328593,1278.3803072345643,1286.7307807499456,1286.0060117609735,1268.9012865483735,,1298.1102061519007,1307.8443985718802,1296.3251170283056,1301.3028115807986,1325.811852307232,1344.9873160782208,1345.0854410874524,1336.9130518572126,1345.8890679010724,1354.3825718860655,1373.6761195849497,1358.0333456990545,1359.526458924441,1348.8823878843411,1364.4303948777915,1373.4047619047622
394906,614,"New Castle, IN",msa,IN,,,,,,,,,,,,,,,,,,,,,,,,,,,,,,,,,,,,,,,,,,,,,,,,,,,,,,,,,,,,,,,,,,,,,,,,,,,,,,,,,,,,,,,,,,,,,,,,,,,,,,,,,,,,,,,,,,,,,,,,,894.8444087921188,905.7097719253023,898.1612259693602,898.7836190060308,912.5043972626752,915.154362503835,929.1918216546374,933.4421119755953,937.5338039344346,945.6666666666666
394478,615,"Clovis, NM",msa,NM,,,,,,,,,,,,,,,,,,,,,,,,,,,,,,,,,,,,,,,,,,,,,,,,,,,,,,,,,,,,,,,,,,,,,,,,,,,,,,,,,,,,,1061.5116315073128,1055.695569193813,,1069.7757105984576,1076.979467209839,1081.9373477169795,1096.2896483822685,1096.2280290326444,1091.5621448165032,1094.9400427606306,1098.5758730308135,1119.116888549599,1118.890093029945,1134.7737662017487,1138.1053330497905,1149.0785433055403,1151.8307622782347,1142.0962459089258,1143.650653128758,1144.436753714927,1157.3417030709347,1166.6955139516915,1173.5031088853673,1173.5239528636798,1175.820468472731,1181.9527099215163,1188.6861677317322,1191.4604179758553,1190.0326297359347,1201.899039440563,1212.2261972914005,1213.0649253436684,1204.2039605885032,1205.0932670784296,1202.7813738600203,1202.9811059793165,1210.9378735007165,1211.0062977913783,1213.96805321081,1217.8400817084712,1228.5938406601817,1235.4169633111433,1236.7765892950117,1248.6800697639896,1263.9291471302024,1272.6107226107226
394919,616,"Norfolk, NE",msa,NE,,,,,,,,,,,,,,,,,,,,,,,,,,,,,,,,,,,,,,,,,,,,,,,,,,,,,,,,,,,,,,,,,,,,,,,,,,,,,,,,,,,,,,,,,,,,,,,,,,,,,,,,,,,,,,,,,,,,,,,,,1161.106988820744,1167.186579411933,1174.5537367527818,1177.3350486732884,1179.4607787881305,1190.2642670259577,1196.6033695795222,1202.1373303657265,1197.778895247876,1195.2777777777776
394431,617,"Cadillac, MI",msa,MI,,,,,,,,,,,,,,,,,,,,,,,,,,,,,,,,,,,,,,,,,,,,,,,,,,,,,,,,,,,,,,,,,,,,,,,,,,,,,,,,,,,,,,,,,,,,,,,,,,,,,,,,,,,,,,,,,,,,,,,,,,,,,,,,,1234.777799231324,1249.5
395043,618,"Ruston, LA",msa,LA,,,,,,,,,,,,,,,,,,,,,,,,,,,,,,,,,,,,,,,,,,,,,,,,,,,,,,,,,,,,,,,,,,,,,,,,,,,,844.5578914892096,846.6018795159493,847.4562920134673,844.3254872103769,852.9899658987385,870.5598992199377,884.1750586621552,896.243257783111,,888.4192713303147,881.2933688859296,894.2272081995462,890.6794472699511,898.2034867377495,902.1911440764984,915.0149240475142,918.277455373124,910.3845416304899,907.1328767969046,909.1173294524702,925.4524028897299,929.1821867629179,933.1782224066931,932.4496886405972,943.7363140837207,952.3188769986665,952.4632811252561,949.1955855792081,947.4943878320503,953.8377802417369,951.3583569909351,956.5030090176097,967.9859144086028,972.2249884661477,972.778518508905,966.1955767192549,963.3415441794667,962.1875244449101,963.7519408112374,972.0778875178413,977.1003894395903,991.5962561514162,990.6040225205047,991.214661782758,984.9749403608687,986.4111993290426,992.9249453493161,1003.1246513631975,1008.5863098650266,1011.73015862162,1017.7060256426304,1018.2642190191694,1022.3685411872189,1017.2454298422764,1027.876984126984
395097,619,"Sidney, OH",msa,OH,,,,,,,,,,,,,,,,,,,,,,,,,,,,,,,,,,,,,,,,,,,,,,,,,,,,,,,,,,,,,,,,,,,,,,,,,,,,,,,,,,,,,,,,,,,,,,,,,,,,,,,,,,,,,,,,,,,,,,,,,,,,,,,1326.4994573035037,1274.2690851430177,1278.164073872036,1289.3333333333333
395008,620,"Pullman, WA",msa,WA,,,,,,,,,,,,,,,,,,,,,,,,,,,,,,,,,,,,,,,,,,,,,,,,,,,,,,,,,,,,,,,,,,,,,,,,,,,,,,,,,,,,,,,,,,,,1204.342487037825,1173.597082324476,1177.4455525999474,1194.105171530536,1208.28876901075,1231.9433260616042,1235.8951572785345,1239.7718564011384,1242.314032135415,1261.01640443154,1247.1442751322156,1247.0704598898535,1193.1183536414928,1202.3918012334445,1213.2753243957684,1237.3728880288413,1245.9345986892822,1248.3997009487327,1267.1813375991558,1274.4489750108974,1283.411099005235,1283.3823360344759,1285.1536669497611,1288.6581685466263,1294.6332194091315,1289.7924322892677,1310.100424325225,1290.9753283841305,1293.2089785816565,1294.0787635396805,1292.6984666254878,1297.3951771960392,1302.6569180383083,1309.2899240861639,1325.5919618856444,1341.7041323465626,1379.1512467419311,1404.2551425633553,1403.5
394527,622,"Del Rio, TX",msa,TX,,,,,,,,,,,,,,,,,,,,,,,,,,,,,,,,,,,,,,,,,,,,,,,,,,,,,,,,,,,,,,,,,,,,,,,,,,,,,,,,,,,,,,,,,,,,,,,,,,,,,,,,,,,,,,,,,,,,,,,,,1356.6163283460437,,1411.560358426192,1431.5592112797992,1423.4799695319414,1413.5383070731662,1392.1417225163025,1382.1562193943369,1388.2879809100448,1380.5555555555557
394391,623,"Blackfoot, ID",msa,ID,,,,,,,,,,,,,,,,,,,,,,,,,,,,,,,,,,,,,,,,,,,,,,,,,,,,,,,,,,,,,,,,,,,,,,,,,,,,,,,,,,,,,,,,,,,,,,,,,,,,,,,,,,,,,,,,,970.5175803508961,981.4484166698124,999.0065057814353,1001.5887528079812,1013.874160962877,1014.5146151572966,1029.243844962767,1039.136409198432,1033.9587558781825,1023.9642991483961,1019.0257506293873,1033.5855381850145,1038.7980640525861,1034.8161076721422,1022.7700336495886,1027.9035086548317,1027.9081650094174,1034.5
395017,624,"Red Wing, MN",msa,MN,,,,,,,,,,,,,,,,,,,,,,,,,,,,,,,,,,,,,,,,,,,,,,,,,,,,,,,,,,,,,,,,,,,,,,,,,,,,,,,,,,,,,,,,,,,,,,,,,,,,,,,,,,,,,,,,,,,,,,,,1176.6688581672367,1173.8776282505844,1125.6323476717105,1128.4729275590844,1108.547232402798,1181.1144152150812,1196.6750470519617,1235.3048208286468,1208.3913970506046,1170.7760263765738,1167.2222222222224
394918,625,"Nogales, AZ",msa,AZ,,,,,,,,,,,,,,,,,,,,,,,,,,,,,,,,,,,,,,,,,,,,,,,,,,,,,,,,,,,,,,,,,,,,,,,,,,,,,,,,,,,,,,,,,,,,,,,,,,,,,,,,,,,,,,,,,,,,,,,,,,,,,,,,,,1612.5
395144,626,"Tahlequah, OK",msa,OK,,,,,,,,,,,,,,,,,,,,,,,,,,,,,,,,,,,,,,,,,,,,,,,,,,,,,,,,,,,,,,,,,,,,,,,,,,,,,,,,,,,,,,,,,,,,,,,,,,,,,,,,,,,,,,,,,,,,976.0528832418512,961.5850650252293,991.0692437763724,987.7663916489382,1008.6093659802441,1001.0693911309459,991.635819390688,1008.3092957788562,1014.1342999729654,1028.5075358016138,1016.6784720825076,1044.0912903773947,1072.0414852547485,1085.2552152811606,1079.0555555555554
394876,628,"Montrose, CO",msa,CO,,,,,,,,,,,,,,,,,,,,,,,,,,,,,,,,,,,,,,,,,,,,,,,,,,,,,,,,,,,,,,,,,,,,,,,,,,,,,,,,,,,,,,,,,,,,,,,,,,,,1708.3678031114966,1701.7882737308144,1715.0128962174017,1723.8130469819598,1743.0006876055118,1763.7323318314104,1776.9860677315326,1798.305177510243,1805.2181179002544,1835.5882594191798,1841.0830276551344,1846.3477747582763,1851.1354292531032,1876.991630692673,1889.2721912646941,1884.9804218940508,1863.8569360821089,1859.8008747703657,1877.5579366646612,1881.6664196794131,1897.7332236881807,1886.1224402177932,1892.6910128544596,1903.9078012671553,1918.294790337872,1921.8651486811805,1915.6922802346526,1929.1262747754727,1948.5226153117558,1960.1922305412013,1955.2083333333333
394504,629,"Cortland, NY",msa,NY,,,,,,,,,,,,,,,,,,,,,,,,,,,,,,,,,,,,,,,,,,,,,,,,,,,,,,,,,,,,,,,,,,,,,,,,,,,,,,,,,,,,,,,,,,,,,,,,,,949.1116106061141,941.8013333499983,961.3244434367848,999.0643507445869,1025.734029328517,1042.484758970159,1066.1389226332628,1057.8775167696838,1060.7879823927676,1092.167478809674,1094.646420345211,1131.0005842521707,1123.5530780302897,1151.5198607080638,1123.8954079682255,1103.9901146573993,1072.2624381666492,1089.9061913215253,1103.468745166846,1108.2078709529271,1110.1064046921915,1113.357213864734,1113.5135609962165,1103.5782833554106,1126.0096357752736,1118.4627099018733,1134.1349860140374,1131.8876335563928,1150.851179331244,1141.253902375387,1129.554312814321,1140.5525305355509,1147.05
394887,630,"Mount Sterling, KY",msa,KY,,,,,,,,,,,,,,,,,,,,,,,,,,,,,,,,,,,,,,,,,,,,,,,,,,,,,,,,,,,,,,,,,,,,,,,,,,,,,,,,,,,,,,,,,,,,,,,,,,,,,,,,,,,,,,,,,,,,,,,,,,,,,758.177340185474,823.4645300870211,807.2540171341628,842.7601301774558,870.4605962587077,929.1666666666666
394477,631,"Clinton, IA",msa,IA,,,,,,,,,,,,,,,,,,,,,,,,,,,,,,,,,,,,,,,,,,,,,,,,,,,,,,,,,,,,,,,,,,,,,,,,,,,,,,,,,,,,,,,,,,,,,,,,,,,,,,,,,,,,,,,,,,,,,,,,,,,,,,,,,856.968456847361,865.4166666666667
753916,632,"Sandpoint, ID",msa,ID,,,,,,,,,,,,,,,,,,,,,,,,,,,,,,,,,,,,,,,,,,,,,,,,,,,,,,,,,,,,,,,,,,,,,,,,,,,,,,,,,,,,,,,,,,,,,,,,,,,,,,,,,,,,,,,,,,,,,,,,,,,2307.7281708605283,2263.373097800014,2264.4893228644814,2225.1187329772,2213.2926119341078,2207.34448935603,2197.323219136629,2177.595238095238
753865,633,"Bardstown, KY",msa,KY,,,,,,,,,,,,,,,,,,,,,,,,,,,,,,,,,,,,,,,,,,,,,,,,,,,,,,,,,,,,,,,,,,,,,,,,,,,,,,,,,,,,,,,,,,,,,,,,,,,,,,,,,,,,,,,,,,,,,,,,,,,,,,1004.0014105562873,1028.8542696840486,1065.0905448104274,1057.05018921205,1063.888888888889
395201,634,"Wapakoneta, OH",msa,OH,,,,,,,,,,,,,,,,,,,,,,,,,,,,,,,,,,,,,,,,,,,,,,,,,,,,,,,,,,,,,,,,,,,,,,,,,,,,,,,,,,,,,,,,,,,,,,,,,,,,,,,,,,,,,,,,,,,,,,,,,,,,,,,,,1005.5394733428695,1005.0
394379,637,"Bemidji, MN",msa,MN,,,,,,,,,,,,,,,,,,,,,,,,,,,,,,,,,,,,,,,,,,,,,,,,,,,,,,,,,,,,,,,,,,,,,,,,,,,,,,,,,,,,,,,,,,,,,,,,,,,,,,,,,,,,,,,,,,,,,,,,,999.4925599197842,1013.6323052223853,1045.3149606518682,1044.1492846780454,1066.1612141663506,1068.7019967172102,1080.5670669482024,1091.1935475499774,1128.8918903058152,1164.1666666666667
394426,640,"Burley, ID",msa,ID,,,,,,,,,,,,,,,,,,,,,,,,,,,,,,,,,,,,,,,,,,,,,,,,,,,,,,,,,,,,,,,,,,,,,,,,,,,,,,,,,,,,,,,,,,,,,,,,,,,,,,,,,,,,,,,,,,,,,,,,,,,,,,,,,,1464.5833333333335
394548,641,"Durant, OK",msa,OK,,,,,,,,,,,,,,,,,,,,,,,,,,,,,,,,,,,,,,,,,,,,,,,,,,,,,,,,,,,,,,,,,,,,,,,,,,,,,,,,,,,,,,,,,,,,,,,,,,,,,,,,,,,,,,,,1588.3480073024848,1596.728075378999,1581.1956525928779,1592.152762912638,1582.1831698433816,1597.6487004031178,1600.5272307216035,1601.7044526174832,1627.496937207647,1633.3730014768569,1632.2792972354266,1623.0075214683839,1625.3302197390897,1615.3247393843837,1631.0812942412645,1628.715736686812,1656.5374197089295,1643.5056726775474,1638.888888888889
394500,644,"Cornelia, GA",msa,GA,,,,,,,,,,,,,,,,,,,,,,,,,,,,,,,,,,,,,,,,,,,,,,,,,,,,,,,,,,,,,,,,,,,,,,,,,,,,,,,,,,,,,,,,,,,,,,,,,,,,,,,,,,,,,,,,,,,,,,,,,,,,,,,,,,1725.0
395155,646,"Thomasville, GA",msa,GA,,,,,,,,,,,,,,,,,,,,,,,,,,,,,,,,,,,,,,,,,,,,,,,,,,,,,,,,,,,,,,,,,,,,,,,,,,,,,,,,,,,,,,,,,,,,,,,,,,,,,,,,,,,,,,,,1427.830126773594,1463.9791167685878,1478.1836413180754,1469.030157409889,1490.9272423436917,1511.039793627301,1542.7181724794862,1534.1123673778416,1547.232942053063,1528.7339847123833,1560.8312445349234,1562.1603109997905,,1571.2252343293494,1566.5430864932423,1584.8748687797104,1578.0885327333565,1572.364613968621,1556.8055555555554
394961,647,"Paragould, AR",msa,AR,,,,,,,,,,,,,,,,,,,,,,,,,,,,,,,,,,,,,,,,,,,,,,,,,,,,,,,,,,,,,,,,,,,,,,,,,,,,,,,,,,,,,,,,,,,,,,,,,,,,,,,,,,,,,,,,,,877.4288777247763,890.0086306785685,886.1092367381995,869.0988203700845,874.5316411602045,883.3043675853743,887.8150217003663,892.3618334177894,900.4069752026627,906.8934499453698,913.3544352779883,911.1873355634044,905.8121761447792,907.0637865351674,918.3979100322755,941.4046939954685,943.6904761904761
394850,651,"Menomonie, WI",msa,WI,,,,,,,,,,,,,,,,,,,,,,,,,,,,,,,,,,,,,,,,,,,,,,,,,,,,,,,,,,,,,,,,,,,,,,,,,,,,,,,,,,,,,,,,,,,,,,,,,1026.6925639112565,1024.1659180971494,1056.3071113995925,1066.4264246499306,1063.35336104235,1059.1512774258697,1043.348113022854,1060.3213156795734,1059.879231152368,1091.1356951090377,1093.1889054804483,1099.302005337681,1091.2222363473911,1101.6959357215317,1104.0125077451848,1115.5389158740222,1124.2769366617679,1126.125265160787,1127.8595710552347,1121.4798550586631,1127.9682714688183,1129.5361251634156,1134.985728489452,1144.52335546793,1157.1838297354054,1161.0859382844906,1153.9770169553192,1153.2590663666767,1160.2105643305536,1173.573318184752,1193.897273032323,1202.112336186627,1210.320013080706,1205.5186170212767
395189,653,"Vicksburg, MS",msa,MS,,,,,,,,,,,,,,,,,,,,,,,,,,,,,,,,,,,,,,,,,,,,,,,,,,,,,,,,,,,,,,,,,,,,,,,,,,,,,,,,,,,,,,,,,,,,,,,,,,,,,,,,,,,,,,,,,,,,,,,,,,,,,,,,,838.0576818926313,851.5
394616,657,"Freeport, IL",msa,IL,,,,,,,,,,,,,,,,,,,,,,,,,,,,,,,,,,,,,,,,,,,,,,,,,,,,,,,,,,,,,,,,,,,,,,,,,,,,,,,,,,,,,,,,,,,,,,,,,,,,,,,,,,,,,,,,,,706.863759453906,721.4073456721661,716.1012408657463,728.8144458929893,732.540791382533,736.365830261944,742.2004130246646,751.8497347052664,760.3316305864224,768.1902685591033,762.2319598947023,756.7013628670487,764.741498867408,773.6708588197463,790.4563074857797,791.8367731011317,795.8333333333334
395037,659,"Rolla, MO",msa,MO,,,,,,,,,,,,,,,,,,,,,,,,,,,,,,,,,,,,,,,,,,,,,,,,,,,,,,,,,,,,,,,,,,,,,,,,,,,,,,,,,,,,,,,,,,,,,,,,,,681.7621616892512,688.8678874018667,706.2035499616379,,705.8747742465221,726.9254502077966,722.0222653380713,736.5922348740934,712.7145200211552,723.8356460885753,736.7381081524044,747.8805083030834,750.4992376763461,742.5537642380333,739.9535538637246,740.4624335315121,743.7213619551533,745.8651243686639,754.6779295047395,768.0249905360088,772.3650975777693,767.9755588313561,765.4493788521974,769.2092805731507,770.7169608689977,779.8546421219763,781.771041552335,791.3923351637211,795.32806626933,794.3960791158681,799.3497096231551,796.8471106909088,816.4623015873017
394695,662,"Huntingdon, PA",msa,PA,,,,,,,,,,,,,,,,,,,,,,,,,,,,,,,,,,,,,,,,,,,,,,,,,,,,,,,,,,,,,,,,,,,,,,,,,,,,,,,,,,,,,,,,,,,,,,,,,,,,,,,,,,,,,,,,,,,,,,,,,,,,,,,,,,1000.0
394567,663,"Ellensburg, WA",msa,WA,,,,,,,,,,,,,,,,,,,,,,,,,,,,,,,,,,,,,,,,,,,,,,,,,,,,,,,,,,,,,,,,,,,,,,,,,,,,,,,,,,,,,,,1334.547996032283,1359.172344663411,1371.9208720022502,1367.5907539460045,1358.1601482063204,1368.209448667019,1383.832459093781,1392.4484518193929,1368.4385076082447,1375.2332226216174,1384.5027506378833,1410.4928096737149,1401.1452729284306,1395.6439882445868,1409.1002953898512,1424.4250821779226,1435.7082650207205,1435.786651611843,1411.4019560006238,1400.4469695408704,1389.8736767912967,1410.2283495889155,1425.3618206046065,1437.6070137240959,1439.3406544605366,1442.245036124104,1451.9406285659186,1466.1396410199998,1468.182440030782,1460.654699929332,1462.8188822663087,1470.5717138072127,1494.2632420906612,1487.4534189813319,1481.5786875331262,1475.7282181793864,1483.5878189145262,1492.8986562208559,1490.4044432755215,1488.5044397092101,1499.0213418742803,1519.4989767394143,1543.7432638777225,1560.2445507708665
394990,664,"Ponca City, OK",msa,OK,,,,,,,,,,,,,,,,,,,,,,,,,,,,,,,,,,,,,,,,,,,,,,,,,,,,,,,,,,,,,,,,,,,,,,,,,,,,,,,,,,,,,,,,,,,,,,,,,,,,,,,,,,,,,,,,,,,,,,,,,,,771.4818701673074,792.9627905315655,789.6113759970556,776.3696361594746,784.5442492160654,,821.970473776371,811.9444444444445
394842,666,"McAlester, OK",msa,OK,,,,,,,,,,,,,,,,,,,,,,,,,,,,,,,,,,,,,,,,,,,,,,,,,,,,,,,,,,,,,,,,,,,,,,,,,,,,,,,,,,,,,,,,,,,,,,,,,,,,,,,,,,,,,,,,,,,,,,,,,,,,,,,,1057.5815945682375,1038.3585299511053,1030.388888888889
394886,667,"Mount Pleasant, TX",msa,TX,,,,,,,,,,,,,,,,,,,,,,,,,,,,,,,,,,,,,,,,,,,,,,,,,,,,,,,,,,,,,,,,,,,,,,,,,,,,,,,,,,,,,,,,,,,,,,,,,,,,,,,,,,,,,,,,,,,,,,,,,,,,,,,1324.398759316045,1392.184178508038,1418.886519754768,1504.5
394895,670,"Muscatine, IA",msa,IA,,,,,,,,,,,,,,,,,,,,,,,,,,,,,,,,,,,,,,,,,,,,,,,,,,,,,,,,,,,,,,,,,,,,,,,,,,,,,,,,,,,,,,,,,,,,,,,,,,,,,,,,,,,,,,,,,,,,,,,,,,,,,,,794.6796609992878,787.8186091480302,803.9940163583806,808.3333333333334
394785,671,"Lewisburg, PA",msa,PA,,,,,,,,,,,,,,,,,,,,,,,,,,,,,,,,,,,,,,,,,,,,,,,,,,,,,,,,,,,,,,,,,,,,,,,,,,,,,,,,,,,,,,,,,,,,,,,,,,,,,,,,,,,,,,,,,,,,,,,,,,,,,,,,,,1303.9285714285716
394349,672,"Auburn, IN",msa,IN,,,,,,,,,,,,,,,,,,,,,,,,,,,,,,,,,,,,,,,,,,,,,,,,,,,,,,,,,,,,,,,,,,,,,,,,,,,,,,,,,,,,,,,,,,,,,,,,,,,,,,,,,,,,,,,,,,,,,,,,,,,,,,,,991.7279952444379,994.477748414617,1014.6
394545,673,"Duncan, OK",msa,OK,,,,,,,,,,,,,,,,,,,,,,,,,,,,,,,,,,,,,,,,,,,,,,,,,,,,,,,,,,,,,,,,,,,,,,,,,,,,,,,,,,,,,,,,,,,,,,,,,,,,,,,,,,,,,,,,,,,,,,,,,,,,,,,,,,806.25
395081,674,"Sedalia, MO",msa,MO,,,,,,,,,,,,,,,,,,,,,,,,,,,,,,,,,,,,,,,,,,,,,,,,,,,,,,,,,,,,,,,,,,,,,,,,,,,,,,,,,,,,,,,,,,,,,,,,,,,,,,,,,,,,,,,,,,888.0554099593952,906.2079879730225,939.7041411386989,970.5114997573132,961.7017497759075,965.7509681685281,960.5351051208855,,956.3683050371272,973.7354835977682,1011.1907057232338,1044.0030811329186,1047.0545899823364,1034.1608251115529,1015.5342116059385,1023.1558560265712,1044.4444444444443
394677,676,"Henderson, NC",msa,NC,,,,,,,,,,,,,,,,,,,,,,,,,,,,,,,,,,,,,,,,,,,,,,,,,,,,,,,,,,,,,,,,,,,,,,,,,,,,,,,,,,,,,,,,,,,,,,,,,,,,,,,,,,,,,,,,,,,,,,,,,,,,864.6313086552803,868.8404633507382,877.6870169739586,884.7626202456673,900.7237918827727,914.3372860350635,918.6666666666666
394297,677,"Aberdeen, SD",msa,SD,,,,,,,,,,,,,,,,,,,,,,,,,,,,,,,,,,,,,,,,,,,,,,,,,,,,,,,,,,,,,,,,,,,,,,,,,,,,,,,,,,,,,,,,,,,,,,,,,,,,,,,,,,,,,,,,,,,,,,,,,,,,,926.5897069427962,936.4491970085749,964.9217533008492,974.490327258332,960.2974652563421,931.25
395032,678,"Rock Springs, WY",msa,WY,,,,,,,,,,,,,,,,,,,,,,,,,,,,,,,,,,,,,,,,,,,,,,,,,,,,,,,,,,,,,,,,,874.1039838629015,859.6367775021392,,872.0602349851071,876.1722810593587,876.6220336097512,864.797637784608,865.6502078968937,857.453234935006,860.8030704995348,864.8750675988822,890.0014345985384,902.0159014153659,924.3526179682445,936.9608303081876,947.9364839553999,950.2394817284525,949.8081214900885,960.138291163549,972.8976591402193,1002.8519904088206,1016.6115140194248,1036.8041145636291,1027.8938443704023,1038.4897697497074,1045.2415685645262,1060.892266179619,1071.7926879557094,1090.0643555466233,1098.6069922669988,1111.5433699690145,1110.7450857921428,1126.4196508410641,1121.0867330991512,,1114.650365439175,1114.9903968585902,1125.965504058618,1125.630812655185,1121.2730665957217,1129.5118480485874,1142.950287475324,1141.4229217046743,1128.1426638647115,1099.1727609055529,1115.0945421296124,1105.6298861405733,1123.509003309327,1138.9343013956293,1155.826047110715,1174.6889790388138,1180.3359836155826,1168.5407256892952,1179.8268853948562,1189.1289520245334,1212.1633243459335,1235.0043287596231,1234.0578993487563,1252.4869563776601,1248.374414615491,1241.502900268837,1227.3876742849504,1215.0394075549468,1215.2846284207913,1219.8475552683374,1204.2920634920636
395129,680,"Stephenville, TX",msa,TX,,,,,,,,,,,,,,,,,,,,,,,,,,,,,,,,,,,,,,,,,,,,,,,,,,,,,,,,,,,,,,,,,,,,,,,,,,,,,,,,,,,,,,,,,,,,,,,,,,,889.2502892290837,912.1620895256915,917.7510152541845,926.126253848091,924.1172531364982,934.5610702691023,925.4320463333084,921.0633153411318,905.5693160322575,919.1361102158738,919.141150415758,931.2834967987063,928.1882693745025,945.3769861086713,949.8362094489858,963.9746991875762,965.2832333209685,966.3486731957748,964.5921956735742,969.4764408431457,981.7045035085905,980.6300667192313,994.2627358248402,985.0424114581174,984.694007904775,972.45248857745,976.1083110547642,971.4398424013627,975.9469595137921,978.7162467992757,992.4221813686939,996.625
394558,685,"El Campo, TX",msa,TX,,,,,,,,,,,,,,,,,,,,,,,,,,,,,,,,,,,,,,,,,,,,,,,,,,,,,,,,,,,,,,,,,,,,,,,,,,,,,,,,,,,,,,,,,,,,,,,,,,,,,,,,,,,,,,,,,,,,,,,,,1227.726252659018,1250.5502365249547,1237.2608236021074,1266.9008661276675,1240.7459714303766,1255.003162334769,1228.3227385437715,1221.9301540057163,1227.7672589379433,1230.0
394891,686,"Mountain Home, AR",msa,AR,,,,,,,,,,,,,,,,,,,,,,,,,,,,,,,,,,,,,,,,,,,,,,,,,,,,,,,,,,,,,,,,,,,,,,,,,,,,,,,,,,,,,,,,,,,,,,,,,,,,,,,,,,,,,,,,,,,,,,,,,,,,,,,,,,1025.0
395158,688,"Tifton, GA",msa,GA,,,,,,,,,,,,,,,,,,,,,,,,,,,,,,,,,,,,,,,,,,,,,,,,,,,,,,,,,,,,,,,,,,,,,,,,,,,,,,,,,,,,,,,,,,,,,,,,,,,,,,,,,,,,,,,,,,,,,,,,,,,,,,1221.397919980421,1233.1085414930849,1252.276344812538,1238.6018751673746,1240.0
394845,690,"McMinnville, TN",msa,TN,,,,,,,,,,,,,,,,,,,,,,,,,,,,,,,,,,,,,,,,,,,,,,,,,,,,,,,,,,,,,,,,,,,,,,,,,,,,,,,,,,,,,,,,,,,,,,,,,,,,,,,,,,,,,,,,,,,,,,,,,,,,,,,799.1600167830406,,,724.5
394341,691,"Astoria, OR",msa,OR,,,,,,,,,,,,,,,,,,,,,,,,,,,,,,,,,,,,,,,,,,,,,,,,,,,,,,,,,,,,,,,,,,,,,,,,,,,,,,,,,,,,,,,,,,,,,,,,,,,,,1627.2892048259607,1633.8960477894134,1640.9625060878343,1619.979446240865,1623.0814781685658,1610.7744861096776,1625.0720498367275,1626.6588405367118,1653.9328760596886,1664.1651046331147,1659.0958990109025,1656.2095028948645,1659.9771656517537,1645.5239640939442,1656.0621652351888,1659.4346568295882,1684.7053739344233,1713.3874726430313,1707.0782396527416,1729.334175173613,1714.5289068313032,1714.763135219044,1712.8500087286282,1735.6330605918133,1731.749169963368,1753.2836070435596,1746.9548540941696,1756.9905780687309,1736.4777127346592,1721.2222222222224
394409,692,"Bradford, PA",msa,PA,,,,,,,,,,,,,,,,,,,,,,,,,,,,,,,,,,,,,,,,,,,,,,,,,,,,,,,,,,,,,,,,,,,,,,,,,,,,,,,,,,,,,,,,,,,,,,,,,,,,,,,,,,,,,,,,,,,,,,,,,,,,,,,,,,850.0
394833,696,"Marshalltown, IA",msa,IA,,,,,,,,,,,,,,,,,,,,,,,,,,,,,,,,,,,,,,,,,,,,,,,,,,,,,,,,,,,,,,,,,,,,,,,,,,,,,,,,,,,,,,,,,,,,,,,,,,,,,,,,,,,,,,,,,,,,,,,,,962.7462463326117,968.1244034534823,973.9764690316946,985.5518767818938,1008.4187121893525,999.9387154382937,1003.4775839351804,1001.0813985986139,1011.1084330330577,1004.1666666666666
394384,697,"Big Rapids, MI",msa,MI,,,,,,,,,,,,,,,,,,,,,,,,,,,,,,,,,,,,,,,,,,,,,,,,,,,,,,,,,,,,,,,,,,,,,,,,,,,,,,,,,,,,,,,,,,,,,,,,,,,,,,,,,,,,,,,,,,,971.9679273041884,959.8027556066291,1011.3345239621342,1029.010376725332,1028.0343106643593,1038.3173400941794,1044.5422128443038,1065.0185129773838,1039.6155743506658,1066.9172616588767,1070.2482747522104,1099.3601585218041,1103.1045007403375,1142.5186923074482,1126.1315200828017,1114.5833333333333
394354,698,"Austin, MN",msa,MN,,,,,,,,,,,,,,,,,,,,,,,,,,,,,,,,,,,,,,,,,,,,,,,,,,,,,,,,,,,,,,,,,,,,,,,,,,,,,,,,,,,,,,,,,,,,,,,,,720.3235561685361,725.3367752695159,730.4090090148626,722.0039062791985,730.294902149785,743.1282866774332,759.1667526290906,768.4677718011276,762.9968665489273,781.4006943338126,789.4428187178951,803.2871815801946,793.9141182228603,790.6093163899192,798.2499054686334,812.3826055793652,825.9545516631144,833.1540532750157,834.0628285554277,839.3750697287021,842.134660479402,836.8306909072825,842.4363917594563,,868.2678076370124,880.346495791234,883.8405506130678,887.4962960698375,884.5409931415965,887.9373928051749,896.1575220626708,904.6122857864119,918.1704576374589,927.0833333333334
394690,702,"Houghton, MI",msa,MI,,,,,,,,,,,,,,,,,,,,,,,,,,,,,,,,,,,,,,,,,,,,,,,,,,,,,,,,,,,,,,,,,,,,,,,,,,,,,,,,,,,,,,,,,,,,,,,,,,,,,,,,,,,,,,,,,,,,,,,,,,,,,,,,,1519.3854465078014,1506.25
394881,703,"Moscow, ID",msa,ID,,,,,,,,,,,,,,,,,,,,,,,,,,,,,,,,,,,,,,,,,,,,,,,,,,,,,,,,,,,,,,,,,,,,,,,,,,,,,,,,,,,,,,,,,,,,,,,,,,,,,,,,,,,,,1172.1482784956836,1179.3951454571177,1154.6158642216335,1157.4351635317037,1172.6995616465654,1160.690677205387,1149.0844733280971,1144.0518399033576,1180.4684566162848,1162.5559913569439,1183.624752060274,1185.7309378152888,1187.0877578350214,1195.7209736012417,1225.4107058989516,1244.096864707001,1233.1574512922743,1262.7622573340934,1267.8228754446377,1297.8386886625374,1284.5377345706297,1330.0
394476,704,"Clewiston, FL",msa,FL,,,,,,,,,,,,,,,,,,,,,,,,,,,,,,,,,,,,,,,,,,,,,,,,,,,,,,,,,,,,,,,,,,,,,,,,,,,,,,,,,,,,,,,,,,,,,,,,,,,,,,,,,,,,,,,,,,,,,,,,,,,,,2077.7512236843227,2072.147175871924,2020.0366245320592,2052.6118091614494,2066.9859017543304,2056.1111111111113
395026,705,"Riverton, WY",msa,WY,,,,,,,,,,,,,,,,,,,,,,,,,,,,,,,,,,,,,,,,,,,,,,,,,,,,,,,,,,,,,,,,,,,,,,,,,,,,,,,,,,,,,,,,,,,,,,,,,,,,,,,,,,,,,,,1105.119199001322,1106.192225166791,1123.2317309545397,1112.9891436690802,1115.9659217504209,1112.702875947268,1112.1155923379665,1124.9501306182435,1129.0238231924811,1145.0960378996597,1140.5879244377315,1151.8338936414714,1140.0868083957648,1145.3648320206678,1143.3688493979378,1156.887374667087,1159.131198384423,1165.4082652051648,1172.931883498234,1171.0
394981,708,"Pittsburg, KS",msa,KS,,,,,,,,,,,,,,,,,,,,,,,,,,,,,,,,,,,,,,,,,,,,,,,,,,,,,,,,,,,,,,,,,,,,,,,,,,,,,,,,,,,,,,,,,,,,,,,,,,,,,,,,,,,,,,,,,,,,,,,,,759.6684083159621,762.3403672854793,756.0255239763669,755.8580261702576,759.0312644605244,776.9853778985721,789.5734256155838,797.6269991066739,802.6638177775045,815.2777777777778
395203,710,"Warren, PA",msa,PA,,,,,,,,,,,,,,,,,,,,,,,,,,,,,,,,,,,,,,,,,,,,,,,,,,,,,,,,,,,,,,,,,,,,,,,,,,,,,,,,,,,,,,,,,,,,,,,,,,,,,,,,,,,,,,,,,,,,,,,,,,,,,,,,,810.8994930273617,815.0
395178,712,"Urbana, OH",msa,OH,,,,,,,,,,,,,,,,,,,,,,,,,,,,,,,,,,,,,,,,,,,,,,,,,,,,,,,,,,,,,,,,,,,,,,,,,,,,,,,,,,,,,,,,,,,,,,,,,,,,,,,,,,,,,,,,,,,,,,,,,,,,,,1107.7310978964776,1133.0870314151962,1121.6087380902388,1111.5177989174454,1100.8333333333333
394434,714,"Cambridge, OH",msa,OH,,,,,,,,,,,,,,,,,,,,,,,,,,,,,,,,,,,,,,,,,,,,,,,,,,,,,,,,,,,,,,,,,,,,,,,,,,,,,,,,,,,,,,,,,,,,,,,,,,,,,,,,,,,,,,,,,,,,,,,,,,,,,,,,,,850.0
395227,715,"Williston, ND",msa,ND,,,,,,,,,,,,,,,,,,,,,,,,,,,,,,,,,,,,,,,,,,,,,,,,,,,,,,,,,,,,,,,,,,,,,,,837.9333489191166,825.6719202554071,819.561229444105,824.481269092349,826.963674208128,832.9928355839958,825.4323449734826,843.1591582673763,842.9843671964112,857.7315047293692,856.4165242204969,863.9232040168212,874.6785155017648,891.3357210273922,902.2502857875922,897.2262087179017,885.3267903624849,877.7753038893272,889.9305852424433,892.0907489521679,906.2862786066564,905.7397156627841,923.1542904671023,937.5400592571617,961.4355392735623,966.6707883831806,974.1235703665435,979.9951774422877,997.2447864274811,1019.1073300054348,1044.9584401830148,1069.9818113387494,1095.8394891251025,1118.9044024026593,1142.2421655422872,1162.3633971938536,1170.1066594087513,1190.8147070899045,1199.2239069975162,1220.5363225114008,1232.0749964511588,1236.8751581745362,1237.414666779988,1232.459540163136,1234.9543993163484,1242.2350673149228,1250.1199042460544,1254.359542235563,1259.219160275065,1263.1805795760574,1276.5693533597232,1284.0420995050586,1293.6873303674388,1304.0567443058712,1310.104592003663,1322.506110269534,1325.8200186602783,1330.2002180923116,1329.5537191393078,1333.9529106414536
395046,718,"Safford, AZ",msa,AZ,,,,,,,,,,,,,,,,,,,,,,,,,,,,,,,,,,,,,,,,,,,,,,,,,,,,,,,,,,,,,,,,,,,,,,,,,,,,,,,,,,,,,,,,,,,,,,,,,,,,,,,,,,,,,,,,,,,,,,,,,,,,,1402.107245795963,,1432.9416287586193,1487.1740600658366,1587.5948227312886,1591.6666666666667
394300,720,"Ada, OK",msa,OK,,,,,,,,,,,,,,,,,,,,,,,,,,,,,,,,,,,,,,,,,,,,,,,,,,,,,,,,,,,,,,,,,,,,,,,,,,,,,,,,,,,,,,,,,,,,856.956079958819,839.746843838149,845.9916329154678,,858.6488448021985,856.1905930091991,884.4936635332522,874.9303735584671,876.8767126532221,877.8833543681349,887.4946850142353,903.3055031746819,912.2604798465576,909.6615741702674,905.7572964502422,904.0994531549425,904.8624069166254,900.5403517055182,911.733488847053,929.5404574897926,941.4197174581611,942.5938256158015,944.8008050489709,943.5414998339396,954.7062691037655,950.4830698696652,958.2050151190663,966.6397607558181,962.9462153843446,968.9217199307285,958.6507159570775,957.294154376924,958.5216114144299,964.7870866301852,968.5523358398395,969.7273766954669,968.8082370274664,986.0121141680268,990.6190476190477
394507,722,"Crawfordsville, IN",msa,IN,,,,,,,,,,,,,,,,,,,,,,,,,,,,,,,,,,,,,,,,,,,,,,,,,,,,,,,,,,,,,,,,,,,,,,,,,,,,,,,,,,,,,,,,,,,,,,,,,,,,,,,,,,,,,,832.4644915273374,845.5789257081121,860.9886560364071,869.5873468605297,880.1526685911465,911.9374329778392,916.5712569782789,919.5689095608286,902.2163737976381,912.7135049167284,924.0856915219313,932.6113835091653,928.485255243085,936.2912491131069,943.6337049212289,949.8883685389626,948.718362553711,939.5918512537436,952.2604128010471,958.9352880929551,983.8333333333334
395072,724,"Scottsbluff, NE",msa,NE,,,,,,,,,,,,,,,,,,,,,,,,,,,,,,,,,,,,,,,,,,,,,,,,,,,,,,,,,,,,,,,,,,,,,,,,,,,,,,,,,,,,,,,,,,,,,,,,,,,,,,,,,,,,,,,,,,,,,,,,,,,,,,,,,,625.0
394914,726,"Newberry, SC",msa,SC,,,,,,,,,,,,,,,,,,,,,,,,,,,,,,,,,,,,,,,,,,,,,,,,,,,,,,,,,,,,,,,,,,,,,,,,,,,,,,,,,,,,,,,,,,,,,,,,,,,,,,,,,,,,,,,,,,,,,,,,,,,,,,,,,,1161.6666666666665
394799,727,"Lock Haven, PA",msa,PA,,,,,,,,,,,,,,,,,,,,,,,,,,,,,,,,,,,,,,,,,,,,,,,,,,,,,,,,,,,,,,,,,,,,,,,,,,,,,,,,,,,,,,,,,,,,,,,,,,,,,788.0526297791282,820.2449895985502,815.2467761868837,809.9208930123206,849.24082234486,856.6785312872772,853.2816304371073,830.2741439145682,828.5174614419496,839.2528393442157,853.4828866120442,863.0799051832503,871.3249721075445,870.3343116879045,874.9866522038037,871.9881000263472,869.2704552291308,891.1684105667224,901.5129913136739,907.5394074366952,909.2802465133409,905.0258648095588,912.9699443879014,913.5977017749708,922.9145684820269,918.2537916446058,928.7611682208119,922.889571091268,911.1810657994956,880.2777777777778
394554,729,"Easton, MD",msa,MD,,,,,,,,,,,,,,,,,,,,,,,,,,,,,,,,,,,,,,,,,,,,,,,,,,,,,,,,,,,,,,,,,,,,,,,,,,,,,,,,,,,,,,,,,,,,,,,,,,,,,,,,,,,,,,,,,,,,,,,,,,2218.546475720653,2215.072247841807,2206.691204692529,2232.241510932776,2220.9907700516324,2225.8835853352352,2235.6472567817964,2215.83410971247,2210.6111111111113
394948,730,"Owatonna, MN",msa,MN,,,,,,,,,,,,,,,,,,,,,,,,,,,,,,,,,,,,,,,,,,,,,,,,,,,,,,,,,,,,,,,,,,,,,,,,,,,,,,,,,,,,,,,,,,,,,,,,,,,,,,,,,,,,,,,,,,,,,,,,,,1009.7930617739877,999.4938107330772,1024.870749228592,1031.3134789508322,1047.518852190462,1035.0172187408843,1048.2228492703616,1068.7876708946192,1103.3333333333333
394771,733,"Laramie, WY",msa,WY,,,,,,,,,,,,,,,,,,,,,,,,,,,,,,,,,,,,,,,,,,,,,,,,,,,,,,,,,,,,,,,,,,,,,,,,,,,,,,,,,,,1026.6528570738983,1032.2657493834595,1037.6384828433888,1032.1454462243373,1044.1793800096,1030.7730785605643,1046.4762376037152,1051.8296209998982,1071.9422102038814,1079.4861531705328,1084.6689325802922,1080.8640738945476,1098.2885870486855,1106.8753820189104,1140.3052667698294,1128.921867581644,1132.9897559954775,1128.101559378233,1161.1715817784577,1174.0306111230727,1168.0153999401489,1165.5433634103053,1170.2842578594114,1182.5910226774913,1172.3881785245358,1189.7446389902775,1183.3284543594925,1210.9195353080283,1211.2947083846898,1231.944862135036,1228.3870494168732,1230.4068294057113,1241.1792959673712,1254.801538685332,1260.609735819542,1274.5888965402648,1289.2626240638874,1287.7696591845943,1291.5318293846603,1291.709502215613,1302.554425298387,1307.2105490553913,1306.0489020887037,1312.2076564875172,1317.3211098856161,1320.4682866714688,1325.764731140162,1321.4285714285713
394894,734,"Murray, KY",msa,KY,,,,,,,,,,,,,,,,,,,,,,,,,,,,,,,,,,,,,,,,,,,,,,,,,,,,,,,,,,,,,,,,,,,,,,,,,,,,,,,,,,,,,,,,,,,,,,,,,,,,,,,,,,,,,,,,,,,,,,,1032.0648413264269,1048.3298803118028,1064.4709658186225,1059.92724272737,1068.5930487842525,1076.4763448953609,1097.5955931021138,1105.0536777815769,1108.6111183686792,1121.9757333998346,1138.0078025178223,1142.0833333333333
394617,735,"Fremont, NE",msa,NE,,,,,,,,,,,,,,,,,,,,,,,,,,,,,,,,,,,,,,,,,,,,,,,,,,,,,,,,,,,,,,,,,,,,,,,,,,,,,,,,,,,,,,,,,,,,,,,,,,,,,,,,,,,,,,1093.1081988806739,1092.5291723864418,,1115.4636952365445,1129.134448665466,1122.9604637931977,1129.5545001965586,1132.4806530032906,1144.6378723851299,1137.2596004054942,1147.2195262720254,1151.8103966854985,1168.508240039357,1172.4963142123695,1167.9892117052439,1167.174268289589,1160.733152147086,1166.8183956779706,1164.2540293441616,1165.3259037086118,1157.2777777777776
394382,736,"Bennington, VT",msa,VT,,,,,,,,,,,,,,,,,,,,,,,,,,,,,,,,,,,,,,,,,,,,,,,,,,,,,,,,,,,,,,,,,,,,,,,,,,,,,,,,,,,,,,,,,,,,,,,,,,,,,,,,,,,,,,,,,,,,,,,,,,,,,,,,,1575.7105245956645,1672.5
394603,737,"Fort Dodge, IA",msa,IA,,,,,,,,,,,,,,,,,,,,,,,,,,,,,,,,,,,,,,,,,,,,,,,,,,,,,,,,,,,,,,,,,,,,,,,,,,,,,,,,,,,,,,,,,,,,,,,,,,,,,,,,,,,,,,,,,,,,,,,,,,,,,,,,852.4410047673995,851.3477887857625,835.8333333333334
394436,739,"Campbellsville, KY",msa,KY,,,,,,,,,,,,,,,,,,,,,,,,,,,,,,,,,,,,,,,,,,,,,,,,,,,,,,,,,,,,,,,,,,,,,,,,,,,,,,,,,,,,,,,,,,,,,,,,,,,,,,,,,,,,,,,,,,,,,,,,,,,,,,,,,,1149.0
394550,740,"Dyersburg, TN",msa,TN,,,,,,,,,,,,,,,,,,,,,,,,,,,,,,,,,,,,,,,,,,,,,,,,,,,,,,,,,,,,,,,,,,,,,,,,,,,,,,,,,,,,,,,,,,,,,,,,,,,,,,,,,,,,,,,,,,,,,,,,,,,679.6163798890842,,682.9102565130371,685.7776529934665,685.4867009467141,702.0155553749091,,748.6111111111112
394745,744,"Kill Devil Hills, NC",msa,NC,,,,,,,,,,,,,,,,,,,,,,,,,,,,,,,,,,,,,,,,,,,,,,,,,,,,,,,,,,,,,,,,,,,,,,,,,,,,,,,,,,,,,,,,,,,,,,,,,,,,,,,,,,,,,,,,,,,,,,,,,,,,,,,,2263.789503341937,2295.7385198547063,2345.8333333333335
395137,745,"Sulphur Springs, TX",msa,TX,,,,,,,,,,,,,,,,,,,,,,,,,,,,,,,,,,,,,,,,,,,,,,,,,,,,,,,,,,,,,,,,,,,,,,,,,,,,,,,,,,,,,,,,,,,,,,,,,,,,,,,,,,,,,,,,,,,,,,,,,,,,,,,,,,1437.5
394696,748,"Huntington, IN",msa,IN,,,,,,,,,,,,,,,,,,,,,,,,,,,,,,,,,,,,,,,,,,,,,,,,,,,,,,,,,,,,,,,,,,,,,,,,,,,,,,,,,,,,,,,,,,,,,,,,,,,,,,,,,,,,,,,,,,,,,,,,,,,,,,,,,,762.5
394370,751,"Bay City, TX",msa,TX,,,,,,,,,,,,,,,,,,,,,,,,,,,,,,,,,,,,,,,,,,,,,,,,,,,,,,,,,,,,,,,,,,,,,,,,,,,,,,,,,,,,,,,,,,,,,,,,,,,,,,,,,,,984.545762694878,1014.0946656767404,1033.9427881053327,1026.6149970536544,1022.9265246162488,989.9491686880576,961.8945580841936,951.5622223864744,964.8944714463337,957.3951116300973,984.6059653402405,981.400946046267,960.774827661516,940.1693734914168,932.8816836456276,947.2155261578123,947.0828488121508,977.4014160050465,1029.6682115682427,1053.8338334631383,1043.752032906588,1023.6758824728657,1006.9192861117127,1005.7147435897435
394920,752,"North Platte, NE",msa,NE,,,,,,,,,,,,,,,,,,,,,,,,,,,,,,,,,,,,,,,,,,,,,,,,,,,,,,,,,,,,,,,,,,,,,,,,,,,,,,,,,,,,663.2532675623256,684.8204032308472,677.4483822158287,686.0223932187831,689.1525319856022,693.5408371309306,696.616899379434,700.5045670525984,708.256155509375,712.6449484079743,724.0448270269202,725.751922958562,733.3271233816126,726.7337769885414,730.6572311888399,731.8230798063296,736.1337008529098,741.2535310451015,739.7368902651184,746.473316712062,742.5855386718328,758.2527985511634,763.7165594828014,768.1023309743247,774.4615155835193,785.9769642537555,792.3677643457158,801.6727823493819,801.8371573190599,804.1085778419134,803.5625272321249,815.5224605384033,815.0581480718375,815.3320491671582,814.8177410080252,818.8155757601567,821.5101114887136,822.9514693183908,829.8738456623615,833.0482688753204,843.233601489376,851.1799090807355,865.8925447500836,866.4996991132651,882.4995492545698,888.8692234852308,901.388888888889
394973,753,"Peru, IN",msa,IN,,,,,,,,,,,,,,,,,,,,,,,,,,,,,,,,,,,,,,,,,,,,,,,,,,,,,,,,,,,,,,,,,,,,,,,,,,,,,,,,,,,,,,,,,,,,,,,,,,,,,,,,,,,,,,,,,,,,,,,,,,,,,,,,,,781.25
394992,754,"Pontiac, IL",msa,IL,,,,,,,,,,,,,,,,,,,,,,,,,,,,,,,,,,,,,,,,,,,,,,,,,,,,,,,,,,,,,,,,,,,,,,,,,,,,,,,,,,,,,,,,,,,,,,,,,,,,,,,,,,,,,,,,,,,,,,,,,,,,,,,,,,895.0
394413,759,"Brenham, TX",msa,TX,,,,,,,,,,,,,,,,,,,,,,,,,,,,,,,,,,,,,,,,,,,,,,,,,,,,,,,,,,,,,,,,,,,,,,,,,,,,,,,,,,,,,,,,,,,,,,,,,,,,,,,,,,,,,,,,,,,,,,,,,,,,,1631.5786347779726,1651.5043131287152,1670.487164321211,1660.2719038975786,1649.10021990049,1649.1666666666667
395187,760,"Vernal, UT",msa,UT,,,,,,,,,,,,,,,,,,,,,,,,,,,,,,,,,,,,,,,,,,,,,,,,,,,,,,,,,,,,,,,,,,,,,,,,,,,,,,,,,,,,,,,,,,,,,,,,,,,,,,,,,,,,,,,,,,,,,,,,,1471.5038576252362,1466.1624121238267,1466.5353930269125,1440.787831594655,1475.988220282047,1497.0432814306703,1538.650144538269,1488.6967961801338,1490.7296747936348,1508.3333333333333
786252,761,"Bonham, TX",msa,TX,,,,,,,,,,,,,,,,,,,,,,,,,,,,,,,,,,,,,,,,,,,,,,,,,,,,,,,,,,,,,,,,,,,,,,,,,,,,,,,,,,,,,,,,,,,,,,,,,,,,,,,,,,,,,,,,,,,,,,,,,,,,,,,,,,1535.625
394430,764,"Butte, MT",msa,MT,,,,,,,,,,,,,,,,,,,,,,,,,,,,,,,,,,,,,,,,,,,,,,,,,,,,,,,,,,,,,,,,,,,,,,,,,,,,,,,,,,,,,,,,,,,,,,,,,,,,1158.5559901954728,1135.6737508854965,1164.3199519768891,1136.888588409903,1150.168945863522,1117.357571834083,1147.8265355148667,1167.8124306038223,1197.9664809651754,1209.8761580709088,1199.2378655890916,1210.676261669067,1214.5790674108605,1221.7959356965196,1215.4912090161818,1211.2943154286463,1220.505000979604,1242.123309412368,1272.0187306551331,1261.4676390667457,1247.1978319735854,1236.5300678294109,1250.1029056096,1259.838188568913,1261.1153568375446,1266.8419811085387,1270.3037972683771,1296.5593825785963,1292.7329703353719,1291.4787034003145,1256.888888888889
394569,767,"Emporia, KS",msa,KS,,,,,,,,,,,,,,,,,,,,,,,,,,,,,,,,,,,,,,,,,,,,,,,,,,,,,,,,,,,,,,,,,,,,,,,,,,,,,,,,,,,,,,,,,,,,,,,,,,,,,,,,,,677.3743777478447,676.9548042897957,692.9435147539781,697.2283344825677,704.1177444319807,697.3242309307568,710.1227942402824,712.4048761169333,727.6748659352924,727.1335733676297,740.9439492301354,729.3474004861247,736.0373823913948,743.052482484232,750.3880437936233,753.2249633899223,750.6433704817277,757.5635895521866,757.1136268664892,763.0931093853449,751.9406860657822,759.0215751185405,750.7396737254383,765.7640288610405,760.4166666666666
394713,768,"Jackson, WY",msa,WY,,,,,,,,,,,,,,,,,,,,,,,,,,,,,,,,,,,,,,,,,,,,,,,,,,,,,,,,,,,,,,,,,,,,,,,,,,,,,,,,,,,,,,,,,,,,,,,,,,,,,,,,,,,,,,,,3579.662418866571,3546.5559285191243,3462.8359210042577,3450.0316220552913,3511.199852002983,3670.803460178191,3643.7573144932912,3541.5668424336036,3611.9020412233085,3682.1529221012674,3811.2348954284475,3769.27982073865,3747.2602487649337,3761.0461115132143,3828.314549058619,3773.1906782573574,3712.9710874509005,3620.064792659025,3638.194444444445
395211,773,"Watertown, SD",msa,SD,,,,,,,,,,,,,,,,,,,,,,,,,,,,,,,,,,,,,,,,,,,,,,,,,,,,,,,,,,,,,,,,,,,,,,,,,,,,,,,,,,,,,,,,,,,,,,,,,,,,,,,,,,,,,,,,,,,,,,,,,,,,,,,,,,1175.0
394535,775,"Dixon, IL",msa,IL,,,,,,,,,,,,,,,,,,,,,,,,,,,,,,,,,,,,,,,,,,,,,,,,,,,,,,,,,,,,,,,,,,,,,,,,,,,,,,,,,,,,,,,,,,,,,,,,,,,,,,,,,,,,,,,,,,,,,,,,,,,892.8422648643606,882.2053014149842,861.285573570726,867.3898057872631,877.8009344721776,880.0206011227141,870.6299889867199,876.6666666666666
394419,778,"Brookings, SD",msa,SD,,,,,,,,,,,,,,,,,,,,,,,,,,,,,,,,,,,,,,,,,,,,,,,,,,,,,,,,,,,,,,,,,,,,,,,,,,,,,,,,,,,,,,,,,,,,,,1024.486825178914,1026.2830889004672,1024.362311997346,1025.4742775598145,1030.7891695139347,1031.6306493199804,1051.5237641494434,1045.4078066252946,1066.7088769992386,1074.7594783627571,1095.4410770876316,1088.5867090333309,1095.676673762644,1099.512570320817,1115.7158359228847,1127.0194207068653,1145.9418445786944,1141.499592673142,1147.6770963791896,1151.2246774688188,1151.6877140133538,1147.7289028216073,1159.7237707641154,1174.959595129381,1203.13136967023,1214.6018823489426,1218.310001050753,1221.7921283101496,1217.8934694629913,1230.2614223911312,1225.0931736751268,1234.4455884916233,1231.955538437685,1238.183600408642,1224.1773315356447,1219.6868906210116,1197.611111111111
394491,780,"Columbus, NE",msa,NE,,,,,,,,,,,,,,,,,,,,,,,,,,,,,,,,,,,,,,,,,,,,,,,,,,,,,,,,,,,,,,,,,,,,,,,,,,,,,,,,,,,,,,,,,,,,,,,,,,,,,,,,,,,,,,,,,,,,,,,,,,,,,,,,,,1510.0
394786,783,"Lewisburg, TN",msa,TN,,,,,,,,,,,,,,,,,,,,,,,,,,,,,,,,,,,,,,,,,,,,,,,,,,,,,,,,,,,,,,,,,,,,,,,,,,,,,,,,,,,,,,,,,,,,,,,,,,,,,,,,,,,,,,,,,,,,,,,,,,,,,,,,,,1325.0
394533,785,"Dickinson, ND",msa,ND,,,,,,,,,,,,,,,,,,,,,,,,,,,,,,,,,,,,,,,,,,,,,,,,,,,,,,,,,,,,,,,,,,,,,,,,,,,,,,,,,,,,,,,,,,,,,,,,,,,,,,,,,,,,,,,,,,,,,,,,,,1200.2247602390235,1210.8437188618866,1247.627287412084,1231.9725440516675,1235.7225329580288,1230.2343663053634,1239.8619976929801,1252.4494981664232,1278.0674603174605
786262,786,"Pella, IA",msa,IA,,,,,,,,,,,,,,,,,,,,,,,,,,,,,,,,,,,,,,,,,,,,,,,,,,,,,,,,,,,,,,,,,,,,,,,,,,,,,,,,,,,,,,,,,,,,,,,,,,,,,,,,,,,,,,,,,,909.1177659540115,914.0036488373819,924.6579710798702,923.9536704251948,923.5342426039188,921.6848859279052,906.7480366315312,933.4641423293792,932.2975636388371,948.1151326741013,936.3949823466844,938.9231102029613,947.2593103689122,953.9808860093998,956.5549010753006,957.2918784529119,955.9642857142857
395165,788,"Troy, AL",msa,AL,,,,,,,,,,,,,,,,,,,,,,,,,,,,,,,,,,,,,,,,,,,,,,,,,,,,,,,,,,,,,,,,,,,,,,,,,,,,,,,,,,,,,,,,,,,,,,,,,,,,,,,,,,,,,,,,,,,,,,,,,,,,,,,,,,949.5
394414,792,"Brevard, NC",msa,NC,,,,,,,,,,,,,,,,,,,,,,,,,,,,,,,,,,,,,,,,,,,,,,,,,,,,,,,,,,,,,,,,,,,,,,,,,,,,,,,,,,,,,,,,,,,,,,,,,,,,,,,,,,,,,,,,,,,,,,,,,,,,,2063.6839545488933,2083.7829959019577,2102.630823195122,2111.21418886312,2142.7089664942037,2107.5
395141,793,"Susanville, CA",msa,CA,,,,,,,,,,,,,,,,,,,,,,,,,,,,,,,,,,,,,,,,,,,,,,,,,,,,,,,,,,,,,,,,,,,,,,,,,,,,,,,,,,,,,,,,,,,,,,,,,,,,,,,,,,,,,,,,,,,,,,,,,,,,,,,,,1363.9895699344925,1361.25
394835,794,"Martin, TN",msa,TN,,,,,,,,,,,,,,,,,,,,,,,,,,,,,,,,,,,,,,,,,,,,,,,,,,,,,,,,,,,,,,,,,,,,,,,,,,,,,,,,,,,,,,,,,,,,,,,,,,,,,,,,,,,,,,,,,,,,,,,,,,,,,,,,,,991.6666666666667
753878,797,"Dayton, TN",msa,TN,,,,,,,,,,,,,,,,,,,,,,,,,,,,,,,,,,,,,,,,,,,,,,,,,,,,,,,,,,,,,,,,,,,,,,,,,,,,,,,,,,,,,,,,,,,,,,,,,,,,,,,,,,,,,,,,,,,,,,,,,,,,,,,,,,1150.0
394433,799,"Cambridge, MD",msa,MD,,,,,,,,,,,,,,,,,,,,,,,,,,,,,,,,,,,,,,,,,,,,,,,,,,,,,,,,,,,,,,,,,,,,,,,,,,,,,,,,,,,,,,,,,,,,,,,,,,,,,,,,,,,,,,,,,,,,,,,,,,,,,,,,,1651.1612449786774,1719.0
394730,802,"Juneau, AK",msa,AK,,,,,,,,,,,,,,,,,,,,,,,,,,,,,,,,,,,,,,,,,,,,,,,,,,,,,,,,,,,,,,,,,,,,,,,,,,,,,,,,,,,,,,,,,,,,,,,,,,,,,,,,,,,,,,,,,,,,,,,,,,,,,2032.2058172964266,2047.9334366898588,2030.500165427143,2022.7823792909257,2004.9145576543588,2012.6666666666667
394670,807,"Hastings, NE",msa,NE,,,,,,,,,,,,,,,,,,,,,,,,,,,,,,,,,,,,,,,,,,,,,,,,,,,,,,,,,,,,,,,,,,,,,,,,,,,,,,,,,,,,,,,,,,,,,,,,,,,,,,,,,,,,,,,,,,,,,,,,,,,,,,,,,,1060.0
394749,809,"Kingsville, TX",msa,TX,,,,,,,,,,,,,,,,,,,,,,,,,,,,,,,,,,,,,,,,,,,,,,,,,,,,,,,,,,,,,,,,,,,,,,,,,,,,,,,,,,,,,,,,,,,,,,,,,,,,,,,,,,,,,,,,,,,,1140.5122163659898,1148.8835239996388,1159.8829988187006,1178.8255517514594,1268.687059900194,1295.0905651783562,1327.6505924326457,1305.8052168772497,1320.9782648852954,1353.1383213719573,1372.5796450152882,1373.4736878863296,1383.4748577201276,1386.3242333396383,1414.5833333333333
753871,811,"Breckenridge, CO",msa,CO,,,,,,,,,,,,,,,,,,,,,,,,,,,,,,,,,,,,,,,,,,,,,,,,,,,,,,,,,,,,,,,,,,,,,,,,,,,,,,,,,,,,,,,,,,,,,,,,,,,,,,,,,,,,,,3732.3316100480156,3710.214431826114,3737.5175609139255,3699.598408289712,3732.18276903224,3754.5070610723183,3817.384230261146,3808.2567106299425,3792.6491197658693,3814.1600378848475,3800.808262535175,3807.003384702479,3763.48765205126,3781.0811751095785,3768.679740102555,3838.7906122378263,3841.3592305004154,3819.88228598351,3770.8587796755187,3768.214020541439,3795.941717273954
395093,815,"Sheridan, WY",msa,WY,,,,,,,,,,,,,,,,,,,,,,,,,,,,,,,,,,,,,,,,,,,,,,,,,,,,,,,,,,,,,,,,,,,,,,,,,,,,,,,,,,,,,,,,,,,,,,,,,,,,,,,,,,,,,,,,,,,,,,,,,,,,,,,,,,1600.0
394751,821,"Kirksville, MO",msa,MO,,,,,,,,,,,,,,,,,,,,,,,,,,,,,,,,,,,,,,,,,,,,,,,,,,,,,,,,,,,,,,,,,,,,,,,,,,,,,,,,,,,,,,,,,,,,,,,,,,,,,,,,793.9952069684563,787.5162573126141,787.884545624267,779.4143205242551,776.1096221946578,781.6161038879446,780.320260052493,790.1537408076636,783.5382841548702,786.6880889875995,787.9509375801558,,,808.3194449808423,807.930442943867,816.0104138579793,823.5578658297977,828.4694021552208,835.7826726322288,833.065978022746,838.4061318165836,839.9129146872658,840.5592242852714,840.5140830734588,840.568890879884,842.9961231744178,847.4444444444445
753901,822,"Ludington, MI",msa,MI,,,,,,,,,,,,,,,,,,,,,,,,,,,,,,,,,,,,,,,,,,,,,,,,,,,,,,,,,,,,,,,,,,,,,,,,,,,,,,,,,,,,,,,,,,,,,,,,,,,,,,,,,,,,,,,,,,,,,,,,,,,,,,,,,,1600.0
394606,827,"Fort Morgan, CO",msa,CO,,,,,,,,,,,,,,,,,,,,,,,,,,,,,,,,,,,,,,,,,,,,,,,,,,,,,,,,,,,,,,,,,,,,,,,,,,,,,,,,,,,,,,,,,,,,,,,,,,,,,,,,,,,,,,,,,,,,,,,,,,,,,1081.3225434062877,,1091.0362130434985,1125.147092284283,,1179.1666666666667
753926,831,"Weatherford, OK",msa,OK,,,,,,,,,,,,,,,,,,,,,,,,,,,,,,,,,,,,,,,,,,,,,,,,,,,,,,,,,,,,,,,,,,,,,,,,,,,,,,,,,,,,,,,,,,,,,,,,,,,,,,,,,,,,,,,,,,,,,,,,,,,,,,,,,,931.25
394892,832,"Mountain Home, ID",msa,ID,,,,,,,,,,,,,,,,,,,,,,,,,,,,,,,,,,,,,,,,,,,,,,,,,,,,,,,,,,,,,,,,,,,,,,,,,,,,,,,,,,,,,,,,,,,,,,,,,,,,,,,,,,,,,,,,,,,,,,1576.904481325975,1571.739873119232,,1575.4457423991273,1581.5156894504548,1611.846426397884,1599.9542522521626,1602.779145539596,1615.461926389741,1618.7342129303938,1640.3781001551768,1661.6606002470141,1691.25
394864,833,"Mineral Wells, TX",msa,TX,,,,,,,,,,,,,,,,,,,,,,,,,,,,,,,,,,,,,,,,,,,,,,,,,,,,,,,,,,,,,,,,,,,,,,,,,,,,,,,,,,,,,,,,,,,,,,,,,,,,,,,,,,,,,,,,,,,,,,,,,,,,,,,,,,1600.0
394615,847,"Fredericksburg, TX",msa,TX,,,,,,,,,,,,,,,,,,,,,,,,,,,,,,,,,,,,,,,,,,,,,,,,,,,,,,,,,,,,,,,,,,,,,,,,,,,,,,,,,,,,,,,,,,,,,,,,,,,,,,,,,,,,,,,,,,,,,,,,,,,,,,,,,,2190.0
753923,849,"The Dalles, OR",msa,OR,,,,,,,,,,,,,,,,,,,,,,,,,,,,,,,,,,,,,,,,,,,,,,,,,,,,,,,,,,,,,,,,,,,,,,,,,,,,,,,,,,,,,,,,,,,,,,,,,,,,,,,,,,,,,,,,,,,,,,,,,1657.199095003346,1672.6382982266582,1664.3155916979968,1669.475230970412,1679.827097947499,1686.5923775596893,1696.8436952460847,1695.1446483221825,1711.8248913197222,1693.75
394758,852,"La Grande, OR",msa,OR,,,,,,,,,,,,,,,,,,,,,,,,,,,,,,,,,,,,,,,,,,,,,,,,,,,,,,,,,,,,,,,,,,,,,,,,,,,,,,,,,,,,,,,,,,,,,,,,,,,,,,,,,,,,,,,,,,,,,,,,1305.2938354451865,1311.2604382617856,1288.6896512978276,1325.9280550323442,1364.807112863204,1387.2735482710739,1386.822402831964,1358.833947665023,1367.100884267506,1386.893890389043,1414.1666666666667
394791,856,"Lexington, NE",msa,NE,,,,,,,,,,,,,,,,,,,,,,,,,,,,,,,,,,,,,,,,,,,,,,,,,,,,,,,,,,,,,,,,,,,,,,,,,,,,,,,,,,,,,,,,,,,,,,,,,,,,,,,,,,,,,,,,,,,,,,,,,,,,,,,,,,1287.0
394643,857,"Great Bend, KS",msa,KS,,,,,,,,,,,,,,,,,,,,,,,,,,,,,,,,,,,,,,,,,,,,,,,,,,,,,,,,,,,,,,,,,,,,,,,,,,,,,,,,,,,,,,,,,,,,,,,,,,,,,,,,,,,,,,,,,,,,,,,,,,785.2352432775103,791.6222589920736,793.4016757100267,791.7204065188305,802.2851627769493,797.2695224238047,792.2396657061616,785.629977738391,782.2222222222222
395110,858,"Spearfish, SD",msa,SD,,,,,,,,,,,,,,,,,,,,,,,,,,,,,,,,,,,,,,,,,,,,,,,,,,,,,,,,,,,,,,,,,,,,,,,,,,,,,,,,,,,,,,,,,,,,,,,,,,,,,,,,,,,,,,,,,,,,,,,,,,1610.4163117767353,1623.6809338763983,1666.162623806995,1646.1651559163133,1671.0487456925496,1680.9147486370084,1721.4591688191133,1717.316310111194,1726.3888888888887
394584,863,"Fallon, NV",msa,NV,,,,,,,,,,,,,,,,,,,,,,,,,,,,,,,,,,,,,,,,,,,,,,,,,,,,,,,,,,,,,,,,,,,,,,,,,,,,,,,,,,,,,,,,,,,,,,,,,,,,,,,,,,,,,,,,,,,,,,,,,,,,,1208.3158895430595,1243.244750214019,1268.838203791175,1372.6631814249986,1424.8296015956764,1503.6666666666667
394322,864,"Altus, OK",msa,OK,,,,,,,,,,,,,,,,,,,,,,,,,,,,,,,,,,,,,,,,,,,,,,,,,,,,,,,,,,,,,,,,,,,,,,,,,,,,,,,,,,,,,,,,,,,,,,,,,,,,,,,,,,,,,,,,,,,,,,,,,,,,,,,,,,1625.0
753884,866,"Hailey, ID",msa,ID,,,,,,,,,,,,,,,,,,,,,,,,,,,,,,,,,,,,,,,,,,,,,,,,,,,,,,,,,,,,,,,,,,,,,,,,,,,,,,,,,,,,,,,,,,,,,,,,,,,,,,,,,,,,,,,,,,,,,,,,,,,2559.9521318018483,2637.1162162648357,2661.9340572812507,2699.68077044054,2692.2541290598647,2707.685647976169,2719.401317402961,2731.3333333333335
753921,867,"Steamboat Springs, CO",msa,CO,,,,,,,,,,,,,,,,,,,,,,,,,,,,,,,,,,,,,,,,,,,,,,,,,,,,,,,,,,,,,,,,,,,,,,,,,,,,,,,,,,,,,,,,,,,,,,,,,,,,,,,,,,,,,,,,,,,,,,,,,,3450.0817731105058,3508.5331421093288,3405.820624914608,3447.325750776225,3444.589213060501,3440.6977006698658,3371.6900102043746,3266.4412590489906,3231.547619047619
395004,872,"Prineville, OR",msa,OR,,,,,,,,,,,,,,,,,,,,,,,,,,,,,,,,,,,,,,,,,,,,,,,,,,,,,,,,,,,,,,,,,,,,,,,,,,,,,,,,,,,,,,,,,,,,,,,,,,,,,,,,,,,,,,,,,,,,,,1517.675077630264,1581.2147024331896,1598.7123609717062,1584.0272092017701,1585.3773491231725,1589.8473809879895,1603.9051769461987,1588.682757366863,1573.3378722471532,1593.1023876041147,1580.482220299568,1558.021706416173,1508.888888888889
845169,874,"Rockport, TX",msa,TX,,,,,,,,,,,,,,,,,,,,,,,,,,,,,,,,,,,,,,,,,,,,,,,,,,,,,,,,,,,,,,,,,,,,,,,,,,,,,,,,,,,,,,,,,,,,,,,,,,,,,,,,,,,,,,,,,,,,,,,,,1633.449758687002,1647.7186256333496,1637.4177914347003,1654.0345816300517,1622.696072632701,1633.8426914511408,1618.5851519405496,1626.4567558894487,1620.1271605591642,1627.611111111111
394687,875,"Hood River, OR",msa,OR,,,,,,,,,,,,,,,,,,,,,,,,,,,,,,,,,,,,,,,,,,,,,,,,,,,,,,,,,,,,,,,,,,,,,,,,,,,,,,,,,,,,,,,,,,,,,,,,,,,,,,,,,,,,,,,,,,,,,,,,,,2085.9814478976564,2227.9867512305555,2174.3226688139157,2286.814457117438,2303.2296397717387,2371.2314923892727,2384.2084362818237,2458.8348906686265,2499.722222222222
394868,878,"Mitchell, SD",msa,SD,,,,,,,,,,,,,,,,,,,,,,,,,,,,,,,,,,,,,,,,,,,,,,,,,,,,,,,,,,,,,,,,,,,,,,,,,,,,,,,,,,,,,,,,,,,,,,,,,,,,,,,,,,,,,,,,,,,,,,,,,,,,850.2849027374249,826.6146279791456,830.3459490163257,838.1302245214622,850.5497987140953,850.4176830653815,845.8333333333334
394418,880,"Brookings, OR",msa,OR,,,,,,,,,,,,,,,,,,,,,,,,,,,,,,,,,,,,,,,,,,,,,,,,,,,,,,,,,,,,,,,,,,,,,,,,,,,,,,,,,,,,,,,,,,,,,,,,,,,,,,,,,,,,,,,,,,,,,,,,,,,,,,,,,1556.2429798407693,1550.0
395198,882,"Wahpeton, ND",msa,ND,,,,,,,,,,,,,,,,,,,,,,,,,,,,,,,,,,,,,,,,,,,,,,,,,,,,,,,,,,,,,,,,,,,,,,,,,,,,,,,,,,,,,,,,,,,,,,,,,,,,,,,,,,,,,,,,,,,,,,813.5604496801953,814.3273988612838,851.3986461295486,866.773965789678,880.2592389452731,864.6222857557751,870.0794833673008,876.4329473453129,897.5602624946654,909.4103449674125,922.6577414274667,918.2307791192133,916.8888888888888
395130,890,"Sterling, CO",msa,CO,,,,,,,,,,,,,,,,,,,,,,,,,,,,,,,,,,,,,,,,,,,,,,,,,,,,,,,,,,,,,,,,,,,,,,,,,,,,,,,,,,,,,,,,,,,,,,,,,,,,,,,,,,,,,,,,,,,,,,,,,,,,,,,,,,1020.8333333333334
394718,892,"Jamestown, ND",msa,ND,,,,,,,,,,,,,,,,,,,,,,,,,,,,,,,,,,,,,,,,,,,,,,,,,,,,,,,,,,,,,,,,,,,,,,,,,,,,,,,,,,,,,,,,,,,,,,,1110.8589823958484,1138.1901183097782,1151.6025022696724,1167.2073149433597,1175.3859399029543,1191.1905683320444,1205.0495801118382,1210.51787918083,1210.6998477560273,1213.278099365867,1224.3417341110944,1234.4102954895322,1230.827115694366,1239.8181931169274,1247.3883987876955,1255.615985546419,1265.6820388210501,1257.9339193596854,1251.7173599979874,1256.0080757742808,1267.1153354155902,1276.9414137928513,1286.8474958798893,1288.1753624251298,1289.6286776390473,1294.735316998657,1297.6924028391657,1297.0293715426062,1296.25744142769,1306.3163067543014,1315.47979094079,1319.3230720568436,1318.1183412204575,1318.3061139019032,1313.7996347614792,1313.1666666666667
394996,915,"Portales, NM",msa,NM,,,,,,,,,,,,,,,,,,,,,,,,,,,,,,,,,,,,,,,,,,,,,,,,,,,,,,,,,,,,,,,,,,,,,,,,,,,,,,,,,,,,,,,,,,,,,,,,,,,,,906.620013928864,913.1608659084743,919.2919243975224,913.6660529922982,899.3028869294426,880.280385907013,899.6999281785294,908.25074810884,927.2772654660007,926.145943180657,933.6392545035386,935.720758531111,939.6252244104159,943.4592850562756,947.8203873079652,954.2477662881265,955.0511054983419,969.8433058172718,956.5722835517365,958.6180230554679,955.1085446298406,965.1112949039464,960.8937835065144,964.2756828710152,967.5584426508775,971.0192779970685,972.4008081726224,979.3918956976197,1005.0469979230065,1017.2777777777777
394805,916,"Los Alamos, NM",msa,NM,,,,,,,,,,,,,,,,,,,,,,,,,,,,,,,,,,,,,,,,,,,,,,,,,,,,,,,,,,,,,,,,,,,,,,,,,,,,,,,,,,,,,,,,,,,,,,,,,,,,,,,,,,,,,,,,,,,,,,,,2217.568407503278,2220.5482142947476,2277.7491280910217,,2277.90352016039,2304.9561444208694,2302.9130758435986,2295.7404662839954,2312.297992151296,2363.4992212162515,2366.6666666666665
395112,922,"Spirit Lake, IA",msa,IA,,,,,,,,,,,,,,,,,,,,,,,,,,,,,,,,,,,,,,,,,,,,,,,,,,,,,,,,,,,,,,,,,,,,,,,,,,,,,,,,,,,,,,,,,,,,,,,,,,,,,,,,,,,,,,,,,,,,,,,,,,,,,,,,,,1050.0
